{"type": "FeatureCollection", "features": [{"type": "Feature", "geometry": {"type": "Polygon", "coordinates": [[[73.08956098168895, 20.144920991158997], [73.08946966342747, 20.144784005613673], [73.08946822250788, 20.14478192844125], [73.08946471026631, 20.144778240001042], [73.08946182842703, 20.144773909698845], [73.08945570451844, 20.14476873283319], [73.08945021101206, 20.144763002084325], [73.0894457081379, 20.144760359989647], [73.08944174560855, 20.144756979201777], [73.08943427083712, 20.14475360507964], [73.08942733641037, 20.144749580242976], [73.0894221130758, 20.144748187008265], [73.08941734002859, 20.144745958249164], [73.08940923485386, 20.144744721626015], [73.08940130979384, 20.144742622920656], [73.0893959063437, 20.144742619639246], [73.0893906830084, 20.14474184225455], [73.08903657662304, 20.14473413098337], [73.0883744718692, 20.14356386123725], [73.08814797613064, 20.14300369861958], [73.08843562117751, 20.142556892132394], [73.08885601097522, 20.143740964180544], [73.08885691155236, 20.143743340143182], [73.08886024368778, 20.143749210323314], [73.08886267524602, 20.143755343891883], [73.08886654772762, 20.14376029942533], [73.08886969974749, 20.143765712008946], [73.08887456286377, 20.143770413006763], [73.08887879557598, 20.143775755864034], [73.08888401892288, 20.143779524509856], [73.08888861186574, 20.143783847036758], [73.08889473578942, 20.14378708835901], [73.08890031936674, 20.143791156349977], [73.08890644329011, 20.143793341931428], [73.08891211692485, 20.143796363034124], [73.08891896130942, 20.143797827629772], [73.08892562557841, 20.14380024228254], [73.08893210973184, 20.14380079168377], [73.08893841376972, 20.14380211518537], [73.08894552832655, 20.143801758791078], [73.08895255282549, 20.143802361306385], [73.08895894692049, 20.143801142285884], [73.08896543107298, 20.143800811901613], [73.08897209534062, 20.14379865167532], [73.08897902978107, 20.14379730981173], [73.0889847934717, 20.14379444521111], [73.08899100745046, 20.14379241667817], [73.08899677114078, 20.14378858431424], [73.08900298511924, 20.143785500039527], [73.08900766811738, 20.143781297510273], [73.089012981519, 20.14377768481833], [73.08901739434398, 20.143772487968544], [73.08902252763009, 20.143767977786872], [73.08902576970546, 20.14376257787659], [73.08902982229961, 20.143757785508473], [73.08903243397137, 20.143751707781938], [73.08903594621952, 20.143745894536263], [73.08903747719948, 20.14373997451586], [73.0890399988135, 20.14373432782872], [73.08904071927465, 20.143727712287628], [73.08904234031222, 20.14372127324898], [73.08916274734827, 20.142563172319512], [73.08941544882119, 20.142576661355164], [73.08959754500636, 20.143466426595808], [73.0895980853509, 20.143468855129278], [73.08959835552318, 20.143469673492415], [73.0895984455806, 20.143470562130172], [73.08960312856664, 20.143481579862655], [73.0896075413803, 20.14349265901823], [73.08960808172482, 20.1434933279802], [73.08960844195451, 20.143494155195388], [73.08961618689257, 20.14350345038859], [73.08962375171551, 20.1435129918139], [73.08962447217483, 20.14351350252269], [73.0896250125193, 20.14351417148471], [73.08963527906428, 20.14352116315447], [73.08964536549401, 20.143528225098795], [73.08964617601066, 20.14352856870234], [73.08964698652731, 20.14352908826308], [73.08965887410453, 20.143533072038103], [73.08967067162375, 20.143537222917796], [73.08967157219772, 20.143537311437385], [73.08967238271427, 20.14353765504084], [73.08968499074932, 20.143538366442723], [73.08969759878367, 20.143539253800814], [73.08969849935751, 20.14353907838438], [73.08969939993136, 20.143539166903803], [73.0901096109546, 20.143507960244474], [73.0901122226141, 20.14350768907083], [73.09011897690576, 20.143506153478064], [73.09012582125445, 20.14350541854546], [73.0901319451452, 20.143502941202563], [73.09013842926464, 20.143501467032404], [73.09014437304063, 20.14349809219774], [73.09015076710253, 20.1434956414087], [73.09015599042056, 20.14349175586617], [73.09016175408169, 20.14348853928462], [73.09016643705625, 20.143483808822584], [73.09017184048831, 20.143479765024807], [73.0901757129479, 20.143474602982334], [73.09018030586498, 20.143470039625356], [73.09018336780964, 20.1434642700451], [73.09018733032622, 20.143458940896046], [73.09018949169888, 20.143452994820482], [73.09019255364342, 20.14344740119734], [73.0901938144441, 20.143441014690353], [73.09019606587388, 20.143434901508616], [73.09019633604547, 20.14342859359145], [73.09019759684612, 20.143422471020774], [73.09019696644579, 20.143415986608893], [73.09019723661737, 20.14340950273434], [73.09013212525963, 20.142780389728575], [73.09047974584963, 20.142791505350885], [73.09032277630627, 20.14457973215257], [73.08990950371475, 20.144790289654186], [73.08956098168895, 20.144920991158997]]]}, "properties": {"node": "trees", "role": "positive", "name": "Trees", "ts": "2026-06-11T13:56:52.766628+00:00"}}, {"type": "Feature", "geometry": {"type": "Polygon", "coordinates": [[[72.98129838875106, 20.244101709674254], [72.98115459020859, 20.24450731986425], [72.97811795176193, 20.249009623598976], [72.97713972833375, 20.248637077661662], [72.97806758556307, 20.247274630757126], [72.97806902717177, 20.24727248723158], [72.97807191038916, 20.247265913354706], [72.97807578471246, 20.24725970186095], [72.9780772263211, 20.247254216051488], [72.97807947883462, 20.2472490747127], [72.97808037984, 20.247241951978683], [72.97808218185078, 20.247235006761894], [72.97808200164971, 20.247229447694895], [72.97808263235348, 20.247223881279236], [72.97808137094594, 20.247216807460248], [72.97808110064432, 20.24720965625026], [72.97807911843246, 20.247204357833116], [72.97807812732651, 20.247198806115264], [72.97807488370704, 20.247192414808058], [72.97807236089187, 20.247185567421866], [72.97708467667829, 20.245348352781427], [72.97845727009513, 20.244223163436427], [72.97986283207582, 20.24513747455721], [72.97986508457228, 20.2451388418345], [72.9798692291657, 20.245140661019793], [72.97987292325978, 20.245143139074337], [72.97988139264595, 20.245146003756957], [72.97988959173229, 20.24514954521747], [72.97989409672465, 20.245150256802734], [72.97989842151725, 20.245151654120512], [72.97990743150157, 20.24515219773871], [72.9799163513857, 20.245153436043456], [72.97992085637756, 20.245152916255456], [72.97992545146916, 20.245153197018336], [72.97993419115295, 20.245151251026563], [72.97994320113591, 20.24515021144912], [72.97994734572795, 20.245148512425214], [72.97995185071922, 20.245147552860118], [72.97995968940381, 20.24514340639812], [72.97996797858724, 20.245140008348777], [72.97997149248013, 20.24513727913625], [72.97997545687204, 20.24513521038168], [72.97998185395885, 20.24512916154433], [72.97998870154454, 20.245123773164508], [72.97999131443903, 20.245120162811016], [72.97999455803215, 20.24511714286891], [72.98069021762471, 20.244238646327894], [72.98069129881922, 20.244237258530404], [72.98069174931695, 20.24423659965573], [72.98069769588662, 20.24422566844448], [72.98070373255568, 20.244214746186223], [72.98070382265523, 20.244214315363156], [72.9807040028543, 20.244213981448993], [72.98070643554178, 20.24420190944975], [72.98070895832878, 20.244189846403998], [72.98070895832879, 20.244189406627385], [72.98070895832878, 20.244189054806085], [72.98070769693528, 20.244176791621793], [72.98070661574086, 20.244164546344944], [72.98070643554178, 20.244164176616568], [72.98070643554178, 20.24416373683997], [72.98070157016677, 20.24415234688899], [72.98069679489122, 20.24414087793671], [72.98069652459259, 20.24414058721013], [72.98069634439351, 20.244140217481792], [72.98068832553432, 20.24413044917449], [72.98068030667486, 20.244120680867493], [72.98067994627667, 20.244120469142693], [72.98067967597804, 20.244120178416136], [72.98066904423132, 20.244112965026087], [72.9806585025837, 20.24410567263419], [72.98002825535798, 20.2437885873122], [72.98016052182037, 20.243575950801166], [72.98129838875106, 20.244101709674254]]]}, "properties": {"node": "trees", "role": "positive", "name": "Trees", "ts": "2026-06-11T13:56:52.766692+00:00"}}, {"type": "Feature", "geometry": {"type": "Polygon", "coordinates": [[[92.83374684717343, 25.08529108650483], [92.83365793166244, 25.09033011970887], [92.83365793166244, 25.090332651244772], [92.83365854015126, 25.090336527394122], [92.83365838802906, 25.09034041800152], [92.83441809241212, 25.09730434740012], [92.8253204677961, 25.093954582135527], [92.81860707276242, 25.09109075397315], [92.81873093705073, 25.07720218655846], [92.82376638246588, 25.07451956640241], [92.82867877748622, 25.074361919918957], [92.83090566465981, 25.07864851331843], [92.83374684717343, 25.08529108650483]]]}, "properties": {"node": "trees", "role": "positive", "name": "Trees", "ts": "2026-06-11T13:56:52.766734+00:00"}}, {"type": "Feature", "geometry": {"type": "Polygon", "coordinates": [[[92.84499893492949, 25.058013136637967], [92.836480491146, 25.066915171708192], [92.82759860762798, 25.06093236609818], [92.82916886620345, 25.05051657164507], [92.84309835956054, 25.052447230027028], [92.84499893492949, 25.058013136637967]]]}, "properties": {"node": "trees", "role": "positive", "name": "Trees", "ts": "2026-06-11T13:56:52.766773+00:00"}}, {"type": "Feature", "geometry": {"type": "Polygon", "coordinates": [[[94.01375554530189, 26.068848625192885], [94.01211758741104, 26.073014425719993], [94.0084885281716, 26.071225249576635], [94.01097701413951, 26.066741525918076], [94.01270046330018, 26.067955171273354], [94.01375554530189, 26.068848625192885]]]}, "properties": {"node": "trees", "role": "positive", "name": "Trees", "ts": "2026-06-11T13:56:52.766810+00:00"}}, {"type": "Feature", "geometry": {"type": "Polygon", "coordinates": [[[95.52917466577783, 27.311747841294437], [95.53006273832032, 27.312585954041378], [95.52824721247396, 27.31484461213684], [95.528246251639, 27.314845722722584], [95.52628938387053, 27.317367176577974], [95.51621239202643, 27.308774996933852], [95.51958336502292, 27.304972903231732], [95.52292739136269, 27.30705426379667], [95.52489927888719, 27.308420755647504], [95.5263576809757, 27.30951023064607], [95.52784006007518, 27.310783416556916], [95.52784206180078, 27.310785125400482], [95.52784454394062, 27.310786547116493], [95.52784654566639, 27.310788524133], [95.52917466577783, 27.311747841294437]]]}, "properties": {"node": "trees", "role": "positive", "name": "Trees", "ts": "2026-06-11T13:56:52.766850+00:00"}}, {"type": "Feature", "geometry": {"type": "Polygon", "coordinates": [[[92.95861844693076, 26.61339349907457], [92.95861844693076, 26.614693163173808], [92.95861852319192, 26.614695139221986], [92.9586520018595, 26.616009833864602], [92.95246456635266, 26.616418249903948], [92.95246266006883, 26.616418379175858], [92.94758267035165, 26.616823930597764], [92.94757405482997, 26.612648231123167], [92.95104455848247, 26.6125267302578], [92.95104730344971, 26.61252658369173], [92.95105736833095, 26.612524757810043], [92.95106758571258, 26.61252355803301], [92.95404413927305, 26.611782658243364], [92.95836914979996, 26.61195704613931], [92.95861844693076, 26.61339349907457]]]}, "properties": {"node": "trees", "role": "positive", "name": "Trees", "ts": "2026-06-11T13:56:52.766887+00:00"}}, {"type": "Feature", "geometry": {"type": "Polygon", "coordinates": [[[92.20253265051194, 26.095079519947408], [92.20749453961473, 26.103770325386126], [92.19937800146312, 26.110189642764297], [92.1909023489602, 26.10534777914679], [92.19090152385009, 26.105347250889565], [92.19090002364995, 26.105346462472383], [92.19088779702065, 26.105341870848136], [92.1908757204146, 26.105337006589796], [92.19087474528506, 26.105336931208658], [92.19087392017546, 26.10533658319464], [92.19086079343396, 26.105335249555644], [92.19084766669626, 26.105333645550274], [92.19084676657725, 26.10533383940017], [92.19084586645826, 26.10533367276325], [92.1908328147348, 26.105335672490682], [92.19081968800526, 26.105337493107342], [92.19081886289668, 26.1053378660666], [92.19081796277824, 26.105337969794608], [92.1908060362106, 26.105343196892896], [92.19080453601363, 26.10534376030014], [92.1850050727683, 26.100893720155117], [92.1891641755178, 26.095110409508283], [92.20253265051194, 26.095079519947408]]]}, "properties": {"node": "trees", "role": "positive", "name": "Trees", "ts": "2026-06-11T13:56:52.766929+00:00"}}, {"type": "Feature", "geometry": {"type": "Polygon", "coordinates": [[[86.69470795678986, 24.837489913981234], [86.69637222539868, 24.833825889941252], [86.70259921384792, 24.83600137757298], [86.70204389433113, 24.838702461007003], [86.69470795678986, 24.837489913981234]]]}, "properties": {"node": "trees", "role": "positive", "name": "Trees", "ts": "2026-06-11T13:56:52.766966+00:00"}}, {"type": "Feature", "geometry": {"type": "Polygon", "coordinates": [[[85.56686499132306, 24.527629340488343], [85.56967561210364, 24.52978298705258], [85.5699298381504, 24.532196604794834], [85.56805232130253, 24.53363879783129], [85.56585359658455, 24.532859752363112], [85.56304725115713, 24.531020817825976], [85.56381363203622, 24.528349051494303], [85.56686499132306, 24.527629340488343]]]}, "properties": {"node": "trees", "role": "positive", "name": "Trees", "ts": "2026-06-11T13:56:52.767002+00:00"}}, {"type": "Feature", "geometry": {"type": "Polygon", "coordinates": [[[73.0327231558513, 20.17900861547706], [73.03038098585041, 20.180153410076993], [73.02898590575671, 20.179742084241056], [73.02753361554204, 20.177526531718897], [73.0275039787105, 20.17561641054367], [73.02905427721684, 20.175260895853988], [73.02989824422208, 20.17593608669325], [73.02906328531284, 20.17764900131533], [73.02906220434134, 20.177651269503553], [73.02906184401752, 20.177652729268], [73.02906103328888, 20.177654056567622], [73.02905833086008, 20.177664960819527], [73.02905526810741, 20.17767582946961], [73.02905535818839, 20.177677333736195], [73.02905499786453, 20.17767879350061], [73.02905562843127, 20.177690027068564], [73.02905589867414, 20.17770122503501], [73.02905634907894, 20.177702588978], [73.02905643915992, 20.177704093244664], [73.02906049280313, 20.17771469744019], [73.02906409604148, 20.17772543305934], [73.0290649067701, 20.177726656678775], [73.02906544725585, 20.17772802952234], [73.02907247357044, 20.177737168178933], [73.02907913956099, 20.177746535122242], [73.02908031061338, 20.17774753045535], [73.02908121142289, 20.177748675012598], [73.02909066992261, 20.177755678987882], [73.02909985817911, 20.17776283218731], [73.02910129947422, 20.177763502370777], [73.02910247052648, 20.177764409741158], [73.0291136405632, 20.177768592091198], [73.02912454035655, 20.177773099590482], [73.02912616181338, 20.177773347760926], [73.02912760310831, 20.177773842018762], [73.02913949379125, 20.177774928911813], [73.02915138447358, 20.177776455617792], [73.02915291584928, 20.17777625507376], [73.02915453730591, 20.177776415281166], [73.03255677887343, 20.177642635635], [73.03255939118208, 20.177642453867254], [73.03256398524202, 20.177641500259796], [73.03256857930188, 20.177641426291306], [73.03257713686412, 20.17763892900372], [73.03258587458522, 20.17763715322347], [73.03258992816708, 20.17763509065801], [73.03259443214682, 20.177633776295323], [73.03260181867343, 20.177629052193524], [73.03260965559774, 20.17762507629402], [73.03261298854248, 20.17762206290189], [73.0326168619647, 20.177619542719032], [73.03262253697851, 20.177613154161055], [73.03262893262882, 20.177607276608565], [73.03263118461834, 20.177603452724792], [73.03263424732404, 20.177600148745096], [73.03479911978361, 20.17432241330172], [73.03643584477123, 20.175901419906204], [73.03572098380288, 20.177209057533812], [73.0327231558513, 20.17900861547706]]]}, "properties": {"node": "trees", "role": "positive", "name": "Trees", "ts": "2026-06-11T13:56:52.767049+00:00"}}, {"type": "Feature", "geometry": {"type": "Polygon", "coordinates": [[[77.21377316941509, 28.513205647444195], [77.21465416609385, 28.51541244261516], [77.2136536909174, 28.515234373276634], [77.21365088378532, 28.515233843369938], [77.21364474318364, 28.515233696581067], [77.21363869030453, 28.515232682569156], [77.2127647039438, 28.515192555642813], [77.21276382670844, 28.515192472125474], [77.21276189679062, 28.515192463501688], [77.21274847508852, 28.515193812401076], [77.21273514110844, 28.515194994536174], [77.21273417614931, 28.51519534045277], [77.2127331234666, 28.51519541534605], [77.21272075444406, 28.515200016521508], [77.21270829769665, 28.51520434667189], [77.21270750818445, 28.515204971963286], [77.21270654322508, 28.515205317879577], [77.21269610411869, 28.515212729505592], [77.21268557728779, 28.515220045220943], [77.21143200047553, 28.516365096290507], [77.21059493010134, 28.51628092417805], [77.21059212289666, 28.51628065686416], [77.21058212222944, 28.51628119301172], [77.21057212156138, 28.51628085359733], [77.21056773530319, 28.516281836816145], [77.21056326131968, 28.51628211123238], [77.21055378700107, 28.5162849739574], [77.21054413723135, 28.516287207081586], [77.21054018959806, 28.51628919518416], [77.21053597878905, 28.516290545333085], [77.21052782034621, 28.516295634705504], [77.21051922327679, 28.516300069416307], [77.21051615289471, 28.516303016614593], [77.21051246843608, 28.516305292444795], [77.2105063276715, 28.516312237513304], [77.21049948510483, 28.516318590415484], [77.21049737969965, 28.51632215483902], [77.21049466021786, 28.516325310562667], [77.21049088803336, 28.5163334442938], [77.21048632632171, 28.51634124017325], [77.20998690555741, 28.517625490204374], [77.20998602830146, 28.517627858209078], [77.2099844492407, 28.51763663846877], [77.20998199292394, 28.517645160074675], [77.20998216837513, 28.517649116769547], [77.20998146657033, 28.517652902366326], [77.20998269472872, 28.517661687295565], [77.20998304563113, 28.517670563792098], [77.2099844492407, 28.517674287225322], [77.20998497559428, 28.517678102226174], [77.2099889232461, 28.51768627058448], [77.20999216909306, 28.517694634773928], [77.21035570338846, 28.51833749989432], [77.20916956335579, 28.518535882354726], [77.20784252165608, 28.518420082314968], [77.20779348214901, 28.516990983868308], [77.20907999486958, 28.5163092295024], [77.2090823634788, 28.51630787907589], [77.20908990793751, 28.516302206010245], [77.209097891027, 28.51629710005154], [77.20910078599337, 28.516293961081793], [77.20910429504346, 28.51629131837332], [77.2091096463446, 28.516283947990534], [77.2091157871817, 28.516277178133457], [77.20911745398028, 28.516273396862793], [77.20911999804123, 28.516269961805843], [77.20912289300709, 28.51626165704437], [77.20912657750897, 28.516253602585653], [77.20943353120337, 28.51515554999705], [77.21052782034621, 28.514528393380335], [77.21053018892646, 28.514527042892645], [77.21053580333869, 28.5145224116385], [77.21054211955213, 28.514518547666047], [77.2105463303609, 28.514513782758655], [77.21055133069613, 28.514509705929303], [77.21055527832905, 28.514503952834062], [77.21056010321357, 28.514498633498942], [77.21056273496866, 28.51449310533225], [77.21056624397536, 28.51448801092577], [77.21056817392902, 28.51448145280508], [77.21057106885942, 28.51447516168368], [77.21057185838589, 28.51446919542661], [77.21057361288914, 28.514463408611885], [77.21057334971364, 28.51445664165913], [77.21057422696525, 28.51444998329808], [77.21053159252953, 28.513352857855235], [77.2129123425629, 28.512115988312253], [77.21377316941509, 28.513205647444195]]]}, "properties": {"node": "trees", "role": "positive", "name": "Trees", "ts": "2026-06-11T13:56:52.767102+00:00"}}, {"type": "Feature", "geometry": {"type": "Polygon", "coordinates": [[[77.11389264236499, 28.482863857890038], [77.1151868428625, 28.483071308801147], [77.11742885561442, 28.48599936430827], [77.1171586258141, 28.487882374057694], [77.1146839491679, 28.489316182687826], [77.11328535276965, 28.483427487696293], [77.11389264236499, 28.482863857890038]]]}, "properties": {"node": "trees", "role": "positive", "name": "Trees", "ts": "2026-06-11T13:56:52.767142+00:00"}}, {"type": "Feature", "geometry": {"type": "Polygon", "coordinates": [[[86.02159579655634, 24.85622494148161], [86.02363125237713, 24.85740266300942], [86.02370465463717, 24.859837038057933], [86.02182550840027, 24.86197969633155], [86.0192984663049, 24.861500787322065], [86.0183840830374, 24.859736458869598], [86.01895065070269, 24.857413998529985], [86.02159579655634, 24.85622494148161]]]}, "properties": {"node": "trees", "role": "positive", "name": "Trees", "ts": "2026-06-11T13:56:52.767180+00:00"}}, {"type": "Feature", "geometry": {"type": "Polygon", "coordinates": [[[85.50590284651798, 25.16347018901302], [85.50591896090141, 25.164291798259754], [85.50591903950814, 25.164294328273986], [85.50592014000244, 25.164299326563036], [85.50592021860918, 25.16430447448633], [85.50592273402462, 25.164311772393404], [85.50592430615923, 25.16431922231242], [85.50592690018122, 25.16432381441526], [85.50592855092242, 25.164328739075582], [85.50593318871884, 25.16433510818209], [85.50593696184109, 25.16434190249646], [85.50594089217645, 25.16434563229379], [85.50594403644455, 25.164349879949604], [85.50595040358687, 25.16435485700277], [85.50595622048168, 25.164360359047574], [85.50596109409575, 25.164363034104834], [85.5059654174627, 25.16436632442661], [85.50597304230904, 25.164369443795824], [85.5059803527277, 25.164373366108038], [85.50598585519272, 25.164374615823014], [85.50599096462402, 25.164376666103475], [85.5059992969263, 25.164377730598552], [85.50600747201409, 25.164379602792092], [85.50601313168953, 25.16437950317076], [85.50601879136437, 25.164380216003625], [85.50714041712699, 25.164376224645714], [85.50698077022999, 25.164837745651113], [85.50655520006859, 25.165365607431777], [85.50519624571473, 25.165407549263815], [85.50451974281003, 25.164907282545983], [85.50489745666958, 25.1634664046244], [85.50590284651798, 25.16347018901302]]]}, "properties": {"node": "trees", "role": "positive", "name": "Trees", "ts": "2026-06-11T13:56:52.767221+00:00"}}, {"type": "Feature", "geometry": {"type": "Polygon", "coordinates": [[[86.79962365688012, 26.199118970234984], [86.7990459086072, 26.200029663878105], [86.79848378928799, 26.200100851856476], [86.7983091124922, 26.199322408437343], [86.79872499399573, 26.199010557188874], [86.79935509446024, 26.198902878444443], [86.79962365688012, 26.199118970234984]]]}, "properties": {"node": "trees", "role": "positive", "name": "Trees", "ts": "2026-06-11T13:56:52.767258+00:00"}}, {"type": "Feature", "geometry": {"type": "Polygon", "coordinates": [[[86.79538320218373, 26.1977997790287], [86.79536825523861, 26.198192633123554], [86.79515248216076, 26.19822017009497], [86.79479482563943, 26.19719105172154], [86.79504080101293, 26.196975379555866], [86.79504271730107, 26.196973531304526], [86.79504463358917, 26.196971232873214], [86.79504700978627, 26.196969304786798], [86.7950529119528, 26.19696097231693], [86.79505935067911, 26.19695301189154], [86.79506042380007, 26.196950334614048], [86.79506211013297, 26.196947851009767], [86.79506517619264, 26.196938375200663], [86.79506893211547, 26.19692909476447], [86.79506908541845, 26.19692621701278], [86.79507000523623, 26.196923536334573], [86.79506992858475, 26.196913630674054], [86.7950706184481, 26.196903742014644], [86.79506992858475, 26.19690102563301], [86.79506992858475, 26.196898144480684], [86.79506686252537, 26.1968886226933], [86.79506440967774, 26.196879024470746], [86.7950628766479, 26.19687646945917], [86.79506195682998, 26.19687374797676], [86.7949220676518, 26.19659747571275], [86.79527543077414, 26.196466477520737], [86.79548238846235, 26.196687874457155], [86.7954842280823, 26.1966898060133], [86.79549120330732, 26.196695092762997], [86.79549764197567, 26.19670099786575], [86.79550201107158, 26.196703255626574], [86.79550584361152, 26.19670622177685], [86.79551419854756, 26.196709558328944], [86.79552217022831, 26.19671369670604], [86.79552707587736, 26.196714705859748], [86.79553167492288, 26.19671660857481], [86.79554071971117, 26.19671770952155], [86.79554968784704, 26.19671961909277], [86.79555467014403, 26.196719459475993], [86.79555965244052, 26.196720020147882], [86.7955687738743, 26.196718871889978], [86.79557789530637, 26.196718443920304], [86.79558272429911, 26.196717020397262], [86.79558762994206, 26.196716408898855], [86.79559598486406, 26.196712902701698], [86.79560472303784, 26.196710305364256], [86.79606048561247, 26.196502434262186], [86.79631358300063, 26.19713874899592], [86.79592397190828, 26.197316934679485], [86.7959215191038, 26.19731805075634], [86.7959120144853, 26.197324412616073], [86.79590220326426, 26.197330407532476], [86.79590067026079, 26.197331994184776], [86.79589883065657, 26.19733321389461], [86.79589170218955, 26.19734169926878], [86.79588411382029, 26.197349904336242], [86.79588319401788, 26.19735186472944], [86.795881737664, 26.19735354311694], [86.79587752190258, 26.19736344361689], [86.79587284623949, 26.197373243882062], [86.79587253963861, 26.1973753079086], [86.7958716964862, 26.197377270001212], [86.79587070003333, 26.197387872139206], [86.7958692436791, 26.197398374042532], [86.79587253963861, 26.197606429923034], [86.7954551774091, 26.197716471637715], [86.79545257127926, 26.197717224160336], [86.79544843213158, 26.197719023112253], [86.79544398637998, 26.197720094978244], [86.79543578473371, 26.19772459493865], [86.79542712318056, 26.197728364412654], [86.79542375053997, 26.197731170756583], [86.79541984134264, 26.197733244914602], [86.79541332601303, 26.197739673023317], [86.79540619747496, 26.197745457281435], [86.79540382129537, 26.197748915974632], [86.79540067860606, 26.197751997524826], [86.795396462803, 26.197759737132202], [86.79539140383885, 26.197767097896207], [86.79539017742322, 26.1977710322675], [86.79538818449775, 26.197774769567168], [86.79538649817614, 26.19778328555941], [86.79538396869361, 26.197791602779763], [86.79538404534459, 26.197795656086498], [86.79538320218373, 26.1977997790287]]]}, "properties": {"node": "trees", "role": "positive", "name": "Trees", "ts": "2026-06-11T13:56:52.767309+00:00"}}, {"type": "Feature", "geometry": {"type": "Polygon", "coordinates": [[[83.7606538838854, 18.909523688646683], [83.75838200924802, 18.914063086261553], [83.75695912838448, 18.913165636137165], [83.7582335728862, 18.908076484798872], [83.75947185507906, 18.908561228010672], [83.7606538838854, 18.909523688646683]]]}, "properties": {"node": "trees", "role": "positive", "name": "Trees", "ts": "2026-06-11T13:56:52.767346+00:00"}}, {"type": "Feature", "geometry": {"type": "Polygon", "coordinates": [[[79.1572497782979, 13.557927684585321], [79.15686913077457, 13.555763772106364], [79.16012077590852, 13.553995695408103], [79.16311818785061, 13.556255646795165], [79.16253390362594, 13.55783376190943], [79.16170143231612, 13.559052434688907], [79.15982453445399, 13.559113164428567], [79.15839041992346, 13.558969725631908], [79.1572497782979, 13.557927684585321]]]}, "properties": {"node": "trees", "role": "positive", "name": "Trees", "ts": "2026-06-11T13:56:52.767383+00:00"}}, {"type": "Feature", "geometry": {"type": "Polygon", "coordinates": [[[81.83236345789231, 17.61112227551623], [81.83139582697822, 17.61179809225465], [81.83139382583254, 17.611799443306015], [81.82913816631364, 17.613462479351238], [81.82541916140788, 17.61408524500499], [81.82289830245003, 17.609780542156464], [81.82760889434479, 17.60824194758826], [81.83236345789231, 17.61112227551623]]]}, "properties": {"node": "trees", "role": "positive", "name": "Trees", "ts": "2026-06-11T13:56:52.767419+00:00"}}, {"type": "Feature", "geometry": {"type": "Polygon", "coordinates": [[[81.8048001914636, 17.585170532007098], [81.80583615304498, 17.578569027785306], [81.81183560087396, 17.578089637038314], [81.81080381087266, 17.58435852653005], [81.8048001914636, 17.585170532007098]]]}, "properties": {"node": "trees", "role": "positive", "name": "Trees", "ts": "2026-06-11T13:56:52.767455+00:00"}}, {"type": "Feature", "geometry": {"type": "Polygon", "coordinates": [[[81.20783867302869, 17.755085746448064], [81.21202338180187, 17.757045651319178], [81.21238404224835, 17.761778604521595], [81.21159109147257, 17.765037429956582], [81.20714454859026, 17.76542782764932], [81.20450722257274, 17.761670978334283], [81.205143693364, 17.75765904787886], [81.20783867302869, 17.755085746448064]]]}, "properties": {"node": "trees", "role": "positive", "name": "Trees", "ts": "2026-06-11T13:56:52.767491+00:00"}}, {"type": "Feature", "geometry": {"type": "Polygon", "coordinates": [[[81.14359695597764, 17.72901700896327], [81.14616188536588, 17.72905098873767], [81.14638460775593, 17.73140279093591], [81.14577634778537, 17.733639074233153], [81.14352366623177, 17.735490423459666], [81.14081517891925, 17.733885043259892], [81.1408968859376, 17.73148987982573], [81.14359695597764, 17.72901700896327]]]}, "properties": {"node": "trees", "role": "positive", "name": "Trees", "ts": "2026-06-11T13:56:52.767527+00:00"}}, {"type": "Feature", "geometry": {"type": "Polygon", "coordinates": [[[81.07644893451287, 17.727551934970336], [81.07984355003876, 17.72583349260463], [81.08342807883722, 17.72882629872009], [81.08142951751734, 17.729504801564886], [81.07846935017503, 17.729399758692505], [81.07644893451287, 17.727551934970336]]]}, "properties": {"node": "trees", "role": "positive", "name": "Trees", "ts": "2026-06-11T13:56:52.767563+00:00"}}, {"type": "Feature", "geometry": {"type": "Polygon", "coordinates": [[[81.2143908473476, 17.72038600870839], [81.21016347376555, 17.723698753062425], [81.20661310536268, 17.72360785188479], [81.20533042970705, 17.718970831613664], [81.21235411338012, 17.715421808372394], [81.2143908473476, 17.72038600870839]]]}, "properties": {"node": "trees", "role": "positive", "name": "Trees", "ts": "2026-06-11T13:56:52.767599+00:00"}}, {"type": "Feature", "geometry": {"type": "Polygon", "coordinates": [[[83.10812906860824, 18.650837020212325], [83.10761263995516, 18.651473556719015], [83.10610032941693, 18.65237046745676], [83.10395364797593, 18.65319211486082], [83.10093389857069, 18.649029162676495], [83.10453264658689, 18.64708027809498], [83.10812906860824, 18.650837020212325]]]}, "properties": {"node": "trees", "role": "positive", "name": "Trees", "ts": "2026-06-11T13:56:52.767635+00:00"}}, {"type": "Feature", "geometry": {"type": "Polygon", "coordinates": [[[95.79569086216577, 28.154215319956876], [95.80035774640226, 28.15699889168025], [95.79449644932755, 28.163156643969465], [95.78394434664285, 28.15690003141059], [95.78558286202838, 28.1539170083721], [95.78935415139587, 28.151842314488043], [95.7917351547627, 28.15205563449005], [95.79569086216577, 28.154215319956876]]]}, "properties": {"node": "trees", "role": "positive", "name": "Trees", "ts": "2026-06-11T13:56:52.767671+00:00"}}, {"type": "Feature", "geometry": {"type": "Polygon", "coordinates": [[[95.7252369734053, 28.110996779446964], [95.72679152644304, 28.110472726050354], [95.72821339562346, 28.110125490244506], [95.72946400661141, 28.116119407051407], [95.7304671014455, 28.121251206292598], [95.73135708609905, 28.125880811941936], [95.72663582829077, 28.12708899771255], [95.72553992729524, 28.122570014000573], [95.72451948256514, 28.117418800066886], [95.72364261463879, 28.1115893040317], [95.7252369734053, 28.110996779446964]]]}, "properties": {"node": "trees", "role": "positive", "name": "Trees", "ts": "2026-06-11T13:56:52.767707+00:00"}}, {"type": "Feature", "geometry": {"type": "Polygon", "coordinates": [[[94.94391126905076, 28.104068469389752], [94.9454433598069, 28.096468954468], [94.95675856283474, 28.094903756009952], [94.95647563895723, 28.102443134515656], [94.94391126905076, 28.104068469389752]]]}, "properties": {"node": "trees", "role": "positive", "name": "Trees", "ts": "2026-06-11T13:56:52.767742+00:00"}}, {"type": "Feature", "geometry": {"type": "Polygon", "coordinates": [[[93.55078952880747, 27.7356685536541], [93.55073279385553, 27.739082612778606], [93.54961601609175, 27.7416384924105], [93.53883446524351, 27.738177611483923], [93.54128049166633, 27.73277035746721], [93.54658228564638, 27.734141815521873], [93.55078952880747, 27.7356685536541]]]}, "properties": {"node": "trees", "role": "positive", "name": "Trees", "ts": "2026-06-11T13:56:52.767778+00:00"}}, {"type": "Feature", "geometry": {"type": "Polygon", "coordinates": [[[81.3371286600571, 20.311127182254562], [81.33652509040876, 20.309552797913344], [81.33784276468259, 20.308153832543525], [81.33935177979488, 20.30772982231675], [81.33969791155343, 20.30852380607203], [81.33969875086228, 20.30852565047701], [81.33969891872405, 20.3085261094977], [81.3397059689181, 20.308536644816193], [81.33971293518061, 20.3085472661134], [81.33971310304236, 20.308547454714997], [81.33971327090408, 20.308547643316597], [81.33972317474607, 20.3085559764802], [81.3397329946559, 20.30856430548248], [81.34053562114502, 20.30907264304], [81.34053788725411, 20.309074017338702], [81.34054032122305, 20.30907503939923], [81.34054241947209, 20.309076585656232], [81.34186237456709, 20.30977038327181], [81.34108619975073, 20.311760874031876], [81.33827443047903, 20.311540328836035], [81.3371286600571, 20.311127182254562]]]}, "properties": {"node": "trees", "role": "positive", "name": "Trees", "ts": "2026-06-11T13:56:52.767816+00:00"}}, {"type": "Feature", "geometry": {"type": "Polygon", "coordinates": [[[81.18357997773764, 20.529073567584984], [81.19182262333813, 20.524397459489048], [81.20147496021504, 20.533670473537097], [81.19235097250325, 20.545943260801664], [81.18174091761746, 20.542083855721827], [81.18357997773764, 20.529073567584984]]]}, "properties": {"node": "trees", "role": "positive", "name": "Trees", "ts": "2026-06-11T13:56:52.767851+00:00"}}, {"type": "Feature", "geometry": {"type": "Polygon", "coordinates": [[[81.29346666944024, 20.313560217157313], [81.29373809718795, 20.31332336236735], [81.29412155443264, 20.313158519291942], [81.29410736167779, 20.313494725870154], [81.29349094009162, 20.313847957224247], [81.29346666944024, 20.313560217157313]]]}, "properties": {"node": "trees", "role": "positive", "name": "Trees", "ts": "2026-06-11T13:56:52.767886+00:00"}}, {"type": "Feature", "geometry": {"type": "Polygon", "coordinates": [[[81.50168346916261, 20.25803028250134], [81.50412781733097, 20.25605010408258], [81.50587648347764, 20.25704630235267], [81.50584214703292, 20.260707867382603], [81.50344910954092, 20.26066595032327], [81.50168346916261, 20.25803028250134]]]}, "properties": {"node": "trees", "role": "positive", "name": "Trees", "ts": "2026-06-11T13:56:52.767921+00:00"}}, {"type": "Feature", "geometry": {"type": "Polygon", "coordinates": [[[81.1863009364178, 19.89610377513116], [81.18718900761759, 19.89447563196016], [81.18889641368122, 19.895282867006863], [81.19112087119044, 19.89697715019424], [81.19021711943769, 19.89822540079816], [81.18768972055408, 19.897415938265205], [81.1863009364178, 19.89610377513116]]]}, "properties": {"node": "trees", "role": "positive", "name": "Trees", "ts": "2026-06-11T13:56:52.767956+00:00"}}, {"type": "Feature", "geometry": {"type": "Polygon", "coordinates": [[[81.14938149560255, 20.036978138640308], [81.15186294049991, 20.03443132002749], [81.15479012430688, 20.03483853469966], [81.15359619458306, 20.04054707110499], [81.14946344605079, 20.04110754633553], [81.14938149560255, 20.036978138640308]]]}, "properties": {"node": "trees", "role": "positive", "name": "Trees", "ts": "2026-06-11T13:56:52.767992+00:00"}}, {"type": "Feature", "geometry": {"type": "Polygon", "coordinates": [[[81.08885365510932, 20.195064625933362], [81.09004268117482, 20.19315701564371], [81.09367246287307, 20.194056946252424], [81.09229901078973, 20.19859067709926], [81.0889356691008, 20.198229304154726], [81.08885365510932, 20.195064625933362]]]}, "properties": {"node": "trees", "role": "positive", "name": "Trees", "ts": "2026-06-11T13:56:52.768027+00:00"}}, {"type": "Feature", "geometry": {"type": "Polygon", "coordinates": [[[81.08232922589211, 20.266389957252702], [81.08452817949117, 20.2640610990903], [81.08816545834496, 20.265223564043847], [81.08604744496854, 20.273142185368204], [81.08230733120219, 20.271607701454172], [81.08232922589211, 20.266389957252702]]]}, "properties": {"node": "trees", "role": "positive", "name": "Trees", "ts": "2026-06-11T13:56:52.768062+00:00"}}, {"type": "Feature", "geometry": {"type": "Polygon", "coordinates": [[[81.16194473730545, 19.95349199386622], [81.16335751133784, 19.95333135148937], [81.1657468194219, 19.955039649100094], [81.16403368885165, 19.95628626034842], [81.1617735437583, 19.955655672030872], [81.16194473730545, 19.95349199386622]]]}, "properties": {"node": "trees", "role": "positive", "name": "Trees", "ts": "2026-06-11T13:56:52.768097+00:00"}}, {"type": "Feature", "geometry": {"type": "Polygon", "coordinates": [[[81.19677851981173, 19.890127229518598], [81.19677902433237, 19.890129686118183], [81.19677969702656, 19.890131340515584], [81.19677994928689, 19.89013306414195], [81.19678448997246, 19.890143195641738], [81.19678861022395, 19.890153396370724], [81.19678970335185, 19.890154801420476], [81.19679046013272, 19.890156459984045], [81.19679777568057, 19.890164927777295], [81.19680475488076, 19.890173739143794], [81.19680626844216, 19.8901748047864], [81.19680744565657, 19.89017612394285], [81.19681703154463, 19.89018236267597], [81.19682636517132, 19.890188949148158], [81.19682813099247, 19.890189576991904], [81.19682972864014, 19.890190556741086], [81.19684074399946, 19.890194074455305], [81.19685167527052, 19.890197948240452], [81.19685352517779, 19.89019803989365], [81.1968552909983, 19.89019857767777], [81.19686697904744, 19.890199066699335], [81.19687858300813, 19.890199911791616], [81.19688043291474, 19.890199553147486], [81.1968822828213, 19.890199644800354], [81.19991985395242, 19.889904227351288], [81.19750746462793, 19.89446045830092], [81.19329640831852, 19.893507411097097], [81.19226519904933, 19.890961658302917], [81.19424334622019, 19.887858028085127], [81.19640693946741, 19.888325287330723], [81.19677851981173, 19.890127229518598]]]}, "properties": {"node": "trees", "role": "positive", "name": "Trees", "ts": "2026-06-11T13:56:52.768136+00:00"}}, {"type": "Feature", "geometry": {"type": "Polygon", "coordinates": [[[81.09150138376681, 20.323740713724792], [81.09277465297401, 20.32193953016838], [81.09400790753796, 20.322441878155715], [81.09474842348942, 20.323154950437125], [81.09148614347961, 20.324788215606024], [81.09150138376681, 20.323740713724792]]]}, "properties": {"node": "trees", "role": "positive", "name": "Trees", "ts": "2026-06-11T13:56:52.768172+00:00"}}, {"type": "Feature", "geometry": {"type": "Polygon", "coordinates": [[[81.15394770366483, 20.053592620097266], [81.15086693926261, 20.056181550888383], [81.1481224431736, 20.053620173541482], [81.15161684406561, 20.05028632098072], [81.15366854938259, 20.050509064238188], [81.15394770366483, 20.053592620097266]]]}, "properties": {"node": "trees", "role": "positive", "name": "Trees", "ts": "2026-06-11T13:56:52.768207+00:00"}}, {"type": "Feature", "geometry": {"type": "Polygon", "coordinates": [[[81.14792639802756, 19.97636033608278], [81.15256816022959, 19.973981435006365], [81.15328002014685, 19.97758317973716], [81.14868853128037, 19.979747904216936], [81.14792639802756, 19.97636033608278]]]}, "properties": {"node": "trees", "role": "positive", "name": "Trees", "ts": "2026-06-11T13:56:52.768243+00:00"}}, {"type": "Feature", "geometry": {"type": "Polygon", "coordinates": [[[81.16011694280635, 20.192528050890907], [81.15647729388894, 20.193781086100305], [81.15552266024217, 20.191621631676547], [81.15924942573554, 20.18945620565068], [81.16011694280635, 20.192528050890907]]]}, "properties": {"node": "trees", "role": "positive", "name": "Trees", "ts": "2026-06-11T13:56:52.768278+00:00"}}, {"type": "Feature", "geometry": {"type": "Polygon", "coordinates": [[[76.0912768109974, 11.465625303789299], [76.0903878982743, 11.463751978573125], [76.08997963724296, 11.462206198743123], [76.09067216688895, 11.460919034187217], [76.09226873308272, 11.460437902579908], [76.09400077395931, 11.461453828226764], [76.09457575606626, 11.46413730672108], [76.09392236309864, 11.465932035050965], [76.0912768109974, 11.465625303789299]]]}, "properties": {"node": "trees", "role": "positive", "name": "Trees", "ts": "2026-06-11T13:56:52.768314+00:00"}}, {"type": "Feature", "geometry": {"type": "Polygon", "coordinates": [[[76.10129570808587, 11.466327274203671], [76.10272507350571, 11.46696400334249], [76.10350674034159, 11.467878092705881], [76.10352744785921, 11.469207933801995], [76.10233543308776, 11.4695316427135], [76.10072570994743, 11.468617796284956], [76.10050694896947, 11.467242720956905], [76.10129570808587, 11.466327274203671]]]}, "properties": {"node": "trees", "role": "positive", "name": "Trees", "ts": "2026-06-11T13:56:52.768350+00:00"}}, {"type": "Feature", "geometry": {"type": "Polygon", "coordinates": [[[76.11748032733931, 11.481152156759553], [76.11631595321033, 11.477816936130285], [76.11833738671488, 11.47743030945571], [76.1199592015676, 11.477828178484833], [76.12139438855584, 11.478648223249476], [76.1212431725864, 11.47993590204794], [76.12035073835591, 11.48020406850884], [76.12034826083851, 11.480204795379937], [76.12034498697618, 11.480206414775356], [76.1203413591827, 11.480207424718657], [76.120333484216, 11.48021212284049], [76.12032516683497, 11.480216207245405], [76.12032242386879, 11.480218698504766], [76.12031923848862, 11.480220576047447], [76.12031295621084, 11.480227297367595], [76.12030623151881, 11.480233574226446], [76.12030428489737, 11.4802366962606], [76.12030180737914, 11.480239369568926], [76.12029764868771, 11.480247547281788], [76.12029295909937, 11.480255360896795], [76.12029198578857, 11.4802588683522], [76.12029039309813, 11.48026217670039], [76.11990770444201, 11.48141007706716], [76.11748032733931, 11.481152156759553]]]}, "properties": {"node": "trees", "role": "positive", "name": "Trees", "ts": "2026-06-11T13:56:52.768389+00:00"}}, {"type": "Feature", "geometry": {"type": "Polygon", "coordinates": [[[76.12010227853098, 11.452202949844654], [76.1209548088426, 11.453353782112085], [76.12081677627337, 11.454300221373263], [76.1191040105297, 11.454819644262608], [76.11705462715072, 11.45492360682376], [76.11609748263645, 11.45369970065153], [76.11618295962192, 11.452580451509899], [76.1173860026978, 11.452421056277885], [76.11863602011864, 11.452336587692864], [76.1186382322155, 11.452336355662732], [76.12010227853098, 11.452202949844654]]]}, "properties": {"node": "trees", "role": "positive", "name": "Trees", "ts": "2026-06-11T13:56:52.768425+00:00"}}, {"type": "Feature", "geometry": {"type": "Polygon", "coordinates": [[[76.09125220755678, 11.438539955816022], [76.09109122306462, 11.439629256676463], [76.09011708142421, 11.440080644242336], [76.08966810838885, 11.439276628395229], [76.08966686935221, 11.43927445415847], [76.08966005465057, 11.439266090651174], [76.08965368246169, 11.439257410115525], [76.08883697780247, 11.438427410136693], [76.08817656568681, 11.437573564025191], [76.08856872448442, 11.436892279078094], [76.08944924124482, 11.43668684133883], [76.09065765256551, 11.43685394583062], [76.09118777838195, 11.437404545662215], [76.09125220755678, 11.438539955816022]]]}, "properties": {"node": "trees", "role": "positive", "name": "Trees", "ts": "2026-06-11T13:56:52.768461+00:00"}}, {"type": "Feature", "geometry": {"type": "Polygon", "coordinates": [[[76.10373682369467, 11.458097499950656], [76.10487148293927, 11.458066955615868], [76.10585339539904, 11.458227193528437], [76.10589923432684, 11.460301472780653], [76.10259746484238, 11.461114022540485], [76.10124500038309, 11.459728336926394], [76.10252852779651, 11.458553855413358], [76.10373682369467, 11.458097499950656]]]}, "properties": {"node": "trees", "role": "positive", "name": "Trees", "ts": "2026-06-11T13:56:52.768496+00:00"}}, {"type": "Feature", "geometry": {"type": "Polygon", "coordinates": [[[76.21808248318249, 11.30961473995736], [76.21735735708107, 11.310813856058608], [76.21642355584596, 11.310039814686235], [76.21642161060417, 11.310038201764607], [76.21641966536235, 11.310037095893133], [76.21641798538076, 11.310035495485813], [76.21518177850756, 11.309161166815931], [76.2153095466416, 11.308063451536706], [76.21601169448016, 11.308031672429028], [76.2169859063853, 11.308176498204316], [76.21785400831473, 11.308439444113525], [76.21808248318249, 11.30961473995736]]]}, "properties": {"node": "trees", "role": "positive", "name": "Trees", "ts": "2026-06-11T13:56:52.768533+00:00"}}, {"type": "Feature", "geometry": {"type": "Polygon", "coordinates": [[[76.50087623829653, 10.208948321700175], [76.50092273543031, 10.212144040397906], [76.49888425718576, 10.212161032486566], [76.49755275289714, 10.21214327641469], [76.49552022153959, 10.212080844454082], [76.4955177510011, 10.212080824506101], [76.49551757453406, 10.212080817111385], [76.49551739806702, 10.212080809716664], [76.49444120937721, 10.212080843045332], [76.4944583268207, 10.209759634006634], [76.49447429721698, 10.208996091896662], [76.50087623829653, 10.208948321700175]]]}, "properties": {"node": "trees", "role": "positive", "name": "Trees", "ts": "2026-06-11T13:56:52.768570+00:00"}}, {"type": "Feature", "geometry": {"type": "Polygon", "coordinates": [[[77.07631435180178, 9.438138152728076], [77.0781359822782, 9.437921932304127], [77.07901701552606, 9.43936642361817], [77.07882371921086, 9.441046780274725], [77.07600644065624, 9.441297961355266], [77.07631435180178, 9.438138152728076]]]}, "properties": {"node": "trees", "role": "positive", "name": "Trees", "ts": "2026-06-11T13:56:52.768605+00:00"}}, {"type": "Feature", "geometry": {"type": "Polygon", "coordinates": [[[77.05566692856951, 9.409336255302856], [77.0519487342371, 9.409863090776856], [77.04846593597658, 9.40809771939862], [77.04870232460033, 9.40522219627297], [77.05143564973437, 9.403711533792704], [77.05464869458356, 9.40332716033119], [77.05566692856951, 9.409336255302856]]]}, "properties": {"node": "trees", "role": "positive", "name": "Trees", "ts": "2026-06-11T13:56:52.768641+00:00"}}, {"type": "Feature", "geometry": {"type": "Polygon", "coordinates": [[[76.07196316804267, 28.06384887570039], [76.07108404383257, 28.064257195751356], [76.0704423999881, 28.06291329610126], [76.07086036725246, 28.06247298333097], [76.0712346070873, 28.06255963849581], [76.07196316804267, 28.06384887570039]]]}, "properties": {"node": "trees", "role": "positive", "name": "Trees", "ts": "2026-06-11T13:56:52.768677+00:00"}}, {"type": "Feature", "geometry": {"type": "Polygon", "coordinates": [[[77.49216053174884, 30.387946563154223], [77.49616041683997, 30.388010288292282], [77.49599020995412, 30.391587219543318], [77.491607623499, 30.391816544300593], [77.49216053174884, 30.387946563154223]]]}, "properties": {"node": "trees", "role": "positive", "name": "Trees", "ts": "2026-06-11T13:56:52.768712+00:00"}}, {"type": "Feature", "geometry": {"type": "Polygon", "coordinates": [[[77.42457596203884, 30.419669489346248], [77.4238161622449, 30.42126740860857], [77.42144058439851, 30.42146223726486], [77.42058557805437, 30.420316617499076], [77.42055633049044, 30.419392668068568], [77.42106982556417, 30.418912139453546], [77.42163261844175, 30.418705278398562], [77.42243420168667, 30.41875162999687], [77.42457596203884, 30.419669489346248]]]}, "properties": {"node": "trees", "role": "positive", "name": "Trees", "ts": "2026-06-11T13:56:52.768748+00:00"}}, {"type": "Feature", "geometry": {"type": "Polygon", "coordinates": [[[85.87865686807032, 24.555992224022326], [85.87846812718298, 24.555433100313568], [85.87877652850335, 24.555293234345797], [85.87877894824835, 24.555292124253903], [85.87878355356918, 24.555288993081454], [85.87878870528353, 24.555286690939703], [85.87879479367257, 24.555281519553283], [85.87880142845468, 24.555277086736243], [85.87880494098604, 24.555272930728737], [85.87880915602335, 24.555269336620366], [85.87881344911658, 24.555262940343713], [85.87881852277175, 24.55525692716969], [85.87882055223368, 24.55525209754256], [85.87882351837021, 24.555247564808813], [85.87882562588817, 24.555240294857548], [85.87882867008062, 24.555233321799562], [85.87882913841791, 24.55522808781058], [85.87883062148595, 24.555223062379717], [85.87883038731731, 24.5552155477303], [85.87883116787941, 24.55520806071669], [85.87883007509245, 24.555202874671604], [85.87882991898005, 24.55519771413657], [85.87875318966674, 24.55478583538343], [85.87923346804213, 24.55430164922669], [85.88065507554593, 24.554372468658812], [85.88102692104074, 24.554922373849525], [85.88089485531142, 24.55554676110839], [85.8798993562131, 24.556153248183474], [85.87865686807032, 24.555992224022326]]]}, "properties": {"node": "trees", "role": "positive", "name": "Trees", "ts": "2026-06-11T13:56:52.768787+00:00"}}, {"type": "Feature", "geometry": {"type": "Polygon", "coordinates": [[[85.80829965403649, 24.5545482181059], [85.80734920435174, 24.555860262189718], [85.80613376052189, 24.556250902461645], [85.80497722595769, 24.55657894207723], [85.80404039555732, 24.55539948490214], [85.80337862445212, 24.554391915716327], [85.80392572355608, 24.553347494726843], [85.80662822678397, 24.55259673098767], [85.80829965403649, 24.5545482181059]]]}, "properties": {"node": "trees", "role": "positive", "name": "Trees", "ts": "2026-06-11T13:56:52.768823+00:00"}}, {"type": "Feature", "geometry": {"type": "Polygon", "coordinates": [[[85.90230106814491, 24.50992712883577], [85.90162633685365, 24.510050562640433], [85.90073008859109, 24.510094084058935], [85.90020670432239, 24.509971899117563], [85.90054322197162, 24.509480956979047], [85.90117567890378, 24.509480875743918], [85.90153793766989, 24.50956721470917], [85.9015405904278, 24.50956782929895], [85.90154698825516, 24.50956827376002], [85.90155315201491, 24.509569707098958], [85.9015607981969, 24.50956937106152], [85.90156836635552, 24.509570028122305], [85.90157468615722, 24.509568841948262], [85.90158100595818, 24.509568650982814], [85.90223436001655, 24.509458300378522], [85.90323115002181, 24.509415587642692], [85.9031049919132, 24.509772985777182], [85.90230106814491, 24.50992712883577]]]}, "properties": {"node": "trees", "role": "positive", "name": "Trees", "ts": "2026-06-11T13:56:52.768861+00:00"}}, {"type": "Feature", "geometry": {"type": "Polygon", "coordinates": [[[85.88801320635086, 24.508929392802386], [85.88828432529593, 24.508820311330332], [85.88877981221461, 24.50901433845115], [85.88878230953793, 24.509015310931893], [85.88879588873148, 24.50901830305214], [85.88880946792149, 24.509021295171113], [85.88944074027864, 24.50907650967113], [85.88944706154814, 24.509144535643156], [85.88919101050149, 24.509324144189243], [85.88918890340142, 24.50932571553377], [85.889187498668, 24.509327124987127], [85.88918578177152, 24.509328164081616], [85.88917805573674, 24.509336458910123], [85.88916993949695, 24.509344381261915], [85.88916908104844, 24.50934607695265], [85.88916767631446, 24.509347486405694], [85.88916283778609, 24.50935739760047], [85.88915753101251, 24.509367115146766], [85.88915714080855, 24.50936900448529], [85.88915636040062, 24.509370702292937], [85.88910727271838, 24.509526792856814], [85.88910649230971, 24.509529214443656], [85.88910532169666, 24.509539225137846], [85.88910344871574, 24.50954912630459], [85.88910376087924, 24.50955175847684], [85.88910344871574, 24.509554464184156], [85.88910539973753, 24.509564378619807], [85.88910664839143, 24.50957436447312], [85.88910781900444, 24.509576838989123], [85.88910828724963, 24.509579475395547], [85.88911320382392, 24.509588475085547], [85.88911749607094, 24.509597729255425], [85.88915971615462, 24.509662024461008], [85.8886339527166, 24.509534488641357], [85.88811013504719, 24.50926034793149], [85.88801320635086, 24.508929392802386]]]}, "properties": {"node": "trees", "role": "positive", "name": "Trees", "ts": "2026-06-11T13:56:52.768902+00:00"}}, {"type": "Feature", "geometry": {"type": "Polygon", "coordinates": [[[85.87728508565804, 24.574365995080232], [85.8772061684363, 24.574606357470536], [85.87720546590857, 24.574608780642077], [85.87720406085309, 24.57461932573982], [85.87720210938707, 24.57462985594124], [85.87720234356298, 24.57463194282292], [85.87720210938707, 24.574633926480153], [85.87720398279444, 24.574644470496732], [85.8772053097913, 24.574655090073446], [85.87729429656241, 24.574961811247515], [85.87737149636664, 24.575250390960818], [85.8773206022719, 24.575370938583642], [85.87685318609184, 24.575398448467677], [85.8768506101394, 24.575398649604224], [85.87669168143397, 24.575411864908013], [85.87669542828523, 24.574900256027902], [85.87669535022583, 24.57489772112274], [85.87669433545365, 24.574891904250517], [85.87669425739425, 24.574885932005174], [85.87664742173308, 24.574609124979823], [85.87669129113694, 24.57432176510858], [85.87678980201296, 24.574189308971047], [85.87689994350966, 24.57415269187211], [85.87717861373044, 24.57424432315517], [85.87728508565804, 24.574365995080232]]]}, "properties": {"node": "trees", "role": "positive", "name": "Trees", "ts": "2026-06-11T13:56:52.768940+00:00"}}, {"type": "Feature", "geometry": {"type": "Polygon", "coordinates": [[[85.88098204058504, 24.56436900108378], [85.88126919678324, 24.565092984008356], [85.8812988567519, 24.566241262170742], [85.8807003465494, 24.566661880238307], [85.87905745234481, 24.566831609298706], [85.87852190825791, 24.566201991703796], [85.87840154473058, 24.565633436667692], [85.87856889835359, 24.56511044114628], [85.87892319607091, 24.5646322488596], [85.87938099293737, 24.564266962694607], [85.88021391537026, 24.564091180716776], [85.88098204058504, 24.56436900108378]]]}, "properties": {"node": "trees", "role": "positive", "name": "Trees", "ts": "2026-06-11T13:56:52.768976+00:00"}}, {"type": "Feature", "geometry": {"type": "Polygon", "coordinates": [[[85.6065854955119, 24.50293706484426], [85.61268363413976, 24.504666072990823], [85.61334253474286, 24.5094105361922], [85.61268135907895, 24.51261644487934], [85.60455571409706, 24.513320368045616], [85.5997364985949, 24.510259526691613], [85.60097998850237, 24.503687070257527], [85.6065854955119, 24.50293706484426]]]}, "properties": {"node": "trees", "role": "positive", "name": "Trees", "ts": "2026-06-11T13:56:52.769011+00:00"}}, {"type": "Feature", "geometry": {"type": "Polygon", "coordinates": [[[85.84706873324559, 24.629986756065847], [85.84725672822123, 24.62989777826618], [85.84725829028717, 24.629897007264635], [85.84725914942342, 24.62989657869174], [85.84726992767695, 24.62988918768463], [85.84728078403153, 24.62988179882469], [85.8472810183413, 24.629881443506115], [85.84728140885763, 24.629881182924986], [85.84728945349292, 24.629871365262787], [85.84729757623023, 24.62986154974801], [85.84729781053994, 24.62986119442938], [85.84729804484964, 24.629860839110744], [85.84730273104363, 24.6298493011349], [85.84730757344364, 24.629837857895883], [85.84730765154686, 24.629837407839762], [85.8473078077533, 24.629837050372803], [85.84730874499196, 24.629824776192272], [85.84730983843704, 24.629812596748767], [85.84729195279684, 24.629540601159686], [85.84729179659035, 24.629538064516566], [85.84729023452542, 24.629532142889396], [85.84728968780267, 24.62952606830772], [85.84728711039538, 24.629519847430018], [85.8472853921238, 24.62951337886029], [85.84728211178697, 24.62950804305748], [85.8472797686891, 24.62950237126998], [85.84727531680288, 24.629497003242825], [85.84727172405232, 24.629491206641735], [85.84726695975228, 24.62948691531265], [85.84726289838142, 24.62948210067216], [85.84725704063442, 24.62947814103063], [85.84725180771322, 24.62947347504745], [85.84724587186166, 24.62947059854871], [85.84724056083603, 24.6294669252674], [85.84723368774323, 24.629464565634436], [85.84722720516622, 24.62946140277397], [85.84722064448509, 24.629460137025138], [85.84721439621656, 24.629458065900565], [85.8472070545001, 24.629457502195745], [85.84719986898936, 24.62945612881852], [85.84719323020141, 24.629456579298406], [85.84718651330921, 24.629456123220024], [85.84717932779567, 24.629457553511546], [85.84717198607429, 24.62945798465546], [85.84716573779997, 24.629460164253867], [85.84715917711112, 24.62946143084903], [85.84624285950429, 24.62976569957119], [85.84639125843069, 24.6295264060171], [85.84785554278757, 24.629073689367726], [85.84798683276748, 24.629531404539158], [85.84790185749381, 24.629800480971145], [85.84708076119526, 24.63004035656464], [85.84706873324559, 24.629986756065847]]]}, "properties": {"node": "trees", "role": "positive", "name": "Trees", "ts": "2026-06-11T13:56:52.769055+00:00"}}, {"type": "Feature", "geometry": {"type": "Polygon", "coordinates": [[[85.74338009820701, 24.639781507155227], [85.74379697475003, 24.639228438601467], [85.74379846163252, 24.639226400641856], [85.74380112236948, 24.639221049873257], [85.74380472218986, 24.6392161777387], [85.74380699164172, 24.6392095499135], [85.74381012191999, 24.639203308085204], [85.74381106100343, 24.639197547042205], [85.74381301742721, 24.639191905119784], [85.74381317394109, 24.639185036845603], [85.74381426953839, 24.63917819505489], [85.74381340871194, 24.63917238325121], [85.74381356522585, 24.639166600138005], [85.74374219484007, 24.63864045410323], [85.74374203832595, 24.63863963581719], [85.7437418035548, 24.63863791102185], [85.74373804721598, 24.63862659173812], [85.74373452564814, 24.63861509821447], [85.74373397784868, 24.638614449753984], [85.74373374307747, 24.63861362926092], [85.74372662168386, 24.638603661960257], [85.74371973506055, 24.63859361084981], [85.74371903074676, 24.638593048405532], [85.74371856120422, 24.638592311721705], [85.74370870081, 24.638584527931588], [85.74369891867103, 24.638576655917493], [85.74231218433108, 24.63773388765045], [85.74230991481505, 24.637732467171723], [85.7423090539641, 24.637732171595847], [85.74230834963151, 24.637731609144414], [85.74229629771673, 24.637727018929898], [85.74228440231764, 24.637722161838848], [85.74228346320706, 24.63772204491576], [85.7422826023557, 24.637721658909395], [85.74226968958345, 24.637720299899552], [85.74225669854881, 24.637718667389812], [85.742255837697, 24.637718823965272], [85.74225489858594, 24.63771870704199], [85.73928878952188, 24.6377810465493], [85.738319876674, 24.637735875883394], [85.73800031937473, 24.63595767610293], [85.7452969048779, 24.634610020227534], [85.74676290907367, 24.636936893902906], [85.74601285275797, 24.63784375552804], [85.7460112094304, 24.637845698683037], [85.74600627944741, 24.637854512357976], [85.74600072343429, 24.63786285623421], [85.74544331931693, 24.639066779333017], [85.74544230200797, 24.639069101841518], [85.74544214549888, 24.63906973044133], [85.7454417542262, 24.639070352423], [85.74543893706277, 24.639082119370673], [85.74543596339008, 24.63909388190577], [85.74543596339008, 24.639094514917616], [85.74543580688099, 24.639095143517373], [85.74533931893673, 24.640291888444732], [85.74376715883466, 24.640458801448762], [85.74338009820701, 24.639781507155227]]]}, "properties": {"node": "trees", "role": "positive", "name": "Trees", "ts": "2026-06-11T13:56:52.769101+00:00"}}, {"type": "Feature", "geometry": {"type": "Polygon", "coordinates": [[[85.85189710836447, 24.485995718200552], [85.85189445308737, 24.485996278887345], [85.85189242258126, 24.485997128090087], [85.85189023588227, 24.48599743017045], [85.85187961477168, 24.486002025264632], [85.85186875936964, 24.486006252048945], [85.85186704124825, 24.486007471696592], [85.85186508883751, 24.486008413510195], [85.85185626394005, 24.48601550056259], [85.85184720475173, 24.486022219305248], [85.85184587711194, 24.48602390200924], [85.85184423708625, 24.48602530474274], [85.85183798936892, 24.486034362268736], [85.85183135116841, 24.48604313768723], [85.85183064830008, 24.48604510890717], [85.85182947685284, 24.486046795883738], [85.8518262748969, 24.486057112903424], [85.85182252626528, 24.486067234017785], [85.85182244816879, 24.486069312804013], [85.85182182339683, 24.486071195685298], [85.85170553758593, 24.486854059526276], [85.85088856196472, 24.48653105919029], [85.85056367375034, 24.485393676452965], [85.8516713312338, 24.483788462091905], [85.85226212958894, 24.48342670645013], [85.8529881815772, 24.483748842089952], [85.85369142014693, 24.484434785789436], [85.8541994172619, 24.485180892231384], [85.85280051953949, 24.485801841546564], [85.85189710836447, 24.485995718200552]]]}, "properties": {"node": "trees", "role": "positive", "name": "Trees", "ts": "2026-06-11T13:56:52.769141+00:00"}}, {"type": "Feature", "geometry": {"type": "Polygon", "coordinates": [[[77.58080134195718, 11.999771790557496], [77.58322537222895, 12.001465497918614], [77.58304812535678, 12.005270125623925], [77.57955253641343, 12.005943222593606], [77.57703844380264, 12.005158898465739], [77.57600043518445, 12.003199154624248], [77.5769054358166, 12.000932327190108], [77.58080134195718, 11.999771790557496]]]}, "properties": {"node": "trees", "role": "positive", "name": "Trees", "ts": "2026-06-11T13:56:52.769177+00:00"}}, {"type": "Feature", "geometry": {"type": "Polygon", "coordinates": [[[77.47155348567661, 12.04128051433323], [77.47067731979816, 12.04387387903301], [77.46821526657585, 12.045318065678503], [77.46654086861474, 12.044917546136288], [77.46542070907458, 12.042738037148814], [77.46551471991535, 12.04131496765201], [77.46695813553107, 12.040083291044589], [77.46847978577958, 12.039728090730712], [77.47091364891665, 12.039356967397362], [77.47155348567661, 12.04128051433323]]]}, "properties": {"node": "trees", "role": "positive", "name": "Trees", "ts": "2026-06-11T13:56:52.769213+00:00"}}, {"type": "Feature", "geometry": {"type": "Polygon", "coordinates": [[[77.5609959064365, 12.025449670912666], [77.5619746677366, 12.02506503479497], [77.56468491171111, 12.026651912136188], [77.56287462040494, 12.028834287600697], [77.55956242699868, 12.026591273648863], [77.55928534968825, 12.026161215849212], [77.55922946185323, 12.025582784370046], [77.56015453754203, 12.024815247798996], [77.56090214921399, 12.02543477093396], [77.56090407333686, 12.025436396169052], [77.56091238204893, 12.025441129420802], [77.5609201659997, 12.025446522974102], [77.56092348948413, 12.025447612705916], [77.56092646312801, 12.025449285115446], [77.56093573389961, 12.02545166800062], [77.56094474229018, 12.025454637494615], [77.56094824069406, 12.025454794741828], [77.56095156417769, 12.02545562801527], [77.56096118478757, 12.025455291070008], [77.56097071793658, 12.025455719567924], [77.56097404141953, 12.025454928605498], [77.56097753982253, 12.025454743907947], [77.56098663566982, 12.025451904278063], [77.5609959064365, 12.025449670912666]]]}, "properties": {"node": "trees", "role": "positive", "name": "Trees", "ts": "2026-06-11T13:56:52.769252+00:00"}}, {"type": "Feature", "geometry": {"type": "Polygon", "coordinates": [[[76.8502272677801, 31.92550337879441], [76.85022990738432, 31.925502205892883], [76.8502311391996, 31.925501311752598], [76.85023263497528, 31.925500786391304], [76.85024284144416, 31.92549341434564], [76.85025331187256, 31.925486411077138], [76.85025427972725, 31.925485318707935], [76.85025551154229, 31.92548442456711], [76.85026290243228, 31.925474966506144], [76.85027064526892, 31.925465715897776], [76.85027117318958, 31.925464406847897], [76.85027205305735, 31.92546321997697], [76.85218997395057, 31.922056069149445], [76.85535864005314, 31.92419969058242], [76.8544615604994, 31.928571548674743], [76.84912865961942, 31.930115816223402], [76.84663013884105, 31.928996017016416], [76.84787773375011, 31.926594608214977], [76.8502272677801, 31.92550337879441]]]}, "properties": {"node": "trees", "role": "positive", "name": "Trees", "ts": "2026-06-11T13:56:52.769290+00:00"}}, {"type": "Feature", "geometry": {"type": "Polygon", "coordinates": [[[76.873939551017, 31.960134876982966], [76.87185983633287, 31.961321361913832], [76.87185746110467, 31.96132273293396], [76.87184866396278, 31.961329910532882], [76.87183933899166, 31.961336606580097], [76.87183784347738, 31.961338581259575], [76.87183573216305, 31.961340235680318], [76.87182966213413, 31.961349233470326], [76.87182297630484, 31.96135782574738], [76.87061459468606, 31.96354686099643], [76.86777464019937, 31.9624457527649], [76.86708720691658, 31.9605638302142], [76.86829483128362, 31.95831374770641], [76.86944754862138, 31.95781172118758], [76.87104750562224, 31.957811702654215], [76.87332402386735, 31.95874581355131], [76.873939551017, 31.960134876982966]]]}, "properties": {"node": "trees", "role": "positive", "name": "Trees", "ts": "2026-06-11T13:56:52.769328+00:00"}}, {"type": "Feature", "geometry": {"type": "Polygon", "coordinates": [[[76.85469031816307, 31.943983262614566], [76.85224813229497, 31.946208942987713], [76.84963529111963, 31.94555991766765], [76.85048524483281, 31.94083161107972], [76.85471169818464, 31.941040423826635], [76.85469031816307, 31.943983262614566]]]}, "properties": {"node": "trees", "role": "positive", "name": "Trees", "ts": "2026-06-11T13:56:52.769362+00:00"}}, {"type": "Feature", "geometry": {"type": "Polygon", "coordinates": [[[77.25669707258561, 31.707817939460494], [77.25626352813208, 31.707894272620194], [77.25604596608396, 31.70763722467178], [77.25623274851972, 31.707306364967806], [77.25623397619671, 31.707304094162257], [77.25623713308038, 31.707294748049808], [77.25624099149361, 31.707285643946687], [77.25631430132121, 31.706984107739014], [77.25653975506206, 31.706578207153036], [77.25699750111797, 31.706671196120663], [77.25721497371576, 31.706859465709076], [77.25701679305821, 31.707115275077165], [77.25701521462686, 31.70711742489788], [77.25701118085776, 31.707125142778153], [77.25700635787275, 31.707132609784598], [77.25669707258561, 31.707817939460494]]]}, "properties": {"node": "trees", "role": "positive", "name": "Trees", "ts": "2026-06-11T13:56:52.769399+00:00"}}, {"type": "Feature", "geometry": {"type": "Polygon", "coordinates": [[[77.24300948594858, 31.69278078876542], [77.24362076078081, 31.69279415067577], [77.24303500695551, 31.693499270293252], [77.24303334063563, 31.69350132572448], [77.24271042493997, 31.693915425205166], [77.24237610716028, 31.69396661543377], [77.24194356239262, 31.69355372513412], [77.24187515492386, 31.693283590643677], [77.24222140154984, 31.692906582897702], [77.24300948594858, 31.69278078876542]]]}, "properties": {"node": "trees", "role": "positive", "name": "Trees", "ts": "2026-06-11T13:56:52.769435+00:00"}}, {"type": "Feature", "geometry": {"type": "Polygon", "coordinates": [[[77.26086310427948, 31.423898179326763], [77.26024174715413, 31.422017100575886], [77.26153926267004, 31.420863883740108], [77.26557368417141, 31.420375378529236], [77.26669551108589, 31.421394435396437], [77.26735567763164, 31.42241045924774], [77.26698030645925, 31.42370720674052], [77.26559087028278, 31.424883374450346], [77.26351799667941, 31.425773502291992], [77.26086310427948, 31.423898179326763]]]}, "properties": {"node": "trees", "role": "positive", "name": "Trees", "ts": "2026-06-11T13:56:52.769471+00:00"}}, {"type": "Feature", "geometry": {"type": "Polygon", "coordinates": [[[77.58285505099333, 30.95309426279897], [77.58285610031142, 30.953096604721736], [77.5828561877546, 30.9530967855229], [77.58285627519777, 30.95309705247848], [77.58286344553773, 30.953107828915027], [77.58287061587725, 30.953118691504955], [77.58287079076356, 30.95311888079839], [77.58287096564989, 30.95311915624623], [77.58288137138567, 30.953127748417895], [77.58289168967733, 30.95313650440495], [77.58289195200676, 30.953136616036222], [77.5828922143362, 30.953136813821896], [77.58290506847783, 30.953142628371058], [77.58291783517487, 30.95314852058096], [77.58291809750425, 30.95314854605777], [77.58291835983363, 30.953148657688985], [77.58293261306211, 30.95315116193539], [77.58294677884571, 30.953153743842215], [77.582947041175, 30.953153769318973], [77.58294739094742, 30.953153803287965], [77.58296181905844, 30.953152792184625], [77.58297633461068, 30.953151875725943], [77.58297659693993, 30.953151815048198], [77.58297685926917, 30.95315175437046], [77.58348525219232, 30.953053716612086], [77.58348813780096, 30.95305313529591], [77.58349154806558, 30.95305191569372], [77.58349522065816, 30.95305132464898], [77.58350518912312, 30.953047123438125], [77.58351550735784, 30.95304347312079], [77.5835183929657, 30.953041513329882], [77.58352171578677, 30.953040026770804], [77.58352993539637, 30.953033588010243], [77.58353859221859, 30.953027622480402], [77.5835407782847, 30.953025077826503], [77.58354348900663, 30.953022842586954], [77.58354926022083, 30.95301470142514], [77.58355564353315, 30.953006878168424], [77.58355686773, 30.953003895485725], [77.58355879146787, 30.953001153046184], [77.58356167707461, 30.9529919562621], [77.58356534966491, 30.95298292205742], [77.58356552455015, 30.9529796651637], [77.58356648641902, 30.952976570850172], [77.58356622409116, 30.952967068361243], [77.58356674874689, 30.952957556142533], [77.58356587432066, 30.95295445581135], [77.58356578687803, 30.952951259596336], [77.58350457702441, 30.952634641217532], [77.58415523607202, 30.95244935508441], [77.58415803422137, 30.952448506785398], [77.58416616634254, 30.952444816397012], [77.58417482311604, 30.952441780041053], [77.58496057557437, 30.952051030295376], [77.58594262730499, 30.952150087598014], [77.58594551285088, 30.952150367759742], [77.58594918536373, 30.952150207394453], [77.58595277043568, 30.95215072778551], [77.58666025155492, 30.952162725516033], [77.5869572856275, 30.95304605490573], [77.58256578860356, 30.954085716588427], [77.58134612151356, 30.953404584335654], [77.58218986881167, 30.95274922721544], [77.58264641138754, 30.95259351596865], [77.58285505099333, 30.95309426279897]]]}, "properties": {"node": "trees", "role": "positive", "name": "Trees", "ts": "2026-06-11T13:56:52.769517+00:00"}}, {"type": "Feature", "geometry": {"type": "Polygon", "coordinates": [[[77.09888641112205, 31.00019211497729], [77.09961161061909, 31.00118696624212], [77.09841725502548, 31.001712042041163], [77.09736320570214, 31.001529670115325], [77.0974752493723, 31.000797014231985], [77.0974756006062, 31.000794469442347], [77.09747533718077, 31.000788938137788], [77.09747612745707, 31.00078342738657], [77.0974748103299, 31.000776327341132], [77.09747445909599, 31.000769152958174], [77.09747243950098, 31.00076387409788], [77.09747138579921, 31.000758348879444], [77.09746778565145, 31.000751878048064], [77.09746506358843, 31.00074506596768], [77.09746137563198, 31.00074047848413], [77.09745865356882, 31.000735472621646], [77.09686401300054, 30.999968756733747], [77.09739314841734, 30.999588688807453], [77.09830775866325, 31.000166542307372], [77.09831012947568, 31.000168072220823], [77.09831118317008, 31.000168522819674], [77.0983121490566, 31.000169222571948], [77.09832444215712, 31.000174164184145], [77.0983365596407, 31.00017943207995], [77.09833778895057, 31.000179642404696], [77.09833884264471, 31.000180093003298], [77.0983522772444, 31.00018196763986], [77.09836571184255, 31.000184014296874], [77.09836694115211, 31.0001839665883], [77.09836808265383, 31.00018408202218], [77.09888641112205, 31.00019211497729]]]}, "properties": {"node": "trees", "role": "positive", "name": "Trees", "ts": "2026-06-11T13:56:52.769557+00:00"}}, {"type": "Feature", "geometry": {"type": "Polygon", "coordinates": [[[77.08926663216405, 31.005822285328385], [77.08926917878402, 31.00582348912346], [77.08927664301464, 31.005825706654154], [77.08928366817243, 31.00582882580066], [77.0892905177009, 31.00582994905804], [77.0892971037856, 31.005831991706557], [77.08930500708675, 31.00583236156482], [77.08931273475848, 31.0058336597017], [77.08998240587735, 31.00586264613485], [77.09041875264724, 31.006423178889964], [77.0903502579885, 31.00712724654445], [77.08911699619281, 31.0070408749915], [77.08911409831124, 31.00704075369779], [77.08910935632308, 31.00704104778563], [77.08910452652012, 31.007040644952966], [77.08804521431794, 31.00707490108015], [77.0875248192763, 31.00661740494326], [77.0875227995139, 31.006615652422084], [77.08751586206888, 31.0066113380148], [77.08750953933384, 31.006606311795156], [77.08750391912461, 31.006603936807522], [77.08749882580979, 31.006600755114622], [77.08749074675823, 31.006598217234608], [77.08748310678507, 31.00659494976397], [77.08696227022766, 31.006445042624794], [77.08693469594806, 31.005988837598718], [77.08693452031568, 31.005986411699983], [77.08693250054337, 31.005978724869607], [77.08693144674909, 31.005970877810146], [77.08679322398729, 31.00551602703151], [77.0867930483547, 31.005515493225033], [77.08665754774178, 31.005081041634245], [77.08711990014399, 31.004704183156484], [77.08767919927578, 31.004621295880312], [77.08839840723844, 31.004650400956418], [77.08862883388488, 31.004849002378922], [77.08862883388488, 31.005462907886148], [77.08862892169984, 31.005465410920323], [77.08863050236891, 31.00547348336856], [77.08863120488847, 31.005481638945803], [77.08863304900235, 31.005485953836228], [77.0886339271518, 31.00549042897296], [77.08863805445415, 31.005497813118122], [77.08864139142189, 31.00550546129042], [77.08864455275969, 31.00550913545576], [77.08864683594803, 31.005513236770508], [77.08865324643814, 31.00551930391346], [77.08865895440852, 31.00552590198662], [77.08866316952493, 31.005528650747646], [77.08866668212183, 31.005532016444214], [77.0886748489092, 31.00553636923642], [77.08868248880657, 31.00554135673986], [77.08926663216405, 31.005822285328385]]]}, "properties": {"node": "trees", "role": "positive", "name": "Trees", "ts": "2026-06-11T13:56:52.769602+00:00"}}, {"type": "Feature", "geometry": {"type": "Polygon", "coordinates": [[[74.9948879425429, 32.57210748475076], [74.9955181135684, 32.57218571863639], [74.99552105578728, 32.57218607641765], [74.99553237887154, 32.572185851480555], [74.99554370195503, 32.57218630100628], [74.99554735743851, 32.57218556520939], [74.99555119123816, 32.57218552556009], [74.99556197937159, 32.57218262202028], [74.99557294582051, 32.57218041462685], [74.99629565990949, 32.571939578043164], [74.99689042995658, 32.57268686962962], [74.99507856329666, 32.57399545614427], [74.99330037853842, 32.57360569617725], [74.99401204709235, 32.572226741847565], [74.9948879425429, 32.57210748475076]]]}, "properties": {"node": "trees", "role": "positive", "name": "Trees", "ts": "2026-06-11T13:56:52.769640+00:00"}}, {"type": "Feature", "geometry": {"type": "Polygon", "coordinates": [[[74.99987129059774, 32.57475061230643], [75.00122056795716, 32.574714997394494], [75.0021507193492, 32.574719052385625], [75.0024541117651, 32.5756129989924], [75.00245500330824, 32.575615383650955], [75.00246070918419, 32.57562543528771], [75.00246605844272, 32.57563569649779], [75.00246721744871, 32.575636849060146], [75.00246801983748, 32.575638211196726], [75.00247693526785, 32.57564654527731], [75.00248540492626, 32.575655162401524], [75.00298145866928, 32.57603101796939], [75.00270713150945, 32.57632183337335], [75.00164574757348, 32.576296430391565], [75.00164405363302, 32.576296393091134], [75.00164280546633, 32.57629632567202], [75.0016284515489, 32.57629812169369], [75.0016140976302, 32.57629966479426], [75.00161356270152, 32.57629985268785], [75.00161293861807, 32.57629994543757], [75.0015997437102, 32.57630491736996], [75.00158645964646, 32.576309878462446], [75.00158601387248, 32.57631016149972], [75.00158547894372, 32.5763103493931], [75.00157451290363, 32.576318290061536], [75.00156336855319, 32.57632612474619], [75.00156301193397, 32.57632650292714], [75.00156256615993, 32.57632687027049], [75.00155463138191, 32.576337034150725], [75.00154651829386, 32.57634717635363], [75.00121031513227, 32.5769337120197], [74.9985269947103, 32.575794445374804], [74.99901334260616, 32.57475067993853], [74.99986799183525, 32.57475063280918], [74.99987093397476, 32.57475065325864], [74.99987111228626, 32.574750590629], [74.99987129059774, 32.57475061230643]]]}, "properties": {"node": "trees", "role": "positive", "name": "Trees", "ts": "2026-06-11T13:56:52.769682+00:00"}}, {"type": "Feature", "geometry": {"type": "Polygon", "coordinates": [[[75.40930055422697, 32.693406408773924], [75.40930357758253, 32.69340668220353], [75.40930437788252, 32.69340669258374], [75.4093051781825, 32.69340687159905], [75.40931940573708, 32.69340636285728], [75.40933372221254, 32.693406117588154], [75.40933452251237, 32.69340587501543], [75.40933532281218, 32.693405885395414], [75.40934883898638, 32.69340200408879], [75.40936244408155, 32.69339838625461], [75.40936315545905, 32.69339804884211], [75.40936395575872, 32.693397806269125], [75.40937569348678, 32.69339093203931], [75.40938752013612, 32.693384236964334], [75.40938805366915, 32.69338370987258], [75.40938876504651, 32.693383288142215], [75.41021271564105, 32.692740131457], [75.41141795538327, 32.693154317670135], [75.41228386539126, 32.69419749645367], [75.41138950066752, 32.694918753520554], [75.41005665800009, 32.69496197992098], [75.41005363465958, 32.69496212808489], [75.41005203406752, 32.694962444594644], [75.41005025563187, 32.69496240279519], [75.40765361677033, 32.69516066351433], [75.40608011272653, 32.69454215051348], [75.40618966719714, 32.693460185955125], [75.40627263331409, 32.69286005632747], [75.40754103996872, 32.693189343136076], [75.40754388551292, 32.69319001715356], [75.40755055475692, 32.693190806407266], [75.40755704615415, 32.69319241778664], [75.40930055422697, 32.693406408773924]]]}, "properties": {"node": "trees", "role": "positive", "name": "Trees", "ts": "2026-06-11T13:56:52.769723+00:00"}}, {"type": "Feature", "geometry": {"type": "Polygon", "coordinates": [[[75.61498570777071, 33.17498139983354], [75.61675112056726, 33.17342376881464], [75.6167531629318, 33.173421993356044], [75.61675396211793, 33.173420995580834], [75.61675502769941, 33.17342019703851], [75.61676239797117, 33.17341048216849], [75.6167700346379, 33.17340088255713], [75.61677047863014, 33.173399759091524], [75.61677118901771, 33.173398750886456], [75.61748468280648, 33.17206995441038], [75.61748592597868, 33.17206766517539], [75.61748921150519, 33.17205696651293], [75.61749294102167, 33.172046403965616], [75.61781305749955, 33.17026124863178], [75.6193361985355, 33.16900571486279], [75.62101755808409, 33.16881271976767], [75.62312360353242, 33.1696300017492], [75.62361188422258, 33.17056227413278], [75.62226007350613, 33.17137593768736], [75.62225767603779, 33.17137741970841], [75.62225172676433, 33.1713824315917], [75.62224506712957, 33.17138685622537], [75.62224116014373, 33.17139143606881], [75.62223636520638, 33.17139549178919], [75.62223236942513, 33.17140174071484], [75.62222748569238, 33.171407465517184], [75.62222517701865, 33.17141282082853], [75.62222198039345, 33.171417819967566], [75.6222202044905, 33.171424749382105], [75.62221736304578, 33.17143146972568], [75.62221700786517, 33.17143713835144], [75.62221558714278, 33.171442681881814], [75.62221620870883, 33.17144972480749], [75.62221576473308, 33.17145681058829], [75.62236689400008, 33.17290615472563], [75.62234922378244, 33.174940264421394], [75.62029502426283, 33.17822357148295], [75.61777141131769, 33.177497782648615], [75.61795184842107, 33.176637042851674], [75.61795229240974, 33.17663457589964], [75.61795229240974, 33.1766339041405], [75.61795247000519, 33.17663325323923], [75.61795238120746, 33.176621235114716], [75.61795238120746, 33.176609227417686], [75.61795220361199, 33.17660853480048], [75.61795220361199, 33.17660786304116], [75.61794803011853, 33.17659637282145], [75.6179440342204, 33.17658473551855], [75.61794367902945, 33.176584189983174], [75.61794341263625, 33.17658357090681], [75.61793559843514, 33.17657350043643], [75.61792787303135, 33.17656327245398], [75.61792734024486, 33.176562874000474], [75.61792689625612, 33.17656231803601], [75.61791597413276, 33.176554401648225], [75.61790522960412, 33.17654642214715], [75.61790451922202, 33.176546170775474], [75.6179038976377, 33.17654567792291], [75.61498570777071, 33.17498139983354]]]}, "properties": {"node": "trees", "role": "positive", "name": "Trees", "ts": "2026-06-11T13:56:52.769818+00:00"}}, {"type": "Feature", "geometry": {"type": "Polygon", "coordinates": [[[75.58200346027148, 33.137740418496286], [75.58172412285191, 33.13746110736221], [75.5818263541915, 33.13682881905], [75.58240296959437, 33.13679789738636], [75.58240590062809, 33.13679765433979], [75.58240803228894, 33.13679723323062], [75.58241016394975, 33.13679723209447], [75.58242277627564, 33.136794348555675], [75.58243538860042, 33.13679180099354], [75.5824372538033, 33.13679084456002], [75.58243938546369, 33.136790423450094], [75.58272920217128, 33.13668341666924], [75.58273195556049, 33.13668231276058], [75.5827379064338, 33.1366789812743], [75.58274447903985, 33.13667647890247], [75.58294938432738, 33.13656477102699], [75.58310455082069, 33.13660041665016], [75.58316468112365, 33.13704376110346], [75.58296421707878, 33.13746861808316], [75.58241273970653, 33.137766492368165], [75.58200346027148, 33.137740418496286]]]}, "properties": {"node": "trees", "role": "positive", "name": "Trees", "ts": "2026-06-11T13:56:52.769864+00:00"}}, {"type": "Feature", "geometry": {"type": "Polygon", "coordinates": [[[75.1248996940085, 32.98083703843957], [75.12432856299229, 32.980319159956075], [75.12448027682957, 32.980256577306214], [75.12448294941495, 32.98025547331992], [75.12449230346343, 32.98024980317922], [75.12450210294216, 32.980244691116454], [75.12450450826867, 32.98024237859066], [75.12450744811214, 32.98024055094076], [75.12451457500515, 32.980232930486636], [75.12452223641478, 32.98022571089838], [75.12452383996559, 32.98022296508803], [75.12452606711945, 32.98022054694142], [75.1245303432548, 32.980211572606834], [75.12453533207922, 32.98020285273144], [75.12463795928949, 32.97992899803099], [75.12538387537045, 32.98065583502766], [75.12599651634069, 32.981341887154564], [75.12610208241605, 32.982326660913344], [75.12504107333778, 32.98219721920538], [75.12495029481637, 32.98129362761542], [75.12492811242196, 32.98089391458562], [75.1249279342501, 32.980891456734064], [75.12492668704711, 32.98088676901266], [75.12492650887525, 32.98088195892778], [75.12492347995365, 32.98087445084482], [75.12492143097725, 32.98086664157623], [75.12491866931335, 32.98086244223307], [75.12491688759468, 32.98085794170462], [75.12491154243855, 32.98085132880308], [75.12490699905571, 32.980844393105656], [75.12490290110244, 32.98084095577617], [75.1248996940085, 32.98083703843957]]]}, "properties": {"node": "trees", "role": "positive", "name": "Trees", "ts": "2026-06-11T13:56:52.769906+00:00"}}, {"type": "Feature", "geometry": {"type": "Polygon", "coordinates": [[[75.14599998248048, 32.97886777398444], [75.14691236515912, 32.97881653483341], [75.14730036892215, 32.97976357778352], [75.14730134872842, 32.97976596484058], [75.14730402092731, 32.979770069110465], [75.1473058023932, 32.979774485591236], [75.14767144784362, 32.98038981228411], [75.1476723385745, 32.98039126438036], [75.14767278393992, 32.98039207444312], [75.14768151310223, 32.98040195302787], [75.14768997504481, 32.98041196728208], [75.1476904204102, 32.98041218924235], [75.14769068762944, 32.98041255765944], [75.14770226712903, 32.98042000891795], [75.14771384662778, 32.980427628204374], [75.14771429199308, 32.98042776614994], [75.14771464828534, 32.98042806133852], [75.14772827646347, 32.980432484106736], [75.14774190464041, 32.980437074902525], [75.14774243907871, 32.98043713961953], [75.14774288444394, 32.98043727756498], [75.14775740335003, 32.98043836359233], [75.1477720113278, 32.980439628433096], [75.14777254576599, 32.98043952512072], [75.14777299113115, 32.98043957905144], [75.14778742096142, 32.98043720968921], [75.14780176171736, 32.980434913553204], [75.14845172616121, 32.98025098755235], [75.14948371846403, 32.98207185891245], [75.1497462136147, 32.983311836444116], [75.14773130494736, 32.98314497414129], [75.14733582009067, 32.98263291179002], [75.14733412769839, 32.982630774547744], [75.14732851608173, 32.98262572631501], [75.14732370612442, 32.98262001904962], [75.14731836172727, 32.982616431392515], [75.14731364084295, 32.982612163129126], [75.14730651497956, 32.98260852775902], [75.14730010170224, 32.98260422256938], [75.14672041161263, 32.982318863408146], [75.14671782847746, 32.98231762643494], [75.14670758500999, 32.98231436958454], [75.14669778691007, 32.9823104945677], [75.14669351137536, 32.98230989276215], [75.14668950306147, 32.98230865121627], [75.14667863607663, 32.98230792324805], [75.14666794723834, 32.98230646073846], [75.14666358262916, 32.98230694031052], [75.14665930709353, 32.982306674554785], [75.1466487073276, 32.98230849932889], [75.14663784033995, 32.982309619637405], [75.14601352173291, 32.98245227368786], [75.14601067136408, 32.982452936623666], [75.14600078414678, 32.98245686392337], [75.14599045155865, 32.982460065182146], [75.14598706674515, 32.982462175613925], [75.14598323656138, 32.98246364401839], [75.1459749526752, 32.98246978179708], [75.14596622341833, 32.98247527754731], [75.14596364027079, 32.9824780731567], [75.14596043360483, 32.98248037318774], [75.14595455471706, 32.98248814643766], [75.14594796323658, 32.98249549733263], [75.14594644897751, 32.98249884245887], [75.14594413305186, 32.9825017544432], [75.14594101545956, 32.982510618229846], [75.14593709620058, 32.9825192168985], [75.14576954778845, 32.983139264907145], [75.14510567665052, 32.98230081718111], [75.14609636055476, 32.981809443179635], [75.14609885462615, 32.98180814898907], [75.14610232851122, 32.981805713267995], [75.14610633684005, 32.98180384635152], [75.1461138190536, 32.98179752739966], [75.1461220138585, 32.981791714813795], [75.14612450792949, 32.981788572334644], [75.1461277145921, 32.981785852209434], [75.1461327918078, 32.9817779817893], [75.14613867068891, 32.98177054450991], [75.14614000679822, 32.98176692573668], [75.14614223364705, 32.98176358286663], [75.1461445495698, 32.98175487394571], [75.14614766715808, 32.98174634612635], [75.14614775623201, 32.981742492310936], [75.14614873604546, 32.981738746372436], [75.14626916397842, 32.98040104682216], [75.14626934212617, 32.98039863198341], [75.14626836231349, 32.98038985985306], [75.1462682732396, 32.98038102756725], [75.14599998248048, 32.97886777398444]]]}, "properties": {"node": "trees", "role": "positive", "name": "Trees", "ts": "2026-06-11T13:56:52.769959+00:00"}}, {"type": "Feature", "geometry": {"type": "Polygon", "coordinates": [[[75.0781956529748, 33.0051581811213], [75.07785773925926, 33.00393398475395], [75.0830281327284, 33.00211219890758], [75.08439399677475, 33.003107530093075], [75.08414930409106, 33.0042211281046], [75.08137772773314, 33.00495531613429], [75.0781956529748, 33.0051581811213]]]}, "properties": {"node": "trees", "role": "positive", "name": "Trees", "ts": "2026-06-11T13:56:52.769997+00:00"}}, {"type": "Feature", "geometry": {"type": "Polygon", "coordinates": [[[75.11803814576585, 33.01168886925196], [75.11808037432951, 33.012055365394176], [75.11759447789701, 33.012231686833104], [75.11684727781342, 33.01193765003021], [75.11579128484321, 33.010720200625535], [75.11702412231546, 33.010010084665495], [75.1174804425812, 33.01052629524395], [75.11738832336763, 33.01109198011467], [75.11738787791676, 33.01109444547025], [75.11738796700692, 33.011096387855744], [75.11738752155605, 33.0110982653424], [75.11738850154798, 33.01110896596172], [75.11738894699884, 33.01111976964363], [75.11738965972023, 33.011121619781456], [75.11738983790059, 33.01112357298291], [75.11739438149938, 33.0111336984837], [75.11739839055703, 33.011143927047215], [75.11739963781937, 33.01114550615854], [75.11740043963088, 33.01114728313119], [75.11740819047527, 33.01115595043568], [75.11741540677833, 33.01116488876537], [75.11741718858151, 33.01116611286901], [75.11741861402405, 33.01116762963164], [75.11803814576585, 33.01168886925196]]]}, "properties": {"node": "trees", "role": "positive", "name": "Trees", "ts": "2026-06-11T13:56:52.770037+00:00"}}, {"type": "Feature", "geometry": {"type": "Polygon", "coordinates": [[[74.26286492416718, 34.52313130318678], [74.26286456600629, 34.52312853605146], [74.26245706801325, 34.52065341880866], [74.26810008662193, 34.518899410629245], [74.27004555031714, 34.521605057076314], [74.26838490566595, 34.52492635540609], [74.26303845302947, 34.52449418379423], [74.26286492416718, 34.52313130318678]]]}, "properties": {"node": "trees", "role": "positive", "name": "Trees", "ts": "2026-06-11T13:56:52.770074+00:00"}}, {"type": "Feature", "geometry": {"type": "Polygon", "coordinates": [[[76.0914777979315, 11.495451439250084], [76.09305541564748, 11.495850096903471], [76.09469983223323, 11.497111696397567], [76.09505515672576, 11.498693534212947], [76.09411387667927, 11.49944079866314], [76.0911541477567, 11.499009277182905], [76.09053897136305, 11.496805012055242], [76.0914777979315, 11.495451439250084]]]}, "properties": {"node": "trees", "role": "positive", "name": "Trees", "ts": "2026-06-11T13:56:52.770131+00:00"}}, {"type": "Feature", "geometry": {"type": "Polygon", "coordinates": [[[76.05993181391669, 11.53922668510058], [76.06258168788405, 11.534933568286839], [76.06615156767276, 11.535856865095445], [76.06404863474889, 11.540432640866971], [76.05993181391669, 11.53922668510058]]]}, "properties": {"node": "trees", "role": "positive", "name": "Trees", "ts": "2026-06-11T13:56:52.770176+00:00"}}, {"type": "Feature", "geometry": {"type": "Polygon", "coordinates": [[[87.22583003830663, 23.444346753048105], [87.2258325451637, 23.444347614264064], [87.22583717905064, 23.444348603865198], [87.22584150907574, 23.444350223440296], [87.22585062491676, 23.444351292313893], [87.22585958882537, 23.444353084612356], [87.22586429867496, 23.44435280485917], [87.2258690085241, 23.444353341982538], [87.22587804839449, 23.444351958880755], [87.22588716422844, 23.4443513939987], [87.22589164617949, 23.444349930280836], [87.22589628006062, 23.44434919536263], [87.22687751311902, 23.444067116206284], [87.22750610837076, 23.444663203780117], [87.22769882525965, 23.445609648880076], [87.227590958592, 23.446671495230156], [87.22661741276404, 23.44684370652945], [87.22601683677534, 23.446501161999443], [87.2260162290548, 23.446500878959217], [87.22601448185823, 23.4464998496546], [87.22600263130576, 23.446495464916755], [87.22599085671544, 23.446490718466524], [87.22552716341276, 23.446374779667405], [87.22552450460773, 23.44637418804972], [87.22551964279243, 23.446373738987486], [87.22551500887427, 23.446372567846606], [87.22550596893423, 23.446372498690074], [87.22549692899246, 23.44637170342289], [87.22549214314022, 23.446372526396313], [87.22548728132159, 23.446372531151837], [87.22511717390562, 23.44642162147766], [87.22511451507746, 23.44642202825378], [87.22510312009793, 23.44642545719161], [87.22509157318254, 23.446428429621665], [87.22508997788479, 23.446429309033167], [87.2250881546873, 23.446429912121197], [87.22507827903303, 23.446436090850586], [87.2250680995103, 23.44644190114788], [87.22506680807815, 23.446443148990394], [87.22506528874617, 23.446444120509405], [87.22505761611892, 23.446452607309137], [87.2250496396239, 23.446460816440673], [87.22504880399102, 23.446462344638785], [87.22504758852497, 23.44646368458889], [87.22504287859375, 23.446473766790945], [87.22503763689554, 23.446483658056373], [87.22491677380856, 23.446836042483575], [87.22306626123337, 23.44594756823927], [87.22325975597364, 23.44467176918202], [87.2241534528221, 23.444201728937994], [87.22503186343017, 23.444049086625494], [87.22583003830663, 23.444346753048105]]]}, "properties": {"node": "trees", "role": "positive", "name": "Trees", "ts": "2026-06-11T13:56:52.770228+00:00"}}, {"type": "Feature", "geometry": {"type": "Polygon", "coordinates": [[[87.23245595546025, 23.426991773016415], [87.23557986805483, 23.42600663954203], [87.23748016583349, 23.429364084142435], [87.23434255609793, 23.430543334892036], [87.23245595546025, 23.426991773016415]]]}, "properties": {"node": "trees", "role": "positive", "name": "Trees", "ts": "2026-06-11T13:56:52.770266+00:00"}}, {"type": "Feature", "geometry": {"type": "Polygon", "coordinates": [[[87.11638262577084, 23.439545624604925], [87.11694797124643, 23.439307791488776], [87.11740587711647, 23.439964223884207], [87.11740739990881, 23.439966339317092], [87.11741105461023, 23.439970036824718], [87.11741402405492, 23.439974357049753], [87.12057561597204, 23.44335500575147], [87.11858122986617, 23.443565150083614], [87.11801559926718, 23.44263646593228], [87.11801422877163, 23.442634262551184], [87.11801019342334, 23.442629741247192], [87.1180069194613, 23.442624598625425], [87.11800151361646, 23.44261987062209], [87.11799679301907, 23.44261451990191], [87.11799153945047, 23.44261115607045], [87.11798689499078, 23.442607077364883], [87.11798027092452, 23.442603960625167], [87.1179741036896, 23.44260003545492], [87.11796801259258, 23.442598108365615], [87.11796230218843, 23.442595371446814], [87.11795499287012, 23.44259405728013], [87.11794791196692, 23.442591930485758], [87.11794144017277, 23.44259163004913], [87.11793512065526, 23.442590515585845], [87.11792773519397, 23.442591105942633], [87.11792027359274, 23.442590787317187], [87.11791403021124, 23.44259221548385], [87.11790755841245, 23.44259273187023], [87.11607608007866, 23.442986084162843], [87.1158659283872, 23.441992320479542], [87.11594100442423, 23.440920392948595], [87.1159410805662, 23.44091785311316], [87.11593993843671, 23.44090784868783], [87.1159394815849, 23.440897856862495], [87.11572963385863, 23.439882222796154], [87.11638262577084, 23.439545624604925]]]}, "properties": {"node": "trees", "role": "positive", "name": "Trees", "ts": "2026-06-11T13:56:52.770308+00:00"}}, {"type": "Feature", "geometry": {"type": "Polygon", "coordinates": [[[87.10821067198493, 23.450563151324626], [87.10892476594327, 23.449704510649322], [87.10892636516053, 23.44970245272954], [87.10893123896518, 23.449694011456003], [87.10893672199484, 23.44968585368457], [87.10893763583304, 23.44968278480432], [87.10893923504987, 23.449680000830487], [87.10894129118572, 23.449670600039806], [87.10894403270005, 23.449661393398618], [87.10923668844484, 23.447582647404428], [87.11178027304811, 23.446209344467352], [87.11337220966549, 23.446790550583515], [87.11337472248609, 23.446791413653255], [87.11338279396952, 23.446793014342035], [87.11339063701342, 23.446795427642197], [87.11339627182086, 23.446795622117957], [87.1134018304816, 23.44679672276595], [87.11341005425247, 23.446796148078764], [87.11341827802192, 23.446796480965162], [87.11427224781703, 23.4467176280222], [87.11504640405462, 23.448010643368246], [87.11419503709061, 23.448908631341713], [87.11419328576103, 23.44891059576927], [87.1141869657451, 23.4489200997192], [87.11418034114918, 23.448929325792072], [87.11353249689492, 23.450190087692032], [87.10958379120595, 23.45160757385643], [87.1079241023103, 23.45168950834906], [87.10821067198493, 23.450563151324626]]]}, "properties": {"node": "trees", "role": "positive", "name": "Trees", "ts": "2026-06-11T13:56:52.770350+00:00"}}, {"type": "Feature", "geometry": {"type": "Polygon", "coordinates": [[[88.48632332873333, 27.117481219061858], [88.48821409434241, 27.11254541884465], [88.49225718233018, 27.113554147312563], [88.49159804537837, 27.118594417623875], [88.48632332873333, 27.117481219061858]]]}, "properties": {"node": "trees", "role": "positive", "name": "Trees", "ts": "2026-06-11T13:56:52.770394+00:00"}}, {"type": "Feature", "geometry": {"type": "Polygon", "coordinates": [[[81.64392060178379, 27.107688162053357], [81.64443244102577, 27.108317004030337], [81.64316107033241, 27.109227924781717], [81.64262840728786, 27.108534753625968], [81.64333971055319, 27.10809525202041], [81.64334196758647, 27.108093782590522], [81.64334806993533, 27.1080884433939], [81.64335484103418, 27.10808376778506], [81.64335818478646, 27.108079600815202], [81.64336228088283, 27.10807601330806], [81.64336654416653, 27.10806940615482], [81.64337155979412, 27.108063200251824], [81.64337348245127, 27.10805832486624], [81.64337624104624, 27.108053855711887], [81.64337824729704, 27.10804649033561], [81.64338108948562, 27.10803926387203], [81.64338142386073, 27.108034115640216], [81.64338276136118, 27.108029116282683], [81.6433822597985, 27.108021512378485], [81.64338276136118, 27.108013879136152], [81.6433815074545, 27.108008903589], [81.64338117307938, 27.108003804617052], [81.64337833089084, 27.107996595889496], [81.6433764082338, 27.107989174630884], [81.64337364963886, 27.107984644067578], [81.64337172698171, 27.107979806886533], [81.64336671135412, 27.10797362703995], [81.64336261525803, 27.10796696734392], [81.64301536580116, 27.107559378039117], [81.64335099571885, 27.107347788404336], [81.6437145443255, 27.10771509225718], [81.64371479510574, 27.107715374517372], [81.64371638338041, 27.107716983952635], [81.64372658177487, 27.10772427453698], [81.64373652938781, 27.10773181749814], [81.64373761610175, 27.107732238668735], [81.64373853562891, 27.107732917197385], [81.64375065666776, 27.107737381821412], [81.64376252692456, 27.10774218792834], [81.64376378082481, 27.107742262634318], [81.64376486753835, 27.107742683804684], [81.6437779080996, 27.1077439953838], [81.6437907814719, 27.107745653426033], [81.64379203537167, 27.107745460812822], [81.64379320567814, 27.107745619644433], [81.64380607904779, 27.10774362432662], [81.64381903600851, 27.107741901306635], [81.64382012272125, 27.107741431413473], [81.64382137662052, 27.10774132790624], [81.64383307967952, 27.107736233245706], [81.64384494992319, 27.107731326757037], [81.64392060178379, 27.107688162053357]]]}, "properties": {"node": "trees", "role": "positive", "name": "Trees", "ts": "2026-06-11T13:56:52.770445+00:00"}}, {"type": "Feature", "geometry": {"type": "Polygon", "coordinates": [[[79.30424538429037, 25.56431468744247], [79.30430875498205, 25.565027923316514], [79.30341046926013, 25.56574888938294], [79.30228835233284, 25.565554999060787], [79.30179711023303, 25.564857419505866], [79.301821530521, 25.564014193024104], [79.30262146339396, 25.5636282405314], [79.30342500080083, 25.5638458193281], [79.30424538429037, 25.56431468744247]]]}, "properties": {"node": "trees", "role": "positive", "name": "Trees", "ts": "2026-06-11T13:56:52.770482+00:00"}}, {"type": "Feature", "geometry": {"type": "Polygon", "coordinates": [[[79.3769375995764, 25.555065430389025], [79.3784613337258, 25.55530107462896], [79.37992679264744, 25.556061582244215], [79.37974009977935, 25.557410501806693], [79.37803261151203, 25.55843490614885], [79.37613658735545, 25.55795347645961], [79.37595031643956, 25.556844141846298], [79.3769375995764, 25.555065430389025]]]}, "properties": {"node": "trees", "role": "positive", "name": "Trees", "ts": "2026-06-11T13:56:52.770519+00:00"}}, {"type": "Feature", "geometry": {"type": "Polygon", "coordinates": [[[81.95016509556352, 25.543036908215704], [81.95016243171958, 25.54303774865467], [81.95016184900369, 25.54303807550477], [81.9501611830427, 25.543038218318454], [81.95014952872405, 25.54304421695139], [81.95013779115841, 25.543049941818428], [81.95013729168748, 25.543050452704797], [81.95013662572626, 25.543050685246378], [81.94976010691298, 25.543312162327588], [81.94944876774632, 25.543501404551375], [81.9491070423338, 25.5435674822889], [81.94894154842405, 25.543500680143456], [81.94885597094205, 25.54331014454873], [81.95145962887992, 25.542367512301503], [81.95145521696722, 25.542421645037777], [81.95131861402767, 25.542635849039], [81.95060820799121, 25.54289959829705], [81.95016509556352, 25.543036908215704]]]}, "properties": {"node": "trees", "role": "positive", "name": "Trees", "ts": "2026-06-11T13:56:52.770558+00:00"}}, {"type": "Feature", "geometry": {"type": "Polygon", "coordinates": [[[82.0493519124723, 25.53498037016005], [82.04849699175318, 25.53545364340709], [82.04823155192793, 25.53520301150862], [82.04822963989305, 25.535201202458662], [82.04822548329533, 25.53519837400308], [82.04822190862109, 25.53519494894418], [82.04821426048025, 25.535190853841765], [82.0482070279985, 25.53518606335686], [82.0482022063436, 25.535184455206718], [82.04819771721634, 25.53518205741207], [82.04818907148895, 25.53518006200441], [82.04818067515653, 25.535177182689594], [82.0481755209718, 25.53517690265682], [82.04817044991873, 25.53517572968393], [82.04816155479196, 25.53517596436601], [82.04815265966408, 25.535175391336573], [82.04814750547733, 25.535176367741876], [82.04814235129022, 25.53517653643606], [82.04813387182028, 25.535178947595266], [82.04812514295314, 25.535180716984183], [82.04812048755689, 25.53518288718188], [82.04811558276408, 25.535184325864073], [82.04749499907224, 25.53545879334546], [82.04738659381522, 25.535324836174848], [82.04912845693136, 25.534539963674376], [82.0493519124723, 25.53498037016005]]]}, "properties": {"node": "trees", "role": "positive", "name": "Trees", "ts": "2026-06-11T13:56:52.770599+00:00"}}, {"type": "Feature", "geometry": {"type": "Polygon", "coordinates": [[[82.06032506749527, 25.531099953809452], [82.06032531684909, 25.531097454368858], [82.06032490125939, 25.5310923161466], [82.06032548308495, 25.53108723202488], [82.06032382072623, 25.53107978245713], [82.06032323890066, 25.53107212225186], [82.06032124407012, 25.531067347113805], [82.06032016353689, 25.531062352321552], [82.06009956818065, 25.530479763733435], [82.06132280825464, 25.53084246031536], [82.06132546799154, 25.530843232805356], [82.06132646539282, 25.530843376646953], [82.06132729656056, 25.530843690971132], [82.0613403458929, 25.530845206422818], [82.06135331210609, 25.530846986612584], [82.06135422639026, 25.53084685669924], [82.06135522379117, 25.530847000540625], [82.06208598245807, 25.530838793909112], [82.0620943771629, 25.530854057744843], [82.06026605373653, 25.531662349033034], [82.06032506749527, 25.531099953809452]]]}, "properties": {"node": "trees", "role": "positive", "name": "Trees", "ts": "2026-06-11T13:56:52.770645+00:00"}}, {"type": "Feature", "geometry": {"type": "Polygon", "coordinates": [[[82.17550288153147, 25.57024042118431], [82.17511451613773, 25.570034209531812], [82.17524480134645, 25.569074793575705], [82.17596858526541, 25.568954111917357], [82.1765492169482, 25.5696434349153], [82.17599356323035, 25.5698895250311], [82.17599107373259, 25.56989064840861], [82.1759834392722, 25.56989571499761], [82.17597530691133, 25.569900036912536], [82.17550288153147, 25.57024042118431]]]}, "properties": {"node": "trees", "role": "positive", "name": "Trees", "ts": "2026-06-11T13:56:52.770683+00:00"}}, {"type": "Feature", "geometry": {"type": "Polygon", "coordinates": [[[78.67052159080309, 23.74395352615373], [78.67218318751353, 23.744053297922527], [78.67231197351924, 23.74516003333257], [78.67192284540323, 23.745497908375626], [78.67152860929963, 23.744965844299735], [78.67152783034639, 23.744964802001945], [78.67152705139316, 23.744963759704152], [78.67151787705461, 23.744955024981124], [78.67150887581599, 23.744946213514023], [78.67150835651373, 23.744945906592395], [78.67150783721148, 23.744945420619885], [78.67149641256115, 23.744939474072893], [78.67148507445992, 23.744933265339725], [78.67148438205675, 23.744933124687147], [78.67148377620397, 23.744932811374564], [78.67147096674437, 23.744929895962237], [78.67145824383356, 23.74492689741428], [78.6714575514302, 23.74492693581246], [78.67145685902683, 23.744926795159763], [78.67144370336206, 23.744927256148156], [78.67143046114509, 23.744927621218846], [78.67098005162202, 23.744998927696596], [78.67097736854615, 23.74499944577104], [78.67097148308912, 23.745001338825556], [78.6709653379792, 23.745002406978156], [78.6709585004621, 23.7450055726081], [78.67095123019023, 23.74500790055347], [78.67094621024029, 23.7450112899241], [78.67094058443404, 23.74501382882782], [78.67093495862746, 23.74501860586396], [78.6709287269644, 23.745022711483678], [78.67092491872569, 23.745027264634448], [78.67092033152888, 23.74503113358638], [78.67091635018805, 23.74503719588426], [78.67091167643994, 23.745042759425072], [78.6709093395658, 23.74504804790375], [78.67090613718263, 23.7450530038935], [78.67090414651196, 23.74505975034176], [78.67090137688314, 23.745066260217612], [78.67090068447591, 23.745072028231395], [78.67089912655966, 23.745077553281554], [78.67089938621237, 23.745084555428246], [78.67089860725424, 23.74509157040455], [78.67089981896689, 23.745097210450744], [78.6708999920687, 23.745102952851873], [78.67104868640962, 23.745891818001603], [78.66984025718718, 23.74651000207115], [78.66932587838629, 23.745752232632164], [78.66954398986213, 23.74470791821839], [78.67052159080309, 23.74395352615373]]]}, "properties": {"node": "trees", "role": "positive", "name": "Trees", "ts": "2026-06-11T13:56:52.770729+00:00"}}, {"type": "Feature", "geometry": {"type": "Polygon", "coordinates": [[[78.65252155457681, 23.74489057980966], [78.653475602937, 23.745593165711856], [78.65439769964719, 23.746357392568964], [78.65359307292083, 23.74736318368326], [78.65197306571014, 23.747936956461892], [78.65075739382661, 23.746616023213466], [78.65090430020012, 23.74555389700236], [78.65157147923091, 23.744845368617298], [78.65252155457681, 23.74489057980966]]]}, "properties": {"node": "trees", "role": "positive", "name": "Trees", "ts": "2026-06-11T13:56:52.770765+00:00"}}, {"type": "Feature", "geometry": {"type": "Polygon", "coordinates": [[[78.66679886641823, 23.69739471800542], [78.6680729399034, 23.698642934054767], [78.66814625056669, 23.7004663740104], [78.66725665189351, 23.701683294186687], [78.66502526329222, 23.70119412786454], [78.66255682897372, 23.699422732046873], [78.66192789560883, 23.697404050664435], [78.66192711658073, 23.69740166537897], [78.66192374079226, 23.697395328182516], [78.6619213171492, 23.697388613592537], [78.66191776824316, 23.69738396470585], [78.66191508492388, 23.697378842507593], [78.66190997796117, 23.697373541464763], [78.66190556346778, 23.697367754335716], [78.66090580553063, 23.69637637799336], [78.6625459226485, 23.694958720785806], [78.6636698737932, 23.69583104247131], [78.66487015483098, 23.69698689574768], [78.66487197250966, 23.69698864140619], [78.66488313824937, 23.696996269505405], [78.66489413087561, 23.69700379530189], [78.66490720084695, 23.697008340743096], [78.66492009770444, 23.697012783881178], [78.66679886641823, 23.69739471800542]]]}, "properties": {"node": "trees", "role": "positive", "name": "Trees", "ts": "2026-06-11T13:56:52.770804+00:00"}}, {"type": "Feature", "geometry": {"type": "Polygon", "coordinates": [[[78.5142557724961, 23.56499183031388], [78.51428143143781, 23.563772813132427], [78.51484566646076, 23.562540986499265], [78.5163492087653, 23.561732760857065], [78.51812101096492, 23.56128447004216], [78.51874234797646, 23.56208571350625], [78.51886491596139, 23.564305497275072], [78.51797009692328, 23.567213758773526], [78.51566752477297, 23.566481510273544], [78.5142557724961, 23.56499183031388]]]}, "properties": {"node": "trees", "role": "positive", "name": "Trees", "ts": "2026-06-11T13:56:52.770840+00:00"}}, {"type": "Feature", "geometry": {"type": "Polygon", "coordinates": [[[78.80558314408755, 23.667029548684134], [78.80591815930956, 23.666280151012934], [78.80726209822723, 23.666128121667345], [78.80738353498319, 23.667006748905695], [78.80738396714219, 23.667009288241747], [78.80738560934638, 23.66701433393663], [78.80738638723258, 23.66701958545634], [78.8073895852091, 23.667026356551638], [78.80739200529935, 23.667033518895067], [78.80739511684389, 23.667037954941115], [78.80739745050222, 23.667042782235317], [78.80740272284122, 23.6670485398578], [78.80740713086215, 23.667054772008303], [78.80741153888286, 23.667058227558684], [78.80741525544917, 23.667062259780558], [78.80742199712729, 23.667066512076254], [78.80742822021438, 23.667071353619022], [78.80743340611996, 23.667073522243136], [78.80743824629826, 23.667076471825553], [78.80744602515576, 23.667078739515986], [78.80745345828568, 23.667081877732315], [78.80745916278036, 23.667082561430735], [78.80746460797951, 23.66708421151079], [78.80792209006378, 23.667155200145004], [78.80817662999628, 23.66791471139074], [78.80752917246078, 23.66886915467855], [78.80640278844433, 23.669001985544757], [78.80640226984835, 23.669002037378764], [78.80499280231128, 23.66917462714514], [78.80508511367474, 23.668047963905693], [78.80558184758678, 23.66703223093688], [78.80558297122077, 23.66702989437552], [78.80558305765416, 23.667029721529826], [78.80558314408755, 23.667029548684134]]]}, "properties": {"node": "trees", "role": "positive", "name": "Trees", "ts": "2026-06-11T13:56:52.770881+00:00"}}, {"type": "Feature", "geometry": {"type": "Polygon", "coordinates": [[[77.80390862084407, 21.748818986094577], [77.80462030634598, 21.748930174531633], [77.80486335178213, 21.74969405718116], [77.80443730194187, 21.74994601308495], [77.80283318594643, 21.749899964562807], [77.80257119818678, 21.748896303923047], [77.80285229828692, 21.748531654563635], [77.80341868531953, 21.748438496940558], [77.80386088407991, 21.748797986851184], [77.80386289129345, 21.748799567814864], [77.80387284009043, 21.74880522918085], [77.8038825270761, 21.748811318463506], [77.80388453428924, 21.74881191516437], [77.80388619242181, 21.74881284381218], [77.80389745026856, 21.748815739242715], [77.80390862084407, 21.748818986094577]]]}, "properties": {"node": "trees", "role": "positive", "name": "Trees", "ts": "2026-06-11T13:56:52.770919+00:00"}}, {"type": "Feature", "geometry": {"type": "Polygon", "coordinates": [[[80.75169037140842, 22.685703197360144], [80.74936195259035, 22.685993151930656], [80.7493592465625, 22.68599353554718], [80.74935840092878, 22.685993846836162], [80.74935738616833, 22.6859938780989], [80.74934520904168, 22.685997586016672], [80.7493330319132, 22.686001113783703], [80.7493321862792, 22.686001605221968], [80.74933134064521, 22.68600191651076], [80.74932077021947, 22.686008599936855], [80.74931011522892, 22.686015188386055], [80.74930943872154, 22.68601586977566], [80.74930867765073, 22.686016366114764], [80.74930064412504, 22.686025538512645], [80.74929235690824, 22.686034606131823], [80.74929193409103, 22.686035392299154], [80.74929134214693, 22.686036078589648], [80.7492863529037, 22.686046958693982], [80.74928110996977, 22.68605782409463], [80.74928102540633, 22.68605862986609], [80.7492806871525, 22.686059420934384], [80.74864510573912, 22.68828588569098], [80.74650010843577, 22.68820242872851], [80.74586501257, 22.68632719475667], [80.74586061508458, 22.684387463216883], [80.7467282681563, 22.683524138780886], [80.74800140111024, 22.68309540839002], [80.74966198286458, 22.683082204919415], [80.75108288338403, 22.683290102993915], [80.75169037140842, 22.685703197360144]]]}, "properties": {"node": "trees", "role": "positive", "name": "Trees", "ts": "2026-06-11T13:56:52.770961+00:00"}}, {"type": "Feature", "geometry": {"type": "Polygon", "coordinates": [[[80.57477884707971, 22.64043080766334], [80.57696345025377, 22.64237604360366], [80.57527502547848, 22.64396185645023], [80.57427605556389, 22.644707757948147], [80.57427402167995, 22.64470934883167], [80.57427334371863, 22.644710029201672], [80.57427258101212, 22.644710524482015], [80.57377309148187, 22.645120749877186], [80.57377139656822, 22.645122180656706], [80.57255367682683, 22.646171397900645], [80.57027403733383, 22.643937937728133], [80.57477884707971, 22.64043080766334]]]}, "properties": {"node": "trees", "role": "positive", "name": "Trees", "ts": "2026-06-11T13:56:52.770998+00:00"}}, {"type": "Feature", "geometry": {"type": "Polygon", "coordinates": [[[80.56772151868509, 22.603558415741887], [80.5639559895783, 22.60644777361468], [80.5599512655457, 22.602992949962303], [80.56202412804552, 22.59976442829194], [80.56772151868509, 22.603558415741887]]]}, "properties": {"node": "trees", "role": "positive", "name": "Trees", "ts": "2026-06-11T13:56:52.771035+00:00"}}, {"type": "Feature", "geometry": {"type": "Polygon", "coordinates": [[[80.47125323851884, 22.58224005999029], [80.47236240202933, 22.581114785721063], [80.47456490296163, 22.58306878317813], [80.47381985361581, 22.584152357610673], [80.47223852128292, 22.58346027119488], [80.47125323851884, 22.58224005999029]]]}, "properties": {"node": "trees", "role": "positive", "name": "Trees", "ts": "2026-06-11T13:56:52.771071+00:00"}}, {"type": "Feature", "geometry": {"type": "Polygon", "coordinates": [[[73.0410695066453, 20.19715689029836], [73.04106995702688, 20.19715587916555], [73.04107049748477, 20.19715452505487], [73.04107310969789, 20.19714281930512], [73.04107599213992, 20.197131052286917], [73.04107590206361, 20.19713042759955], [73.04107608221624, 20.19712974164379], [73.0410751814531, 20.197117776748392], [73.04107437076628, 20.197105732784124], [73.04107410053736, 20.197105090296027], [73.04107410053736, 20.19710438653952], [73.04106959672163, 20.197093121264288], [73.04106527305844, 20.19708178582071], [73.04088755241705, 20.19676398546159], [73.04100267000969, 20.196648772005318], [73.04194252465575, 20.19726004087619], [73.04194468647921, 20.197261398082826], [73.04195324369682, 20.197265234551388], [73.04196153068621, 20.197269660109203], [73.04196549402883, 20.197270579524783], [73.04196918714352, 20.197272175999704], [73.0419785550439, 20.19727354143974], [73.04198774279197, 20.197275680808563], [73.04199188628608, 20.19727547441469], [73.04199593970417, 20.19727605084992], [73.04200530760346, 20.19727495313111], [73.04201476557836, 20.197274568070764], [73.04272375229476, 20.197149675660125], [73.0427263644893, 20.197149142012], [73.0427329400134, 20.19714688865469], [73.04273969568862, 20.197145444827054], [73.04401056982276, 20.196699544834594], [73.0440130018525, 20.19669864147706], [73.04401939718986, 20.196695226625714], [73.04402615282771, 20.19669255113198], [73.04403101688685, 20.196688897035205], [73.04403642139688, 20.196685912122614], [73.04404146560613, 20.196680956264366], [73.0440471403414, 20.19667659051813], [73.04405074334787, 20.196671756195506], [73.04405506695552, 20.196667520883437], [73.04405839973639, 20.196661428277725], [73.04406263326877, 20.19665577653834], [73.0443804182019, 20.19606337043622], [73.04455065995167, 20.19614502197826], [73.04442320383856, 20.196438656956964], [73.04442221301339, 20.196440934284038], [73.04442005121298, 20.196450397496477], [73.0444171688124, 20.196459613582352], [73.04441707873738, 20.1964627716265], [73.04441644821226, 20.196465788311066], [73.04441707873737, 20.19647535142525], [73.04441707873737, 20.19648502819369], [73.04441797948756, 20.196488020205933], [73.0444181596376, 20.1964911169741], [73.04442167256329, 20.19650017309464], [73.04442455496381, 20.196509430840152], [73.04442626638911, 20.196512063083045], [73.04442743736429, 20.196514993819445], [73.0444334723902, 20.196522715618197], [73.04443896696587, 20.196530911851937], [73.04444148906614, 20.19653292041347], [73.04444338064134, 20.196535482482286], [73.04445157746697, 20.196541306542215], [73.04445923384229, 20.19654769300762], [73.04446220631733, 20.19654904229483], [73.04446481849237, 20.19655097178389], [73.04447436644217, 20.196554466137844], [73.04448373424164, 20.196558558489723], [73.04469369895506, 20.196619502577537], [73.04450544231389, 20.197083160931893], [73.04205403868893, 20.197855443409377], [73.04087512187549, 20.19761562158124], [73.0410695066453, 20.19715689029836]]]}, "properties": {"node": "trees", "role": "positive", "name": "Trees", "ts": "2026-06-11T13:56:52.771128+00:00"}}, {"type": "Feature", "geometry": {"type": "Polygon", "coordinates": [[[76.39213888493147, 10.407692949565147], [76.39124216086705, 10.408879188639762], [76.39035814655017, 10.408073382032226], [76.3903562921537, 10.408071711280195], [76.3903516120101, 10.408068662933447], [76.3903473733893, 10.408064963694468], [76.39034083884867, 10.408061751839398], [76.39033465752615, 10.408057801557732], [76.39032927094486, 10.408056230064856], [76.39032423758181, 10.408053752673894], [76.39031699660306, 10.408052520086631], [76.3903100205378, 10.408050461538272], [76.3903043690416, 10.408050385891922], [76.3902988058498, 10.408049392951385], [76.39029147656501, 10.408050249957618], [76.39028414727981, 10.408050102135157], [76.39027876069646, 10.408051628862797], [76.39027310919893, 10.408052223101388], [76.3902663980453, 10.408055032619052], [76.39025933367267, 10.408056905848834], [76.39025447691628, 10.408059878875207], [76.39024926694104, 10.40806199934949], [76.39024361544224, 10.408066529165433], [76.39023734581048, 10.408070278768704], [76.3902335487094, 10.408074385943891], [76.39022913347546, 10.408077880377862], [76.38949505461926, 10.408849578487631], [76.38835564803527, 10.408173123942094], [76.38925936790092, 10.406819494030513], [76.39030489886939, 10.405572703889986], [76.3911118240982, 10.405317271023875], [76.39186470259477, 10.406103336879413], [76.39213888493147, 10.407692949565147]]]}, "properties": {"node": "trees", "role": "positive", "name": "Trees", "ts": "2026-06-11T13:56:52.771170+00:00"}}, {"type": "Feature", "geometry": {"type": "Polygon", "coordinates": [[[76.41257732403754, 10.417587151533976], [76.41634503092222, 10.416820852264866], [76.41709661699852, 10.420672479069326], [76.41335435898776, 10.421728320673138], [76.41257732403754, 10.417587151533976]]]}, "properties": {"node": "trees", "role": "positive", "name": "Trees", "ts": "2026-06-11T13:56:52.771206+00:00"}}, {"type": "Feature", "geometry": {"type": "Polygon", "coordinates": [[[76.46622524271082, 10.387675132805308], [76.46744684069995, 10.388807096073927], [76.46576032290946, 10.391567365510786], [76.46422902349589, 10.390327920725278], [76.46323421199192, 10.389475255064072], [76.46207258872982, 10.388288061440983], [76.46307905883852, 10.386914792348332], [76.46399303004202, 10.385778741939948], [76.46518464257854, 10.38671018273891], [76.46622524271082, 10.387675132805308]]]}, "properties": {"node": "trees", "role": "positive", "name": "Trees", "ts": "2026-06-11T13:56:52.771243+00:00"}}, {"type": "Feature", "geometry": {"type": "Polygon", "coordinates": [[[76.21694399543553, 11.307986831754517], [76.21881750825213, 11.308936750574759], [76.2196958548527, 11.309562975771549], [76.21834508733102, 11.311156659310928], [76.21712118847596, 11.310468734340207], [76.2154036263528, 11.309369802940989], [76.21559700239493, 11.308257940040784], [76.21694399543553, 11.307986831754517]]]}, "properties": {"node": "trees", "role": "positive", "name": "Trees", "ts": "2026-06-11T13:56:52.771279+00:00"}}, {"type": "Feature", "geometry": {"type": "Polygon", "coordinates": [[[77.06477364432283, 9.410308269892143], [77.06459692547601, 9.412295347347364], [77.06391543123353, 9.413408663226404], [77.0629220360211, 9.413445161846404], [77.06156034225742, 9.411510365380467], [77.06167022342528, 9.410327054890049], [77.06259634816888, 9.409422058500802], [77.06366370162107, 9.409426273259555], [77.06477364432283, 9.410308269892143]]]}, "properties": {"node": "trees", "role": "positive", "name": "Trees", "ts": "2026-06-11T13:56:52.771316+00:00"}}, {"type": "Feature", "geometry": {"type": "Polygon", "coordinates": [[[84.86161612059814, 21.061284891175337], [84.86218665963662, 21.061284863773533], [84.86267909685336, 21.06167881380781], [84.86264362751984, 21.062038345016315], [84.8626433889368, 21.062040786569742], [84.86264402515822, 21.06204815199373], [84.86264362751984, 21.062055486245498], [84.86267281417034, 21.062329356235967], [84.862164232646, 21.062577760026414], [84.8621618467954, 21.062578957801954], [84.86215548452668, 21.06258348205306], [84.86214848603024, 21.062587352258348], [84.8621446686682, 21.062591137001498], [84.86214021507881, 21.062594267698984], [84.86213544337551, 21.06260038171578], [84.86212995591622, 21.062605839288604], [84.86212741100738, 21.06261047865084], [84.86212407081436, 21.06261473125396], [84.86212128732002, 21.062621812167812], [84.86211762901297, 21.062628503924298], [84.86211659514355, 21.062633642323387], [84.86211468646147, 21.062638572953762], [84.8621140502341, 21.0626460813958], [84.86211261872249, 21.062653475161607], [84.86211309589304, 21.06265865912634], [84.86211277777933, 21.062663909803465], [84.86211444787621, 21.062671215710246], [84.8621152431604, 21.062678676625563], [84.86217099255545, 21.06289303593141], [84.8618642509109, 21.062892945954893], [84.86155838242725, 21.062456551709207], [84.8615568713724, 21.0624545108652], [84.86154979327283, 21.06244740464], [84.86154319234771, 21.062439768639976], [84.8615405678833, 21.062438056994345], [84.86153834106491, 21.06243590386983], [84.8615294337905, 21.06243091914104], [84.8615208446317, 21.062425309146096], [84.8607871029825, 21.062082393890606], [84.86040153885479, 21.061612758786755], [84.8607465425232, 21.06128913874413], [84.86161612059814, 21.061284891175337]]]}, "properties": {"node": "trees", "role": "positive", "name": "Trees", "ts": "2026-06-11T13:56:52.771362+00:00"}}, {"type": "Feature", "geometry": {"type": "Polygon", "coordinates": [[[84.87133374569866, 21.06055643594576], [84.8713310421723, 21.060556535964484], [84.87132285207697, 21.060558103359384], [84.87131450294943, 21.060558849710752], [84.87130957298784, 21.060560696620172], [84.87130440447926, 21.060561629397885], [84.87129700953538, 21.06056530671305], [84.87128913749729, 21.060568153411502], [84.87025367664516, 21.06111652583125], [84.86806731464604, 21.06135859968571], [84.86699768014684, 21.060215279435752], [84.86876780257076, 21.05864715007078], [84.8687697110287, 21.05864539364065], [84.86877018814316, 21.05864468244869], [84.86877090381488, 21.058644250524402], [84.86877837860767, 21.058634589865267], [84.86878601243761, 21.058625024689267], [84.86878633051384, 21.058624308708435], [84.86878680762817, 21.05862359751641], [84.86879110165698, 21.058612389963244], [84.86879555472358, 21.058601277893537], [84.8687956342426, 21.05860046403466], [84.86879595231879, 21.058599748053798], [84.86879666799017, 21.05858779788879], [84.86879762221865, 21.05857594560183], [84.86879746318057, 21.058575124559788], [84.86879746318057, 21.058574399001323], [84.86879468001409, 21.05856279695707], [84.86879205588558, 21.058551109006896], [84.86879165829033, 21.058550371476475], [84.86879141973318, 21.058549638734842], [84.8684614147192, 21.057747029517714], [84.86846046048507, 21.057744642720795], [84.86845974480943, 21.05774362352833], [84.86845942673138, 21.057742434918858], [84.86845282661126, 21.05773271322921], [84.8684465445685, 21.057722819728014], [84.8684455903341, 21.057721974741494], [84.86844487465828, 21.057720955549], [84.86808202585624, 21.057322490664813], [84.8686032773512, 21.057157794898508], [84.87007627394978, 21.057759098461965], [84.87007873898432, 21.057760079614614], [84.87008645215622, 21.05776185361329], [84.8700939267754, 21.05776443668476], [84.87043728109072, 21.057835809817746], [84.87043887142546, 21.057836129772344], [84.870439905143, 21.057836342277575], [84.87045294588593, 21.05783700689385], [84.87046598662585, 21.057837671509052], [84.87046654324271, 21.05783759756843], [84.8704670998596, 21.05783761432275], [84.87047982252955, 21.057834822954966], [84.87049254519663, 21.057832122281006], [84.87049302229659, 21.05783186455693], [84.87049357891321, 21.057831790616195], [84.87050494979428, 21.057825784234193], [84.87051632067308, 21.057819868546154], [84.87130146240492, 21.0572668605506], [84.87435954689485, 21.05846652755693], [84.87599268400092, 21.059937657384776], [84.87474819645277, 21.061466633414756], [84.87290367755583, 21.06052296217941], [84.87290129215754, 21.060521711365848], [84.87289119397035, 21.060518505270483], [84.87288133432126, 21.060514671484714], [84.87287839232887, 21.060514401572032], [84.87287560936295, 21.060513501577006], [84.87286495457786, 21.060512999592397], [84.87285429979079, 21.060511862739816], [84.87133374569866, 21.06055643594576]]]}, "properties": {"node": "trees", "role": "positive", "name": "Trees", "ts": "2026-06-11T13:56:52.771411+00:00"}}, {"type": "Feature", "geometry": {"type": "Polygon", "coordinates": [[[84.83932250982258, 21.04861074111296], [84.83977624088163, 21.048051307523238], [84.84005191474097, 21.047801907277023], [84.84005374460627, 21.047800148837688], [84.84005684742121, 21.04779625233712], [84.84006066627013, 21.047792830965747], [84.84031183458221, 21.047493987213233], [84.84040762353489, 21.047424877448606], [84.8406285580694, 21.047774105150044], [84.84062999012335, 21.047776234391357], [84.8406321382042, 21.047778657376902], [84.84063372937517, 21.04778142627319], [84.84064088964394, 21.047788263443202], [84.84064757256063, 21.047795630314305], [84.84065035710901, 21.04779734703133], [84.84065274386467, 21.047799595857423], [84.84066165441821, 21.04780430940599], [84.8406702467364, 21.04780964816243], [84.84067342907613, 21.047810560695947], [84.84067637274022, 21.047812100845487], [84.84181985535677, 21.048231235591878], [84.84142230821347, 21.048807249557107], [84.84049450174754, 21.04918419834969], [84.84011778985465, 21.049156743630782], [84.83932250982258, 21.04861074111296]]]}, "properties": {"node": "trees", "role": "positive", "name": "Trees", "ts": "2026-06-11T13:56:52.771454+00:00"}}, {"type": "Feature", "geometry": {"type": "Polygon", "coordinates": [[[84.9648307754973, 20.934766834661588], [84.96532438184695, 20.932077003619682], [84.96832141127405, 20.932508736972274], [84.96780695441606, 20.935194345683527], [84.9648307754973, 20.934766834661588]]]}, "properties": {"node": "trees", "role": "positive", "name": "Trees", "ts": "2026-06-11T13:56:52.771490+00:00"}}, {"type": "Feature", "geometry": {"type": "Polygon", "coordinates": [[[84.95891184533714, 21.018930395152132], [84.95736891681322, 21.018543689170652], [84.95612328514872, 21.017293839734386], [84.95623761542069, 21.015905762949057], [84.95700108161239, 21.015248418643626], [84.95785401416573, 21.01488404886633], [84.95878894612964, 21.01491002754506], [84.95994448976019, 21.015071492728843], [84.96061732198595, 21.016442454648423], [84.960197110426, 21.017909128967318], [84.95891184533714, 21.018930395152132]]]}, "properties": {"node": "trees", "role": "positive", "name": "Trees", "ts": "2026-06-11T13:56:52.771527+00:00"}}, {"type": "Feature", "geometry": {"type": "Polygon", "coordinates": [[[85.03073277234739, 20.92055819393331], [85.02980458960425, 20.921289830334103], [85.0281394358694, 20.921294130253052], [85.02713587927255, 20.920533029984735], [85.0267886425935, 20.91952938627166], [85.02706911230506, 20.918725004145838], [85.02795745534854, 20.91834370373299], [85.02917239207545, 20.918330695169693], [85.0301666350392, 20.91866928537941], [85.03071176035085, 20.919264328545125], [85.03073277234739, 20.92055819393331]]]}, "properties": {"node": "trees", "role": "positive", "name": "Trees", "ts": "2026-06-11T13:56:52.771563+00:00"}}, {"type": "Feature", "geometry": {"type": "Polygon", "coordinates": [[[86.11392692370991, 20.936014354360093], [86.11417261952309, 20.936048436048395], [86.11426469687315, 20.93705797377135], [86.11403166704034, 20.937070125041433], [86.11236002189868, 20.93679077704112], [86.11234385921082, 20.935151343212297], [86.113080732737, 20.93519256954389], [86.11387051141226, 20.93598656124495], [86.11387229857966, 20.93598841780383], [86.11387540669675, 20.935990576715746], [86.1138779708932, 20.935993358911663], [86.11388620740212, 20.935998267348747], [86.11389389998948, 20.93600379906959], [86.11389755202548, 20.93600515309279], [86.1139008155468, 20.936007133923145], [86.1139101398923, 20.93600970616522], [86.11391923112753, 20.936012999539308], [86.11392311627029, 20.93601326922086], [86.11392692370991, 20.936014354360093]]]}, "properties": {"node": "trees", "role": "positive", "name": "Trees", "ts": "2026-06-11T13:56:52.771602+00:00"}}, {"type": "Feature", "geometry": {"type": "Polygon", "coordinates": [[[86.13509836846009, 21.028318130645914], [86.13472049869665, 21.027894947379192], [86.13476026641646, 21.02716901437471], [86.13688196934088, 21.026276504539084], [86.13702767445652, 21.026466320936013], [86.13702922781373, 21.026468263049647], [86.13703683926337, 21.026475336648712], [86.13704398470487, 21.02648276294447], [86.1370464700756, 21.02648418128179], [86.13704856710706, 21.02648613569011], [86.13705804258144, 21.02649089041224], [86.13706705204726, 21.026496179448586], [86.13706992575587, 21.026496970905686], [86.13707248879312, 21.026498209381387], [86.13708297394422, 21.02650035347894], [86.13709330375762, 21.02650303891612], [86.1370962551325, 21.026503014849595], [86.13709912883947, 21.026503624688516], [86.13710976932057, 21.026502957223048], [86.1371204874672, 21.026502836366262], [86.13712328350508, 21.026502082315762], [86.13712623487824, 21.02650187663098], [86.13713625401213, 21.02649838003864], [86.13714650614713, 21.02649552437659], [86.13745771960238, 21.02636117236553], [86.13845324822998, 21.02803386090434], [86.13616011709868, 21.02852304309224], [86.13591009941, 21.028112924635327], [86.13590870135799, 21.02811080440506], [86.13590093440168, 21.0281019110507], [86.13589347812248, 21.028092843106762], [86.13589239074834, 21.028092092037117], [86.13589145871335, 21.028091162863973], [86.13588136166649, 21.02808466863503], [86.13587149762648, 21.028077907250378], [86.13587017724304, 21.028077514144655], [86.13586908986841, 21.028076763074885], [86.13585743942447, 21.028073230394167], [86.13584586664753, 21.02806933623448], [86.13584454626343, 21.02806921555503], [86.13584322587927, 21.02806882244911], [86.13583095407206, 21.028068454018538], [86.13581875993161, 21.028067724108848], [86.13581743954678, 21.02806796666445], [86.13581604149225, 21.02806793503648], [86.1358041580271, 21.028070753698014], [86.13579219688948, 21.028073298175034], [86.13509836846009, 21.028318130645914]]]}, "properties": {"node": "trees", "role": "positive", "name": "Trees", "ts": "2026-06-11T13:56:52.771647+00:00"}}, {"type": "Feature", "geometry": {"type": "Polygon", "coordinates": [[[86.1107797842724, 21.02388796237483], [86.11368542269459, 21.02543769130216], [86.11123926730991, 21.029061879115464], [86.10845635191018, 21.027777417415937], [86.10870751365097, 21.027402477982186], [86.10870891244436, 21.02740033048903], [86.10870968955177, 21.02739844125293], [86.10871101063435, 21.027396746022667], [86.10909451170141, 21.026718983890152], [86.10909497796236, 21.026718268057714], [86.10949090969345, 21.026001922731577], [86.1101810436534, 21.024866483389896], [86.1107797842724, 21.02388796237483]]]}, "properties": {"node": "trees", "role": "positive", "name": "Trees", "ts": "2026-06-11T13:56:52.771685+00:00"}}, {"type": "Feature", "geometry": {"type": "Polygon", "coordinates": [[[86.06493533022295, 21.01834082659014], [86.06583310100049, 21.016222550913128], [86.06758729825171, 21.01659118155445], [86.06697949958055, 21.018869147872614], [86.06493533022295, 21.01834082659014]]]}, "properties": {"node": "trees", "role": "positive", "name": "Trees", "ts": "2026-06-11T13:56:52.771721+00:00"}}, {"type": "Feature", "geometry": {"type": "Polygon", "coordinates": [[[86.06463635500532, 21.130933440431548], [86.06414627767265, 21.130544433163536], [86.06484479784793, 21.130494302203374], [86.06484744226664, 21.130494090947185], [86.0648531199887, 21.13049276935082], [86.06485887548713, 21.13049235763233], [86.06486626430174, 21.130489713495713], [86.06487388644625, 21.130487892026974], [86.06487886417267, 21.130485192119746], [86.06488430856037, 21.130483229469746], [86.064890608494, 21.13047883479529], [86.06489737508853, 21.13047508656999], [86.06490134171248, 21.130471182771917], [86.06490600832852, 21.13046784001229], [86.06491067494414, 21.13046195463107], [86.06491611932849, 21.13045663208721], [86.06491876374353, 21.130451880434293], [86.06492218592751, 21.130447510002995], [86.06492498589606, 21.13044058255815], [86.0649285636334, 21.130434127142784], [86.06492965250996, 21.13042879466218], [86.06493167470917, 21.13042366538536], [86.06493221914742, 21.130416413345685], [86.0649337746852, 21.130409184692976], [86.064933230247, 21.13040381443345], [86.06493361913144, 21.130398374953966], [86.06493198581674, 21.130391163350406], [86.06493128582471, 21.130383882526903], [86.06492918584858, 21.13037883951917], [86.06492794141823, 21.130373543876686], [86.06492420812704, 21.130367100971448], [86.06492133038154, 21.130360223815643], [86.0649178304206, 21.130355965697074], [86.06491503045166, 21.13035117892204], [86.06462585506371, 21.12998534483409], [86.06457615531104, 21.12969088581632], [86.06496480765438, 21.129422639111272], [86.06628466375687, 21.13070631156641], [86.06623325455551, 21.130734817073034], [86.0655079982542, 21.131036327491785], [86.06523842585712, 21.13076284497108], [86.0652365592228, 21.130761076447204], [86.06523414815337, 21.13075929533122], [86.06523220374244, 21.1307570709687], [86.06522341500418, 21.130751510027103], [86.06521501514675, 21.130745504039798], [86.06521221519397, 21.130744440392704], [86.06520964857044, 21.130742837294555], [86.06519953762806, 21.130739879201215], [86.06518973778972, 21.130736201839312], [86.06518662672953, 21.130735948267727], [86.06518374899869, 21.130735064437175], [86.06517317139208, 21.13073481978713], [86.06516259378328, 21.130733848672868], [86.06515963827457, 21.130734415970018], [86.06515652721255, 21.13073434401372], [86.06514626070663, 21.130736830795666], [86.06513591642207, 21.13073868012241], [86.06513319424157, 21.13074007008723], [86.06513016095457, 21.130740726392823], [86.06463635500532, 21.130933440431548]]]}, "properties": {"node": "trees", "role": "positive", "name": "Trees", "ts": "2026-06-11T13:56:52.771770+00:00"}}, {"type": "Feature", "geometry": {"type": "Polygon", "coordinates": [[[85.42482181457024, 21.982153749179687], [85.42509168265028, 21.98154544460716], [85.427312217658, 21.982248861112225], [85.42707628964222, 21.982607889518622], [85.4270749513756, 21.98261012134518], [85.42707140890498, 21.982618282085465], [85.42706715793994, 21.982626241637327], [85.42706637072415, 21.982630031669245], [85.42706487501412, 21.982633711272104], [85.42706393035515, 21.982642488690036], [85.4270621984803, 21.98265115349331], [85.42706267080982, 21.982655069253013], [85.42706227720188, 21.98265896097176], [85.42706400907673, 21.982667631179538], [85.42706503245729, 21.98267646323587], [85.4270666068889, 21.982680046556247], [85.42706739410468, 21.982683880298868], [85.42707172379127, 21.98269180579642], [85.42707526626187, 21.982699981716184], [85.4270778640735, 21.982703048893157], [85.42707983211251, 21.982706552381913], [85.42708636600156, 21.98271299616743], [85.4270922701175, 21.982719876264607], [85.42709565514367, 21.98272214846366], [85.42709856784045, 21.982725042864047], [85.42710675487919, 21.98272953584208], [85.42711454830916, 21.982734653206695], [85.43268396621845, 21.98541130218896], [85.42994057677744, 21.98525905416405], [85.42692081432882, 21.98415655346835], [85.42508129102214, 21.983158307275037], [85.42482181457024, 21.982153749179687]]]}, "properties": {"node": "trees", "role": "positive", "name": "Trees", "ts": "2026-06-11T13:56:52.771812+00:00"}}, {"type": "Feature", "geometry": {"type": "Polygon", "coordinates": [[[73.71334984314967, 24.361365822041982], [73.70941948279383, 24.362046907414914], [73.7094664474992, 24.358002422464715], [73.71265409527732, 24.35722556129415], [73.71334984314967, 24.361365822041982]]]}, "properties": {"node": "trees", "role": "positive", "name": "Trees", "ts": "2026-06-11T13:56:52.771848+00:00"}}, {"type": "Feature", "geometry": {"type": "Polygon", "coordinates": [[[80.50707489583976, 17.500566208582093], [80.50862308042558, 17.49846713738676], [80.51114986510093, 17.49994217961317], [80.50950122593687, 17.502133405725743], [80.50707489583976, 17.500566208582093]]]}, "properties": {"node": "trees", "role": "positive", "name": "Trees", "ts": "2026-06-11T13:56:52.771884+00:00"}}, {"type": "Feature", "geometry": {"type": "Polygon", "coordinates": [[[80.54099354544881, 17.5371855071422], [80.54145779625468, 17.536906061368217], [80.54216349316829, 17.53715804905715], [80.5421519633297, 17.538097355938323], [80.54082534290494, 17.538080853684853], [80.53984206330774, 17.537667505677867], [80.54010327193845, 17.537181400884386], [80.54033955439819, 17.537070383303377], [80.54092216114498, 17.53719710193659], [80.54092478930927, 17.53719767453048], [80.54093386071445, 17.5371981087775], [80.54094293211863, 17.53719934723514], [80.54094708631271, 17.537198831241263], [80.54095132528607, 17.537199034159954], [80.5409602271294, 17.537197047655535], [80.54096929853068, 17.537195873478435], [80.54097311360569, 17.53719417961212], [80.54097726779827, 17.53719330619027], [80.54098523706507, 17.537189041122588], [80.54099354544881, 17.5371855071422]]]}, "properties": {"node": "trees", "role": "positive", "name": "Trees", "ts": "2026-06-11T13:56:52.771923+00:00"}}, {"type": "Feature", "geometry": {"type": "Polygon", "coordinates": [[[78.29093328011308, 16.39888265683961], [78.29245008995316, 16.397630267364207], [78.29319528202038, 16.39769834603872], [78.29384074017904, 16.3986262243321], [78.2929289316328, 16.399479179644718], [78.29292710731272, 16.399480933962195], [78.29292702044035, 16.399481105915715], [78.29292684669556, 16.399481184578974], [78.29182894770125, 16.400574787274117], [78.29063304296884, 16.400498193535725], [78.28936006608811, 16.400047606692677], [78.28833180424466, 16.399340652924746], [78.28818880589142, 16.398493936493775], [78.28948933654452, 16.39834901176207], [78.2899291850209, 16.398319506119634], [78.29000737238893, 16.398921570487534], [78.29000771988821, 16.398924065576956], [78.29000963113424, 16.398930273409924], [78.29001067363205, 16.39893669771497], [78.2900134536262, 16.39894233542199], [78.29001536487212, 16.398948366428368], [78.29001901361426, 16.398953787663956], [78.29002196735779, 16.398959700366383], [78.29002622422333, 16.39896444843146], [78.29002978609026, 16.39896959954969], [78.29003491170346, 16.39897386590213], [78.29003942919284, 16.398978805425628], [78.29004490230473, 16.398982118735468], [78.29004976729281, 16.39898619363003], [78.29005602227718, 16.398988931936263], [78.29006175601252, 16.398992436704116], [78.2906370391865, 16.39924214039487], [78.29063938479246, 16.399243156204864], [78.29064259914128, 16.399243955539955], [78.29064555286713, 16.399245359142476], [78.29065536966127, 16.399247148003234], [78.29066501270593, 16.399249546007773], [78.29066831392821, 16.399249466079805], [78.29067152827614, 16.399250000172696], [78.29068151881634, 16.39924914636731], [78.2906915093556, 16.399248823045006], [78.29069463682855, 16.39924784922373], [78.29069785117565, 16.39924758759063], [78.29070714671943, 16.399244042351906], [78.29071670288508, 16.39924113064018], [78.29071939598614, 16.399239336709552], [78.29072243658403, 16.399238181183133], [78.29073034213815, 16.39923225915379], [78.29073859518851, 16.39922688711427], [78.29074068016955, 16.399224440149123], [78.2907432863958, 16.39922255292746], [78.2907491069675, 16.399214745578888], [78.29075553565825, 16.399207414436283], [78.29075683877119, 16.399204481511607], [78.29075875000348, 16.399201936379075], [78.29093328011308, 16.39888265683961]]]}, "properties": {"node": "trees", "role": "positive", "name": "Trees", "ts": "2026-06-11T13:56:52.771970+00:00"}}, {"type": "Feature", "geometry": {"type": "Polygon", "coordinates": [[[80.11341911712829, 12.779747105618139], [80.11568518934209, 12.77852231981047], [80.11921207889208, 12.784322505902129], [80.11670308742596, 12.78542883460381], [80.11341911712829, 12.779747105618139]]]}, "properties": {"node": "trees", "role": "positive", "name": "Trees", "ts": "2026-06-11T13:56:52.772007+00:00"}}, {"type": "Feature", "geometry": {"type": "Polygon", "coordinates": [[[78.47909286663514, 11.933635259014139], [78.48081259545697, 11.930480306902007], [78.48504016774247, 11.93285243777964], [78.48366839810869, 11.936258421088882], [78.47909286663514, 11.933635259014139]]]}, "properties": {"node": "trees", "role": "positive", "name": "Trees", "ts": "2026-06-11T13:56:52.772043+00:00"}}, {"type": "Feature", "geometry": {"type": "Polygon", "coordinates": [[[80.04535780343659, 12.723259934847874], [80.03929481742952, 12.724453488732394], [80.03813042378108, 12.720862459552627], [80.04404212020097, 12.719957895781626], [80.04535780343659, 12.723259934847874]]]}, "properties": {"node": "trees", "role": "positive", "name": "Trees", "ts": "2026-06-11T13:56:52.772079+00:00"}}, {"type": "Feature", "geometry": {"type": "Polygon", "coordinates": [[[76.66239138848034, 11.420097750769768], [76.66234371620466, 11.419204683721224], [76.66234362808584, 11.419202222446662], [76.66234072016455, 11.419189802552882], [76.66233790036205, 11.419177471446947], [76.6619856889111, 11.418267775394126], [76.66198471960128, 11.418265443066156], [76.66198278098162, 11.418262049372633], [76.66198145919547, 11.418258429865984], [76.66145459413882, 11.41725657222521], [76.66349040129919, 11.417053837598033], [76.66562618810273, 11.417969812589583], [76.66543964523969, 11.418921669383309], [76.66376435995551, 11.418990089529471], [76.66376180453817, 11.4189902261653], [76.66375440263934, 11.418991749749331], [76.6637468245044, 11.418992502637966], [76.6637418017868, 11.418994389869956], [76.66373642659758, 11.418995498299081], [76.66372981775804, 11.418999091933143], [76.66372276832884, 11.419001817978463], [76.66371845055325, 11.41900500861957], [76.66371369218815, 11.41900758586788], [76.66370822887984, 11.419012757376027], [76.66370223686403, 11.419017311437502], [76.66369906462023, 11.419021656293499], [76.66369518743329, 11.419025375595192], [76.663691486482, 11.419031899159334], [76.66368699246955, 11.41903787784735], [76.6636851419938, 11.419042876634999], [76.66368249845695, 11.419047500010354], [76.66368082421693, 11.419054794669487], [76.66367826879791, 11.419061794594635], [76.6635203614255, 11.419809663975215], [76.66239138848034, 11.420097750769768]]]}, "properties": {"node": "trees", "role": "positive", "name": "Trees", "ts": "2026-06-11T13:56:52.772122+00:00"}}, {"type": "Feature", "geometry": {"type": "Polygon", "coordinates": [[[80.17139228324282, 12.923045043669992], [80.1722158832753, 12.92239305354729], [80.17221784178535, 12.922391478363178], [80.17222354701006, 12.922385097246154], [80.17222984830256, 12.922379259414848], [80.17321727212986, 12.921169712013862], [80.17570621759023, 12.922136922826386], [80.17350746834029, 12.925139495177735], [80.17133846625651, 12.92451735155117], [80.17139228324282, 12.923045043669992]]]}, "properties": {"node": "trees", "role": "positive", "name": "Trees", "ts": "2026-06-11T13:56:52.772160+00:00"}}, {"type": "Feature", "geometry": {"type": "Polygon", "coordinates": [[[73.11815189856017, 18.530662047457266], [73.11468473275266, 18.53349964586259], [73.1123459149727, 18.53068644021416], [73.11380019365122, 18.529690728269347], [73.11815189856017, 18.530662047457266]]]}, "properties": {"node": "trees", "role": "positive", "name": "Trees", "ts": "2026-06-11T13:56:52.772197+00:00"}}, {"type": "Feature", "geometry": {"type": "Polygon", "coordinates": [[[73.09217623486111, 18.554635916636784], [73.08932791291828, 18.555463814509686], [73.0887763098836, 18.55543320494556], [73.08825046210278, 18.55290105937839], [73.09121974368307, 18.552196792098794], [73.09217623486111, 18.554635916636784]]]}, "properties": {"node": "trees", "role": "positive", "name": "Trees", "ts": "2026-06-11T13:56:52.772234+00:00"}}, {"type": "Feature", "geometry": {"type": "Polygon", "coordinates": [[[73.80069907303337, 16.12501180660555], [73.79985229578743, 16.12590074408494], [73.79804356967163, 16.126295046334878], [73.79689698444062, 16.125398934703004], [73.79645258439602, 16.12402736773868], [73.79695128896296, 16.123034149412284], [73.7981188774887, 16.122308757311544], [73.79953365385084, 16.122308729444438], [73.80045475204837, 16.123319023249117], [73.80069907303337, 16.12501180660555]]]}, "properties": {"node": "trees", "role": "positive", "name": "Trees", "ts": "2026-06-11T13:56:52.772271+00:00"}}, {"type": "Feature", "geometry": {"type": "Polygon", "coordinates": [[[73.7773746717433, 16.079572949358532], [73.77858151368424, 16.081424310913025], [73.77845592849339, 16.08428210180666], [73.77563791608699, 16.08541010983169], [73.77272713111064, 16.084354423345253], [73.77189836879079, 16.08192432395284], [73.77322634384426, 16.079830717128495], [73.77532426252847, 16.079209563680525], [73.7773746717433, 16.079572949358532]]]}, "properties": {"node": "trees", "role": "positive", "name": "Trees", "ts": "2026-06-11T13:56:52.772307+00:00"}}, {"type": "Feature", "geometry": {"type": "Polygon", "coordinates": [[[72.95533664786755, 19.097124102302732], [72.95570086899015, 19.097684084004186], [72.95412233312635, 19.098705306520838], [72.95282240753262, 19.099502166625815], [72.95168305194551, 19.100157449407998], [72.95069958290934, 19.098809392657614], [72.95069832135582, 19.098807693789936], [72.94957850974481, 19.097346700016445], [72.950569642862, 19.09688557316294], [72.95057108463824, 19.096884832505204], [72.95171720385733, 19.096327403858457], [72.95171738407849, 19.096327245472327], [72.95234491331907, 19.096020174946], [72.9539571620523, 19.095284323002875], [72.95451376918952, 19.096117146601802], [72.95451521094178, 19.09611921346661], [72.95451683291306, 19.096120858729982], [72.95451791422724, 19.09612280369386], [72.95486564659082, 19.096564266285412], [72.95486726855971, 19.096566262499802], [72.95486744877847, 19.096566367318808], [72.95486753888785, 19.09656655133373], [72.95533664786755, 19.097124102302732]]]}, "properties": {"node": "trees", "role": "positive", "name": "Trees", "ts": "2026-06-11T13:56:52.772347+00:00"}}]}