{"type": "FeatureCollection", "features": [{"type": "Feature", "geometry": {"type": "Polygon", "coordinates": [[[79.21028899999999, 19.70888795751451], [79.21063999999998, 19.707640957514755], [79.21395499999993, 19.704999957515376], [79.21375999999991, 19.70323895751577], [79.21175135847712, 19.698098778357505], [79.21012109885412, 19.698152633073008], [79.20861199999996, 19.70030395751644], [79.20361899999997, 19.70030395751644], [79.20637436182582, 19.69785643191345], [79.20502299999997, 19.694800957517668], [79.20133620209198, 19.695757247796465], [79.19848047312499, 19.69828726934754], [79.19550596433915, 19.69791028671051], [79.19390400000005, 19.699793957516476], [79.19070599999996, 19.70441695751549], [79.19185499999992, 19.70701195751492], [79.18881331957103, 19.707496151835855], [79.18895632480111, 19.710215632572964], [79.19298399999992, 19.71124195751398], [79.19200899999994, 19.71454395751324], [79.19352999999998, 19.717991957512506], [79.19497299999993, 19.71916595751223], [79.19836699999995, 19.71905595751223], [79.19910799999997, 19.720155957512], [79.20199399999994, 19.71993595751207], [79.201955, 19.718615957512398], [79.20378799999997, 19.717551957512576], [79.20705792682561, 19.717533767892053], [79.20788399999996, 19.71516695751314], [79.20905399999995, 19.71369995751345], [79.20971699999991, 19.712745957513626], [79.20862499999994, 19.71146195751396], [79.20897599999992, 19.7097379575143], [79.21028899999999, 19.70888795751451]]]}, "properties": {"node": "mining", "role": "positive", "name": "Mining", "ts": "2026-07-27T18:11:35.407752+00:00"}}, {"type": "Feature", "geometry": {"type": "Polygon", "coordinates": [[[74.15437234979282, 15.275050365421965], [74.15313297113207, 15.274480158192873], [74.15258001757572, 15.274241038571075], [74.1525418828477, 15.274241038571075], [74.15235120920758, 15.274057100215012], [74.15231307447957, 15.273817980111062], [74.1522177376595, 15.27326616344647], [74.15200799665536, 15.272603981533342], [74.15179825565123, 15.271886615435934], [74.1515694472831, 15.271187640982168], [74.1515694472831, 15.270047203980596], [74.1515694472831, 15.269366617655965], [74.1515313125551, 15.26883318358845], [74.15149317782706, 15.268134198965077], [74.15177918828722, 15.267600761765399], [74.15200799665539, 15.267214478809006], [74.15235120920758, 15.266901773037945], [74.15277069121585, 15.266828195141759], [74.15311390376806, 15.267012139833868], [74.15315203849609, 15.267030534294209], [74.15334271213621, 15.267232873251622], [74.15347618368428, 15.267674339390778], [74.1536668573244, 15.26791346649515], [74.15305670167601, 15.269900050367687], [74.15299949958398, 15.270562240813245], [74.15299949958398, 15.270948517608236], [74.15311390376806, 15.272236101789744], [74.15481089916508, 15.273008648506343], [74.15505877489723, 15.273707616894248], [74.15473462970905, 15.275179121678562], [74.15437234979282, 15.275050365421965]]]}, "properties": {"node": "mining", "role": "positive", "name": "Mining", "ts": "2026-07-27T18:11:35.407961+00:00"}}, {"type": "Feature", "geometry": {"type": "Polygon", "coordinates": [[[75.06675743177334, 25.412958050480935], [75.06672319843679, 25.412942590050253], [75.06639227618359, 25.412751911242196], [75.06616405393999, 25.41266945544804], [75.0658103094624, 25.412535464662305], [75.0656391427797, 25.41239116672655], [75.06555926499445, 25.412298403676672], [75.06533104275084, 25.412107723850085], [75.06494306493673, 25.412040728163767], [75.06440674266426, 25.41221594757245], [75.06414428708415, 25.412319017693925], [75.06396170928926, 25.41238085972453], [75.06392747595271, 25.41239116672655], [75.06380765927483, 25.41241693422774], [75.06334550923154, 25.41238085972453], [75.0630944647636, 25.412386013225646], [75.06298605919788, 25.412334478204553], [75.06281489251519, 25.412154105457276], [75.06276354251037, 25.412020114098947], [75.06275783695429, 25.41177789857341], [75.06287765363217, 25.411623292664455], [75.06298035364179, 25.41141199760168], [75.0630944647636, 25.41123677702494], [75.06324851477802, 25.411097631091483], [75.06361367036777, 25.41087087441149], [75.0637734259383, 25.41080903160659], [75.0637677203822, 25.410685345901655], [75.06374489815785, 25.410541045752247], [75.06386471483572, 25.410427666942315], [75.06419563708896, 25.410618349425192], [75.06438962599601, 25.41093271718468], [75.06447520933735, 25.411144013087135], [75.06461214268352, 25.411468686557296], [75.06470913713704, 25.411705749173883], [75.0650172371659, 25.411891276114], [75.0654622705409, 25.411947964844337], [75.06574184278932, 25.41181912678232], [75.06583883724285, 25.411705749173883], [75.06575895945758, 25.411478993637267], [75.06568478722843, 25.411226469924266], [75.06559920388706, 25.410989406365573], [75.06538239275567, 25.41075234234091], [75.06533104275084, 25.410721420912026], [75.06520552051687, 25.41074203519882], [75.06511993717552, 25.410504970687924], [75.06512564273162, 25.410309134436154], [75.06508570383899, 25.410102990669706], [75.0651313482877, 25.40997415063675], [75.06521122607296, 25.409891692943436], [75.06549079832135, 25.40995353621871], [75.06569619834062, 25.41017514102804], [75.06583883724285, 25.410303980846283], [75.06614693727172, 25.410499817106427], [75.0663865706275, 25.410669885179615], [75.06664332065154, 25.410876027977128], [75.06686583733905, 25.410906949366364], [75.06710547069481, 25.410927563621456], [75.0671225873631, 25.411025481284994], [75.06749344850896, 25.411257391223653], [75.06763038185511, 25.4114429188535], [75.06808112078623, 25.4117160562336], [75.06814958745929, 25.411813973256972], [75.0682694041372, 25.411875815546566], [75.06837780970291, 25.412009807065207], [75.06849192082468, 25.41220564055545], [75.06840063192726, 25.412288096666725], [75.06822946524456, 25.412282943161426], [75.06817240968365, 25.4122777896559], [75.06805259300577, 25.412267482644193], [75.0680354763375, 25.41226232913802], [75.06801835966922, 25.41226232913802], [75.06798412633268, 25.41233447820455], [75.06808682634231, 25.412499390194544], [75.06810394301058, 25.412520004177438], [75.06820093746411, 25.41260246007378], [75.06820093746411, 25.412674608936832], [75.06817240968365, 25.412932283095355], [75.06809823745448, 25.41298897133634], [75.06793848188397, 25.412978664385424], [75.06762467629902, 25.412963203957382], [75.06705412069002, 25.413107501208664], [75.06680307622207, 25.41305596649589], [75.06675743177334, 25.412958050480935]]]}, "properties": {"node": "mining", "role": "positive", "name": "Mining", "ts": "2026-07-27T18:11:35.408157+00:00"}}, {"type": "Feature", "geometry": {"type": "Polygon", "coordinates": [[[73.68191667581307, 15.736027429911823], [73.68159253062488, 15.7357888440743], [73.68137325593874, 15.735687903828005], [73.6810014423405, 15.735476846787474], [73.68091563920247, 15.735366729983717], [73.68098237497651, 15.735045555632166], [73.68129698648268, 15.734715204341379], [73.6814590590768, 15.734522499173941], [73.68184040635703, 15.734650969305852], [73.68225035468328, 15.734907909326221], [73.68256496618947, 15.735146496197316], [73.68263170196352, 15.73522908389517], [73.68266983669155, 15.735467670389436], [73.68265076932752, 15.735541081562127], [73.68258403355345, 15.735596139924255], [73.68225035468328, 15.73544931759213], [73.68229802309331, 15.735752138535986], [73.68228848941129, 15.735843902369348], [73.68222175363726, 15.735990724416581], [73.68209781577119, 15.736064135400436], [73.68201201263312, 15.736100840882434], [73.68191667581307, 15.736027429911823]]]}, "properties": {"node": "mining", "role": "positive", "name": "Mining", "ts": "2026-07-27T18:11:35.408327+00:00"}}, {"type": "Feature", "geometry": {"type": "Polygon", "coordinates": [[[86.35076799999997, 23.779680958263516], [86.35550699999999, 23.78017995826375], [86.35964099999993, 23.77968095826351], [86.36223499999996, 23.77791595826253], [86.36701299999997, 23.77746995826228], [86.36866999999992, 23.774973958260816], [86.37132299999992, 23.77238395825935], [86.37028999999991, 23.770208958258163], [86.36820299999997, 23.771813958259045], [86.36566800000003, 23.771670958259016], [86.36461499999994, 23.771367958258843], [86.36143599999991, 23.77159995825896], [86.35751599999996, 23.772490958259414], [86.35626999999995, 23.774526958260612], [86.35736299999995, 23.776024958261413], [86.35767499999996, 23.77707695826198], [86.35703099999992, 23.7784849582628], [86.356329, 23.779126958263138], [86.35527599999992, 23.777985958262533], [86.35451499999994, 23.776630958261773], [86.3534819999999, 23.77572195826125], [86.35252599999994, 23.77543595826113], [86.35129799999999, 23.77607795826149], [86.35192199999996, 23.77762895826232], [86.35076799999997, 23.779680958263516]]]}, "properties": {"node": "mining", "role": "positive", "name": "Mining", "ts": "2026-07-27T18:11:35.408467+00:00"}}, {"type": "Feature", "geometry": {"type": "Polygon", "coordinates": [[[86.39971399999995, 23.720944958230724], [86.40140099999991, 23.721699958231195], [86.40180999999988, 23.720557958230525], [86.40063099999995, 23.71963995823002], [86.39971399999995, 23.720944958230724]]]}, "properties": {"node": "mining", "role": "positive", "name": "Mining", "ts": "2026-07-27T18:11:35.408588+00:00"}}, {"type": "Feature", "geometry": {"type": "Polygon", "coordinates": [[[77.15915057598545, 17.130875990805595], [77.15861668979313, 17.128835179513473], [77.16273524041965, 17.12770543505742], [77.16302125087985, 17.128980952491606], [77.16113358184268, 17.129527600141625], [77.1610001102946, 17.130365790082983], [77.1605234261943, 17.130875990805595], [77.16029461782615, 17.13091243366078], [77.15915057598545, 17.130875990805595]]]}, "properties": {"node": "mining", "role": "positive", "name": "Mining", "ts": "2026-07-27T18:11:35.408708+00:00"}}, {"type": "Feature", "geometry": {"type": "Polygon", "coordinates": [[[76.86422945992385, 15.07508230478741], [76.86379091055154, 15.075413705706989], [76.86344769799936, 15.075266416473143], [76.86328562540527, 15.074787725758773], [76.86326655804125, 15.07451155754893], [76.86303774967313, 15.07428141710019], [76.86318075490321, 15.073986836962488], [76.86342863063534, 15.073618611216721], [76.86372417477752, 15.072965008948287], [76.86391484841765, 15.072366638913731], [76.86425806096985, 15.071915558852082], [76.86431526306188, 15.071777472927732], [76.86437246515392, 15.071694621330117], [76.86471567770614, 15.07154732952134], [76.86555464172265, 15.07165779838748], [76.86712769925363, 15.071805090119778], [76.86779505699404, 15.071841913036915], [76.86773785490199, 15.07534926667973], [76.86422945992385, 15.07508230478741]]]}, "properties": {"node": "mining", "role": "positive", "name": "Mining", "ts": "2026-07-27T18:11:35.408844+00:00"}}, {"type": "Feature", "geometry": {"type": "Polygon", "coordinates": [[[84.92559189643623, 21.838713718500557], [84.92591585104451, 21.836726897824402], [84.92884301232625, 21.83714574339873], [84.92840335964362, 21.839121818788996], [84.92559189643623, 21.838713718500557]]]}, "properties": {"node": "mining", "role": "positive", "name": "Mining", "ts": "2026-07-27T18:11:35.408966+00:00"}}, {"type": "Feature", "geometry": {"type": "Polygon", "coordinates": [[[86.24901211745733, 24.178008459677418], [86.24801965880131, 24.176197651650998], [86.24807330521514, 24.17512094280684], [86.24877070859503, 24.173334564916548], [86.24949493518186, 24.17176840482956], [86.25091656514856, 24.16956595969826], [86.25325018415049, 24.16807316972804], [86.25657626180845, 24.169027578442602], [86.25711272594681, 24.172111003990494], [86.25502051580715, 24.176613650362697], [86.25365253225429, 24.177665876345714], [86.25062150987246, 24.178644683425027], [86.24901211745733, 24.178008459677418]]]}, "properties": {"node": "mining", "role": "positive", "name": "Mining", "ts": "2026-07-27T18:11:35.409093+00:00"}}, {"type": "Feature", "geometry": {"type": "Polygon", "coordinates": [[[68.58655017230494, 23.476738177229965], [68.58595272823241, 23.476318440474756], [68.58559680410409, 23.47609691220442], [68.58538070731188, 23.47577044881219], [68.5850502063356, 23.47505922219623], [68.58494851372751, 23.474791053788245], [68.58473241693531, 23.47446458716455], [68.5847069937833, 23.4744179490095], [68.58477055166335, 23.473123733630423], [68.58474512851133, 23.472715645067463], [68.58553324622405, 23.472272576055715], [68.58677898067315, 23.4720393812414], [68.58689338485723, 23.47221427739077], [68.58769421414598, 23.471946103200285], [68.58897808332313, 23.472319214969115], [68.58994416309997, 23.47245913161042], [68.59030008722831, 23.472820582247063], [68.5905034724445, 23.473193691543052], [68.5905034724445, 23.47322867048546], [68.58980433576386, 23.473217010839022], [68.58920689169133, 23.47299547736093], [68.58871114022689, 23.47299547736093], [68.58843148555464, 23.47299547736093], [68.58857131289075, 23.473275309060902], [68.58902892962718, 23.473438543945147], [68.5895246810916, 23.473846630272188], [68.58968993157976, 23.47426637489174], [68.58980433576386, 23.47448790623589], [68.58985518206791, 23.47465113961987], [68.58977891261185, 23.4750009247626], [68.58955010424364, 23.475327390059107], [68.5894992579396, 23.475397346803263], [68.58920689169133, 23.47567717340888], [68.5886348707708, 23.476003637031933], [68.58812640773037, 23.476318440474756], [68.58766879099396, 23.476528309019308], [68.58665186491302, 23.47681979255505], [68.58633407551275, 23.4768897485078], [68.58562222725611, 23.476330099847107], [68.58555866937606, 23.47617852792625], [68.58553324622405, 23.476143549765933], [68.58549511149599, 23.476003637031933], [68.58655017230494, 23.476738177229965]]]}, "properties": {"node": "mining", "role": "positive", "name": "Mining", "ts": "2026-07-27T18:11:35.409244+00:00"}}, {"type": "Feature", "geometry": {"type": "Polygon", "coordinates": [[[74.27929506410267, 25.590951439096447], [74.27893913997433, 25.590550178124232], [74.2787866010622, 25.59034381481447], [74.2787866010622, 25.5903094208949], [74.27868490845411, 25.590183309771895], [74.27857050427001, 25.590148915806186], [74.27839254220585, 25.589277598710126], [74.2784561000859, 25.58860117711562], [74.27921879464658, 25.58824576762666], [74.279689122959, 25.588257232465363], [74.27970183453502, 25.5878559624571], [74.27951116089486, 25.587615199806187], [74.2794476030148, 25.587282717253718], [74.27951116089486, 25.58715660294041], [74.27954929562289, 25.58715660294041], [74.27961285350294, 25.58713367305098], [74.27958743035092, 25.586835584088547], [74.27949844931884, 25.58635405419593], [74.27949844931884, 25.586308194105094], [74.27961285350294, 25.586033033190976], [74.27996877763127, 25.585849592230034], [74.28022300915148, 25.585838127160642], [74.28062977958383, 25.585987172977106], [74.28083316480004, 25.58611328852295], [74.28096028056014, 25.58611328852295], [74.28103655001622, 25.58611328852295], [74.28141789729656, 25.586365519215892], [74.28179924457692, 25.586606284381357], [74.281900937185, 25.586652144357952], [74.28191364876099, 25.587328576971053], [74.28141789729656, 25.588566782695093], [74.28106197316825, 25.58875021949035], [74.28098570371218, 25.58849799382435], [74.28061706800784, 25.588681430725085], [74.28056622170381, 25.588715825112658], [74.28014673969541, 25.589151486499482], [74.28022300915148, 25.589403710787828], [74.28013402811939, 25.58980497560526], [74.28003233551131, 25.590355279452126], [74.27929506410267, 25.590951439096447]]]}, "properties": {"node": "mining", "role": "positive", "name": "Mining", "ts": "2026-07-27T18:11:35.409381+00:00"}}, {"type": "Feature", "geometry": {"type": "Polygon", "coordinates": [[[85.38812768703063, 21.916213232499377], [85.38801113193348, 21.916149625580193], [85.38796999484038, 21.916041493752385], [85.38801798811566, 21.91595244395018], [85.38868303778764, 21.915717097776326], [85.38891614798194, 21.915469029766648], [85.3887995928848, 21.915093746571735], [85.38893671652849, 21.91492836722277], [85.38936179982399, 21.91480115220828], [85.3901091236822, 21.914826595220273], [85.39020511023278, 21.915017417665307], [85.39023253496153, 21.91513827174825], [85.39025310350809, 21.91525912572865], [85.39020511023278, 21.915392701061357], [85.39006798658909, 21.915538997710566], [85.38988972585226, 21.91581886914248], [85.38984173257697, 21.91586975479828], [85.38927952563778, 21.916047854450415], [85.38892300416413, 21.9159206404359], [85.38876531197386, 21.91602877235548], [85.38868303778764, 21.916117822109957], [85.38827852303868, 21.916264118014272], [85.38812768703063, 21.916213232499377]]]}, "properties": {"node": "mining", "role": "positive", "name": "Mining", "ts": "2026-07-27T18:11:35.409514+00:00"}}, {"type": "Feature", "geometry": {"type": "Polygon", "coordinates": [[[72.12147675290242, 24.896806007876716], [72.12175640757468, 24.896367857323], [72.1218771675468, 24.896033478222634], [72.12191530227481, 24.89589511419205], [72.12205512961093, 24.895664507129812], [72.12223309167511, 24.895520377497164], [72.12250003477135, 24.89539930847571], [72.12275426629158, 24.89531283053055], [72.1228877378397, 24.89531283053055], [72.12301485359983, 24.895318595728785], [72.12309112305587, 24.895353186912498], [72.12314832514794, 24.895560733811262], [72.12315468093594, 24.895681802674417], [72.12284960311167, 24.895722158935758], [72.12256994843942, 24.895802871418848], [72.12261443895547, 24.89595276589031], [72.12267799683549, 24.89601618272729], [72.12269706419951, 24.896021947892677], [72.12271613156355, 24.896102660179782], [72.12258901580343, 24.896321736121628], [72.12258901580343, 24.89640821336007], [72.12257630422741, 24.8965465768156], [72.12240469795127, 24.89670223551769], [72.12227758219116, 24.896731061181725], [72.12200428330691, 24.896817538133448], [72.12183267703075, 24.896863659149588], [72.12155937814651, 24.896834833516525], [72.12154031078248, 24.896834833516525], [72.12147675290242, 24.896806007876716]]]}, "properties": {"node": "mining", "role": "positive", "name": "Mining", "ts": "2026-07-27T18:11:35.409633+00:00"}}, {"type": "Feature", "geometry": {"type": "Polygon", "coordinates": [[[74.43085454930853, 26.176854531983942], [74.43129945446893, 26.176398217723463], [74.4316935133253, 26.17607879667824], [74.4320494374536, 26.175428543988648], [74.43229095739781, 26.174812511778796], [74.43279942043829, 26.174470270255487], [74.43349855711891, 26.17451590251665], [74.43385448124725, 26.17431055720075], [74.43390532755129, 26.1740595791012], [74.43343499923886, 26.17351198864479], [74.4332443255987, 26.173318049741326], [74.4332697487507, 26.173101294114478], [74.4333587297828, 26.172690598137326], [74.43342228766284, 26.17263355691496], [74.43309178668653, 26.17215440954522], [74.4328248435903, 26.171892018484453], [74.43253247734205, 26.17162962683313], [74.43207486060564, 26.171686668546702], [74.43166809017326, 26.17208595976021], [74.43156639756518, 26.1713900513314], [74.43141385865304, 26.171082024962917], [74.43118505028484, 26.17064850499158], [74.43113420398079, 26.170100898513187], [74.43095624191663, 26.16955328946284], [74.43026981681201, 26.169530472363256], [74.42963423801143, 26.16939356967202], [74.42935458333919, 26.169153989575562], [74.42912577497098, 26.16913117239784], [74.42876985084264, 26.169861319870126], [74.42814698361808, 26.170089490017535], [74.4278419057938, 26.17016934946364], [74.42762580900163, 26.170123715501134], [74.42737157748138, 26.17007808152077], [74.42686311444093, 26.171082024962917], [74.42678684498487, 26.171675260206218], [74.42671057552879, 26.17227990071335], [74.42676142183284, 26.172907354527787], [74.42686311444093, 26.173272417011272], [74.42686311444093, 26.173318049741326], [74.42714276911319, 26.17370592722561], [74.42743513536143, 26.17402535477303], [74.42770207845768, 26.174561534759945], [74.42775292476172, 26.17474406355452], [74.42810884889006, 26.17483532784462], [74.42836308041029, 26.174766879633733], [74.42856646562646, 26.17477828767168], [74.42899865921083, 26.17474406355452], [74.4290495055149, 26.174766879633733], [74.42912577497096, 26.174858143905983], [74.42943085279522, 26.175006448195983], [74.42971050746749, 26.17517756829614], [74.43085454930853, 26.176854531983942]]]}, "properties": {"node": "mining", "role": "positive", "name": "Mining", "ts": "2026-07-27T18:11:35.409767+00:00"}}, {"type": "Feature", "geometry": {"type": "Polygon", "coordinates": [[[69.31376363681692, 22.2327234061013], [69.31331860344191, 22.231128421942387], [69.3133300145541, 22.230811535511435], [69.31328437010536, 22.230484085446907], [69.31323872565666, 22.230156634617497], [69.31322731454448, 22.22972355331355], [69.31320449232012, 22.229543982624406], [69.31311320342267, 22.22933272269566], [69.31307897008614, 22.22904752128685], [69.31303332563739, 22.228825697567785], [69.31303332563739, 22.228688377946746], [69.31301050341305, 22.22849824286482], [69.31330719232972, 22.228339796766242], [69.31396903683617, 22.22849824286482], [69.31402609239706, 22.228804571480993], [69.31442548132337, 22.229005269176948], [69.31442548132337, 22.229744679261852], [69.314402659099, 22.229955938569816], [69.31479063691312, 22.23010381989597], [69.31476781468875, 22.23054746293844], [69.31481345913747, 22.230938290169778], [69.3148020480253, 22.231318553457125], [69.31474499246441, 22.23149812187314], [69.31455100355734, 22.231899509265414], [69.31449394799644, 22.23216357929142], [69.31443689243555, 22.232501588198787], [69.31443689243555, 22.23253327649207], [69.31443689243555, 22.232660029593536], [69.31376363681692, 22.2327234061013]]]}, "properties": {"node": "mining", "role": "positive", "name": "Mining", "ts": "2026-07-27T18:11:35.409901+00:00"}}, {"type": "Feature", "geometry": {"type": "Polygon", "coordinates": [[[85.40380828990217, 21.969166144234613], [85.40319123350548, 21.968665425440932], [85.40302154299638, 21.968450831131833], [85.4028209996675, 21.96797872251059], [85.40289813171705, 21.96736354831631], [85.40385456913191, 21.967449386735918], [85.40491899141621, 21.96727770984483], [85.40615310420955, 21.967091726312], [85.40647705881783, 21.967034500560597], [85.40707868880456, 21.967091726312], [85.40791171494011, 21.967449386735918], [85.40817396390871, 21.96795010981645], [85.40826652236818, 21.968307768078986], [85.4077265980211, 21.968479443725112], [85.40758776033184, 21.9685795877562], [85.40809683185908, 21.968994469418494], [85.40851334492686, 21.968765569340885], [85.40876016748554, 21.96870834426384], [85.40888357876487, 21.969266287781533], [85.40982458976981, 21.96976700445695], [85.4098091633599, 21.970825656758972], [85.40896071081443, 21.97101163540252], [85.40857505056654, 21.97136928595556], [85.4077265980211, 21.971340673944464], [85.40703240957481, 21.971498039934172], [85.406631322917, 21.97109747161739], [85.40630736830872, 21.97051092311509], [85.4061222513897, 21.970167576526293], [85.40592170806082, 21.969852841424057], [85.4056440326823, 21.969509493244352], [85.40527379884429, 21.969223369127217], [85.40380828990217, 21.969166144234613]]]}, "properties": {"node": "mining", "role": "positive", "name": "Mining", "ts": "2026-07-27T18:11:35.410037+00:00"}}, {"type": "Feature", "geometry": {"type": "Polygon", "coordinates": [[[86.35142099999996, 23.742794958242847], [86.35258199999994, 23.742664958242795], [86.35348399999997, 23.742589958242718], [86.35397599999995, 23.74212595824248], [86.35494599999997, 23.74112295824192], [86.35541899999997, 23.740881958241797], [86.35603399999991, 23.740167958241393], [86.35639399999995, 23.739489958240974], [86.35652100000003, 23.738838958240663], [86.35661899999998, 23.738517958240447], [86.35643299999995, 23.738141958240256], [86.35592099999998, 23.737441958239913], [86.35566299999998, 23.737013958239643], [86.35489299999993, 23.73741495823988], [86.35421999999991, 23.73809295824025], [86.35337599999998, 23.738462958240422], [86.35189399999996, 23.738725958240586], [86.35157299999995, 23.73887695824069], [86.3509579999999, 23.73919095824086], [86.35106499999996, 23.739716958241182], [86.35049899999999, 23.74007395824136], [86.35097199999993, 23.74063595824165], [86.35116699999996, 23.740617958241664], [86.35049899999996, 23.741364958242055], [86.34989499999995, 23.741743958242267], [86.35044099999998, 23.74217595824254], [86.350953, 23.742554958242692], [86.34971899999996, 23.743082958242997], [86.35013899999998, 23.743506958243252], [86.35142099999996, 23.742794958242847]]]}, "properties": {"node": "mining", "role": "positive", "name": "Mining", "ts": "2026-07-27T18:11:35.410169+00:00"}}, {"type": "Feature", "geometry": {"type": "Polygon", "coordinates": [[[73.84236228638746, 26.558463385254335], [73.84158688025079, 26.557064838090756], [73.84123095612246, 26.557098949200192], [73.84084960884212, 26.55641672508278], [73.84130722557853, 26.556177945682474], [73.84153603394671, 26.55670098562513], [73.84190466965106, 26.55711031956776], [73.84252753687562, 26.557599244305827], [73.84265465263573, 26.55822461011727], [73.84236228638746, 26.558463385254335]]]}, "properties": {"node": "mining", "role": "positive", "name": "Mining", "ts": "2026-07-27T18:11:35.410274+00:00"}}, {"type": "Feature", "geometry": {"type": "Polygon", "coordinates": [[[68.79459973422975, 23.819084943843308], [68.79432686823417, 23.818496541458156], [68.79413196395161, 23.818193424036902], [68.79410272830921, 23.818157763117274], [68.79401502138208, 23.817997288857704], [68.79397604052556, 23.817703085533193], [68.79368368410172, 23.817141422789206], [68.7936154676028, 23.81657975761484], [68.79350827024741, 23.815857613105283], [68.79491158108186, 23.81509980281861], [68.795301389647, 23.81559015115632], [68.79539884178827, 23.816642164976447], [68.79543782264477, 23.81695420133445], [68.79552552957193, 23.81722166047285], [68.79573017906861, 23.817542610711477], [68.79592508335116, 23.817703085533193], [68.79598355463595, 23.818077526012285], [68.79595431899357, 23.818639184705564], [68.79598355463595, 23.818942301085794], [68.79562298171321, 23.819058198338215], [68.79505775929378, 23.819272162224635], [68.79459973422975, 23.819084943843308]]]}, "properties": {"node": "mining", "role": "positive", "name": "Mining", "ts": "2026-07-27T18:11:35.410399+00:00"}}, {"type": "Feature", "geometry": {"type": "Polygon", "coordinates": [[[79.84670099999994, 18.4536119579626], [79.85306021954219, 18.45877310117504], [79.86533960196572, 18.450597862305113], [79.8654540061498, 18.448499729388267], [79.86097699999998, 18.448283957965206], [79.859766, 18.446583957966034], [79.858001, 18.446542957966063], [79.85456800000001, 18.44682495796588], [79.853139, 18.446635957966027], [79.85119299999997, 18.44890995796492], [79.84670099999994, 18.4536119579626]]]}, "properties": {"node": "mining", "role": "positive", "name": "Mining", "ts": "2026-07-27T18:11:35.410511+00:00"}}, {"type": "Feature", "geometry": {"type": "Polygon", "coordinates": [[[74.15833454803445, 15.283321874669193], [74.15703796728167, 15.282880441455736], [74.15650408108935, 15.282512579734638], [74.15577952125689, 15.28186882016984], [74.15549351079672, 15.28133541789043], [74.15520750033654, 15.279827169620667], [74.15551257816072, 15.27925697537619], [74.15642781163329, 15.27866838614303], [74.15699983255364, 15.277859073250507], [74.15713330410172, 15.277730318638785], [74.15730491037783, 15.277546383342088], [74.15795320075424, 15.277270480094625], [74.15923071414299, 15.277527989803545], [74.16014594761556, 15.277638351010603], [74.16067983380789, 15.277472809178247], [74.16125185472823, 15.277675138066714], [74.16146159573238, 15.277840679739386], [74.16155693255243, 15.278208549655353], [74.16157599991645, 15.278300517033538], [74.1614997304604, 15.278852320455822], [74.16130905682027, 15.279643236162789], [74.16159506728044, 15.28026860926141], [74.16207175138075, 15.280360575736282], [74.16237682920494, 15.280820407505692], [74.16231962711291, 15.281004339931142], [74.16231962711291, 15.28120666541282], [74.16201454928871, 15.2818320338493], [74.16161413464448, 15.282034358532409], [74.16130905682027, 15.281850427010372], [74.16128998945626, 15.2818320338493], [74.16085144008402, 15.281500956674059], [74.16058449698784, 15.281592922608503], [74.1601650149796, 15.282347041749588], [74.15993620661145, 15.282696510675853], [74.15944045514712, 15.283064372074284], [74.15833454803445, 15.283321874669193]]]}, "properties": {"node": "mining", "role": "positive", "name": "Mining", "ts": "2026-07-27T18:11:35.410815+00:00"}}, {"type": "Feature", "geometry": {"type": "Polygon", "coordinates": [[[72.99871932188223, 27.89643212228038], [72.99954540025043, 27.896403303181582], [72.99995843943454, 27.89617275011498], [73.00028452300091, 27.89552912020475], [73.00080625670714, 27.89548108796842], [73.00123016534346, 27.896239994810138], [73.00180624631076, 27.896864407841395], [73.00255623851345, 27.896777950867325], [73.00315405838516, 27.89643212228038], [73.00319753619404, 27.89597101577883], [73.00300188605416, 27.89525053293733], [73.00278449700993, 27.89454925836568], [73.0023388494692, 27.894184209530213], [73.00144755438772, 27.893396468374636], [73.00058886766288, 27.892474227542074], [72.99949105298936, 27.891926643330088], [72.99774107118304, 27.891859395955187], [72.99741498761665, 27.892358946885537], [72.99676282048387, 27.893098662298097], [72.99652369253519, 27.893819159463565], [72.99659977870068, 27.89475099535183], [72.99744759597331, 27.895682823217758], [72.99875193023887, 27.896384090444798], [72.99871932188223, 27.89643212228038]]]}, "properties": {"node": "mining", "role": "positive", "name": "Mining", "ts": "2026-07-27T18:11:35.410958+00:00"}}, {"type": "Feature", "geometry": {"type": "Polygon", "coordinates": [[[79.73343157773239, 21.669698009232434], [79.73237333902973, 21.66907338369377], [79.73194432333946, 21.668475335429907], [79.73184421967842, 21.668023475096774], [79.7316583128793, 21.667545033200863], [79.73194432333946, 21.66685394766013], [79.73208732856953, 21.66666788560257], [79.73245914216777, 21.66693368846845], [79.7326593494899, 21.667332391848735], [79.7326593494899, 21.667584903419485], [79.73268795053593, 21.668382305477063], [79.73285955681203, 21.668648105183106], [79.73377479028458, 21.669166413200788], [79.73373188871555, 21.669658139598035], [79.73363178505451, 21.66972458898257], [79.73343157773239, 21.669698009232434]]]}, "properties": {"node": "mining", "role": "positive", "name": "Mining", "ts": "2026-07-27T18:11:35.411068+00:00"}}, {"type": "Feature", "geometry": {"type": "Polygon", "coordinates": [[[85.4776316740436, 23.740509878556434], [85.47658556897375, 23.73967506102288], [85.47638439492184, 23.73933131107183], [85.4762100440769, 23.739036667534734], [85.47646486454262, 23.738373717139925], [85.47675991981872, 23.73830005577671], [85.47781943649203, 23.738165009835974], [85.47859730949266, 23.73787036366125], [85.47937518249333, 23.737735317275146], [85.48007258587322, 23.73745294710641], [85.48102480971883, 23.737195130330953], [85.48168197828835, 23.737047806230212], [85.48184291752987, 23.736949590070505], [85.48203067997828, 23.736851373836764], [85.48221844242673, 23.736826819766755], [85.48221844242673, 23.736765434571495], [85.48250008609936, 23.73621296651285], [85.4827280833582, 23.735906038801417], [85.48361324918649, 23.735562278906293], [85.4845788846356, 23.735329012746686], [85.48504829075668, 23.735390398618648], [85.4852762880155, 23.73634801447684], [85.4851689951878, 23.73669177229902], [85.48491417472206, 23.737072360258555], [85.48475323548057, 23.73737928522262], [85.48492758632553, 23.737673932507903], [85.48539699244661, 23.738864791830373], [85.48597369139539, 23.739576846843697], [85.48712708929288, 23.740178407529047], [85.48815978275925, 23.741123711565223], [85.48877671651839, 23.741737541681616], [85.48951435470869, 23.74226543326835], [85.48978258677788, 23.74219177410561], [85.49035928572661, 23.742204050635618], [85.49084210345114, 23.742916087396974], [85.49062751779583, 23.743210722159706], [85.48974235196751, 23.74376316054355], [85.48944729669141, 23.74377543692548], [85.48846824963884, 23.743554461873924], [85.48767696503475, 23.74360356747333], [85.4871270892929, 23.744033240678473], [85.48689909203408, 23.744647057084194], [85.487247793724, 23.745653709727403], [85.48740873296552, 23.74609565233256], [85.48723438212055, 23.746586697912775], [85.48710026608596, 23.746967256963984], [85.48696615005136, 23.747323262811612], [85.48648333232681, 23.747568783518815], [85.48582616375731, 23.747617887604715], [85.48491417472204, 23.746770839528025], [85.48475323548055, 23.746684906806642], [85.48376077682455, 23.74643938443311], [85.48338525192767, 23.7467340112258], [85.4827146717547, 23.747335538857964], [85.48267443694434, 23.747360090947193], [85.48186974073674, 23.747004085200256], [85.48152103904681, 23.7467340112258], [85.4811589257534, 23.746463936691285], [85.48099798651188, 23.746071100004954], [85.48111869094303, 23.745653709727403], [85.481293041788, 23.74544501408701], [85.48203067997828, 23.744917135386295], [85.48229891204745, 23.744708438565667], [85.48256714411664, 23.744462912466204], [85.48294266901351, 23.74418055687966], [85.48306337344466, 23.743984135241053], [85.48288902259968, 23.7433089335992], [85.48282196458236, 23.743149339972437], [85.48282196458236, 23.743149339972437], [85.48251349770281, 23.74307568130952], [85.48223185403018, 23.742731940331826], [85.48196362196099, 23.742560069502822], [85.48105163292573, 23.74226543326836], [85.48056881520117, 23.74193396670799], [85.48048834558043, 23.74179892453418], [85.48038105275276, 23.741700711956206], [85.47965682616592, 23.74181120110122], [85.47916059683794, 23.741663882220376], [85.47878507194106, 23.741442903586726], [85.47869119071686, 23.741393797172787], [85.4776316740436, 23.740509878556434]]]}, "properties": {"node": "mining", "role": "positive", "name": "Mining", "ts": "2026-07-27T18:11:35.411225+00:00"}}, {"type": "Feature", "geometry": {"type": "Polygon", "coordinates": [[[79.73255924582884, 21.6656312497449], [79.73152960817222, 21.665179380500827], [79.7315010071262, 21.664980025972504], [79.73148670660318, 21.664661058154078], [79.73144380503415, 21.664235766632252], [79.73152960817222, 21.663943377983596], [79.7316583128793, 21.66367756960687], [79.73188712124742, 21.663345308447134], [79.73208732856953, 21.663172532341605], [79.73240194007573, 21.662959884543024], [79.73278805419696, 21.66297317503962], [79.7331455672722, 21.663013046522057], [79.73348877982438, 21.663145951383925], [79.73376048976158, 21.66347821300287], [79.7336460855775, 21.664195895487797], [79.73280235472, 21.66383705469169], [79.73268795053592, 21.663690860037335], [79.73244484164478, 21.66391679716797], [79.73244484164478, 21.66428892814106], [79.73263074844388, 21.664541445040307], [79.73261644792088, 21.664860413123254], [79.73255924582884, 21.6656312497449]]]}, "properties": {"node": "mining", "role": "positive", "name": "Mining", "ts": "2026-07-27T18:11:35.411357+00:00"}}, {"type": "Feature", "geometry": {"type": "Polygon", "coordinates": [[[81.76596205286542, 21.49683299272316], [81.76476080893268, 21.495183070674504], [81.76504681939286, 21.492761377007845], [81.76504681939286, 21.492069457128522], [81.76521842566895, 21.490978346018576], [81.76310194826367, 21.490552544341735], [81.76293034198756, 21.48962109883009], [81.76250132629728, 21.48789125563502], [81.76261573048136, 21.48674688652945], [81.76324495349375, 21.485522667757987], [81.76553303717513, 21.484537962578965], [81.76925117315743, 21.48288790113014], [81.77116744324063, 21.482142705958292], [81.7724544903114, 21.482195934311353], [81.77382734052026, 21.482701602694775], [81.77565780746535, 21.483952459044417], [81.77631563152377, 21.485017009173774], [81.77814609846891, 21.491058183694285], [81.77674464721402, 21.49204284475977], [81.77479977608483, 21.493320232969964], [81.77282630390964, 21.493958922869773], [81.77102443801051, 21.495103235262068], [81.77042381604416, 21.495582247079582], [81.76596205286542, 21.49683299272316]]]}, "properties": {"node": "mining", "role": "positive", "name": "Mining", "ts": "2026-07-27T18:11:35.411486+00:00"}}, {"type": "Feature", "geometry": {"type": "Polygon", "coordinates": [[[73.80479576580072, 26.507900187928282], [73.80409662912008, 26.506734219502167], [73.80396951335997, 26.50622801489169], [73.8036962144757, 26.50557961471671], [73.80370257026372, 26.505556863766923], [73.80379155129582, 26.505454484437134], [73.80393137863196, 26.505511361853838], [73.80403307124004, 26.505232662242953], [73.80516440150505, 26.504919835343816], [73.80555846036141, 26.505238349996873], [73.80560295087746, 26.505517049593962], [73.80646098225822, 26.507149419371576], [73.80479576580072, 26.507900187928282]]]}, "properties": {"node": "mining", "role": "positive", "name": "Mining", "ts": "2026-07-27T18:11:35.411642+00:00"}}, {"type": "Feature", "geometry": {"type": "Polygon", "coordinates": [[[73.83622656732949, 24.492088126744274], [73.83536218016094, 24.490885072945062], [73.83398932995212, 24.490607443511053], [73.833785944736, 24.490468628564255], [73.83271817235133, 24.48908047067024], [73.83276901865536, 24.488478930825234], [73.83327748169567, 24.48806247847819], [73.833785944736, 24.487692297456718], [73.8339384836481, 24.48764602475244], [73.83510794864078, 24.487877388103616], [73.83566725798514, 24.48801620591007], [73.83617572102547, 24.488201296080387], [73.83668418406577, 24.488664020314697], [73.837040108194, 24.49005218280463], [73.83622656732949, 24.49190304229341], [73.83622656732949, 24.49190304229341], [73.83622656732949, 24.492088126744274]]]}, "properties": {"node": "mining", "role": "positive", "name": "Mining", "ts": "2026-07-27T18:11:35.411912+00:00"}}, {"type": "Feature", "geometry": {"type": "Polygon", "coordinates": [[[79.95304619092543, 29.907561561898095], [79.95243982204634, 29.90742640255428], [79.95243982204634, 29.90742640255428], [79.95237052274588, 29.906930816724504], [79.9521453000194, 29.906750603084184], [79.95193740211799, 29.906480282012414], [79.95150428149006, 29.906465264153578], [79.95119243463796, 29.906615442639993], [79.95100186156168, 29.90658540696083], [79.95082861331053, 29.90622497810438], [79.95084593813564, 29.90620996020706], [79.9512444091133, 29.90592461972781], [79.95108848568727, 29.905609242457743], [79.95096721191145, 29.90536895434371], [79.95079396366027, 29.905083611455506], [79.95079396366027, 29.904828303968], [79.95063804023424, 29.904302668845254], [79.9504821168082, 29.90358179330991], [79.9504821168082, 29.903266408622937], [79.95058606575887, 29.902890949360515], [79.95084593813564, 29.902560544039112], [79.950897912611, 29.902305230085748], [79.95077663883518, 29.90218508211659], [79.95075931401006, 29.902155045101658], [79.95112313533748, 29.901839655898176], [79.95167752974123, 29.90179460021618], [79.95216262484449, 29.901839655898176], [79.95230122344543, 29.902140026590796], [79.95243982204634, 29.902335267055395], [79.9524744716966, 29.902395340967537], [79.95280364337381, 29.903026114858], [79.95366988462963, 29.903491683501215], [79.95380848323055, 29.90358179330991], [79.95438020245942, 29.9039422317296], [79.95476134861195, 29.904107432236156], [79.95493459686314, 29.904242596083208], [79.9553157430157, 29.904813285860133], [79.9551944692399, 29.90563927843123], [79.95514249476453, 29.905744404267164], [79.95484797273755, 29.906420210563503], [79.95477867343709, 29.906615442639993], [79.95472669896174, 29.907050958970263], [79.95477867343709, 29.90742640255428], [79.954466826585, 29.907516508803877], [79.95413765490775, 29.907636650343214], [79.95389510735613, 29.907711738731717], [79.95349663637846, 29.907666685705404], [79.9532194391766, 29.907651668025427], [79.95304619092543, 29.907561561898095]]]}, "properties": {"node": "mining", "role": "positive", "name": "Mining", "ts": "2026-07-27T18:11:35.412077+00:00"}}, {"type": "Feature", "geometry": {"type": "Polygon", "coordinates": [[[79.72506577177222, 21.684401178556932], [79.7240933362076, 21.68442775559603], [79.7232925069191, 21.68408225370549], [79.72287779175187, 21.683524133516958], [79.72287779175187, 21.682819835908248], [79.72309229959698, 21.682354731826642], [79.72340691110318, 21.681597273395038], [79.72363571947133, 21.681411230364223], [79.72417913934565, 21.681597273395038], [79.72442224823683, 21.682314865692664], [79.72457955398991, 21.682753392559924], [79.72506577177222, 21.684401178556932]]]}, "properties": {"node": "mining", "role": "positive", "name": "Mining", "ts": "2026-07-27T18:11:35.412197+00:00"}}, {"type": "Feature", "geometry": {"type": "Polygon", "coordinates": [[[80.69023699999997, 17.65305695842782], [80.69288799999991, 17.657525958424795], [80.69772399999994, 17.662426958421534], [80.70451199999995, 17.651942958428602], [80.69655599999999, 17.64949195843022], [80.69452699999992, 17.643550958434204], [80.68696099999997, 17.647263958431633], [80.69023699999997, 17.65305695842782]]]}, "properties": {"node": "mining", "role": "positive", "name": "Mining", "ts": "2026-07-27T18:11:35.412314+00:00"}}, {"type": "Feature", "geometry": {"type": "Polygon", "coordinates": [[[74.22485104738945, 15.357436806349961], [74.22475571056938, 15.357170201720509], [74.22470327531833, 15.357027706002988], [74.22457933745227, 15.356866823624289], [74.2244553995862, 15.356733520987945], [74.22432192803812, 15.356604814913432], [74.22421705753605, 15.356494495357781], [74.22407881914697, 15.356356595831194], [74.22393581391688, 15.356237082834422], [74.22386907814284, 15.356154343027324], [74.22381664289182, 15.356085393163008], [74.22387384498384, 15.355938300042972], [74.2239930160089, 15.355777416824196], [74.22418845649004, 15.355754433497106], [74.22434099540213, 15.355892333421693], [74.2244601664272, 15.355993459975142], [74.22459363797529, 15.356158939684134], [74.22472710952337, 15.35626925941721], [74.22500835314253, 15.356342805873526], [74.22511799048561, 15.356338209220768], [74.2252657625567, 15.356283049379751], [74.22532773148974, 15.356264662762827], [74.22545643619681, 15.356218696213464], [74.2255708403809, 15.35618192296667], [74.22582348295403, 15.35606700652867], [74.2260618250042, 15.355975073332706], [74.22610949341423, 15.355924510057658], [74.22620006339328, 15.355841770126595], [74.22627633284932, 15.355717660168484], [74.22634783546437, 15.355584356797909], [74.2264050375564, 15.355455650014472], [74.22647177333045, 15.355345329851193], [74.22652420858145, 15.355267186366909], [74.22658141067349, 15.355133882708516], [74.22681021904165, 15.355313153125909], [74.2270723952968, 15.3553958932666], [74.22724876841392, 15.355441859997248], [74.22725830209592, 15.355441859997248], [74.22727736945993, 15.355372909897476], [74.22719156632186, 15.355184446175175], [74.22711529686585, 15.35503735241997], [74.22709622950183, 15.354867275136247], [74.22711529686585, 15.354697197713902], [74.22726783577792, 15.35454091023059], [74.22737270628, 15.354425992888773], [74.22757291360212, 15.354320268878407], [74.2279027789995, 15.354383703291052], [74.22817925577766, 15.35450321734945], [74.22834132837176, 15.354705471753874], [74.22875127669802, 15.355054819808826], [74.22902775347619, 15.355174333482822], [74.22910402293223, 15.35504562644645], [74.22918029238826, 15.35492611269874], [74.22931376393635, 15.354558377661007], [74.22929469657235, 15.354374509899108], [74.22926609552634, 15.354199835375224], [74.22940910075643, 15.354034354112468], [74.22948537021249, 15.354015967297398], [74.2296951112166, 15.354218222174103], [74.22994298694876, 15.354650311481203], [74.23028619950097, 15.35485256574304], [74.23049594050508, 15.354935306066379], [74.23066754678119, 15.354880145854473], [74.23078195096528, 15.354898532593394], [74.23104889406143, 15.3551559467682], [74.23106796142542, 15.355597227471886], [74.23093448987737, 15.355652387494219], [74.23059127732515, 15.35606608719692], [74.23044827209507, 15.356194793603786], [74.23025759845495, 15.356461399479722], [74.22999065535879, 15.35670961843726], [74.23030526686497, 15.357022190037764], [74.23062941205318, 15.357206055466367], [74.23078195096528, 15.357288794856368], [74.23090588883134, 15.357371534213557], [74.23095355724138, 15.357481853305417], [74.23094402355936, 15.357684104822331], [74.23085822042133, 15.357794423748894], [74.23043873841306, 15.358401176802234], [74.23021946372694, 15.358585041015429], [74.2296951112166, 15.358612620633428], [74.22979044803667, 15.358180539532487], [74.22979044803667, 15.358171346307854], [74.2298285827647, 15.35814376663151], [74.22983811644669, 15.358042641120388], [74.22983811644669, 15.357932322325075], [74.22983811644669, 15.357923129089501], [74.22983811644669, 15.357794423748894], [74.22981904908266, 15.35759217233895], [74.2296951112166, 15.357408307250656], [74.22968557753461, 15.357389920732912], [74.22960930807855, 15.357399113991987], [74.22940910075643, 15.357720877804327], [74.22940910075643, 15.35773926429291], [74.2293423649824, 15.358254085314998], [74.22912309029626, 15.358290858196538], [74.2288942819281, 15.35803344788968], [74.22871314197002, 15.357923129089501], [74.22855106937591, 15.357831196711459], [74.22839853046382, 15.357702491314138], [74.22839853046382, 15.357702491314138], [74.22824599155172, 15.357628945337158], [74.2279027789995, 15.357518626323081], [74.22767397063137, 15.357288794856368], [74.22759770117531, 15.357114122772327], [74.22754049908328, 15.356967030377595], [74.22752143171928, 15.35684751773051], [74.22743562858122, 15.357003803486], [74.22717821916704, 15.35692106398297], [74.22704474761898, 15.35681993787915], [74.22701614657295, 15.356792358024148], [74.22686360766087, 15.356746391591034], [74.2266061982467, 15.356700425147798], [74.22652039510866, 15.35670961843726], [74.22631065410452, 15.35692106398297], [74.2262534520125, 15.356967030377595], [74.2261104467824, 15.35709573622865], [74.22602464364437, 15.35721524873354], [74.22589879904189, 15.35730442340413], [74.22573672644776, 15.357437725675679], [74.22557465385368, 15.357511271720067], [74.22535061232654, 15.357483691956462], [74.22506936870735, 15.357511271720067], [74.22485104738945, 15.357436806349961]]]}, "properties": {"node": "mining", "role": "positive", "name": "Mining", "ts": "2026-07-27T18:11:35.412491+00:00"}}, {"type": "Feature", "geometry": {"type": "Polygon", "coordinates": [[[84.97969083105991, 20.908459647207096], [84.97644393235005, 20.90527229185774], [84.97611373926088, 20.90311307717202], [84.97605870707939, 20.90259897385656], [84.97600367489787, 20.902187689935726], [84.9758936105348, 20.9014165295452], [84.9758936105348, 20.90033689833935], [84.9758936105348, 20.898588907535228], [84.97611373926088, 20.896378184121797], [84.97633386798698, 20.894681560345195], [84.97837005870333, 20.894630147204076], [84.98007605633056, 20.894475907675012], [84.9801310885121, 20.89283067616922], [84.98029618505666, 20.890362795098053], [84.97655399671306, 20.891288255254423], [84.97484799908587, 20.88789487345537], [84.9736923232739, 20.887072223892595], [84.97303193709561, 20.88635240182772], [84.97237155091734, 20.885786824927276], [84.9801310885121, 20.88244473612125], [84.98161695741321, 20.87905115446355], [84.98932146282644, 20.877457172978215], [84.99278849026238, 20.873292173781113], [84.99152275008734, 20.872777968342167], [84.98888120537426, 20.87030975774074], [84.98579940320896, 20.86372766462006], [84.99229320062868, 20.86141357903121], [84.99994267386037, 20.86239064173568], [85.0005480278571, 20.863213426456383], [85.00098828530929, 20.864241901024673], [85.00175873585063, 20.86599029164191], [85.00280434729956, 20.86861283943582], [85.00362983002242, 20.872932230158618], [85.0035747978409, 20.87385779773145], [85.0016486714876, 20.878896898930012], [84.99790648314402, 20.882033396973878], [84.99708100042119, 20.887740627005687], [84.99708100042119, 20.8938075345508], [84.9966957751505, 20.898845966283524], [84.9966957751505, 20.89910302459146], [84.98189211832083, 20.899771374131078], [84.97969083105991, 20.908459647207096]]]}, "properties": {"node": "mining", "role": "positive", "name": "Mining", "ts": "2026-07-27T18:11:35.412618+00:00"}}, {"type": "Feature", "geometry": {"type": "Polygon", "coordinates": [[[70.02956843997302, 21.815034270510356], [70.02970537331919, 21.814562839244015], [70.02940868440253, 21.81446749340588], [70.02907205659321, 21.814356256514454], [70.02867266766692, 21.81436155351125], [70.0283873898624, 21.81441452346836], [70.02825045651625, 21.814250316537496], [70.02851861765247, 21.814049030365275], [70.02850150098422, 21.813958981196595], [70.02846726764767, 21.813932496136207], [70.02835886208197, 21.813831852862016], [70.02825616207234, 21.81370472441454], [70.02827327874061, 21.81363056610138], [70.02837027319416, 21.813492843417865], [70.02845015097941, 21.813492843417865], [70.02855855654512, 21.81368353632899], [70.02858708432555, 21.81374710057625], [70.02870119544735, 21.813789476725407], [70.02890659546661, 21.813943090160947], [70.02898076769576, 21.813943090160947], [70.02908346770538, 21.81382125882904], [70.02908917326147, 21.81374710057625], [70.02908346770538, 21.813672942285038], [70.02908346770538, 21.81357759585417], [70.02908346770538, 21.81354581369644], [70.02906635103713, 21.813482249359794], [70.02906064548104, 21.81338160576906], [70.02918046215893, 21.813296853216723], [70.02930027883681, 21.813312744324104], [70.02938015662205, 21.813376308736014], [70.02945432885124, 21.81336571466932], [70.0295285010804, 21.813312744324104], [70.0295855566413, 21.813265070996653], [70.02979095666053, 21.813227991731004], [70.02987083444582, 21.813249179883986], [70.02996212334324, 21.813402793899314], [70.03008194002113, 21.813280962107566], [70.03014470113813, 21.81316972429413], [70.03029304559645, 21.813074377528096], [70.03046421227916, 21.813127347961515], [70.03056120673268, 21.813227991731004], [70.03056120673268, 21.813227991731004], [70.0306182622936, 21.8134292790577], [70.03069814007885, 21.813529922614922], [70.03092636232246, 21.81365705121763], [70.03100053455162, 21.813641160148464], [70.03105188455643, 21.81354581369644], [70.03100624010771, 21.8134292790577], [70.03108041233688, 21.813318041359516], [70.03108611789297, 21.8132121006142], [70.03122305123911, 21.813042595258644], [70.03127440124393, 21.812963139554125], [70.03139421792183, 21.81291546611025], [70.031405629034, 21.81291546611025], [70.03154826793626, 21.81292076316036], [70.03169090683849, 21.813037298213043], [70.03161673460934, 21.8131061597905], [70.03155397349235, 21.81320680357489], [70.03154826793626, 21.813302150252714], [70.0315825012728, 21.813498140446605], [70.03173655128722, 21.813328635429738], [70.03174796239941, 21.813265070996653], [70.0317993124042, 21.813243882846027], [70.03183925129683, 21.81323328876954], [70.03193054019428, 21.813227991731004], [70.03215305688177, 21.81314323908772], [70.03244974579847, 21.81314323908772], [70.03250680135938, 21.813159130212156], [70.03259238470072, 21.813217397653336], [70.03265514581769, 21.813302150252714], [70.03265514581769, 21.813302150252714], [70.03261520692507, 21.813514031531646], [70.03261520692507, 21.81360937800485], [70.032421218018, 21.81385304092562], [70.03230710689623, 21.81391130808436], [70.03221011244268, 21.813996060272913], [70.03206176798435, 21.814245019536596], [70.03187348463338, 21.81443041445168], [70.03169090683849, 21.814313880533085], [70.03155967904843, 21.814292692537695], [70.03141133459009, 21.81417615850698], [70.03127440124393, 21.814186752513688], [70.03116599567822, 21.814446305433226], [70.03109752900514, 21.814509869341784], [70.03096630121507, 21.814631700087617], [70.03088642342982, 21.814689966929404], [70.03081225120066, 21.81470585788214], [70.0307152567471, 21.81471115486599], [70.03068672896666, 21.81470585788214], [70.03062967340577, 21.81477471865693], [70.03068672896666, 21.81484357939861], [70.03059544006922, 21.81492833103519], [70.03036721782563, 21.814848876377372], [70.0302074622551, 21.814679372959933], [70.03019034558686, 21.814610512139264], [70.02989936222625, 21.814515166332885], [70.02985371777753, 21.814509869341784], [70.02983089555318, 21.81454165128547], [70.02981377888491, 21.814573433222108], [70.02956843997302, 21.815034270510356]]]}, "properties": {"node": "mining", "role": "positive", "name": "Mining", "ts": "2026-07-27T18:11:35.412849+00:00"}}, {"type": "Feature", "geometry": {"type": "Polygon", "coordinates": [[[84.61487782200867, 23.54933537532239], [84.61453111926508, 23.547163532128412], [84.61510895717107, 23.5468854276648], [84.61551344370525, 23.547282719575595], [84.61655355193602, 23.546911913829543], [84.61742030879502, 23.5487262034128], [84.61655355193602, 23.549110246902025], [84.61658244383133, 23.549891573296314], [84.61704471415612, 23.55059343880969], [84.61737697095207, 23.550672895046777], [84.61766588990507, 23.550686137748283], [84.61794036291042, 23.550699380448467], [84.61807037643926, 23.550752351235833], [84.61890824140293, 23.55133502848808], [84.61990501179078, 23.552579830328423], [84.61994834963373, 23.552990347499364], [84.62028060642967, 23.553506802764222], [84.61978944420957, 23.554142437227462], [84.62013614695319, 23.55465888796533], [84.62013614695319, 23.554751584036797], [84.61934161983241, 23.555413696931687], [84.61883601166468, 23.554407284013212], [84.61922605225124, 23.55403649836373], [84.61919716035594, 23.553771650830818], [84.61879267382174, 23.5538246203801], [84.61830151160164, 23.553414105814834], [84.61807037643926, 23.55330816636405], [84.61746364663796, 23.55431458769891], [84.61603349782061, 23.55411595251953], [84.61614906540181, 23.55310952966368], [84.6163657546166, 23.552579830328423], [84.61648132219777, 23.552209039523618], [84.61649576814543, 23.551745549546716], [84.6163657546166, 23.55133502848808], [84.61630797082597, 23.55117611676634], [84.61642353840718, 23.551017204852492], [84.61616351134948, 23.550461011641165], [84.61584570050118, 23.549944544409186], [84.61571568697234, 23.54978563100652], [84.61487782200867, 23.54933537532239]]]}, "properties": {"node": "mining", "role": "positive", "name": "Mining", "ts": "2026-07-27T18:11:35.413034+00:00"}}, {"type": "Feature", "geometry": {"type": "Polygon", "coordinates": [[[79.82061099999991, 16.65803295920471], [79.81807499999995, 16.652525959209633], [79.81360899999999, 16.65276895920939], [79.81292699999997, 16.654187959208134], [79.81440899999993, 16.659133959203714], [79.82061099999991, 16.65803295920471]]]}, "properties": {"node": "mining", "role": "positive", "name": "Mining", "ts": "2026-07-27T18:11:35.413181+00:00"}}, {"type": "Feature", "geometry": {"type": "Polygon", "coordinates": [[[76.85255260620309, 15.054889809543642], [76.85227612942492, 15.054880603081886], [76.85088421185205, 15.054641234936469], [76.85078887503202, 15.053775824782033], [76.8517613105966, 15.052643421078635], [76.85681416205968, 15.05182403578382], [76.85691903256178, 15.054484724849809], [76.85255260620309, 15.054889809543642]]]}, "properties": {"node": "mining", "role": "positive", "name": "Mining", "ts": "2026-07-27T18:11:35.413310+00:00"}}, {"type": "Feature", "geometry": {"type": "Polygon", "coordinates": [[[69.24340328967129, 22.13203170594323], [69.24311801186681, 22.132021135622455], [69.24279850072578, 22.13186258071569], [69.24263874515523, 22.13149261857257], [69.24244475624818, 22.131080373897234], [69.2422051228924, 22.13077383220281], [69.24207960065843, 22.130604705465203], [69.24205677843408, 22.13037215586949], [69.24202254509754, 22.13024531047368], [69.24190843397574, 22.129949337439328], [69.2418742006392, 22.12978020971198], [69.241862789527, 22.129357389505376], [69.241862789527, 22.129304536890334], [69.24183996730267, 22.129103696772358], [69.24177150062957, 22.1286703039634], [69.24174867840522, 22.128437751174875], [69.24162315617124, 22.128110062503236], [69.24156610061034, 22.127962073821084], [69.24155468949817, 22.127676666637996], [69.2416345672834, 22.127518106842043], [69.24211383399498, 22.127454682873704], [69.24238770068729, 22.12741240021229], [69.24275285627705, 22.127422970878833], [69.2436315119149, 22.127866938157617], [69.2437456230367, 22.12790922068264], [69.24419065641173, 22.12818405678602], [69.24453298977711, 22.1284483217645], [69.24501225648868, 22.12861745109062], [69.2457882121169, 22.128839433023064], [69.2458452676778, 22.128871144699147], [69.24579962322909, 22.129272825311794], [69.24567410099512, 22.129759068731783], [69.24566268988293, 22.13001276028475], [69.2456284565464, 22.13021359910688], [69.24559422320985, 22.130425008084035], [69.24558281209765, 22.130530712453663], [69.24544587875151, 22.13083725467707], [69.24542305652714, 22.131006381135503], [69.24540023430279, 22.131101514679155], [69.24540023430279, 22.131323492697845], [69.24540023430279, 22.13140805566059], [69.24540023430279, 22.13142919639335], [69.24540023430279, 22.131513759292638], [69.24542305652714, 22.131746307003972], [69.24542305652714, 22.131830869712925], [69.24542305652714, 22.131830869712925], [69.24542305652714, 22.131852010382218], [69.24542305652714, 22.131968284006696], [69.24546870097588, 22.13231710430431], [69.24540023430279, 22.132528510124942], [69.24520624539574, 22.13273991562831], [69.24471556757199, 22.132835048001326], [69.24436182309442, 22.132993601813585], [69.24429335642134, 22.133014742308397], [69.24406513417775, 22.132930180310087], [69.24389396749504, 22.132771626426457], [69.24354022301748, 22.132708204823025], [69.24341470078349, 22.132454518123804], [69.24340328967129, 22.13203170594323]]]}, "properties": {"node": "mining", "role": "positive", "name": "Mining", "ts": "2026-07-27T18:11:35.413470+00:00"}}, {"type": "Feature", "geometry": {"type": "Polygon", "coordinates": [[[81.16305152613307, 24.586484263248412], [81.16404302906166, 24.586388900869412], [81.16410499799471, 24.586094143966086], [81.16437670793186, 24.586046462637114], [81.16460074945901, 24.58758092538714], [81.16607847016992, 24.58744221766301], [81.16626914381004, 24.587663283025645], [81.166853558517, 24.587474293837875], [81.16731117525327, 24.58732691675039], [81.16768298885151, 24.58725756276684], [81.16813107190579, 24.58719687799973], [81.16831221186389, 24.58725756276684], [81.16891283383028, 24.58750030154119], [81.16917024324445, 24.587456955365997], [81.16932278215654, 24.587318247504548], [81.16939905161256, 24.587049500585735], [81.16924651270048, 24.58690212299827], [81.16918931060846, 24.586884784447175], [81.16897003592231, 24.58663337518638], [81.16891283383028, 24.58638196542082], [81.16866495809813, 24.586191240434392], [81.16858868864206, 24.58619990975826], [81.16769252253353, 24.586217248404186], [81.16723490579726, 24.586286602963916], [81.16730164157129, 24.586009184494543], [81.16736837734534, 24.585801120239193], [81.16736837734534, 24.58579245088772], [81.16705376583913, 24.58560172500342], [81.16697749638307, 24.585610394368103], [81.166805890107, 24.58566241054357], [81.16651034596481, 24.585913821753753], [81.16594785872647, 24.58597450714266], [81.1653663041241, 24.583711789177077], [81.16477521583974, 24.583824492571914], [81.1645654748356, 24.5833216612579], [81.16458454219962, 24.582992218957532], [81.1645654748356, 24.582766810568508], [81.1645273401076, 24.582524062618937], [81.16449873906159, 24.58240268846772], [81.16441293592354, 24.58227264460376], [81.16284941207456, 24.58277548012943], [81.16311635517074, 24.583772475633047], [81.16414599282736, 24.583659772191396], [81.16426993069342, 24.58418861053902], [81.1632688940828, 24.584440024707988], [81.1632688940828, 24.58509023142507], [81.16300195098664, 24.585298296861552], [81.16305152613307, 24.586484263248412]]]}, "properties": {"node": "mining", "role": "positive", "name": "Mining", "ts": "2026-07-27T18:11:35.413684+00:00"}}, {"type": "Feature", "geometry": {"type": "Polygon", "coordinates": [[[70.52585996034638, 20.963029470940732], [70.52856439393302, 20.957946554871704], [70.52856439393302, 20.957946554871704], [70.52986526072152, 20.955559549359492], [70.53401890555503, 20.954206185566168], [70.53409878334028, 20.955463642092138], [70.53497743897815, 20.955708738319828], [70.53525130567044, 20.95647599348012], [70.53525130567044, 20.95647599348012], [70.53387056109669, 20.95685961958465], [70.534144427789, 20.958767079219744], [70.531417171978, 20.95815967851168], [70.53138293864146, 20.959065450594018], [70.53422430557426, 20.959587599066875], [70.5348290945198, 20.9637220981216], [70.5313601164171, 20.963519638200534], [70.52585996034638, 20.963029470940732]]]}, "properties": {"node": "mining", "role": "positive", "name": "Mining", "ts": "2026-07-27T18:11:35.414018+00:00"}}, {"type": "Feature", "geometry": {"type": "Polygon", "coordinates": [[[77.82359339312283, 11.816840160093914], [77.82345038789275, 11.81668152221917], [77.82339795264171, 11.816536881723874], [77.82333598370867, 11.816438899409466], [77.82311194218153, 11.816289592958192], [77.82279733067533, 11.816070298960318], [77.82272106121928, 11.816014308975275], [77.82268292649125, 11.815934989810204], [77.82263525808123, 11.815823009773345], [77.82261619071724, 11.815645707954681], [77.82264955860425, 11.815449742653154], [77.82266385912725, 11.815337762417903], [77.82271629437827, 11.815183789519674], [77.82293080222342, 11.81502515068551], [77.82316437743255, 11.815043814082538], [77.82323588004759, 11.815113801810048], [77.82335028423168, 11.815300435662643], [77.82344562105173, 11.81548706938807], [77.82356002523582, 11.815566388682862], [77.82376976623995, 11.81571569552839], [77.823869869901, 11.81583234144483], [77.82402717565407, 11.816032972304892], [77.82411774563316, 11.816214939702036], [77.82417971456617, 11.81641090445605], [77.82418448140719, 11.816597537424753], [77.82413681299717, 11.816928810630953], [77.82399857460808, 11.817036124400554], [77.82383650201398, 11.81704079021567], [77.82359339312283, 11.816840160093914]]]}, "properties": {"node": "mining", "role": "positive", "name": "Mining", "ts": "2026-07-27T18:11:35.414307+00:00"}}, {"type": "Feature", "geometry": {"type": "Polygon", "coordinates": [[[79.47033399999998, 18.818484957797256], [79.48577099999996, 18.80764295780174], [79.48994599999996, 18.79870495780547], [79.497238, 18.78892095780955], [79.49224599999994, 18.78541595781109], [79.48775999999994, 18.785378957811073], [79.48214199999998, 18.78795895781002], [79.47749999999998, 18.78408495781162], [79.47473099999992, 18.78563495781095], [79.46720299999998, 18.78519195781116], [79.46299099999996, 18.78829095780987], [79.46077299999997, 18.793523957807633], [79.46268399999994, 18.800643957804684], [79.46053799999999, 18.80522595780277], [79.46311199999998, 18.812942957799528], [79.46244899999998, 18.819028957797038], [79.47033399999998, 18.818484957797256]]]}, "properties": {"node": "mining", "role": "positive", "name": "Mining", "ts": "2026-07-27T18:11:35.414568+00:00"}}, {"type": "Feature", "geometry": {"type": "Polygon", "coordinates": [[[85.75745069804151, 23.738988174055276], [85.75761163728303, 23.736189026177232], [85.7577189301107, 23.73491220191116], [85.75800057378333, 23.734126457682674], [85.75911373687048, 23.73447022136561], [85.76065607126833, 23.73364764247022], [85.76233252170077, 23.732996942053816], [85.76388826770207, 23.73280050355379], [85.76454543627156, 23.73255495501237], [85.76467955230616, 23.73163414386151], [85.7658597734106, 23.7316832539538], [85.76686564367007, 23.732211186277098], [85.76742893101535, 23.732702284192737], [85.76752281223959, 23.73292327765101], [85.76678517404929, 23.73365991980533], [85.76607435906598, 23.73331615398483], [85.76545742530683, 23.733107438579967], [85.76450520146119, 23.73324248976246], [85.76407603015048, 23.7339177435756], [85.76345909639137, 23.734764875229217], [85.76226546368346, 23.735378735305087], [85.76146076747591, 23.735869821283664], [85.76042807400951, 23.736176749080403], [85.75934173412932, 23.735980315373777], [85.75877844678402, 23.736090809370197], [85.75828221745601, 23.737760485021234], [85.75820174783527, 23.738533930461], [85.75745069804151, 23.738988174055276]]]}, "properties": {"node": "mining", "role": "positive", "name": "Mining", "ts": "2026-07-27T18:11:35.414776+00:00"}}, {"type": "Feature", "geometry": {"type": "Polygon", "coordinates": [[[75.23926389054148, 16.229969100761224], [75.23922575581348, 16.229969100761224], [75.23918762108545, 16.229950793276092], [75.23914948635743, 16.22993248578926], [75.2391113516294, 16.229859255824902], [75.23903508217334, 16.229804333333757], [75.23897788008131, 16.229749410827292], [75.23890161062526, 16.22967618079481], [75.23886347589723, 16.229584643215915], [75.23882534116923, 16.229529720648138], [75.23874907171317, 16.22940156793041], [75.2386156001651, 16.229328337768532], [75.23850119598103, 16.229236800027866], [75.23840585916096, 16.229163569804687], [75.23831052234091, 16.229072031987403], [75.23821518552086, 16.228980494127548], [75.2381389160648, 16.228888956225127], [75.23808171397276, 16.22881572587254], [75.23802451188072, 16.228724187893494], [75.2379673097887, 16.228669265085635], [75.23787197296863, 16.228614342262453], [75.23783383824062, 16.22857772703848], [75.2377766361486, 16.22855941942394], [75.23773850142057, 16.22852280418976], [75.23770036669254, 16.22850449657011], [75.2377766361486, 16.22850449657011], [75.23779570351259, 16.228541111807704], [75.2379482424247, 16.228541111807704], [75.2379863771527, 16.228541111807704], [75.23802451188072, 16.22852280418976], [75.23840585916096, 16.228321420279997], [75.238463061253, 16.228284805001547], [75.23852026334504, 16.228248189716282], [75.2389588127173, 16.228028497861665], [75.23901601480934, 16.228010190196045], [75.2391113516294, 16.227991882528727], [75.23916855372143, 16.227991882528727], [75.23935922736156, 16.227918651842415], [75.23941642945358, 16.227918651842415], [75.23977870936982, 16.227863728809808], [75.23981684409783, 16.227863728809808], [75.240083787194, 16.227863728809808], [75.24014098928602, 16.227863728809808], [75.24033166292615, 16.227863728809808], [75.24038886501819, 16.227863728809808], [75.24042699974622, 16.227863728809808], [75.24046513447423, 16.227863728809808], [75.24057953865831, 16.227900344166574], [75.24061767338632, 16.227900344166574], [75.24065580811435, 16.227900344166574], [75.24077021229843, 16.227900344166574], [75.24080834702644, 16.227900344166574], [75.24088461648249, 16.227900344166574], [75.24096088593853, 16.227900344166574], [75.24099902066656, 16.227900344166574], [75.24115155957864, 16.227827113446217], [75.24118969430667, 16.227827113446217], [75.2414185026748, 16.22773557500745], [75.24145663740283, 16.22771726731459], [75.24149477213086, 16.22771726731459], [75.2415329068589, 16.22769895962003], [75.24162824367893, 16.22762572882475], [75.24166637840696, 16.227589113416897], [75.24179984995504, 16.227515882580757], [75.2418951867751, 16.22747926715247], [75.24193332150313, 16.227460959435778], [75.24199052359516, 16.227406036275468], [75.24202865832318, 16.227406036275468], [75.24309643070784, 16.227259574439746], [75.24324896961994, 16.227259574439746], [75.24363031690018, 16.227259574439746], [75.24385912526832, 16.227241266702617], [75.24389725999634, 16.227222958963786], [75.24397352945236, 16.22720465122325], [75.24403073154443, 16.227186343481012], [75.24429767464059, 16.227168035737076], [75.24439301146063, 16.227168035737076], [75.24446928091669, 16.22714972799143], [75.24485062819691, 16.227113112495047], [75.24492689765297, 16.227113112495047], [75.24559425539337, 16.227039881481836], [75.24565145748542, 16.227021573724283], [75.24570865957745, 16.227021573724283], [75.24588026585357, 16.227003265965024], [75.24591840058157, 16.227003265965024], [75.2461281415857, 16.227003265965024], [75.2462806804978, 16.226966650441394], [75.24635694995385, 16.22694834267702], [75.24652855622995, 16.22689341937371], [75.24656669095798, 16.226875111602528], [75.24670016250604, 16.226801880500787], [75.24675736459808, 16.226765264939704], [75.24694803823822, 16.226746957156607], [75.24700524033024, 16.226746957156607], [75.24713871187832, 16.226746957156607], [75.24719591397037, 16.226728649371804], [75.24723404869839, 16.226710341585306], [75.24736752024646, 16.2266920337971], [75.24740565497449, 16.2266920337971], [75.24746285706652, 16.226673726007192], [75.24750099179455, 16.226673726007192], [75.24753912652257, 16.226655418215586], [75.24767259807064, 16.226655418215586], [75.24771073279867, 16.226655418215586], [75.2477488675267, 16.226655418215586], [75.2479014064388, 16.226655418215586], [75.24797767589483, 16.226618802627264], [75.24801581062286, 16.226600494830546], [75.248206484263, 16.226600494830546], [75.248244618991, 16.226600494830546], [75.24843529263113, 16.226545571430186], [75.24849249472317, 16.226545571430186], [75.24853062945118, 16.226545571430186], [75.24860689890721, 16.226545571430186], [75.2490454482795, 16.226508955821423], [75.24910265037154, 16.226508955821423], [75.24914078509957, 16.226508955821423], [75.24925518928362, 16.226508955821423], [75.2493505261037, 16.226508955821423], [75.2493505261037, 16.22647234020586], [75.24940772819572, 16.22647234020586], [75.24948399765175, 16.22647234020586], [75.24952213237978, 16.22647234020586], [75.24967467129188, 16.22647234020586], [75.24973187338392, 16.226454032395523], [75.24982721020397, 16.226454032395523], [75.24986534493199, 16.226454032395523], [75.2500369512081, 16.226454032395523], [75.25011322066416, 16.226454032395523], [75.25015135539218, 16.226454032395523], [75.2501894901202, 16.226454032395523], [75.25032296166829, 16.226454032395523], [75.25038016376033, 16.226454032395523], [75.25057083740043, 16.226454032395523], [75.25060897212846, 16.226454032395523], [75.25070430894851, 16.22647234020586], [75.25079964576857, 16.226527263626654], [75.25079964576857, 16.226563879232], [75.25079964576857, 16.226728649371804], [75.25078057840456, 16.226765264939704], [75.25076151104054, 16.226801880500787], [75.25070430894851, 16.22689341937371], [75.25064710685649, 16.227113112495047], [75.25064710685649, 16.227168035737076], [75.25060897212846, 16.227332805371223], [75.25060897212846, 16.227369420826754], [75.25058990476445, 16.227406036275468], [75.25055177003642, 16.22762572882475], [75.25055177003642, 16.227680651923766], [75.25053270267242, 16.227790498075823], [75.25053270267242, 16.227827113446217], [75.25053270267242, 16.227863728809808], [75.25053270267242, 16.228101728507106], [75.25053270267242, 16.228138343819616], [75.25053270267242, 16.228174959125315], [75.25053270267242, 16.22835803555164], [75.25053270267242, 16.228394650816476], [75.25055177003642, 16.228431266074494], [75.25060897212846, 16.228650957479605], [75.25060897212846, 16.228705880292576], [75.25066617422048, 16.228888956225127], [75.25066617422048, 16.228980494127548], [75.25068524158449, 16.229017109276597], [75.25072337631254, 16.229200184919684], [75.25074244367653, 16.229255107579412], [75.25074244367653, 16.229291722677374], [75.25095218468067, 16.22987756331855], [75.2509903194087, 16.229969100761224], [75.2510284541367, 16.230042330684714], [75.2510284541367, 16.230243712833825], [75.2510284541367, 16.23028032774789], [75.2510284541367, 16.230371865003264], [75.2510284541367, 16.23050001708925], [75.2510284541367, 16.23053663195563], [75.2510093867727, 16.230591554242427], [75.2510093867727, 16.23062816909179], [75.25097125204466, 16.23062816909179], [75.25085684786062, 16.230738013598987], [75.25070430894851, 16.230774628421106], [75.25066617422048, 16.230774628421106], [75.25062803949248, 16.230774628421106], [75.25058990476445, 16.230774628421106], [75.25045643321637, 16.230811243236403], [75.2503420290323, 16.230811243236403], [75.25030389430427, 16.230811243236403], [75.25015135539218, 16.230811243236403], [75.25011322066416, 16.230811243236403], [75.24977000811195, 16.230811243236403], [75.24971280601991, 16.230811243236403], [75.24965560392788, 16.230811243236403], [75.24957933447183, 16.230811243236403], [75.24925518928362, 16.230811243236403], [75.24919798719158, 16.230811243236403], [75.24914078509957, 16.230811243236403], [75.24881663991134, 16.230811243236403], [75.2487213030913, 16.230811243236403], [75.24864503363524, 16.230811243236403], [75.24835902317507, 16.230774628421106], [75.248244618991, 16.230774628421106], [75.248206484263, 16.230774628421106], [75.24797767589483, 16.230756321010894], [75.2479395411668, 16.230738013598987], [75.2479014064388, 16.230738013598987], [75.24771073279867, 16.230701398770073], [75.24767259807064, 16.23068309135305], [75.24755819388659, 16.230664783934337], [75.24752005915856, 16.23062816909179], [75.24746285706652, 16.23062816909179], [75.24732938551846, 16.230591554242427], [75.24729125079043, 16.230591554242427], [75.24723404869839, 16.2305732468152], [75.24683363405413, 16.23055493938627], [75.24675736459808, 16.23055493938627], [75.24671922987008, 16.23055493938627], [75.24666202777804, 16.23055493938627], [75.24637601731786, 16.23055493938627], [75.24629974786181, 16.23055493938627], [75.24624254576977, 16.23055493938627], [75.24603280476565, 16.23055493938627], [75.24597560267361, 16.23055493938627], [75.2458230637615, 16.2305732468152], [75.24576586166948, 16.230591554242427], [75.24572772694145, 16.230591554242427], [75.24568959221344, 16.230591554242427], [75.24565145748542, 16.230591554242427], [75.24538451438926, 16.23062816909179], [75.24530824493321, 16.23062816909179], [75.24515570602111, 16.23062816909179], [75.24507943656506, 16.23062816909179], [75.24502223447304, 16.23062816909179], [75.24471715664883, 16.230609861667965], [75.24465995455681, 16.230591554242427], [75.24460275246477, 16.230591554242427], [75.24433580936862, 16.23055493938627], [75.24429767464059, 16.23055493938627], [75.24424047254855, 16.23055493938627], [75.24416420309248, 16.23055493938627], [75.24364938426419, 16.230481709653493], [75.24357311480813, 16.230481709653493], [75.24347777798808, 16.2304450947769], [75.24309643070784, 16.230371865003264], [75.24303922861581, 16.23035355755559], [75.24298202652378, 16.23033525010622], [75.24294389179575, 16.23033525010622], [75.24260067924354, 16.230316942655147], [75.24246720769546, 16.230298635202374], [75.24239093823942, 16.230298635202374], [75.24212399514326, 16.230262020291715], [75.24208586041523, 16.230262020291715], [75.2420477256872, 16.230262020291715], [75.24200959095917, 16.230262020291715], [75.241723580499, 16.230262020291715], [75.24164731104297, 16.230262020291715], [75.24160917631494, 16.230262020291715], [75.2414185026748, 16.230262020291715], [75.24136130058277, 16.230262020291715], [75.24120876167069, 16.230262020291715], [75.24117062694266, 16.230262020291715], [75.24096088593853, 16.230262020291715], [75.2409227512105, 16.230262020291715], [75.24077021229843, 16.230262020291715], [75.2407320775704, 16.230262020291715], [75.24067487547835, 16.230262020291715], [75.24059860602232, 16.230243712833825], [75.24050326920225, 16.230243712833825], [75.24040793238218, 16.23022540537424], [75.24036979765418, 16.23022540537424], [75.24019819137808, 16.230188790449958], [75.24012192192203, 16.23017048298526], [75.24006471982999, 16.230152175518867], [75.23981684409783, 16.230097253109456], [75.23977870936982, 16.23006063816133], [75.23974057464179, 16.23006063816133], [75.23968337254975, 16.230042330684714], [75.23956896836567, 16.229969100761224], [75.23926389054148, 16.229969100761224]]]}, "properties": {"node": "mining", "role": "positive", "name": "Mining", "ts": "2026-07-27T18:11:35.415208+00:00"}}, {"type": "Feature", "geometry": {"type": "Polygon", "coordinates": [[[82.64917727665647, 22.343435813567798], [82.64620141144063, 22.34220656194947], [82.64559468163932, 22.341244531383044], [82.64495905994275, 22.33969457928497], [82.6474726548338, 22.337984267318376], [82.6472126277761, 22.336968759662277], [82.64695260071842, 22.336006692955685], [82.6476460062056, 22.33421616224738], [82.64776157378681, 22.332291984218873], [82.6483971954834, 22.3306083066682], [82.64949508750476, 22.329539294500695], [82.64952397940007, 22.329512569091538], [82.65004403351547, 22.328844432198682], [82.65108414174625, 22.32796248660024], [82.65128638501332, 22.326091674449565], [82.65114192553683, 22.324595006667174], [82.65099746606032, 22.323980299177062], [82.65082411468853, 22.323071596187734], [82.65059297952615, 22.322136160458708], [82.65044852004965, 22.32125417245657], [82.65111303364154, 22.320799812825477], [82.651835331024, 22.320158361416176], [82.65278876356888, 22.320078179782712], [82.65374219611377, 22.320960175217127], [82.65403111506676, 22.32136108039008], [82.65512900708816, 22.321494715191797], [82.65518679087876, 22.32144126128647], [82.65660249374842, 22.32066617735834], [82.658104872304, 22.320826539903543], [82.66024287255617, 22.320265270189132], [82.66385435946862, 22.320853266976503], [82.66486557580409, 22.320291997369576], [82.66720581932337, 22.319650543626246], [82.66824592755415, 22.320104906998992], [82.66856373840243, 22.32058599601663], [82.66983498179562, 22.320986902264487], [82.67174184688538, 22.322510335502802], [82.67272417132554, 22.322216340909762], [82.67347536060332, 22.322216340909762], [82.67555557706488, 22.321949072560432], [82.67780914489823, 22.322029253118977], [82.679716009988, 22.322243067716542], [82.6808716858, 22.322456881986497], [82.68546549715262, 22.322055979961593], [82.68662117296458, 22.321655076784943], [82.68789241635777, 22.32106708337587], [82.68887474079796, 22.32085326697651], [82.68988595713344, 22.324327742873788], [82.68925033543687, 22.324995901397383], [82.68927922733216, 22.326492564879437], [82.68939479491334, 22.327133987171244], [82.69060825451595, 22.328336646019928], [82.69193728169971, 22.328496999749742], [82.69205284928088, 22.329325491084113], [82.692255092548, 22.330421230130284], [82.69029044366765, 22.331837660532727], [82.68901920027444, 22.331116084577822], [82.68731457845178, 22.33090228357802], [82.68575441610562, 22.33186438549641], [82.6852054700949, 22.333147177731107], [82.68274965899445, 22.333708395623773], [82.68064055063762, 22.334216162247383], [82.67864700986195, 22.335285138570022], [82.67786692868886, 22.336033417120497], [82.67679792856276, 22.336835139683277], [82.67627787444736, 22.337423066633168], [82.67668236098156, 22.338117886196244], [82.67679792856276, 22.338679084084998], [82.67622009065677, 22.340122153998575], [82.67465992831058, 22.34071006708875], [82.6739954147187, 22.341030745911194], [82.67324422544091, 22.341618655169945], [82.67344646870801, 22.34453144174348], [82.67101954950287, 22.34573395056009], [82.64917727665647, 22.343435813567798]]]}, "properties": {"node": "mining", "role": "positive", "name": "Mining", "ts": "2026-07-27T18:11:35.415425+00:00"}}, {"type": "Feature", "geometry": {"type": "Polygon", "coordinates": [[[73.7997324272858, 26.490191834305783], [73.79848669283668, 26.489668491255618], [73.7980926339803, 26.489338556369194], [73.79696130371528, 26.490021179225096], [73.79657995643495, 26.48970262239672], [73.79631301333872, 26.489019997649418], [73.79635114806675, 26.488735569475185], [73.79668164904305, 26.48838287756194], [73.79717740050751, 26.488269105746223], [73.7974189204517, 26.488200842602758], [73.79762230566789, 26.48788228073071], [73.79777484458003, 26.487290663483858], [73.79787653718813, 26.4869152124983], [73.79767315197195, 26.486812816562203], [73.79781297930806, 26.486403231905935], [73.79816890343639, 26.48583436190744], [73.79816890343639, 26.48583436190744], [73.79856296229275, 26.48577747475281], [73.79882990538898, 26.485561303308522], [73.79890617484504, 26.48543615123398], [73.7987282127809, 26.485242734123585], [73.79869007805284, 26.485185846676256], [73.79842313495661, 26.48498105163288], [73.79834686550053, 26.48486727645118], [73.7983087307725, 26.484685235926307], [73.79867736647685, 26.484434929734075], [73.7987282127809, 26.48404809181988], [73.79950361891758, 26.483979826170525], [73.7997451388618, 26.48395707094507], [73.79989767777396, 26.484104979830043], [73.80045698711845, 26.484412174598663], [73.80059681445458, 26.48491278653736], [73.80035529451037, 26.486369099785392], [73.80053325657451, 26.486471496116636], [73.80064766075863, 26.486471496116636], [73.80088918070284, 26.486528382927922], [73.80106714276701, 26.486687665849797], [73.8011688353751, 26.486767307228], [73.80186797205572, 26.486608024416444], [73.80190610678376, 26.48659664706431], [73.80242728140021, 26.486403231905935], [73.80279591710455, 26.486403231905935], [73.80279591710455, 26.486403231905935], [73.80280862868057, 26.486778684563234], [73.8025035508563, 26.486881080529734], [73.80174085629562, 26.486949344456733], [73.80142306689531, 26.48706311757835], [73.80127052798318, 26.48712000409695], [73.80127052798318, 26.48712000409695], [73.80115612379907, 26.487176890587396], [73.80102900803898, 26.487700244978985], [73.80109256591902, 26.48781401735759], [73.80120697010312, 26.48781401735759], [73.80167729841556, 26.487996052929198], [73.80208406884792, 26.488542157914793], [73.80325353384097, 26.490624159376445], [73.80255439716034, 26.491079236641845], [73.80255439716034, 26.491079236641845], [73.80312641808086, 26.49216003792741], [73.80144849004735, 26.493036048355716], [73.8011688353751, 26.492899527689122], [73.80040614081442, 26.491943878483195], [73.80003750511007, 26.49144329715715], [73.79966886940574, 26.49101097516687], [73.79955446522163, 26.490772059685295], [73.79955446522163, 26.49073792886168], [73.79955446522163, 26.490407997044336], [73.7997324272858, 26.490191834305783]]]}, "properties": {"node": "mining", "role": "positive", "name": "Mining", "ts": "2026-07-27T18:11:35.415611+00:00"}}, {"type": "Feature", "geometry": {"type": "Polygon", "coordinates": [[[85.29401973035445, 21.95730244937085], [85.29275819283234, 21.954580833952367], [85.29445852601432, 21.953639702475623], [85.29639196939058, 21.954110268992917], [85.296666216678, 21.954784321019897], [85.29650166830555, 21.955140422687087], [85.29635083229748, 21.955420216228283], [85.29401973035445, 21.95730244937085]]]}, "properties": {"node": "mining", "role": "positive", "name": "Mining", "ts": "2026-07-27T18:11:35.415719+00:00"}}, {"type": "Feature", "geometry": {"type": "Polygon", "coordinates": [[[79.70377324638116, 16.71700809928986], [79.7025529350844, 16.714962797764294], [79.7017521057959, 16.7141958040394], [79.70152329742776, 16.712698331214494], [79.70121821960359, 16.710945177365403], [79.70118008487556, 16.70930158100511], [79.70118008487556, 16.708461515177333], [79.70121821960359, 16.708169317501003], [79.70773925809559, 16.708534564526524], [79.70865449156815, 16.70944767903251], [79.70869262629616, 16.70977639918528], [79.70907397357638, 16.709739874751822], [79.70930278194453, 16.708680663141035], [79.71113324888965, 16.707657970491123], [79.7134976020271, 16.706343071890107], [79.71433656604363, 16.70586824516946], [79.71498485642003, 16.70718314704111], [79.71502299114805, 16.708132792760008], [79.71525179951617, 16.708680663141028], [79.71548060788433, 16.709739874751822], [79.71563314679642, 16.710105118771885], [79.71715853591735, 16.71036078917005], [79.71856952085423, 16.7106164592257], [79.7193322154147, 16.712223520304025], [79.71952288905482, 16.7141958040394], [79.71959915851085, 16.715729788405913], [79.71651024554095, 16.716825483973714], [79.71422216185955, 16.717263760438808], [79.71273490746663, 16.717336806418423], [79.71197221290618, 16.717921173248477], [79.71082817106547, 16.71795769611592], [79.70972226395278, 16.717848127492616], [79.7094171861286, 16.71671591470011], [79.7089214346643, 16.716387206501732], [79.70800620119174, 16.716350683333623], [79.7070909677192, 16.716168067388168], [79.70663335098291, 16.716533299104267], [79.70590879115046, 16.717555944189474], [79.70438340202953, 16.718213355992212], [79.70438340202953, 16.718213355992212], [79.70377324638116, 16.71700809928986]]]}, "properties": {"node": "mining", "role": "positive", "name": "Mining", "ts": "2026-07-27T18:11:35.415875+00:00"}}, {"type": "Feature", "geometry": {"type": "Polygon", "coordinates": [[[80.51174850622091, 23.671217200197088], [80.51174850622091, 23.671208468636863], [80.51174850622091, 23.671186639733758], [80.51174850622091, 23.671156079263266], [80.5117532730619, 23.671121153002545], [80.51176280674392, 23.671090592516748], [80.51176757358489, 23.671055666238523], [80.51177710726691, 23.671029471523724], [80.51178187410792, 23.670998911016493], [80.51179140778991, 23.670968350502125], [80.51179617463093, 23.670950887347843], [80.51180094147193, 23.670937789980602], [80.51180094147193, 23.670920326822237], [80.51180094147193, 23.670902863661542], [80.51180094147193, 23.67088540049852], [80.51180570831293, 23.670872303124714], [80.51181047515392, 23.67085483995759], [80.51182000883595, 23.670841742580734], [80.51183430935896, 23.670824279409537], [80.51184384304094, 23.670815547823064], [80.51184860988195, 23.67080681623601], [80.51185337672297, 23.670798084648375], [80.51186291040494, 23.670784987265815], [80.51187244408698, 23.670780621471337], [80.51187244408698, 23.67077188988196], [80.51187244408698, 23.670763158291987], [80.51187244408698, 23.67075442670143], [80.51187721092798, 23.670745695110288], [80.51187721092798, 23.670732597722488], [80.51187721092798, 23.67072386612989], [80.51188197776897, 23.670710768739895], [80.511891511451, 23.6706933055512], [80.511891511451, 23.670675842360176], [80.511891511451, 23.670662744965373], [80.511891511451, 23.670640915971113], [80.51189627829197, 23.670619086973215], [80.51190104513297, 23.67058852637004], [80.511905811974, 23.67055796575971], [80.511915345656, 23.670536136747955], [80.51192487933801, 23.670514307732553], [80.51192964617901, 23.670496844517608], [80.51193441301999, 23.670475015495647], [80.51193441301999, 23.670466283885848], [80.51193441301999, 23.670448820664486], [80.51193441301999, 23.67043135744079], [80.51193441301999, 23.670422625828074], [80.51193441301999, 23.670413894214764], [80.51193441301999, 23.67040516260088], [80.51193441301999, 23.670396430986408], [80.51193441301999, 23.670378967755717], [80.51193441301999, 23.6703702361395], [80.51193441301999, 23.670361504522685], [80.51193441301999, 23.670348407096395], [80.51193917986102, 23.670339675478136], [80.51194394670202, 23.670330943859287], [80.51194394670202, 23.670322212239856], [80.51194394670202, 23.670309114809612], [80.51195348038404, 23.670296017378067], [80.51195348038404, 23.670282919945205], [80.51195824722502, 23.67027418832257], [80.511967780907, 23.670261090887514], [80.51197731458905, 23.67024362763874], [80.51198208143003, 23.670234896013476], [80.51198208143003, 23.67022179857449], [80.51198684827105, 23.670213066947767], [80.51198684827105, 23.670204335320467], [80.51198208143003, 23.67019560369258], [80.51197254774802, 23.67019560369258], [80.51196301406603, 23.670186872064118], [80.51195348038404, 23.670186872064118], [80.51194394670202, 23.670186872064118], [80.51193441301999, 23.670186872064118], [80.51192487933801, 23.670191237878417], [80.511915345656, 23.67019560369258], [80.51189627829197, 23.670204335320467], [80.51188197776897, 23.67020870113419], [80.51186767724597, 23.670217432761202], [80.51185337672297, 23.670226164387632], [80.51183907619996, 23.670234896013476], [80.51182000883595, 23.67024362763874], [80.51181047515392, 23.670256725075543], [80.51180094147193, 23.670256725075543], [80.51179140778991, 23.670265456699347], [80.51178187410792, 23.67027418832257], [80.51176757358489, 23.670282919945205], [80.5117580399029, 23.670291651567258], [80.5117437393799, 23.67030038318873], [80.51172943885686, 23.670309114809612], [80.51171990517487, 23.670313480619836], [80.51170560465187, 23.670326578049643], [80.51169607096985, 23.670330943859287], [80.51168653728786, 23.670335309668776], [80.51167700360584, 23.670344041287333], [80.51166746992385, 23.670348407096395], [80.51165316940084, 23.670357138714074], [80.51164363571883, 23.670361504522685], [80.51162933519583, 23.670365870331167], [80.51161026783181, 23.6703702361395], [80.5115912004678, 23.6703702361395], [80.5115816667858, 23.670374601947675], [80.5115721331038, 23.670378967755717], [80.51156259942177, 23.670378967755717], [80.51155306573978, 23.670378967755717], [80.51153876521677, 23.67038333356361], [80.51152923153474, 23.67038333356361], [80.51151493101175, 23.67038769937135], [80.51150539732976, 23.670396430986408], [80.51149586364774, 23.670396430986408], [80.51148156312473, 23.670396430986408], [80.51147202944273, 23.670396430986408], [80.51146249576072, 23.670396430986408], [80.51144819523772, 23.670396430986408], [80.5114386615557, 23.670396430986408], [80.51142912787371, 23.67039206517896], [80.5114195941917, 23.67038333356361], [80.51140529366869, 23.670378967755717], [80.51139575998666, 23.670378967755717], [80.51138145946366, 23.670378967755717], [80.51137669262268, 23.6703702361395], [80.51136715894066, 23.670365870331167], [80.51135762525867, 23.670361504522685], [80.51134332473563, 23.670361504522685], [80.51132425737161, 23.670352772905296], [80.51130995684862, 23.670344041287333], [80.51130042316662, 23.670330943859287], [80.51129088948461, 23.670326578049643], [80.51128135580261, 23.670326578049643], [80.51127182212059, 23.670322212239856], [80.5112622884386, 23.670313480619836], [80.51125275475658, 23.670309114809612], [80.51123845423359, 23.670304748999246], [80.51122892055156, 23.670296017378067], [80.51121938686957, 23.670287285756306], [80.51121462002855, 23.670278554133958], [80.51120508634656, 23.670269822511028], [80.51119555266453, 23.670256725075543], [80.51117648530052, 23.67024362763874], [80.51116218477753, 23.67023053020063], [80.51115265109554, 23.67022179857449], [80.51113835057251, 23.670217432761202], [80.51113358373152, 23.670204335320467], [80.51112881689052, 23.67019560369258], [80.51111451636751, 23.670186872064118], [80.5111049826855, 23.67017377462031], [80.5110954490035, 23.670165042990384], [80.51109068216249, 23.67015631135987], [80.5110811484805, 23.6701519455444], [80.51107638163948, 23.6701388480971], [80.51106684795747, 23.670125750648488], [80.51106208111645, 23.670112653198558], [80.51106208111645, 23.67010392156455], [80.51105254743446, 23.67009082411244], [80.51104301375247, 23.67008209247697], [80.51103824691145, 23.670073360840913], [80.51103824691145, 23.670064629204276], [80.51103824691145, 23.670055897567064], [80.51103824691145, 23.670047165929258], [80.51103824691145, 23.67003843429087], [80.51103824691145, 23.670029702651902], [80.51103824691145, 23.670020971012352], [80.51103824691145, 23.670012239372213], [80.51103824691145, 23.66999477609019], [80.51103824691145, 23.669986044448304], [80.51103824691145, 23.66997731280583], [80.51103824691145, 23.66996421534104], [80.51103824691145, 23.669946752052603], [80.51103824691145, 23.66993802040751], [80.51103824691145, 23.669929288761825], [80.51103824691145, 23.669920557115567], [80.51103824691145, 23.669911825468724], [80.51103824691145, 23.669903093821297], [80.51103824691145, 23.669894362173288], [80.51103824691145, 23.669885630524693], [80.51103824691145, 23.66987689887551], [80.51103824691145, 23.669863801400655], [80.51103824691145, 23.669855069750017], [80.51103824691145, 23.6698463380988], [80.51103824691145, 23.669837606447], [80.51104778059349, 23.66982887479461], [80.51105254743446, 23.66982014314164], [80.51105731427548, 23.669811411488087], [80.51106684795747, 23.66980267983395], [80.51107638163948, 23.66980267983395], [80.51108591532149, 23.669798314006666], [80.5110954490035, 23.669789582351655], [80.5111049826855, 23.669785216523934], [80.51111451636751, 23.66978085069606], [80.5111240500495, 23.669776484868052], [80.51113358373152, 23.669767753211584], [80.51114311741351, 23.669763387383135], [80.51115265109554, 23.669763387383135], [80.51116218477753, 23.66975902155453], [80.51117171845955, 23.66975902155453], [80.51119078582354, 23.66975902155453], [80.51119555266453, 23.669767753211584], [80.51120031950556, 23.669776484868052], [80.51120508634656, 23.669785216523934], [80.51120985318757, 23.669793948179244], [80.51121462002855, 23.66980267983395], [80.51122415371059, 23.669807045661088], [80.51122892055156, 23.669815777314938], [80.51123845423359, 23.669815777314938], [80.5112479879156, 23.669815777314938], [80.51126705527957, 23.669815777314938], [80.51128135580261, 23.669815777314938], [80.51129565632563, 23.669815777314938], [80.5113051900076, 23.669811411488087], [80.5113051900076, 23.66980267983395], [80.51131472368962, 23.66980267983395], [80.51132425737161, 23.669798314006666], [80.51133379105364, 23.669793948179244], [80.51134809157665, 23.669785216523934], [80.51136239209964, 23.669785216523934], [80.51137669262268, 23.66978085069606], [80.51138145946366, 23.669767753211584], [80.51139099314568, 23.66975902155453], [80.51139099314568, 23.6697502898969], [80.51139099314568, 23.66973719240935], [80.51139099314568, 23.66972846075026], [80.51139099314568, 23.669719729090577], [80.51138622630467, 23.66971099743032], [80.5114148273507, 23.669732826579878], [80.5114434283967, 23.669767753211584], [80.51145772891971, 23.669776484868052], [80.51144819523772, 23.669776484868045], [80.5114386615557, 23.669776484868045], [80.51142912787371, 23.669767753211577], [80.5114195941917, 23.669763387383124], [80.51141006050969, 23.669763387383124], [80.51140052682767, 23.66975465572578], [80.51139099314568, 23.669750289896893], [80.51138145946366, 23.669745924067854], [80.51137192578166, 23.669737192409343], [80.51137192578166, 23.66972846075025], [80.51136715894066, 23.669719729090573], [80.51136239209964, 23.66971099743031], [80.51136239209964, 23.669702265769477], [80.51136239209964, 23.66969353410805], [80.51136239209964, 23.66968480244604], [80.51136239209964, 23.66967607078345], [80.51136239209964, 23.669667339120274], [80.51134809157665, 23.66965860745651], [80.51133855789465, 23.66965860745651], [80.51132902421264, 23.66965424162441], [80.51131949053064, 23.669645509959782], [80.51130995684862, 23.669645509959782], [80.51130042316662, 23.669641144127237], [80.51130042316662, 23.669632412461734], [80.51129565632563, 23.669623680795638], [80.51129088948461, 23.66961494912896], [80.51128612264363, 23.6696062174617], [80.51128612264363, 23.669593119959725], [80.5112765889616, 23.66958002245643], [80.5112765889616, 23.669571290786838], [80.51127182212059, 23.669553827445903], [80.51126705527957, 23.66954509577456], [80.5112622884386, 23.669536364102637], [80.5112575215976, 23.66952763243013], [80.5112575215976, 23.669518900757033], [80.51125275475658, 23.66951016908336], [80.51125275475658, 23.6695014374091], [80.51125275475658, 23.669492705734257], [80.5112479879156, 23.669483974058828], [80.5112479879156, 23.66947524238282], [80.5112479879156, 23.66946651070623], [80.5112479879156, 23.669457779029052], [80.5112479879156, 23.669449047351296], [80.5112479879156, 23.66943594983357], [80.5112479879156, 23.669422852314526], [80.5112479879156, 23.66941412063443], [80.5112479879156, 23.669405388953756], [80.5112479879156, 23.669396657272504], [80.5112479879156, 23.66938355974952], [80.5112479879156, 23.669374828066807], [80.5112575215976, 23.669366096383502], [80.51126705527957, 23.669357364699618], [80.51126705527957, 23.669348633015154], [80.51126705527957, 23.669339901330112], [80.51126705527957, 23.669326803801436], [80.51127182212059, 23.669318072114937], [80.5112765889616, 23.669309340427848], [80.51128612264363, 23.66930497458408], [80.51128612264363, 23.669296242896117], [80.51129565632563, 23.669291877051915], [80.5113051900076, 23.66928314536307], [80.5113051900076, 23.66927441367365], [80.51131472368962, 23.669261316138417], [80.51132425737161, 23.66925695029305], [80.51132425737161, 23.669248218601872], [80.51133855789465, 23.66923948691012], [80.51134809157665, 23.669235121064027], [80.51135762525867, 23.66922638937139], [80.51137192578166, 23.66921765767818], [80.51138145946366, 23.669208925984375], [80.51139099314568, 23.669204560137256], [80.51140052682767, 23.669204560137256], [80.51141006050969, 23.669191462595027], [80.5114195941917, 23.669187096747326], [80.51143389471468, 23.66917399920335], [80.5114434283967, 23.669169633355068], [80.5114529620787, 23.669165267506642], [80.51146249576072, 23.669156535809343], [80.51147202944273, 23.669152169960476], [80.51148156312473, 23.669147804111454], [80.51149109680674, 23.669134706563543], [80.51150539732976, 23.669125974864205], [80.51151493101175, 23.669121609014315], [80.51152446469376, 23.669121609014315], [80.51153876521677, 23.66911724316428], [80.51155306573978, 23.6691128773141], [80.51156259942177, 23.669108511463772], [80.5115721331038, 23.669099779762686], [80.5115816667858, 23.66909541391192], [80.5115912004678, 23.66909541391192], [80.5116055009908, 23.66909541391192], [80.51161980151383, 23.66909541391192], [80.51164840255983, 23.669091048061016], [80.51167700360584, 23.669082316358757], [80.51170560465187, 23.66907795050741], [80.51172467201589, 23.669073584655916], [80.5117389725389, 23.66906921880428], [80.51174850622091, 23.66906485295249], [80.51176280674392, 23.66906485295249], [80.51176757358489, 23.669056121248495], [80.51178187410792, 23.669051755396268], [80.51179617463093, 23.669051755396268], [80.51180570831293, 23.669051755396268], [80.51183430935896, 23.669047389543906], [80.51185337672297, 23.669047389543906], [80.51187244408698, 23.669047389543906], [80.51189627829197, 23.669047389543906], [80.511905811974, 23.669043023691383], [80.511920112497, 23.669043023691383], [80.51192964617901, 23.669043023691383], [80.51194871354302, 23.669043023691383], [80.51195824722502, 23.669043023691383], [80.51197254774802, 23.669043023691383], [80.51198684827105, 23.669043023691383], [80.51201068247605, 23.669047389543906], [80.51202974984007, 23.669047389543906], [80.51204881720408, 23.669047389543906], [80.51206311772707, 23.669051755396268], [80.5120726514091, 23.669056121248495], [80.51208695193209, 23.66906048710056], [80.51209648561412, 23.66906485295249], [80.51210601929611, 23.66906485295249], [80.51212031981913, 23.66906485295249], [80.51213462034211, 23.66906921880428], [80.51214415402414, 23.66907795050741], [80.51216322138815, 23.669082316358757], [80.51217752191114, 23.669086682209954], [80.51219182243418, 23.669091048061016], [80.51220135611618, 23.66909541391192], [80.51221088979817, 23.669099779762686], [80.51222042348019, 23.669099779762686], [80.51223472400319, 23.6691041456133], [80.51225855820822, 23.66911724316428], [80.51226809189019, 23.66911724316428], [80.51227762557222, 23.669125974864205], [80.51229669293623, 23.669134706563543], [80.51232052714126, 23.669143438262303], [80.51234436134625, 23.669152169960476], [80.51236342871027, 23.669160901658067], [80.5123920297563, 23.669169633355068], [80.5124110971203, 23.669178365051494], [80.51243969816632, 23.66918273089948], [80.51245876553033, 23.66918273089948], [80.51247306605333, 23.669187096747326], [80.51249690025836, 23.669187096747326], [80.51251120078135, 23.669191462595027], [80.51252550130438, 23.669195828442582], [80.51253503498639, 23.669195828442582], [80.51254456866836, 23.669200194289996], [80.51256363603237, 23.669204560137256], [80.51258270339639, 23.669208925984375], [80.51259700391942, 23.669222023524856], [80.51261130444243, 23.669222023524856], [80.51262560496544, 23.66922638937139], [80.51263990548843, 23.66922638937139], [80.51265420601146, 23.669230755217782], [80.51266850653447, 23.66923948691012], [80.51267804021646, 23.66923948691012], [80.51268757389848, 23.669243852756072], [80.51269710758048, 23.669248218601872], [80.51271140810347, 23.66925695029305], [80.5127257086265, 23.66925695029305], [80.51274000914951, 23.669265681983646], [80.5127543096725, 23.669265681983646], [80.51277337703652, 23.66927441367365], [80.51279244440053, 23.669278779518432], [80.51282104544654, 23.669291877051915], [80.51284487965157, 23.66930497458408], [80.51285441333359, 23.669309340427848], [80.51286394701557, 23.669313706271467], [80.51287824753857, 23.669318072114937], [80.5128877812206, 23.669326803801436], [80.51289731490259, 23.66933553548736], [80.51290684858462, 23.669339901330112], [80.5129163822666, 23.669352998857462], [80.51292591594863, 23.669357364699618], [80.51293068278963, 23.669366096383502], [80.51294498331264, 23.669374828066807], [80.51296405067664, 23.66938355974952], [80.51297358435865, 23.669396657272504], [80.51298311804065, 23.66940975479417], [80.51300218540467, 23.669422852314526], [80.51302601960967, 23.66943594983357], [80.51303555329169, 23.669449047351296], [80.51304508697368, 23.669453413190254], [80.5130546206557, 23.66946214486772], [80.51305938749671, 23.669470876544597], [80.5130641543377, 23.6694796082209], [80.51307368801972, 23.669483974058828], [80.51308798854271, 23.669497071571747], [80.51309752222474, 23.6695014374091], [80.51311182274773, 23.66951016908336], [80.51311658958872, 23.669518900757033], [80.51312135642974, 23.66952763243013], [80.51313089011175, 23.669536364102637], [80.51314042379374, 23.66954509577456], [80.51314519063476, 23.669553827445903], [80.51315472431675, 23.669553827445903], [80.51315472431675, 23.669566924951823], [80.51316425799877, 23.669571290786838], [80.51317379168077, 23.669575656621706], [80.51317379168077, 23.669588754125428], [80.51318809220379, 23.669593119959725], [80.51319285904476, 23.66960185162786], [80.51320715956777, 23.6696062174617], [80.51321192640877, 23.669619314962375], [80.5132214600908, 23.669623680795638], [80.5132309937728, 23.66962804662876], [80.51323576061381, 23.669641144127237], [80.51324052745483, 23.66965424162441], [80.5132452942958, 23.66966297328846], [80.5132500611368, 23.66967170495193], [80.5132500611368, 23.66968043661481], [80.51325482797782, 23.669689168277117], [80.51325482797782, 23.66969789993884], [80.51325482797782, 23.66971099743031], [80.51325482797782, 23.66972846075025], [80.51325482797782, 23.669737192409343], [80.51325482797782, 23.669745924067854], [80.51325482797782, 23.66975465572578], [80.51325482797782, 23.669763387383124], [80.51325482797782, 23.669776484868045], [80.51325482797782, 23.669793948179233], [80.51325482797782, 23.66980267983395], [80.51325482797782, 23.669811411488084], [80.51325482797782, 23.66982014314164], [80.51325482797782, 23.669833240620875], [80.51325482797782, 23.6698463380988], [80.51325482797782, 23.669855069750014], [80.51325482797782, 23.669863801400655], [80.5132500611368, 23.66987689887551], [80.5132452942958, 23.66988563052469], [80.51323576061381, 23.669894362173277], [80.5132309937728, 23.669903093821286], [80.5132214600908, 23.669916191292213], [80.5132166932498, 23.669924922938762], [80.51320715956777, 23.669929288761825], [80.51319762588578, 23.669938020407503], [80.51319285904476, 23.669955483697105], [80.51319285904476, 23.669968581162774], [80.51319285904476, 23.669977312805823], [80.51319285904476, 23.6699860444483], [80.51319762588578, 23.66999477609019], [80.51321192640877, 23.670003507731494], [80.5132214600908, 23.670007873551924], [80.5132309937728, 23.67001223937221], [80.5132452942958, 23.670020971012338], [80.51325482797782, 23.670025336832197], [80.51326436165984, 23.67003406847145], [80.51327866218281, 23.670038434290866], [80.51328819586483, 23.670042800110128], [80.51329772954685, 23.670042800110128], [80.51330249638782, 23.67005153174823], [80.51331679691086, 23.67005589756705], [80.51332633059286, 23.670060263385743], [80.51333586427488, 23.67006899502267], [80.51334539795688, 23.67006899502267], [80.51335493163889, 23.67007772665901], [80.51336446532089, 23.67007772665901], [80.51337876584388, 23.670082092476967], [80.5133882995259, 23.670082092476967], [80.5133978332079, 23.670086458294776], [80.51340736688992, 23.67009082411244], [80.51342166741291, 23.670095189929953], [80.51344073477694, 23.67009955574732], [80.51345026845893, 23.67010392156455], [80.51345980214094, 23.670108287381616], [80.51346933582295, 23.670108287381616], [80.51347886950497, 23.670108287381616], [80.51349317002796, 23.670112653198558], [80.51350270370999, 23.670112653198558], [80.51351700423298, 23.670117019015347], [80.51352653791497, 23.670117019015347], [80.51354083843798, 23.670121384831987], [80.51355513896101, 23.670130116464833], [80.51356943948402, 23.670130116464833], [80.513578973166, 23.670130116464833], [80.51359327368901, 23.67013448228104], [80.51361234105303, 23.67013448228104], [80.51362187473505, 23.67013448228104], [80.51363140841706, 23.670138848097096], [80.51364094209906, 23.670143213913], [80.51365047578103, 23.670147579728773], [80.51366477630407, 23.670147579728773], [80.51367430998607, 23.670147579728773], [80.51368384366808, 23.670147579728773], [80.51369337735007, 23.670147579728777], [80.51370291103207, 23.6701519455444], [80.51371244471409, 23.6701519455444], [80.51372197839606, 23.67015631135987], [80.51373627891908, 23.67015631135987], [80.5137458126011, 23.67015631135987], [80.5137553462831, 23.67015631135987], [80.51376487996511, 23.670147579728777], [80.5137744136471, 23.670147579728777], [80.5137934810111, 23.670147579728777], [80.51380778153414, 23.670147579728777], [80.51381731521614, 23.670143213913015], [80.51382208205715, 23.670134482281043], [80.51383161573914, 23.670134482281043], [80.51384114942117, 23.670134482281043], [80.51385068310314, 23.670134482281043], [80.51386021678515, 23.67013011646484], [80.51386975046717, 23.67013011646484], [80.51388881783117, 23.670125750648488], [80.51390311835421, 23.670125750648488], [80.5139174188772, 23.670125750648488], [80.5139269525592, 23.670125750648488], [80.51393648624122, 23.670125750648488], [80.51394601992322, 23.670125750648488], [80.51395555360523, 23.670125750648488], [80.51396985412823, 23.670125750648488], [80.51398415465124, 23.670125750648488], [80.51399845517425, 23.67013011646484], [80.51400798885626, 23.670134482281043], [80.51402228937927, 23.670134482281043], [80.51403182306129, 23.670134482281043], [80.51404135674328, 23.670143213913015], [80.51405565726627, 23.670147579728777], [80.51406042410729, 23.67015631135987], [80.51407472463029, 23.670160677175204], [80.51407472463029, 23.67016940880542], [80.5140890251533, 23.670182506249663], [80.51409855883531, 23.670182506249663], [80.51411285935832, 23.67019560369258], [80.51412715988131, 23.670204335320467], [80.51413192672233, 23.670213066947767], [80.51414146040435, 23.670213066947767], [80.51415576092735, 23.670217432761202], [80.51416529460934, 23.670217432761202], [80.51417482829137, 23.670217432761202], [80.51418912881438, 23.67022179857449], [80.51419866249636, 23.67022616438764], [80.51421296301939, 23.670234896013476], [80.5142320303834, 23.670234896013476], [80.5142415640654, 23.670239261826183], [80.51425109774738, 23.670239261826183], [80.51426063142942, 23.67024362763874], [80.51427016511143, 23.67024362763874], [80.51427969879343, 23.67024799345115], [80.5142892324754, 23.67025235926342], [80.51430353299844, 23.670265456699347], [80.51432260036245, 23.67027418832257], [80.51433213404445, 23.670282919945205], [80.51434166772647, 23.670287285756306], [80.51436073509048, 23.67030038318873], [80.51438456929547, 23.670304748999246], [80.5144036366595, 23.670322212239856], [80.51441793718249, 23.670326578049643], [80.51443700454654, 23.670339675478136], [80.51444653822853, 23.670348407096395], [80.51445130506954, 23.670357138714074], [80.51446083875152, 23.670361504522685], [80.51446560559253, 23.6703702361395], [80.51447513927455, 23.670378967755717], [80.51448467295656, 23.67038769937135], [80.51449897347955, 23.670396430986408], [80.51450850716155, 23.6704095284079], [80.51451804084357, 23.670418260021492], [80.51452757452557, 23.670426991634507], [80.51453710820758, 23.67043572324694], [80.51453710820758, 23.670444454858778], [80.5145418750486, 23.67045318647005], [80.5145466418896, 23.670461918080722], [80.5145561755716, 23.670470649690827], [80.5145657092536, 23.670479381300346], [80.51457047609459, 23.670488112909272], [80.5145752429356, 23.670496844517608], [80.5145752429356, 23.67050557612537], [80.5145752429356, 23.670514307732553], [80.5145752429356, 23.67052303933915], [80.51458000977661, 23.67053177094517], [80.51458000977661, 23.67054486835309], [80.51458477661758, 23.67055359995765], [80.51458477661758, 23.670562331561623], [80.51459431029963, 23.670575428966487], [80.51459431029963, 23.670584160569003], [80.51459431029963, 23.670592892170923], [80.51459431029963, 23.67060162377228], [80.51459431029963, 23.670610355373043], [80.51459431029963, 23.670619086973222], [80.51459431029963, 23.67062781857282], [80.51459431029963, 23.670636550171825], [80.51458477661758, 23.670636550171825], [80.5145752429356, 23.67064528177026], [80.51457047609459, 23.670654013368104], [80.5145561755716, 23.670654013368104], [80.5145466418896, 23.67065837916681], [80.51453234136656, 23.670662744965373], [80.51451804084357, 23.670671476562056], [80.51449897347955, 23.670671476562056], [80.51449420663853, 23.67068020815815], [80.51447990611554, 23.670684573955977], [80.51446560559253, 23.67068893975366], [80.51445130506954, 23.67068893975366], [80.51444177138751, 23.67068893975366], [80.51442747086452, 23.67068893975366], [80.51441317034151, 23.67069767134859], [80.5144036366595, 23.67069767134859], [80.51439410297749, 23.67070203714584], [80.51438456929547, 23.670706402942944], [80.51437503561348, 23.670706402942944], [80.51436550193147, 23.670706402942944], [80.51435596824948, 23.670706402942944], [80.51434643456744, 23.670710768739895], [80.51433213404445, 23.67071513453671], [80.51432260036245, 23.670719500333366], [80.51430829983946, 23.67072386612989], [80.51429876615744, 23.67072823192626], [80.5142892324754, 23.670736963518564], [80.51427969879343, 23.67074132931449], [80.51426063142942, 23.670758792496773], [80.5142463309064, 23.670763158291987], [80.5142320303834, 23.670776255676717], [80.51421772986036, 23.670784987265815], [80.51420819617839, 23.67079371885433], [80.51419389565535, 23.67080681623601], [80.51418436197336, 23.670815547823064], [80.51417482829137, 23.67082864520256], [80.51415576092735, 23.670837376788157], [80.51415099408635, 23.67084610837317], [80.51413669356334, 23.670850474165455], [80.51413192672233, 23.670863571541442], [80.51412239304031, 23.67087666891612], [80.51411762619934, 23.67088540049852], [80.5141080925173, 23.670898497871004], [80.51409855883531, 23.670902863661542], [80.51409855883531, 23.670911595242192], [80.5140937919943, 23.670920326822237], [80.51408425831228, 23.670933424191233], [80.5140794914713, 23.670942155769826], [80.5140699577893, 23.670946521558907], [80.5140651909483, 23.670955253136633], [80.51406042410729, 23.670968350502125], [80.51405565726627, 23.67097708207839], [80.51404135674328, 23.67098581365407], [80.51404135674328, 23.67099454522917], [80.51403658990226, 23.671003276803685], [80.51402228937927, 23.671020739950965], [80.51400798885626, 23.671038203095907], [80.51399845517425, 23.671046934667512], [80.51398892149224, 23.671055666238523], [80.51397938781022, 23.671064397808962], [80.51396985412823, 23.6710731293788], [80.51396985412823, 23.67108186094807], [80.51396508728723, 23.671090592516748], [80.51396032044622, 23.67110368986868], [80.51395078676423, 23.671108055652365], [80.5139412530822, 23.671121153002545], [80.51393648624122, 23.671129884568604], [80.5139269525592, 23.671138616134076], [80.5139174188772, 23.671151713481194], [80.5139078851952, 23.671156079263266], [80.51390311835421, 23.67116481082699], [80.51389358467219, 23.671177908171483], [80.51387928414918, 23.671182273952688], [80.51386975046717, 23.671191005514668], [80.51386021678515, 23.67119973707605], [80.51385068310314, 23.67120410285653], [80.51384114942117, 23.671208468636863], [80.51383161573914, 23.671212834417048], [80.51381731521614, 23.67122156597698], [80.51380778153414, 23.67122593175673], [80.51379824785212, 23.671230297536326], [80.51378871417013, 23.671234663315786], [80.51377918048811, 23.671234663315786], [80.51376964680613, 23.67124339487426], [80.51376011312409, 23.67124776065328], [80.5137458126011, 23.67124776065328], [80.51373627891908, 23.671256492210876], [80.51372674523708, 23.671256492210876], [80.51371721155506, 23.671260857989456], [80.51370767787307, 23.671265223767893], [80.51369814419108, 23.671269589546185], [80.51368861050906, 23.671273955324327], [80.51367907682703, 23.671273955324327], [80.51366954314504, 23.671282686880176], [80.51366000946305, 23.671282686880176], [80.51364570894002, 23.671282686880176], [80.51363617525803, 23.67129141843544], [80.51362187473502, 23.67129141843544], [80.51361234105302, 23.67129578421285], [80.51360280737102, 23.671300149990117], [80.513593273689, 23.671300149990117], [80.513583740007, 23.671304515767254], [80.513583740007, 23.671313247321056], [80.51357420632499, 23.671313247321056], [80.51356467264299, 23.671317613097735], [80.51355513896097, 23.671317613097735], [80.51354560527898, 23.671321978874268], [80.51353607159696, 23.671326344650673], [80.51352653791497, 23.67133507620302], [80.51351223739194, 23.67133507620302], [80.51350270370995, 23.67133507620302], [80.51349317002794, 23.67133507620302], [80.51348363634594, 23.67133944197897], [80.51347410266393, 23.67133944197897], [80.5134598021409, 23.671343807754784], [80.51345026845893, 23.671343807754784], [80.51343596793592, 23.671352539305964], [80.51342643425389, 23.671352539305964], [80.5134121337309, 23.671352539305964], [80.51340260004888, 23.671352539305964], [80.51339306636687, 23.671352539305964], [80.51337876584388, 23.67135690508134], [80.51336923216186, 23.67136127085656], [80.51335969847986, 23.67136563663165], [80.51334539795683, 23.67137000240658], [80.51333586427484, 23.671374368181368], [80.51333109743383, 23.671383099730512], [80.51332156375183, 23.671383099730512], [80.51331203006981, 23.67138746550486], [80.51330249638782, 23.67138746550486], [80.51328819586482, 23.67138746550486], [80.51327866218281, 23.67138746550486], [80.51326912850081, 23.671391831279074], [80.51325959481879, 23.671391831279074], [80.51325006113679, 23.671391831279074], [80.51324052745478, 23.671391831279074], [80.51323099377278, 23.671391831279074], [80.51322146009076, 23.671391831279074], [80.51321192640877, 23.671391831279074], [80.51320239272675, 23.67138746550486], [80.51319285904476, 23.67138746550486], [80.51318332536273, 23.67138746550486], [80.51316902483974, 23.671374368181368], [80.51315949115774, 23.671374368181368], [80.5131451906347, 23.67137000240658], [80.51313089011171, 23.67137000240658], [80.51311658958872, 23.67135690508134], [80.5131070559067, 23.671352539305964], [80.51309275538368, 23.671348173530447], [80.51308798854268, 23.67133944197897], [80.51307368801967, 23.67133507620302], [80.5130689211787, 23.671326344650673], [80.51305938749667, 23.671317613097735], [80.51304985381468, 23.671313247321056], [80.51303555329164, 23.67130888154422], [80.51302601960965, 23.671304515767254], [80.51301648592764, 23.671300149990117], [80.51300218540463, 23.67129141843544], [80.51299265172264, 23.67128705265788], [80.51298311804064, 23.671282686880176], [80.51297358435863, 23.671273955324327], [80.51296405067662, 23.671273955324327], [80.51295928383563, 23.671265223767893], [80.51294975015361, 23.671265223767893], [80.5129354496306, 23.671265223767893], [80.5129211491076, 23.671265223767893], [80.5129116154256, 23.671265223767893], [80.51290208174359, 23.671265223767893], [80.51288301437957, 23.671265223767893], [80.51286394701556, 23.671265223767893], [80.51284964649253, 23.671265223767893], [80.51284011281055, 23.671265223767893], [80.51283057912855, 23.671265223767893], [80.51282104544653, 23.671269589546185], [80.5128115117645, 23.671269589546185], [80.51280197808252, 23.671269589546185], [80.51278767755952, 23.671269589546185], [80.51277337703648, 23.671269589546185], [80.51276384335449, 23.671269589546185], [80.51274477599048, 23.671273955324327], [80.5127352423085, 23.671278321102324], [80.51272570862646, 23.671278321102324], [80.51271617494447, 23.671278321102324], [80.51270664126245, 23.671278321102324], [80.51269710758046, 23.671278321102324], [80.51268757389843, 23.671278321102324], [80.51267327337544, 23.671278321102324], [80.51265897285244, 23.671278321102324], [80.51264943917042, 23.671278321102324], [80.51263513864741, 23.671278321102324], [80.51262560496542, 23.671278321102324], [80.5126160712834, 23.671278321102324], [80.5125970039194, 23.671278321102324], [80.51258747023739, 23.671278321102324], [80.51257793655539, 23.671278321102324], [80.51256840287338, 23.671282686880176], [80.51255886919137, 23.671282686880176], [80.51254933550936, 23.671282686880176], [80.51253980182736, 23.671282686880176], [80.51251120078133, 23.67128705265788], [80.51250166709933, 23.67128705265788], [80.51249213341731, 23.67128705265788], [80.5124778328943, 23.67128705265788], [80.51245876553031, 23.67129578421285], [80.5124492318483, 23.67129578421285], [80.5124349313253, 23.67129578421285], [80.5124206308023, 23.671300149990117], [80.51240633027926, 23.671300149990117], [80.51238249607427, 23.671300149990117], [80.51236819555123, 23.671300149990117], [80.51235389502823, 23.671304515767254], [80.51234436134624, 23.671304515767254], [80.51233482766423, 23.67130888154422], [80.51232529398223, 23.67130888154422], [80.51231576030021, 23.671313247321056], [80.51230622661821, 23.671317613097735], [80.51229192609522, 23.671317613097735], [80.5122823924132, 23.671317613097735], [80.5122728587312, 23.671317613097735], [80.51226332504919, 23.671317613097735], [80.51225379136719, 23.671317613097735], [80.51224425768517, 23.671317613097735], [80.51222995716216, 23.671321978874268], [80.51221088979815, 23.671326344650673], [80.51220135611612, 23.671326344650673], [80.51219182243415, 23.671330710426915], [80.51217752191111, 23.67133507620302], [80.5121632213881, 23.67133507620302], [80.51215368770612, 23.67133507620302], [80.51213938718311, 23.67133507620302], [80.5121250866601, 23.671343807754784], [80.51211555297809, 23.671343807754784], [80.5121012524551, 23.671343807754784], [80.51209171877306, 23.671343807754784], [80.51208218509107, 23.671343807754784], [80.51207265140907, 23.671343807754784], [80.51206311772707, 23.671343807754784], [80.51204881720406, 23.671343807754784], [80.51203928352203, 23.671343807754784], [80.51202974984005, 23.671343807754784], [80.51201544931705, 23.671343807754784], [80.51200114879401, 23.671343807754784], [80.51198208143, 23.671343807754784], [80.511972547748, 23.671343807754784], [80.51196301406598, 23.67133944197897], [80.511953480384, 23.67133507620302], [80.51194394670198, 23.67133507620302], [80.51193441301999, 23.67133507620302], [80.51192487933795, 23.671330710426915], [80.51191057881496, 23.671330710426915], [80.51189627829197, 23.671326344650673], [80.51188197776895, 23.671321978874268], [80.51186291040494, 23.671317613097735], [80.51185337672293, 23.671317613097735], [80.51184384304094, 23.671313247321056], [80.5118343093589, 23.671304515767254], [80.51182000883591, 23.671300149990117], [80.51181047515391, 23.671300149990117], [80.5118009414719, 23.67129578421285], [80.5117866409489, 23.67128705265788], [80.51177710726687, 23.671282686880176], [80.51176757358489, 23.671278321102324], [80.51175327306188, 23.671265223767893], [80.51174373937985, 23.671260857989456], [80.51173897253886, 23.671252126432147], [80.51172943885686, 23.67124776065328], [80.51172467201584, 23.671239029095094], [80.51171990517484, 23.671230297536326], [80.51171513833386, 23.671217200197088], [80.51170560465184, 23.671208468636863], [80.51170560465184, 23.67119973707605], [80.51170083781082, 23.671191005514668], [80.51170083781082, 23.671182273952688], [80.51174850622091, 23.671217200197088]]]}, "properties": {"node": "mining", "role": "positive", "name": "Mining", "ts": "2026-07-27T18:11:35.416703+00:00"}}, {"type": "Feature", "geometry": {"type": "Polygon", "coordinates": [[[74.06997161636407, 15.522881284598432], [74.0695330669918, 15.522495475256626], [74.06932332598767, 15.522183152879993], [74.06925659021363, 15.521953503771982], [74.06930425862366, 15.521650366557962], [74.0693709943977, 15.521549320720966], [74.0694186628077, 15.521383972880956], [74.06943773017173, 15.521117578859956], [74.06957120171981, 15.520897114582445], [74.06993348163604, 15.52067665006934], [74.07004788582012, 15.520612347875309], [74.07035296364431, 15.520603161845953], [74.07071524356051, 15.520777696333761], [74.07083918142659, 15.520988974726704], [74.07090591720062, 15.521209438906055], [74.07096311929266, 15.52142071685685], [74.0709917203387, 15.521558506708196], [74.07094405192865, 15.521815714184466], [74.07088684983663, 15.521925945861843], [74.07079151301657, 15.522146409039895], [74.07066757515048, 15.522293384361035], [74.07060083937644, 15.522394429833577], [74.07040063205432, 15.522734309696164], [74.07028622787027, 15.522844540882687], [74.07011462159414, 15.522954772010296], [74.06997161636407, 15.522881284598432]]]}, "properties": {"node": "mining", "role": "positive", "name": "Mining", "ts": "2026-07-27T18:11:35.416843+00:00"}}, {"type": "Feature", "geometry": {"type": "Polygon", "coordinates": [[[73.87371316409327, 26.325015194052742], [73.87280746430245, 26.324619276362814], [73.87388477036943, 26.323653687255828], [73.87466653229413, 26.324536674659726], [73.87422162713374, 26.325003800756836], [73.8739578619315, 26.32483574951208], [73.87380850091334, 26.324935440957884], [73.87371316409327, 26.325015194052742]]]}, "properties": {"node": "mining", "role": "positive", "name": "Mining", "ts": "2026-07-27T18:11:35.416939+00:00"}}, {"type": "Feature", "geometry": {"type": "Polygon", "coordinates": [[[85.39074366334346, 21.990957146029306], [85.38981807874845, 21.98998446864898], [85.38846055467573, 21.989469519100982], [85.38816745288733, 21.989011784600454], [85.38793605673858, 21.98858265716512], [85.38795148314848, 21.988053398207512], [85.38801318878815, 21.987652876603047], [85.38875365646417, 21.987681485326572], [85.38875365646417, 21.987681485326572], [85.38896962620301, 21.987652876603047], [85.39031172386578, 21.986994874370083], [85.39078994257322, 21.98720944065087], [85.39190064408724, 21.987252353868097], [85.3927028174029, 21.98709500534149], [85.39385979814669, 21.987352484657812], [85.39444600172355, 21.98752413727582], [85.39467739787229, 21.987667180965527], [85.39535615990866, 21.989812819007305], [85.39543329195824, 21.990899929897413], [85.39490879402106, 21.991028666161732], [85.39419917916487, 21.9913147463309], [85.39406034147562, 21.991615129887673], [85.3939523566062, 21.992115767735633], [85.39375181327728, 21.99238754182754], [85.39254855330374, 21.992645011539604], [85.39240971561449, 21.992630707678973], [85.39160754229881, 21.99284526543705], [85.39035800309556, 21.991958424602352], [85.39048141437489, 21.99181538523886], [85.39082079539304, 21.991872601001564], [85.39117560282115, 21.992201591189318], [85.39166924793848, 21.992258806796272], [85.39190064408724, 21.99218728728398], [85.39202405536658, 21.992058552070993], [85.39202405536658, 21.99190120887426], [85.39197777613683, 21.9918296891817], [85.39074366334346, 21.990957146029306]]]}, "properties": {"node": "mining", "role": "positive", "name": "Mining", "ts": "2026-07-27T18:11:35.417053+00:00"}}, {"type": "Feature", "geometry": {"type": "Polygon", "coordinates": [[[85.3633041250635, 23.69096218268407], [85.3616813210449, 23.69042180199922], [85.36160085142416, 23.690323550725363], [85.36166790944144, 23.689242781833872], [85.361480146993, 23.688739238727653], [85.36142650057916, 23.688383072919212], [85.36142650057916, 23.688125159141208], [85.36158743982067, 23.68763389339306], [85.36174837906219, 23.68733913305715], [85.36271401451131, 23.68657766577693], [85.36266036809747, 23.68619693047199], [85.36237872442481, 23.68588988506278], [85.36240554763171, 23.6854108927831], [85.36284813054587, 23.68466169620786], [85.36284813054587, 23.684526594728766], [85.36291518856319, 23.68419498141491], [85.36455140418525, 23.683679136808898], [85.36514151473743, 23.68392477735154], [85.36551703963431, 23.684944180667138], [85.36535610039279, 23.686614511070122], [85.36492692908212, 23.68764617505927], [85.36473916663368, 23.688137440761217], [85.3633041250635, 23.69096218268407]]]}, "properties": {"node": "mining", "role": "positive", "name": "Mining", "ts": "2026-07-27T18:11:35.417154+00:00"}}, {"type": "Feature", "geometry": {"type": "Polygon", "coordinates": [[[77.16828068400045, 26.99837467656018], [77.16824254927246, 26.997887646288735], [77.16814085666438, 26.997944277824015], [77.16805187563234, 26.997615814522405], [77.16814085666438, 26.997411940266474], [77.16825526084847, 26.997242044770882], [77.16849678079261, 26.99704949623226], [77.16882728176881, 26.99714010735032], [77.16892897437685, 26.99723071839537], [77.16910693644098, 26.997423266623727], [77.16905609013692, 26.99762714085912], [77.16903066698494, 26.997729077838223], [77.16892897437685, 26.99792162521332], [77.16890355122486, 26.998000909330774], [77.16889083964882, 26.998159477398], [77.16886541649683, 26.998272740166264], [77.16885270492084, 26.998318045241632], [77.16875101231275, 26.998363350298746], [77.16861118497668, 26.99840865533761], [77.16854762709663, 26.99840865533761], [77.16828068400045, 26.99837467656018]]]}, "properties": {"node": "mining", "role": "positive", "name": "Mining", "ts": "2026-07-27T18:11:35.417262+00:00"}}, {"type": "Feature", "geometry": {"type": "Polygon", "coordinates": [[[81.79346052855914, 21.51608513502059], [81.78979959466889, 21.514541864460423], [81.78919897270252, 21.513690397826515], [81.78908456851845, 21.512998577513727], [81.78825513818396, 21.51235997122557], [81.78699669215918, 21.511481882998428], [81.78642467123882, 21.51063039844003], [81.78582404927245, 21.509858736251076], [81.78530923044413, 21.509246725395684], [81.78493741684589, 21.5083952277459], [81.78476581056978, 21.507038143059233], [81.78453700220166, 21.505920534394807], [81.78450840115565, 21.505494776453627], [81.78782612249368, 21.504536816528134], [81.7881979360919, 21.507517115571478], [81.78839814341404, 21.508421837122945], [81.7896565894388, 21.507384067809674], [81.78939918002465, 21.50655916896919], [81.78942778107066, 21.505947144224745], [81.78994259989896, 21.505601216055794], [81.79062902500338, 21.506239852032618], [81.79100083860162, 21.50711797192085], [81.79134405115383, 21.50794286759109], [81.7919160720742, 21.50884758649329], [81.79234508776446, 21.509539426561], [81.79374653901932, 21.51110935911782], [81.79466177249186, 21.51329127112484], [81.79514799027419, 21.51379683142853], [81.79569141014849, 21.51448864794193], [81.79580581433257, 21.514914379544255], [81.79592021851666, 21.51534010989955], [81.79614902688479, 21.515606190738335], [81.79506218713612, 21.51656407772449], [81.79346052855914, 21.51608513502059]]]}, "properties": {"node": "mining", "role": "positive", "name": "Mining", "ts": "2026-07-27T18:11:35.417368+00:00"}}, {"type": "Feature", "geometry": {"type": "Polygon", "coordinates": [[[73.8227263971325, 26.34340536034291], [73.82172218262757, 26.342915525433117], [73.82298062865272, 26.340454928005197], [73.82317130229288, 26.339611933520217], [73.82380688109346, 26.33856387775985], [73.82340011066108, 26.338290470348397], [73.82334926435705, 26.338039846320495], [73.82403568946168, 26.337493028375786], [73.82403568946168, 26.337493028375786], [73.82477296087032, 26.33826768636828], [73.82490007663044, 26.33832464631014], [73.82525600075877, 26.338814500652944], [73.82549752070298, 26.33899677150704], [73.82493821135849, 26.339657500946668], [73.82575175222321, 26.34055745394263], [73.82549752070298, 26.340865031209958], [73.82576446379923, 26.341366266486517], [73.82604411847149, 26.341787758106804], [73.82741696868071, 26.3408308559984], [73.82797627802522, 26.341206782770378], [73.82577717537525, 26.343018049190473], [73.8251670197267, 26.34317753041025], [73.82434076728593, 26.3432003134237], [73.82401026630966, 26.343302836928732], [73.8235018032692, 26.343359794392267], [73.82294249392469, 26.343473709235234], [73.82281537816456, 26.343655972750714], [73.82298062865272, 26.343655972750714], [73.82309503283682, 26.343576232498016], [73.82314587914087, 26.34356484102886], [73.8227263971325, 26.34340536034291]]]}, "properties": {"node": "mining", "role": "positive", "name": "Mining", "ts": "2026-07-27T18:11:35.417471+00:00"}}, {"type": "Feature", "geometry": {"type": "Polygon", "coordinates": [[[74.19827972227094, 15.351932730659007], [74.19755516243852, 15.351325958795421], [74.19749796034648, 15.351325958795421], [74.19852759800311, 15.346986569203505], [74.19869920427921, 15.346434945420167], [74.19913775365148, 15.345938482768991], [74.19953816829573, 15.34557073189588], [74.19993858293998, 15.345313305899296], [74.20049153649632, 15.345202980375017], [74.20106355741667, 15.345055879585312], [74.20119702896476, 15.344945553925017], [74.20266521599365, 15.34485361583024], [74.20424780720663, 15.344761677694986], [74.20451475030279, 15.344688127157625], [74.20495329967507, 15.344688127157625], [74.20523931013521, 15.344890391073012], [74.20548718586738, 15.345276530731015], [74.20556345532344, 15.345423631365268], [74.20558252268744, 15.34604880790461], [74.20556345532344, 15.34628784549845], [74.20565879214348, 15.34702334407057], [74.20602107205971, 15.347979488340426], [74.20624988042785, 15.348108199734622], [74.20632614988389, 15.348328847654306], [74.20609734151576, 15.349321760406678], [74.2051821080432, 15.349248211475876], [74.20441941348274, 15.348770142794004], [74.20369485365026, 15.34902756452799], [74.20327537164202, 15.349211437000761], [74.20264614862964, 15.349671117474056], [74.20236013816947, 15.350002086787974], [74.20203599298127, 15.350351442716647], [74.20091101850457, 15.350994991580816], [74.2004534017683, 15.35112370111553], [74.2003008628562, 15.351785634611653], [74.20041526704027, 15.352134987554846], [74.19976697666387, 15.35233724425466], [74.19948096620371, 15.3522636963865], [74.19932842729159, 15.351895956656891], [74.19932842729159, 15.351895956656891], [74.19921402310754, 15.351767247598442], [74.19921402310754, 15.351767247598442], [74.19827972227094, 15.351932730659007]]]}, "properties": {"node": "mining", "role": "positive", "name": "Mining", "ts": "2026-07-27T18:11:35.417579+00:00"}}, {"type": "Feature", "geometry": {"type": "Polygon", "coordinates": [[[76.42179415886913, 15.225305688043521], [76.42147001368096, 15.224762943070182], [76.42187996200721, 15.224459373237611], [76.4220420346013, 15.22430298860758], [76.42210877037533, 15.2240822101086], [76.42215643878538, 15.223760241049234], [76.42231851137947, 15.223355479247472], [76.42312887434997, 15.222821928410776], [76.4233386153541, 15.222610347532184], [76.42388203522842, 15.222214782710589], [76.42469239819891, 15.22183761556071], [76.42520721702725, 15.221488045403923], [76.42579830531162, 15.22154324073041], [76.42626545572988, 15.222067595610529], [76.42626545572988, 15.22222398190093], [76.42616058522783, 15.222720737582325], [76.4259413105417, 15.22307950484558], [76.42505467811516, 15.223594656769842], [76.42494027393109, 15.223567059377277], [76.424825869747, 15.22350266544724], [76.42468286451692, 15.223613055029544], [76.42433965196473, 15.224146603861382], [76.42429198355468, 15.224201798490952], [76.42451125824081, 15.224266192207162], [76.42449219087679, 15.22457896140572], [76.42467333083493, 15.224670952258046], [76.42478773501897, 15.224790540305978], [76.42489260552105, 15.224946924573834], [76.42421571409862, 15.225600057613287], [76.42392970363846, 15.22583923258561], [76.42346255322018, 15.226133601409286], [76.42322421117004, 15.226087606307718], [76.42330048062608, 15.225682848980615], [76.4233386153541, 15.2254436738306], [76.42329094694406, 15.225314887098806], [76.4233481490361, 15.22499291992464], [76.42346255322018, 15.224864132917086], [76.42331001430807, 15.22474454491096], [76.42289053229983, 15.224919327358544], [76.4228428638898, 15.225002118993585], [76.42276659443375, 15.225094109661006], [76.42179415886913, 15.225305688043521]]]}, "properties": {"node": "mining", "role": "positive", "name": "Mining", "ts": "2026-07-27T18:11:35.417689+00:00"}}, {"type": "Feature", "geometry": {"type": "Polygon", "coordinates": [[[80.11727799999994, 16.88007495901211], [80.13194399999993, 16.877165959014558], [80.12523499999993, 16.865978959024005], [80.12336299999997, 16.86866395902174], [80.116342, 16.872839959018243], [80.11727799999994, 16.88007495901211]]]}, "properties": {"node": "mining", "role": "positive", "name": "Mining", "ts": "2026-07-27T18:11:35.417780+00:00"}}, {"type": "Feature", "geometry": {"type": "Polygon", "coordinates": [[[78.9308561953827, 10.960054340477052], [78.92658510584408, 10.956347841454132], [78.92689018366829, 10.95601088469553], [78.92791982132492, 10.956104483833624], [78.92879119986024, 10.956042708405802], [78.92930601868855, 10.956033348491369], [78.92985897224489, 10.956033348491369], [78.93015451638708, 10.956108227798529], [78.9303642573912, 10.95624862644839], [78.93075513835345, 10.956454544347716], [78.93097441303959, 10.956557503243657], [78.93226146011035, 10.956641742313687], [78.93242353270445, 10.956660462103773], [78.93242353270445, 10.956660462103773], [78.93314809253691, 10.956857019828178], [78.93362477663719, 10.957100376829906], [78.93390125341536, 10.957334373758233], [78.93438747119767, 10.957680688872607], [78.93460674588381, 10.957849166349273], [78.93496902580003, 10.958055083134946], [78.93578892245252, 10.958204840707252], [78.93595099504664, 10.958354598203764], [78.93677089169913, 10.958626033473015], [78.93763845676166, 10.958841309544], [78.93812467454397, 10.958972347075738], [78.93822001136402, 10.959047225639251], [78.93854415655221, 10.959824089617532], [78.93859182496226, 10.96044183542147], [78.93866809441828, 10.960675829707345], [78.9387062291463, 10.960760067604955], [78.93972633312094, 10.961022140910801], [78.94037462349735, 10.961097018955542], [78.94071783604956, 10.961312293228602], [78.94087037496166, 10.961621164738059], [78.94105151491974, 10.961995554014122], [78.94098477914572, 10.962360583102056], [78.94064156659351, 10.962828568453276], [78.94033648876932, 10.963380790215357], [78.94023161826726, 10.963979809266057], [78.93858229128024, 10.964419713108773], [78.93760032203363, 10.96430739729624], [78.93678995906313, 10.963465027342671], [78.93658975174102, 10.963156157758567], [78.93629420759885, 10.962706892333184], [78.93591286031862, 10.962304424810156], [78.9357221866785, 10.962192108194367], [78.93515016575815, 10.961995554014116], [78.93420633123957, 10.961845798360551], [78.93407285969147, 10.96169604263117], [78.9346258132478, 10.960741348074224], [78.93215658960831, 10.960395036542081], [78.93147016450388, 10.960310798540535], [78.9308561953827, 10.960054340477052]]]}, "properties": {"node": "mining", "role": "positive", "name": "Mining", "ts": "2026-07-27T18:11:35.417895+00:00"}}, {"type": "Feature", "geometry": {"type": "Polygon", "coordinates": [[[86.40057499999993, 23.777245958262075], [86.4005899999999, 23.77691295826196], [86.40056499999997, 23.773192958259806], [86.40064299999995, 23.771320958258777], [86.40273999999992, 23.76850195825724], [86.40188199999996, 23.76514995825535], [86.40126199999996, 23.762884958254052], [86.40313399999997, 23.76174395825342], [86.40440199999996, 23.759475958252143], [86.40681999999995, 23.758775958251757], [86.40748299999996, 23.756867958250727], [86.40695699999995, 23.754852958249582], [86.40465599999995, 23.75392595824905], [86.40233499999995, 23.752979958248556], [86.40122299999993, 23.7516959582478], [86.40016999999999, 23.751642958247764], [86.39940999999999, 23.75246295824825], [86.397947, 23.752052958248036], [86.39718599999999, 23.752355958248206], [86.39781000000002, 23.753479958248814], [86.39667899999996, 23.75524495824976], [86.39568399999996, 23.757566958251108], [86.39445499999998, 23.757976958251355], [86.39254299999995, 23.758995958251894], [86.39096299999991, 23.76108295825304], [86.38961699999989, 23.763797958254585], [86.38830999999999, 23.765689958255642], [86.38696399999996, 23.766922958256323], [86.38581399999995, 23.767279958256513], [86.38555999999996, 23.7692069582576], [86.38489699999991, 23.770009958258008], [86.38468199999993, 23.771830958259052], [86.3841749999999, 23.773292958259912], [86.38436899999999, 23.774098958260343], [86.38520199999992, 23.774992958260846], [86.38526999999999, 23.77580095826129], [86.38493899999993, 23.776210958261593], [86.38535799999995, 23.776630958261777], [86.38603099999996, 23.776635958261778], [86.38644499999994, 23.776858958261883], [86.38695699999995, 23.77693495826194], [86.38697199999991, 23.7774209582622], [86.38641799999996, 23.77838095826272], [86.38720299999999, 23.778991958263116], [86.38801699999998, 23.7797829582636], [86.38828499999997, 23.780335958263795], [86.38842199999989, 23.780808958264075], [86.38810999999994, 23.781219958264323], [86.38860199999996, 23.781909958264738], [86.38909999999993, 23.782772958265227], [86.38974799999993, 23.783182958265467], [86.39062999999993, 23.782909958265304], [86.39238499999998, 23.782268958264954], [86.39515499999995, 23.783462958265623], [86.39710499999998, 23.783016958265343], [86.397617, 23.783612958265707], [86.397393, 23.784503958266214], [86.39844499999995, 23.78411695826598], [86.39930299999999, 23.78327895826552], [86.399126, 23.78211995826479], [86.39914500000002, 23.78172695826463], [86.39985199999995, 23.78140995826445], [86.39993499999993, 23.781203958264353], [86.39944299999999, 23.780753958264093], [86.39944299999992, 23.780079958263734], [86.39992899999991, 23.779125958263162], [86.40031899999993, 23.77826995826268], [86.40057499999993, 23.777245958262075]]]}, "properties": {"node": "mining", "role": "positive", "name": "Mining", "ts": "2026-07-27T18:11:35.418018+00:00"}}, {"type": "Feature", "geometry": {"type": "Polygon", "coordinates": [[[73.97413618473674, 15.589056413482755], [73.97432924179738, 15.588645474933493], [73.97460571857552, 15.588714347373411], [73.97466053724708, 15.588608742956094], [73.97514913844986, 15.588806177257368], [73.97508240267582, 15.588996724135589], [73.97490126271772, 15.589102328353391], [73.97474395696462, 15.589164313412468], [73.97449131439147, 15.589127581527869], [73.9742410552388, 15.589077075175815], [73.9742339049773, 15.589077075175815], [73.97413618473674, 15.589056413482755]]]}, "properties": {"node": "mining", "role": "positive", "name": "Mining", "ts": "2026-07-27T18:11:35.418110+00:00"}}, {"type": "Feature", "geometry": {"type": "Polygon", "coordinates": [[[73.78965838149207, 26.559754617674567], [73.78942468826948, 26.559370582905526], [73.78925077703407, 26.55915182834795], [73.78916925614247, 26.558996269297438], [73.78916925614247, 26.55889904478367], [73.78916925614247, 26.55882612634422], [73.78927251593849, 26.55874834662434], [73.78950620916106, 26.558704595508722], [73.78966925094429, 26.558651121900272], [73.78975620656198, 26.558602509507324], [73.78979968437083, 26.55855389709374], [73.78983229272747, 26.55851500714804], [73.78990294416687, 26.558466394697355], [73.78999533451066, 26.558466394697355], [73.79020185410272, 26.558466394697355], [73.79034315698149, 26.558466394697355], [73.7906094585607, 26.558495562170236], [73.79077793507001, 26.558558758336034], [73.7910224977448, 26.558665705614143], [73.79071815308282, 26.558860154955067], [73.7904409820514, 26.55905460396612], [73.7900170734151, 26.55938030532062], [73.78969098984871, 26.559681699779414], [73.78966925094429, 26.55972058932927], [73.78965838149207, 26.559754617674567]]]}, "properties": {"node": "mining", "role": "positive", "name": "Mining", "ts": "2026-07-27T18:11:35.418208+00:00"}}, {"type": "Feature", "geometry": {"type": "Polygon", "coordinates": [[[74.06098599812492, 21.998386050316302], [74.0595710202146, 21.99665086732288], [74.06114575369544, 21.995994877978635], [74.06205864266983, 21.995381207780998], [74.06408982063786, 21.995127274508825], [74.06488859849044, 21.99497914655679], [74.0648657762661, 21.995762106836903], [74.06507117628533, 21.996016038972588], [74.06525375408022, 21.996566223707003], [74.06525375408022, 21.996968280432526], [74.0652081096315, 21.99739149680707], [74.06454626512505, 21.99813212242377], [74.06420393175966, 21.998216765105134], [74.06379313172118, 21.998280247082995], [74.0633138650096, 21.99893622585711], [74.06308564276604, 21.998957386412215], [74.06290306497115, 21.998724620132464], [74.06251508715702, 21.998216765105134], [74.06235533158652, 21.99813212242377], [74.0620814648942, 21.998068640379593], [74.06203582044549, 21.998068640379593], [74.06148808706084, 21.998110961745528], [74.06098599812492, 21.998386050316302]]]}, "properties": {"node": "mining", "role": "positive", "name": "Mining", "ts": "2026-07-27T18:11:35.418305+00:00"}}, {"type": "Feature", "geometry": {"type": "Polygon", "coordinates": [[[73.76042171938612, 24.29785115459139], [73.7607395087863, 24.297016990939436], [73.7605996814502, 24.29649563587275], [73.76072679721031, 24.296113307462708], [73.76091747085042, 24.29580049245238], [73.76118441394658, 24.295522434018178], [73.76127339497862, 24.295429747738076], [73.7614005107387, 24.29531388979277], [73.76148949177076, 24.295198031741695], [73.76159118437883, 24.29495472949022], [73.76146406861875, 24.294711426772356], [73.76151491492277, 24.294305921206185], [73.76180728117097, 24.2939235862001], [73.76237930209132, 24.293564421963495], [73.7630148808917, 24.293297944615116], [73.7636504596921, 24.29333270256184], [73.76385384490821, 24.293518078117007], [73.7643114616445, 24.29383089875246], [73.76457840474066, 24.293935172126293], [73.76466738577273, 24.294213234037734], [73.76474365522876, 24.29458398230544], [73.76465467419672, 24.295035830292534], [73.7645021352846, 24.29537181877864], [73.76415892273239, 24.295580362908872], [73.76413349958038, 24.29562670600239], [73.76424790376446, 24.29577732093946], [73.76422248061246, 24.296020621614097], [73.76396824909229, 24.296298678956862], [73.7638284217562, 24.296518807254525], [73.76354876708405, 24.296657835456333], [73.76338351659592, 24.296565150005385], [73.76312928507578, 24.296692592482984], [73.76287505355563, 24.29708650478651], [73.76232845578727, 24.29766578536478], [73.7617437232909, 24.297943839103166], [73.76159118437883, 24.29797859577763], [73.76075222036232, 24.297920667981575], [73.76042171938612, 24.29785115459139]]]}, "properties": {"node": "mining", "role": "positive", "name": "Mining", "ts": "2026-07-27T18:11:35.418453+00:00"}}, {"type": "Feature", "geometry": {"type": "Polygon", "coordinates": [[[87.20487499999994, 23.69690595821751], [87.20325099999995, 23.695496958216726], [87.201125, 23.691928958214795], [87.20328999999995, 23.69101895821432], [87.20568899999996, 23.690447958213987], [87.20428499999996, 23.69028695821389], [87.20424599999994, 23.688426958212883], [87.203329, 23.684281958210534], [87.20432399999993, 23.681284958209], [87.20217799999999, 23.681679958209156], [87.20071599999993, 23.68499895821098], [87.20161299999995, 23.68750195821238], [87.20137899999997, 23.68994595821371], [87.20034499999997, 23.690980958214247], [87.19964299999995, 23.691894958214704], [87.20001399999994, 23.694037958215933], [87.20352399999994, 23.697713958217992], [87.2044919999999, 23.697325958217746], [87.20465099999994, 23.696972958217536], [87.20487499999994, 23.69690595821751]]]}, "properties": {"node": "mining", "role": "positive", "name": "Mining", "ts": "2026-07-27T18:11:35.418560+00:00"}}, {"type": "Feature", "geometry": {"type": "Polygon", "coordinates": [[[76.82141560077193, 15.116720624410037], [76.82045746573036, 15.11616839665853], [76.8202048231572, 15.114115937580614], [76.82028109261321, 15.1139732771308], [76.8223689689725, 15.114253995989092], [76.82267786026951, 15.116640551475184], [76.82141560077193, 15.116720624410037]]]}, "properties": {"node": "mining", "role": "positive", "name": "Mining", "ts": "2026-07-27T18:11:35.418651+00:00"}}, {"type": "Feature", "geometry": {"type": "Polygon", "coordinates": [[[85.46677195329902, 22.096219996760446], [85.4666562552246, 22.094461898431206], [85.46903963555678, 22.092403609145453], [85.46947928823946, 22.091846150632012], [85.47031231437495, 22.091353012419635], [85.47033545398982, 22.090645463279767], [85.4702428955303, 22.090323848862035], [85.47010405784106, 22.08867288331682], [85.47045115206421, 22.08796532074442], [85.47146929511874, 22.08710766438751], [85.47153871396335, 22.086678834255398], [85.47123789896999, 22.086121353136548], [85.47128417819974, 22.085735403380287], [85.47355186045753, 22.08513503499598], [85.47440802620791, 22.08472764071003], [85.4751947731137, 22.08440601281195], [85.47602779924922, 22.083827080749387], [85.47743931575663, 22.084620431492063], [85.47790210805411, 22.085435219507215], [85.478480598426, 22.08695757398942], [85.47769385152024, 22.08805108609358], [85.4756807050261, 22.089873587446263], [85.47142301588899, 22.092853862491435], [85.46677195329902, 22.096219996760446]]]}, "properties": {"node": "mining", "role": "positive", "name": "Mining", "ts": "2026-07-27T18:11:35.418747+00:00"}}, {"type": "Feature", "geometry": {"type": "Polygon", "coordinates": [[[74.31062909897094, 25.63107302937809], [74.31146806298769, 25.63069482461333], [74.31181127553998, 25.63032807945515], [74.31252312379662, 25.630190549730457], [74.31254854694866, 25.629915489805953], [74.31253583537264, 25.629640429247914], [74.31247227749257, 25.62911322807427], [74.3122688922764, 25.628769399968082], [74.31195110287612, 25.628494336770448], [74.3117095829319, 25.62848287579013], [74.31149348613971, 25.628540180680712], [74.31092146521918, 25.628769399968082], [74.31043842533076, 25.629262219946213], [74.31026046326659, 25.629330985362888], [74.30999352017037, 25.629663350985282], [74.31008250120244, 25.629938411490524], [74.31020961696254, 25.630247853801656], [74.31019690538653, 25.63045414823031], [74.3102731748426, 25.63060313842937], [74.31051469478683, 25.630912579018116], [74.31062909897094, 25.63107302937809]]]}, "properties": {"node": "mining", "role": "positive", "name": "Mining", "ts": "2026-07-27T18:11:35.418842+00:00"}}, {"type": "Feature", "geometry": {"type": "Polygon", "coordinates": [[[76.52139825499387, 9.004934819352133], [76.52137918762986, 9.004934819352133], [76.52135058658385, 9.004934819352133], [76.52133151921983, 9.004934819352133], [76.52131245185582, 9.004934819352133], [76.5212743171278, 9.004944235530086], [76.5212552497638, 9.004953651707789], [76.52123618239978, 9.004953651707789], [76.52121711503577, 9.004963067885248], [76.52119804767175, 9.004972484062465], [76.52117898030774, 9.00498190023943], [76.52116944662572, 9.005000732592636], [76.52115991294373, 9.005028981120605], [76.52115991294373, 9.005057229646361], [76.52115991294373, 9.005085478169907], [76.52114084557971, 9.005104310517721], [76.52114084557971, 9.005123142864543], [76.5211217782157, 9.005123142864543], [76.5211217782157, 9.00514197521039], [76.5211217782157, 9.00517022372732], [76.52110271085168, 9.005198472242045], [76.52108364348767, 9.005226720754559], [76.52108364348767, 9.005245553095008], [76.52107410980568, 9.00526438543448], [76.52105504244166, 9.005273801603844], [76.52104550875966, 9.005302050110476], [76.52102644139563, 9.005320882447004], [76.52101690771364, 9.005339714782547], [76.52101690771364, 9.00536796328403], [76.52100737403163, 9.00538679561712], [76.52100737403163, 9.005405627949235], [76.52099784034962, 9.005424460280363], [76.52097877298561, 9.005433876445567], [76.5209692393036, 9.00545270877522], [76.5209406382576, 9.005462124939681], [76.52092157089359, 9.005462124939681], [76.52090250352957, 9.005471541103903], [76.52089296984754, 9.005490373431599], [76.52087390248356, 9.00549978959508], [76.52085483511952, 9.00549978959508], [76.52084530143753, 9.005518621921304], [76.52083576775554, 9.005537454246552], [76.52081670039149, 9.005546870408809], [76.5208071667095, 9.00556570273258], [76.5207880993455, 9.0055751188941], [76.52076903198147, 9.005584535055373], [76.52075949829948, 9.005603367377185], [76.52074043093548, 9.005612783537725], [76.52072136357145, 9.005612783537725], [76.52070229620745, 9.005612783537725], [76.52067369516142, 9.005622199698013], [76.52066416147942, 9.005641032017866], [76.52064509411541, 9.005641032017866], [76.5206260267514, 9.005650448177423], [76.5206069593874, 9.005659864336735], [76.52059742570539, 9.005678696654623], [76.52057835834134, 9.005697528971528], [76.52057835834134, 9.00572577744505], [76.52057835834134, 9.005744609759503], [76.52056882465936, 9.005763442072976], [76.52055929097736, 9.00579169054135], [76.52055929097736, 9.005810522852368], [76.52055929097736, 9.00582935516241], [76.52055929097736, 9.005848187471466], [76.52056882465936, 9.005876435933214], [76.52057835834134, 9.005895268239822], [76.52057835834134, 9.005914100545448], [76.52057835834134, 9.005932932850088], [76.52057835834134, 9.005951765153753], [76.52057835834134, 9.005970597456434], [76.52057835834134, 9.005989429758136], [76.52055929097736, 9.006008262058854], [76.52054975729536, 9.006027094358593], [76.52054022361335, 9.006045926657352], [76.52054022361335, 9.00606475895513], [76.52052115624934, 9.00606475895513], [76.52052115624934, 9.006083591251924], [76.52051162256733, 9.00610242354774], [76.52051162256733, 9.006121255842572], [76.52050208888534, 9.006140088136426], [76.5204925552033, 9.006158920429293], [76.52048302152131, 9.006177752721184], [76.5204734878393, 9.006206001157183], [76.52045442047528, 9.006224833446618], [76.5204448867933, 9.006243665735076], [76.52043535311127, 9.006262498022553], [76.52043535311127, 9.006281330309047], [76.52043535311127, 9.00630016259456], [76.52043535311127, 9.006318994879093], [76.52042581942928, 9.006337827162639], [76.52041628574727, 9.006356659445215], [76.52041628574727, 9.006384907867226], [76.52041628574727, 9.006403740147345], [76.52040675206527, 9.006422572426478], [76.52039721838325, 9.006441404704638], [76.52039721838325, 9.00646965312003], [76.52038768470125, 9.006497901533216], [76.52038768470125, 9.006516733807446], [76.52037815101923, 9.00654498221695], [76.52037815101923, 9.006573230624253], [76.52037815101923, 9.00659206289456], [76.52035908365522, 9.006601479029342], [76.52035908365522, 9.006629727432228], [76.52034954997323, 9.006648559699588], [76.5203400162912, 9.006667391965973], [76.52033048260921, 9.006686224231371], [76.52033048260921, 9.00670505649579], [76.52033048260921, 9.006742721021686], [76.52032094892719, 9.006761553283164], [76.52032094892719, 9.006780385543662], [76.5203114152452, 9.00680863393256], [76.52030188156321, 9.006827466190604], [76.52030188156321, 9.006846298447666], [76.5202923478812, 9.006865130703746], [76.5202923478812, 9.006883962958844], [76.52028281419916, 9.00690279521296], [76.52027328051719, 9.0069310435923], [76.52026374683518, 9.006968708094647], [76.52026374683518, 9.006987540344351], [76.52025421315318, 9.007006372593072], [76.52024467947113, 9.007034620964312], [76.52024467947113, 9.007053453210583], [76.52022561210715, 9.007081701578144], [76.52021607842515, 9.007100533821962], [76.52020654474315, 9.007119366064796], [76.52020654474315, 9.007147614427208], [76.52017794369712, 9.00715703054752], [76.5201588763331, 9.007166446667586], [76.5201588763331, 9.007194695026318], [76.52014934265112, 9.007222943382848], [76.52013980896909, 9.007241775619303], [76.52013027528712, 9.007260607854777], [76.52012074160511, 9.007279440089272], [76.5201112079231, 9.007307688439173], [76.52009214055909, 9.007345352902272], [76.52008260687708, 9.007364185132353], [76.52006353951305, 9.007383017361448], [76.52004447214907, 9.007401849589568], [76.52004447214907, 9.007420681816706], [76.52002540478506, 9.007448930155567], [76.52001587110303, 9.00746776238025], [76.52000633742104, 9.007486594603948], [76.52000633742104, 9.007505426826667], [76.51998727005703, 9.007533675158912], [76.51996820269301, 9.007543091269167], [76.519958669011, 9.007571339598462], [76.51993960164698, 9.00759017181677], [76.51993006796499, 9.007609004034094], [76.51992053428297, 9.007627836250435], [76.51990146691895, 9.007646668465794], [76.51989193323696, 9.007674916786996], [76.51987286587294, 9.007712581211834], [76.51986333219092, 9.007731413422782], [76.51985379850893, 9.007759661737357], [76.51983473114494, 9.007797326153357], [76.51981566378092, 9.007825574462789], [76.51979659641691, 9.007844406667845], [76.51979659641691, 9.007872654973593], [76.51977752905289, 9.007882071075018], [76.51976799537088, 9.00790090327713], [76.51975846168888, 9.007919735478266], [76.51974892800688, 9.007947983778124], [76.51973939432486, 9.007966815976802], [76.51972032696085, 9.007985648174504], [76.51971079327886, 9.008013896469212], [76.51970125959683, 9.008042144761712], [76.51970125959683, 9.008060976955482], [76.51967265855083, 9.008089225244301], [76.51965359118682, 9.008108057435624], [76.51965359118682, 9.008126889625965], [76.5196345238228, 9.008136305720763], [76.5196345238228, 9.008155137909634], [76.51962499014078, 9.008173970097522], [76.5196154564588, 9.008192802284421], [76.51960592277678, 9.008211634470344], [76.51958685541275, 9.008239882747395], [76.51957732173076, 9.008258714930863], [76.51956778804875, 9.008277547113353], [76.51955825436676, 9.008296379294858], [76.51954872068477, 9.008315211475386], [76.51952965332072, 9.008324627565283], [76.51952965332072, 9.008352875833493], [76.51951058595674, 9.008390540187678], [76.51950105227473, 9.0084093723633], [76.51950105227473, 9.008428204537937], [76.51948198491071, 9.008437620624889], [76.51947245122871, 9.008456452798056], [76.51947245122871, 9.008475284970242], [76.5194629175467, 9.00849411714144], [76.51944385018268, 9.008512949311669], [76.51943431650068, 9.008541197565162], [76.51942478281867, 9.008560029732932], [76.51942478281867, 9.008588277982746], [76.51940571545465, 9.008607110148061], [76.51940571545465, 9.008625942312394], [76.51939618177266, 9.008644774475748], [76.51939618177266, 9.008663606638118], [76.51939618177266, 9.00868243879951], [76.51939618177266, 9.008701270959923], [76.51939618177266, 9.008729519198695], [76.51939618177266, 9.008748351356646], [76.51939618177266, 9.008776599591748], [76.51939618177266, 9.008795431747249], [76.51939618177266, 9.008814263901767], [76.51939618177266, 9.008842512131709], [76.51939618177266, 9.008861344283778], [76.51939618177266, 9.008880176434866], [76.51939618177266, 9.00889900858497], [76.51939618177266, 9.008917840734096], [76.51939618177266, 9.00893667288224], [76.51939618177266, 9.0089555050294], [76.51939618177266, 9.008974337175582], [76.51939618177266, 9.008993169320776], [76.51939618177266, 9.009012001464994], [76.51939618177266, 9.009030833608232], [76.51939618177266, 9.009049665750483], [76.51938664809065, 9.009068497891759], [76.51937711440866, 9.009096746101827], [76.51936758072662, 9.009115578240648], [76.51936758072662, 9.009134410378483], [76.51936758072662, 9.00915324251534], [76.51935804704465, 9.009181490718788], [76.51935804704465, 9.00920032285319], [76.51934851336262, 9.009228571052958], [76.51934851336262, 9.009247403184908], [76.51934851336262, 9.009266235315874], [76.51933897968063, 9.00928506744586], [76.51932944599861, 9.009303899574867], [76.51932944599861, 9.009322731702888], [76.51932944599861, 9.009341563829933], [76.51932944599861, 9.009369812018658], [76.51932944599861, 9.009398060205172], [76.51932944599861, 9.009416892328293], [76.51932944599861, 9.009445140511126], [76.51932944599861, 9.009473388691756], [76.51932944599861, 9.009492220810948], [76.51932944599861, 9.009520468987896], [76.51932944599861, 9.009539301104635], [76.51932944599861, 9.00955813322039], [76.51932944599861, 9.009586381392186], [76.51932944599861, 9.00961462956177], [76.51932944599861, 9.00964287772915], [76.51932944599861, 9.00966170983951], [76.51933897968063, 9.009680541948885], [76.51933897968063, 9.009699374057282], [76.51933897968063, 9.009718206164695], [76.51934851336262, 9.009737038271128], [76.51934851336262, 9.009755870376582], [76.51934851336262, 9.009774702481051], [76.51935804704465, 9.009793534584539], [76.51935804704465, 9.009812366687049], [76.51935804704465, 9.009831198788573], [76.51936758072662, 9.009850030889119], [76.51936758072662, 9.00986886298868], [76.51937711440866, 9.009897111136185], [76.51939618177266, 9.009906527184862], [76.51941524913667, 9.009934775329421], [76.51943431650068, 9.009934775329421], [76.5194533838647, 9.00995360742457], [76.51947245122871, 9.009963023471773], [76.51948198491071, 9.00998185556545], [76.51950105227473, 9.00998185556545], [76.51952965332072, 9.00998185556545], [76.51954872068477, 9.00998185556545], [76.51956778804875, 9.009972439518734], [76.51958685541275, 9.009972439518734], [76.51960592277678, 9.009963023471773], [76.5196154564588, 9.009944191377118], [76.5196345238228, 9.009944191377118], [76.5196631248688, 9.009944191377118], [76.51968219223282, 9.00992535928148], [76.51970125959683, 9.00992535928148], [76.51972986064287, 9.00992535928148], [76.51974892800688, 9.00992535928148], [76.51977752905289, 9.00992535928148], [76.5198251974629, 9.009934775329421], [76.51985379850893, 9.009944191377118], [76.51989193323696, 9.009944191377118], [76.51993006796499, 9.009944191377118], [76.519949135329, 9.009944191377118], [76.51996820269301, 9.009944191377118], [76.51998727005703, 9.00995360742457], [76.52000633742104, 9.00995360742457], [76.52003493846705, 9.00995360742457], [76.52005400583106, 9.009963023471773], [76.52007307319508, 9.009972439518734], [76.52009214055909, 9.009972439518734], [76.5201112079231, 9.009972439518734], [76.52013980896909, 9.009972439518734], [76.5201588763331, 9.009972439518734], [76.52017794369712, 9.009972439518734], [76.52019701106113, 9.009972439518734], [76.52021607842515, 9.009972439518734], [76.52023514578916, 9.009972439518734], [76.52025421315318, 9.009972439518734], [76.52027328051719, 9.009972439518734], [76.52029234788121, 9.009972439518734], [76.5203114152452, 9.009963023471773], [76.52033048260922, 9.009944191377118], [76.52034954997323, 9.009944191377118], [76.52036861733725, 9.009934775329421], [76.52038768470126, 9.00992535928148], [76.52038768470126, 9.009906527184862], [76.52040675206528, 9.009906527184862], [76.52043535311127, 9.009887695087265], [76.5204448867933, 9.00986886298868], [76.52046395415732, 9.00986886298868], [76.52048302152133, 9.009859446939025], [76.52050208888534, 9.009850030889119], [76.52053068993133, 9.009831198788573], [76.52054975729536, 9.009831198788573], [76.52056882465936, 9.009831198788573], [76.5205974257054, 9.009821782737937], [76.52061649306941, 9.009812366687049], [76.52063556043342, 9.009812366687049], [76.52065462779744, 9.009812366687049], [76.52067369516145, 9.009802950635917], [76.52069276252547, 9.009802950635917], [76.52072136357147, 9.009802950635917], [76.52074043093549, 9.009802950635917], [76.5207594982995, 9.009793534584539], [76.5207785656635, 9.009793534584539], [76.52079763302753, 9.009793534584539], [76.52082623407352, 9.009793534584539], [76.52084530143753, 9.009793534584539], [76.52086436880155, 9.009784118532917], [76.52088343616556, 9.009774702481051], [76.52090250352958, 9.009774702481051], [76.52092157089359, 9.009765286428935], [76.5209406382576, 9.009755870376582], [76.5209597056216, 9.009746454323977], [76.52097877298563, 9.009746454323977], [76.52099784034964, 9.009737038271128], [76.52100737403163, 9.009718206164695], [76.52102644139568, 9.009718206164695], [76.52104550875966, 9.009699374057282], [76.52106457612368, 9.009680541948885], [76.5210741098057, 9.00966170983951], [76.5210931771697, 9.009652293784452], [76.52110271085168, 9.0096334616736], [76.52111224453371, 9.009605213505488], [76.5211217782157, 9.009586381392186], [76.52114084557971, 9.009576965335166], [76.52115037926174, 9.009548717162634], [76.52115991294373, 9.009529885046389], [76.52117898030774, 9.009511052929156], [76.52118851398976, 9.009492220810948], [76.52119804767176, 9.009473388691756], [76.52121711503577, 9.009454556571583], [76.52122664871779, 9.00943572445043], [76.5212457160818, 9.009426308389482], [76.52126478344582, 9.009407476266858], [76.52128385080982, 9.009398060205172], [76.5213029181738, 9.009388644143248], [76.52131245185583, 9.009369812018658], [76.52133151921984, 9.009350979893089], [76.52134105290183, 9.009332147766534], [76.52136012026585, 9.009322731702888], [76.52136965394787, 9.009303899574867], [76.52138872131188, 9.00928506744586], [76.5214077886759, 9.009266235315874], [76.5214077886759, 9.009247403184908], [76.5214077886759, 9.009228571052958], [76.5214077886759, 9.00920032285319], [76.5214077886759, 9.009181490718788], [76.5214077886759, 9.009162658583403], [76.5214077886759, 9.009134410378483], [76.5214077886759, 9.009115578240648], [76.5214077886759, 9.009096746101827], [76.5214077886759, 9.009077913962026], [76.5214077886759, 9.009049665750483], [76.5214077886759, 9.009030833608232], [76.5214077886759, 9.009012001464994], [76.5214077886759, 9.0089837532483], [76.5214077886759, 9.008964921102612], [76.5214077886759, 9.008946088955943], [76.5214077886759, 9.00892725680829], [76.5214077886759, 9.00889900858497], [76.5214077886759, 9.008870760359446], [76.5214077886759, 9.008851928207866], [76.5214077886759, 9.008823679978658], [76.5214077886759, 9.008804847824628], [76.5214077886759, 9.008786015669616], [76.5214077886759, 9.008767183513626], [76.5214077886759, 9.008748351356646], [76.5214077886759, 9.008710687039757], [76.5214077886759, 9.00868243879951], [76.5214077886759, 9.008663606638118], [76.5214077886759, 9.008644774475748], [76.52138872131188, 9.008625942312394], [76.52137918762988, 9.008607110148061], [76.52137918762988, 9.008578861899718], [76.52137918762988, 9.008560029732932], [76.52136965394787, 9.008541197565162], [76.52136965394787, 9.008522365396407], [76.52136012026585, 9.008503533226676], [76.52136012026585, 9.008484701055963], [76.52135058658385, 9.00846586888427], [76.52134105290183, 9.008437620624889], [76.52132198553785, 9.00839995627561], [76.52131245185583, 9.0083811240995], [76.52131245185583, 9.008362291922408], [76.52131245185583, 9.008343459744337], [76.5213029181738, 9.008324627565283], [76.5213029181738, 9.008305795385246], [76.5213029181738, 9.00828696320423], [76.5213029181738, 9.008268131022229], [76.5213029181738, 9.008249298839248], [76.5213029181738, 9.008211634470344], [76.5213029181738, 9.008192802284421], [76.5213029181738, 9.008173970097522], [76.5213029181738, 9.008136305720763], [76.52132198553785, 9.008126889625965], [76.52132198553785, 9.008108057435624], [76.52134105290183, 9.008070393052003], [76.52135058658385, 9.008032728664455], [76.52136965394787, 9.008032728664455], [76.52136965394787, 9.008013896469212], [76.52137918762988, 9.007985648174504], [76.52138872131188, 9.007966815976802], [76.52136965394787, 9.007966815976802], [76.52135058658385, 9.007966815976802], [76.52132198553785, 9.007947983778124], [76.5213029181738, 9.007938567678417], [76.5212743171278, 9.007938567678417], [76.5212552497638, 9.007919735478266], [76.52123618239979, 9.007910319377821], [76.52120758135376, 9.007891487176195], [76.52119804767176, 9.007872654973593], [76.52118851398976, 9.007853822770008], [76.52118851398976, 9.007834990565438], [76.52118851398976, 9.007797326153357], [76.52119804767176, 9.007769077841727], [76.52120758135376, 9.00775024563274], [76.52121711503577, 9.007731413422782], [76.52122664871779, 9.007712581211834], [76.52122664871779, 9.007693748999907], [76.52123618239979, 9.007665500680174], [76.5212552497638, 9.007646668465794], [76.5212552497638, 9.007627836250435], [76.52126478344582, 9.007609004034094], [76.52126478344582, 9.00759017181677], [76.52126478344582, 9.007571339598462], [76.5212743171278, 9.007543091269167], [76.52128385080982, 9.00751484293766], [76.52129338449181, 9.007496010715432], [76.52129338449181, 9.007477178492222], [76.52129338449181, 9.00745834626803], [76.52129338449181, 9.007439514042858], [76.5213029181738, 9.007411265703258], [76.5213029181738, 9.00739243347563], [76.5213029181738, 9.007364185132353], [76.5213029181738, 9.007345352902272], [76.5213029181738, 9.007317104555318], [76.5213029181738, 9.007298272322783], [76.5213029181738, 9.007270023972147], [76.52131245185583, 9.007241775619303], [76.52132198553785, 9.007222943382848], [76.52133151921984, 9.007204111145406], [76.52134105290183, 9.007185278906988], [76.52135058658385, 9.007166446667586], [76.52136965394787, 9.00715703054752], [76.52138872131188, 9.007138198306649], [76.5214077886759, 9.007119366064796], [76.52142685603991, 9.007109949943498], [76.52144592340392, 9.007081701578144], [76.52146499076794, 9.007081701578144], [76.52149359181394, 9.007081701578144], [76.52151265917796, 9.007072285455868], [76.52153172654197, 9.007062869333346], [76.52156032758795, 9.007053453210583], [76.52157939495197, 9.007053453210583], [76.521588928634, 9.007034620964312], [76.52161752968, 9.00702520484081], [76.52163659704401, 9.00701578871706], [76.52165566440803, 9.00701578871706], [76.52167473177204, 9.00699695646883], [76.52170333281806, 9.006987540344348], [76.52171286650007, 9.006968708094647], [76.52173193386407, 9.006949875843961], [76.52175100122808, 9.006921627466097], [76.52176053491007, 9.00690279521296], [76.52177960227412, 9.006865130703746], [76.52178913595611, 9.006827466190604], [76.52180820332012, 9.006818050061705], [76.52180820332012, 9.006799217803174], [76.52181773700212, 9.006780385543662], [76.52181773700212, 9.006761553283164], [76.52181773700212, 9.006733304890579], [76.52181773700212, 9.006714472627634], [76.52181773700212, 9.00667680809879], [76.52181773700212, 9.006639143566032], [76.52181773700212, 9.006620311298178], [76.5217986696381, 9.00661089516388], [76.5217986696381, 9.00659206289456], [76.52178913595611, 9.006573230624252], [76.52178913595611, 9.006554398352964], [76.52178913595611, 9.006535566080695], [76.52178913595611, 9.00650731767045], [76.52178913595611, 9.006488485395732], [76.52178913595611, 9.00646965312003], [76.52178913595611, 9.006450820843346], [76.52178913595611, 9.006431988565678], [76.52178913595611, 9.006413156287035], [76.52178913595611, 9.006394324007406], [76.5217986696381, 9.006375491726802], [76.52180820332012, 9.006356659445212], [76.52181773700212, 9.006337827162639], [76.52182727068414, 9.00630016259456], [76.52184633804815, 9.006281330309047], [76.52186540541217, 9.006262498022553], [76.52189400645815, 9.006243665735076], [76.52189400645815, 9.006224833446618], [76.52190354014019, 9.006196585012097], [76.52190354014019, 9.006168336575364], [76.52189400645815, 9.006149504282982], [76.52187493909415, 9.006149504282982], [76.52186540541217, 9.006130671989622], [76.52183680436615, 9.006111839695276], [76.52180820332012, 9.006093007399954], [76.52178913595611, 9.006074175103649], [76.52176053491007, 9.006074175103649], [76.5217414675461, 9.00606475895513], [76.52172240018209, 9.006055342806363], [76.52169379913606, 9.006036510508096], [76.52167473177204, 9.006027094358593], [76.52166519809003, 9.006008262058852], [76.52165566440803, 9.005989429758136], [76.52164613072603, 9.005970597456434], [76.52163659704401, 9.005951765153753], [76.52162706336202, 9.005932932850088], [76.52160799599801, 9.005904684392753], [76.521588928634, 9.005895268239822], [76.52156986126998, 9.00588585208664], [76.52155079390597, 9.005876435933214], [76.52153172654197, 9.005867019779542], [76.52150312549594, 9.005848187471466], [76.52148405813192, 9.005838771317059], [76.5214649907679, 9.00582935516241], [76.5214649907679, 9.005810522852368], [76.52144592340392, 9.005801106696978], [76.5214363897219, 9.005782274385469], [76.52141732235788, 9.005772858229346], [76.52140778867589, 9.005754025916364], [76.52139825499387, 9.005735193602398], [76.52138872131188, 9.005716361287455], [76.52137918762986, 9.005697528971528], [76.52136965394786, 9.005669280495802], [76.52136965394786, 9.005650448177423], [76.52136012026585, 9.005631615858064], [76.52134105290183, 9.005622199698013], [76.52134105290183, 9.005603367377185], [76.52133151921983, 9.005584535055373], [76.52133151921983, 9.00556570273258], [76.52133151921983, 9.005537454246552], [76.52132198553782, 9.005509205758317], [76.52132198553782, 9.005490373431599], [76.52132198553782, 9.005471541103901], [76.52131245185582, 9.005443292610515], [76.52131245185582, 9.005424460280363], [76.52131245185582, 9.005405627949235], [76.52131245185582, 9.005377379450696], [76.52131245185582, 9.005358547117112], [76.52131245185582, 9.005339714782547], [76.52131245185582, 9.005320882447004], [76.52131245185582, 9.005292633941844], [76.52131245185582, 9.005273801603844], [76.52131245185582, 9.005254969264866], [76.52131245185582, 9.005226720754559], [76.52131245185582, 9.00520788841313], [76.52133151921983, 9.00520788841313], [76.52133151921983, 9.005189056070716], [76.52133151921983, 9.00517022372732], [76.52135058658385, 9.005160807555258], [76.52136012026585, 9.00513255903759], [76.52136965394786, 9.005113726691254], [76.52139825499387, 9.005094894343936], [76.52139825499387, 9.004934819352133]]]}, "properties": {"node": "mining", "role": "positive", "name": "Mining", "ts": "2026-07-27T18:11:35.419267+00:00"}}, {"type": "Feature", "geometry": {"type": "Polygon", "coordinates": [[[73.78623450404501, 26.514842999991973], [73.78644102363705, 26.514891630929338], [73.78653341398085, 26.514818684515564], [73.78657689178972, 26.514770053547306], [73.78666384740743, 26.514799232130734], [73.78671275994238, 26.514818684515564], [73.78686493227337, 26.514852726181093], [73.78707688659152, 26.514886767836526], [73.78716384220922, 26.514901357114336], [73.78753340358445, 26.514915946390303], [73.78758775084552, 26.514886767836526], [73.78745731741897, 26.514643612933458], [73.78744101324065, 26.514400457515574], [73.78743557851455, 26.51430805832179], [73.78742470906232, 26.51421565905366], [73.7873975354318, 26.513991955254557], [73.78737036180127, 26.51386065064779], [73.78733775344462, 26.51371961960665], [73.78737579652737, 26.513549409498772], [73.7873866659796, 26.51343269385043], [73.78738123125349, 26.51339865176399], [73.78731601454021, 26.51344728331296], [73.7872290589225, 26.513598040983908], [73.78709319076984, 26.51371961960665], [73.78686493227337, 26.513831471825906], [73.78675080302513, 26.513987092123646], [73.78663667377688, 26.51403572342345], [73.78648993617202, 26.51414757533485], [73.786386676376, 26.514201069688745], [73.78626167767554, 26.51425456401773], [73.78616385260561, 26.51430805832179], [73.78607689698791, 26.514385868174124], [73.78607146226182, 26.51447826730531], [73.78618015678394, 26.514633886726635], [73.78620733041447, 26.514770053547306], [73.78625624294942, 26.514828410706745], [73.78623450404501, 26.514842999991973]]]}, "properties": {"node": "mining", "role": "positive", "name": "Mining", "ts": "2026-07-27T18:11:35.419350+00:00"}}, {"type": "Feature", "geometry": {"type": "Polygon", "coordinates": [[[82.43265563489275, 24.097872164315042], [82.43405895552162, 24.087573351813205], [82.43760853122983, 24.08797527221236], [82.43892930358638, 24.08556373091099], [82.439204464494, 24.084332822548088], [82.43906688404019, 24.08332799063149], [82.44041517248752, 24.083101902364724], [82.44110307475654, 24.085161802949383], [82.44080039775817, 24.086669026306613], [82.44066281730436, 24.087271910686667], [82.4406353012136, 24.088025512173626], [82.44058026903208, 24.089055427039323], [82.44058026903208, 24.08988437689481], [82.44146078393645, 24.08880422905478], [82.44159836439026, 24.08867862987787], [82.44170842875329, 24.08867862987787], [82.44206613793321, 24.08867862987787], [82.44319429765441, 24.09066308248051], [82.44355200683432, 24.092270717752545], [82.44357952292508, 24.09320012269309], [82.44368958728813, 24.093752738650945], [82.4438546838327, 24.094606776806668], [82.44368958728813, 24.09581246804051], [82.44396474819575, 24.096264599327842], [82.44267149192996, 24.097168857115385], [82.44143326784568, 24.098349406287117], [82.44096549430272, 24.099128060424455], [82.4406353012136, 24.099781121535084], [82.44038765639674, 24.09993182747237], [82.4399198828538, 24.100333709104937], [82.439204464494, 24.100660237002923], [82.43873669095106, 24.100685354499053], [82.4384064978619, 24.100459296856524], [82.43788369213745, 24.100132768446276], [82.43741591859451, 24.099454591395972], [82.43697566114233, 24.099102942622945], [82.43637030714557, 24.098223816466852], [82.43634279105481, 24.09804799051161], [82.43623272669174, 24.097369802423582], [82.43612266232871, 24.09591294179782], [82.43595756578415, 24.09533521661724], [82.43590253360263, 24.09531009807203], [82.43579246923956, 24.096264599327842], [82.43535221178739, 24.097520511197875], [82.43507705087977, 24.098123344521973], [82.43482940606293, 24.09832428833292], [82.43265563489275, 24.097872164315042]]]}, "properties": {"node": "mining", "role": "positive", "name": "Mining", "ts": "2026-07-27T18:11:35.419427+00:00"}}, {"type": "Feature", "geometry": {"type": "Polygon", "coordinates": [[[76.44838931819251, 15.13767292336996], [76.44869439601673, 15.137019518302946], [76.44888506965685, 15.13653176391078], [76.44905667593294, 15.136136037823913], [76.44931408534711, 15.135712702121793], [76.44972403367335, 15.135473425046348], [76.45041045877778, 15.135602266582097], [76.45103014810817, 15.1355562517569], [76.45151636589046, 15.135298568551057], [76.45206931944678, 15.135206538758721], [76.4522695267689, 15.135178929813216], [76.45266040773114, 15.135151320864129], [76.45307988973943, 15.135206538758721], [76.45290828346332, 15.135519439889542], [76.45248880145506, 15.135629875472427], [76.4518977131707, 15.13567589028163], [76.45166890480255, 15.136108428999565], [76.45146869748044, 15.136550169757296], [76.45130662488634, 15.136844663083968], [76.4512494227943, 15.136964300880964], [76.45117315333825, 15.137093141509856], [76.45102061442616, 15.13727719941517], [76.45099201338014, 15.137314010977034], [76.45068693555595, 15.137718937735318], [76.45034372300375, 15.137847777905147], [76.45014351568159, 15.137902995096793], [76.44838931819251, 15.13767292336996]]]}, "properties": {"node": "mining", "role": "positive", "name": "Mining", "ts": "2026-07-27T18:11:35.419500+00:00"}}, {"type": "Feature", "geometry": {"type": "Polygon", "coordinates": [[[74.1648956279911, 15.366945175544483], [74.16542951418343, 15.36438955089801], [74.16504816690319, 15.36359895563475], [74.16485749326307, 15.363304779887905], [74.1644380112548, 15.3624957944443], [74.1643998765268, 15.362183231046055], [74.16447614598283, 15.361263924218491], [74.16447614598283, 15.36124553804061], [74.16464775225894, 15.361024903779576], [74.16495283008314, 15.360657179492515], [74.1655439183675, 15.360105591846308], [74.1658489961917, 15.35988495637939], [74.16621127610792, 15.359554002741419], [74.16758412631675, 15.359149503137456], [74.16790827150494, 15.359020798553514], [74.16825148405717, 15.359094344039777], [74.1684612250613, 15.359131116773181], [74.16886163970554, 15.359186275861134], [74.16943366062588, 15.35992172897342], [74.16947179535391, 15.360142364401442], [74.16809894514506, 15.362072914440711], [74.16731718322059, 15.36271642714925], [74.16624941083595, 15.363084147805434], [74.16594433301175, 15.36350702575844], [74.16617314137989, 15.364113762193126], [74.16645915184004, 15.364628567480533], [74.16672609493624, 15.365308843946538], [74.16674516230024, 15.365658174242249], [74.16672609493624, 15.365878803601143], [74.16626847819994, 15.36654069027701], [74.16617314137989, 15.366577461697386], [74.16579179409965, 15.366816475771774], [74.16544858154745, 15.366981946893526], [74.1648956279911, 15.366945175544483]]]}, "properties": {"node": "mining", "role": "positive", "name": "Mining", "ts": "2026-07-27T18:11:35.419571+00:00"}}, {"type": "Feature", "geometry": {"type": "Polygon", "coordinates": [[[75.0120487300788, 34.05855240503758], [75.01182350735229, 34.05840169816141], [75.0117628704644, 34.05838734511161], [75.01173688322672, 34.05838734511161], [75.01148567326253, 34.05828687369497], [75.01145968602485, 34.0582294614034], [75.01160694703833, 34.05810746015471], [75.01187548182763, 34.05803569463226], [75.01193611871554, 34.05803569463226], [75.012299940043, 34.05792804623467], [75.01219599109228, 34.05779886797709], [75.01214401661694, 34.05769839586285], [75.01190146906532, 34.05758357044362], [75.0117195584016, 34.05746874486884], [75.0117195584016, 34.057368272363284], [75.01168490875135, 34.057224740005914], [75.0117195584016, 34.05713144384329], [75.01184949458995, 34.057095560676466], [75.01184949458995, 34.05700944101413], [75.01199675560346, 34.05689461466158], [75.01223064074253, 34.05674390483778], [75.01224796556764, 34.05666496148979], [75.01235191451835, 34.05660754809962], [75.01243853864393, 34.05657166471102], [75.01268108619557, 34.05657884138996], [75.01270707343323, 34.05661472477553], [75.01276771032114, 34.05669366817029], [75.01280235997136, 34.05675108150212], [75.01284567203416, 34.056765434828996], [75.01294095857232, 34.05683720142695], [75.01295828339742, 34.05699508772857], [75.01288898409695, 34.05712426721114], [75.01281102238394, 34.05723191662956], [75.01277637273371, 34.057346742525176], [75.0128370096216, 34.05750462787767], [75.0128803216844, 34.057612276813025], [75.01294095857232, 34.05781322112654], [75.01295828339742, 34.057913693104666], [75.01295828339742, 34.057935222798754], [75.01277637273371, 34.058093107055086], [75.01262911172022, 34.058164872528906], [75.0125684748323, 34.0582294614034], [75.01245586346903, 34.058502169441965], [75.01236923934346, 34.058545228525745], [75.01231726486812, 34.058559581548806], [75.01224796556764, 34.05856675805943], [75.01220465350484, 34.05857393456944], [75.0120487300788, 34.05855240503758]]]}, "properties": {"node": "mining", "role": "positive", "name": "Mining", "ts": "2026-07-27T18:11:35.419646+00:00"}}, {"type": "Feature", "geometry": {"type": "Polygon", "coordinates": [[[79.26942299999996, 19.24814995763956], [79.27278199999995, 19.249747957639055], [79.27777399999997, 19.24753995763983], [79.28112799999994, 19.25136595763856], [79.296886, 19.249673957639125], [79.29844600000004, 19.243934957640946], [79.29688599999994, 19.23252895764463], [79.27286000000001, 19.238415957642705], [79.2682569999999, 19.242683957641336], [79.26942299999996, 19.24814995763956]]]}, "properties": {"node": "mining", "role": "positive", "name": "Mining", "ts": "2026-07-27T18:11:35.419707+00:00"}}, {"type": "Feature", "geometry": {"type": "Polygon", "coordinates": [[[74.19062991468644, 26.286347303797402], [74.18877402458875, 26.285116410776883], [74.18798590687605, 26.283885504695615], [74.1874774438356, 26.2828141498832], [74.18717236601132, 26.282130301212977], [74.18699440394715, 26.28169719497036], [74.1866893261229, 26.28069420588542], [74.18658763351478, 26.280078731017948], [74.18656221036275, 26.27841465299323], [74.18663847981882, 26.277799166034363], [74.18679101873099, 26.277092491796502], [74.18701982709919, 26.27661377454519], [74.18757913644369, 26.27606666669702], [74.1885960625246, 26.27574751926112], [74.18943502654136, 26.275656334118235], [74.19001975903788, 26.275359981909038], [74.1907061841425, 26.275223203711096], [74.19129091663905, 26.275154814551684], [74.19174853337545, 26.27545116728478], [74.19248580478411, 26.27661377454519], [74.1938078086893, 26.27640860940438], [74.19416373281761, 26.27640860940438], [74.1947993116182, 26.276545386205218], [74.19490100422628, 26.277206471803357], [74.19424000227369, 26.278483040231585], [74.19355357716907, 26.278505835968744], [74.19296884467255, 26.27873379309407], [74.19246038163209, 26.27923529719344], [74.19218072695983, 26.27955443503724], [74.191240070335, 26.27955443503724], [74.19035026001418, 26.27960002608613], [74.18940960338935, 26.27955443503724], [74.189028256109, 26.27955443503724], [74.18839267730843, 26.27975959461617], [74.187935060572, 26.279850776534822], [74.18727405861942, 26.279941958381816], [74.18719778916335, 26.28021550349286], [74.18717236601132, 26.281013339716573], [74.18717236601132, 26.281332472669934], [74.18745202068357, 26.28146924366695], [74.18826556154832, 26.2817427851773], [74.18844352361246, 26.2817427851773], [74.18920621817314, 26.282358251217588], [74.1894858728454, 26.282996508847834], [74.1894858728454, 26.283133277883206], [74.18984179697374, 26.283520789274476], [74.18996891273385, 26.283520789274476], [74.19009602849394, 26.28493405514452], [74.19068076099049, 26.285116410776883], [74.19108753142285, 26.28534435491422], [74.19131633979106, 26.28566347595402], [74.19134176294307, 26.285959801847753], [74.19131633979106, 26.285982596115925], [74.19118922403095, 26.28630171539991], [74.19062991468644, 26.286347303797402]]]}, "properties": {"node": "mining", "role": "positive", "name": "Mining", "ts": "2026-07-27T18:11:35.419785+00:00"}}, {"type": "Feature", "geometry": {"type": "Polygon", "coordinates": [[[70.56150371035159, 20.868762874645483], [70.56160641036121, 20.865009617285686], [70.5702446222814, 20.864956303295823], [70.56989087780383, 20.86672631765157], [70.56828191098646, 20.86671565497689], [70.56805368874285, 20.868784199703608], [70.56805368874285, 20.868784199703608], [70.56150371035159, 20.868762874645483]]]}, "properties": {"node": "mining", "role": "positive", "name": "Mining", "ts": "2026-07-27T18:11:35.419844+00:00"}}, {"type": "Feature", "geometry": {"type": "Polygon", "coordinates": [[[86.23564217989868, 23.800350029446697], [86.23384031399958, 23.799319631496274], [86.2335024641435, 23.799039950642374], [86.23314852619903, 23.79876026918635], [86.23398510679502, 23.798289225373136], [86.23409772341374, 23.798200904468022], [86.23425860429758, 23.797332412369656], [86.2342103400324, 23.796611117908864], [86.2339368425299, 23.796081184732934], [86.23337375943642, 23.79552180848017], [86.23310026193386, 23.79496242981925], [86.23330940708288, 23.79418223977059], [86.23282676443134, 23.79378478266174], [86.23271414781263, 23.79303402702815], [86.23271414781263, 23.79303402702815], [86.23234412177979, 23.792548241659855], [86.23232803369139, 23.792312708706405], [86.23227976942624, 23.791797478882454], [86.23266588354748, 23.791311688891795], [86.23284285251972, 23.791031990800697], [86.23308417384548, 23.790855339064603], [86.23367943311571, 23.790722850104952], [86.2346608065072, 23.790634524056824], [86.23498256827487, 23.790398987634997], [86.23506300871684, 23.78986902912517], [86.2346608065072, 23.7894862799686], [86.23411381150211, 23.7890888084976], [86.23427469238595, 23.788573565892783], [86.23427469238595, 23.78829386190911], [86.23424251620922, 23.78810248515242], [86.23961593772975, 23.78627703115757], [86.23988943523231, 23.786188702088253], [86.24027554935356, 23.786144537531076], [86.24098342524248, 23.786085651431502], [86.24133736318696, 23.785967879152338], [86.24161086068949, 23.785953157609946], [86.24243135319713, 23.78665978976445], [86.2427852911416, 23.78718976135948], [86.24326793379313, 23.787675566756747], [86.2439436335053, 23.78861772962466], [86.24410451438915, 23.788838548058937], [86.24420104291946, 23.789029923731853], [86.24399189777043, 23.7891771355962], [86.24312314099767, 23.789574606797085], [86.24273702687643, 23.7894862799686], [86.24296226011381, 23.790163450786302], [86.24289790776028, 23.79087006005178], [86.24381492879822, 23.790413708673867], [86.24450671659878, 23.790413708673867], [86.24576158749278, 23.791031990800708], [86.24606726117207, 23.79135585169325], [86.24613161352565, 23.791561944568308], [86.24632467058622, 23.791561944568308], [86.24661425617715, 23.79245991685234], [86.24597073264177, 23.79322539652311], [86.24540764954828, 23.79374062068571], [86.24540764954828, 23.793976151051087], [86.24743796630248, 23.79495654161002], [86.24798496130758, 23.795604243026617], [86.24872501337329, 23.796870195563788], [86.2489180704339, 23.7974001255216], [86.2500764127976, 23.797606208810354], [86.25068776015625, 23.79790061294151], [86.25137954795679, 23.79851297139736], [86.25160478119416, 23.798733773017197], [86.25170130972447, 23.79891041404286], [86.25187827869672, 23.799278415408267], [86.25192654296188, 23.799675855712035], [86.25192654296188, 23.799764175614417], [86.25173348590127, 23.799248975337395], [86.25173348590127, 23.800029134961292], [86.25162086928258, 23.800264653927055], [86.25150825266385, 23.800617931575076], [86.25031773412339, 23.801574720380493], [86.24801713748435, 23.80222238880272], [86.24684270703226, 23.802295987282726], [86.24470299127708, 23.802163509988688], [86.24314244670374, 23.80207519171759], [86.24172669492587, 23.802016312836848], [86.23564217989868, 23.800350029446697]]]}, "properties": {"node": "mining", "role": "positive", "name": "Mining", "ts": "2026-07-27T18:11:35.419930+00:00"}}, {"type": "Feature", "geometry": {"type": "Polygon", "coordinates": [[[76.61822709628585, 15.022867331171256], [76.61788388373363, 15.02167030807841], [76.61776947954958, 15.021596644899649], [76.61761694063748, 15.020860011714177], [76.6181317594658, 15.020454862378905], [76.61931393603452, 15.020565357728408], [76.62019103477907, 15.02027070333602], [76.62028637159911, 15.020178623755013], [76.6197715527708, 15.019000001611282], [76.62112533561563, 15.01872376110534], [76.6214494808038, 15.019791889081189], [76.62383290130528, 15.01872376110534], [76.62471000004983, 15.018005534117586], [76.6253201556982, 15.01763721164843], [76.62570150297843, 15.0176924600593], [76.62623538917074, 15.018079198535192], [76.6261591197147, 15.018742177150193], [76.62591124398257, 15.01901841763231], [76.62488160632594, 15.019736641213472], [76.6240045075814, 15.020307535157302], [76.62377569921324, 15.020546941840795], [76.62371849712123, 15.020786348255854], [76.62364222766517, 15.021154665293341], [76.62356595820914, 15.021522981695467], [76.62343248666105, 15.02167030807841], [76.62312740883684, 15.022057039349988], [76.6225363205525, 15.02231485980852], [76.62249818582447, 15.022333275543648], [76.62186896281209, 15.022756837013091], [76.62156388498789, 15.023290891581162], [76.62156388498789, 15.023622373054886], [76.62150668289586, 15.024064347552528], [76.62152575025986, 15.024506321135103], [76.62152575025986, 15.024837800721505], [76.62104906615959, 15.025169279793158], [76.62032450632714, 15.025298188182013], [76.6199431590469, 15.025169279793158], [76.61954274440266, 15.02535343461055], [76.61929486867051, 15.025574420181691], [76.61919953185046, 15.025795405524038], [76.61870378038614, 15.026458360178346], [76.61822709628585, 15.026716175321138], [76.61708305444515, 15.026900328803892], [76.6165491682528, 15.026937159481378], [76.61628222515665, 15.027268635292716], [76.61584367578439, 15.027563280026156], [76.61532885695605, 15.027784263309286], [76.61494750967583, 15.028005246363605], [76.61479497076373, 15.028078907330853], [76.61410854565933, 15.028078907330853], [76.613574659467, 15.027857924352816], [76.61321237955077, 15.027452788298781], [76.61326958164281, 15.026237375522372], [76.6145661623956, 15.026016390637599], [76.61483310549175, 15.025721743768681], [76.61511911595194, 15.025592835635624], [76.61525258750004, 15.025335019135962], [76.61551953059619, 15.02494829380259], [76.61822709628585, 15.022867331171256]]]}, "properties": {"node": "mining", "role": "positive", "name": "Mining", "ts": "2026-07-27T18:11:35.420007+00:00"}}, {"type": "Feature", "geometry": {"type": "Polygon", "coordinates": [[[73.63623136963095, 24.772776135569174], [73.63709575679948, 24.77289155366096], [73.63745168092771, 24.772395255105003], [73.63823979864017, 24.77244142249623], [73.63879910798454, 24.77221058536844], [73.63906605108069, 24.77177199364326], [73.63933299417685, 24.771402652041424], [73.6393965520569, 24.771287232565538], [73.63972705303308, 24.770894805544973], [73.63998128455326, 24.77059471345709], [73.6400448424333, 24.770329246774764], [73.64005755400929, 24.770075321591023], [73.64005755400929, 24.76999452710549], [73.64033720868147, 24.769775227522587], [73.64079482541774, 24.7699599008813], [73.64116346112199, 24.770190742193464], [73.64146853894616, 24.770156116023994], [73.64176090519435, 24.7699599008813], [73.64179903992238, 24.77010994778302], [73.64249817660281, 24.770329246774764], [73.64289223545904, 24.770202284247805], [73.64294308176306, 24.770202284247805], [73.64310833225119, 24.770190742193464], [73.64334985219531, 24.770052237457662], [73.6436549300195, 24.769844480064286], [73.6436549300195, 24.769590553889213], [73.64347696795541, 24.76926737436993], [73.64262529236288, 24.769232747942976], [73.64204055986653, 24.769371253592855], [73.6420024251385, 24.76940587998119], [73.64186259780242, 24.769809853798268], [73.64162107785828, 24.769879106320666], [73.64129057688206, 24.770052237457662], [73.64093465275383, 24.770075321591023], [73.64071855596171, 24.77001761124957], [73.64027365080143, 24.76994835880443], [73.64014653504135, 24.7699599008813], [73.64000670770527, 24.7699599008813], [73.63999399612925, 24.7699599008813], [73.63965078357704, 24.76971751704166], [73.63954909096897, 24.76961363810841], [73.63918045526475, 24.769475132728882], [73.63915503211274, 24.769475132728882], [73.63895164689661, 24.76925583222869], [73.63887537744056, 24.76885185660921], [73.6387736848325, 24.76869026599343], [73.63830335652021, 24.768436337458088], [73.63755337353577, 24.768470964107124], [73.63737541147165, 24.768470964107124], [73.63719744940755, 24.768470964107124], [73.63704491049546, 24.76848250632132], [73.63682881370333, 24.76858638620083], [73.63668898636723, 24.768667181602584], [73.63698135261542, 24.76918657935868], [73.63708304522348, 24.769359711461266], [73.6371211799515, 24.76954438543796], [73.63714660310352, 24.769821395888012], [73.63734998831964, 24.770190742193464], [73.63714660310352, 24.77038695697137], [73.63699406419143, 24.77062933950425], [73.63703219891944, 24.770940973494117], [73.63704491049546, 24.771067935265762], [73.63701948734345, 24.77107947723856], [73.6369559294634, 24.77127569061205], [73.63709575679948, 24.771402652041424], [73.63728643043962, 24.771541155270864], [73.63718473783155, 24.77189895456515], [73.63714660310352, 24.77192203835517], [73.6369686410394, 24.771991289699514], [73.63671440951926, 24.772037457240952], [73.63643475484707, 24.77189895456515], [73.63612967702288, 24.771910496460695], [73.63596442653478, 24.77233754584184], [73.63611696544689, 24.772614550060418], [73.63623136963095, 24.772776135569174]]]}, "properties": {"node": "mining", "role": "positive", "name": "Mining", "ts": "2026-07-27T18:11:35.420151+00:00"}}, {"type": "Feature", "geometry": {"type": "Polygon", "coordinates": [[[73.82208827601676, 26.32299685419444], [73.8193552871743, 26.323817182850707], [73.81753753180462, 26.32223348758659], [73.8171561845243, 26.321743563082947], [73.81686381827603, 26.32141314771265], [73.81672399093992, 26.321094125081387], [73.81709262664425, 26.32063837694098], [73.81716889610031, 26.32029656465882], [73.81713076137228, 26.31981802576916], [73.8174739739246, 26.319442029540298], [73.8178044749009, 26.31940784800442], [73.81803328326912, 26.31921415244395], [73.81877055467778, 26.3187811847258], [73.81888495886189, 26.318667245583622], [73.81901207462198, 26.318393791185123], [73.81827480321333, 26.317938032419743], [73.81807141799715, 26.317698758350094], [73.81794430223702, 26.317470877824256], [73.8177154938688, 26.317106268050487], [73.81763922441276, 26.317049297669676], [73.81746126234859, 26.316901174548427], [73.81713076137228, 26.31639983334809], [73.81652060572374, 26.316046614381413], [73.81640620153964, 26.315795942203327], [73.81597400795525, 26.31518065364841], [73.81603756583532, 26.314929979596595], [73.8165841636038, 26.31502113386001], [73.81694008773212, 26.31527180771461], [73.81739770446852, 26.31555666370917], [73.81772820544482, 26.315852913200523], [73.81774091702084, 26.31611497942676], [73.81779176332489, 26.31625170939641], [73.81767735914077, 26.31675305123778], [73.81765193598875, 26.316775839451743], [73.81763922441276, 26.316935356823993], [73.81812226430118, 26.31692396273325], [73.81871970837373, 26.31646819818499], [73.8191391903821, 26.316422621631528], [73.81924088299017, 26.31639983334809], [73.81941884505436, 26.31684420406675], [73.81967307657457, 26.317151844334976], [73.82000357755086, 26.317448089747014], [73.820143404887, 26.317425301665295], [73.82043577113528, 26.317744334401464], [73.82053746374336, 26.318097548191595], [73.82055017531935, 26.3181089421669], [73.82119846569596, 26.318154518056886], [73.82126202357601, 26.318154518056886], [73.82177048661649, 26.318325427484634], [73.82180862134452, 26.31837100328944], [73.82196116025665, 26.318484942723018], [73.82262216220923, 26.31834821538928], [73.82287639372947, 26.31790385044005], [73.82290181688148, 26.317949426410728], [73.82419839763466, 26.31902045655957], [73.82577463306009, 26.32080928270379], [73.82600344142827, 26.321641020482698], [73.82633394240459, 26.321994222390238], [73.82643563501267, 26.32210815825967], [73.82647376974072, 26.322176519727527], [73.82649919289274, 26.322381603889003], [73.82644834658869, 26.3228601321868], [73.82666444338089, 26.323236117319432], [73.82727459902942, 26.32345259305419], [73.8276813694618, 26.323771609188917], [73.82792288940603, 26.323919723524174], [73.82827881353433, 26.3241020178306], [73.82853304505457, 26.324272918482254], [73.82853304505457, 26.324637505696202], [73.8282406788063, 26.325093238099484], [73.82774492734185, 26.325662901081465], [73.82740171478954, 26.32605027030848], [73.82721104114938, 26.326243954436045], [73.82718561799734, 26.326278133954336], [73.82718561799734, 26.326619928582392], [73.82691867490111, 26.32705286699628], [73.82670257810892, 26.32730351481183], [73.82638478870865, 26.32761112729845], [73.8262195382205, 26.327656699449186], [73.82572378675604, 26.327690878550474], [73.82470686067512, 26.327804808815213], [73.82418568605864, 26.327656699449186], [73.8239187429624, 26.32738326627572], [73.82360095356213, 26.327132618632813], [73.82313062524969, 26.32742883851614], [73.82273656639333, 26.32673385990089], [73.82227894965693, 26.3260046975255], [73.82198658340867, 26.32569708077127], [73.82166879400837, 26.325446429478436], [73.82137642776013, 26.325138811241168], [73.82149083194422, 26.325184384364917], [73.82255860432917, 26.32382857626336], [73.82208827601676, 26.32299685419444]]]}, "properties": {"node": "mining", "role": "positive", "name": "Mining", "ts": "2026-07-27T18:11:35.420247+00:00"}}, {"type": "Feature", "geometry": {"type": "Polygon", "coordinates": [[[77.47232440293212, 17.322105857012296], [77.47030326234686, 17.320795266383456], [77.46877787322593, 17.31952107208651], [77.46740502301708, 17.317627967099973], [77.46702367573683, 17.316353750838953], [77.46652792427253, 17.314824679663413], [77.46744315774511, 17.313768884998566], [77.4695787025144, 17.313040747213332], [77.47167611255571, 17.31336840957365], [77.47301082803651, 17.31322278193007], [77.47411673514921, 17.313404816466512], [77.47457435188548, 17.313586850822684], [77.47609974100641, 17.317263906212688], [77.47629041464654, 17.31875655126676], [77.47640481883062, 17.319885128501628], [77.47640481883062, 17.32075886095475], [77.47575652845421, 17.321741804997693], [77.4739641962371, 17.322469908305454], [77.47388792678107, 17.322506313395095], [77.47232440293212, 17.322105857012296]]]}, "properties": {"node": "mining", "role": "positive", "name": "Mining", "ts": "2026-07-27T18:11:35.420341+00:00"}}, {"type": "Feature", "geometry": {"type": "Polygon", "coordinates": [[[74.41149164114898, 25.595983137425694], [74.41111347176265, 25.595215040410476], [74.41032535404993, 25.59534114622901], [74.40994400676959, 25.594501393614085], [74.41070670133028, 25.594429742094096], [74.41108804861062, 25.5943638226578], [74.41154884324104, 25.594309367443895], [74.41183167580729, 25.594372420847204], [74.41201281576546, 25.594934167882258], [74.4122956483317, 25.595567563160458], [74.41149164114898, 25.595983137425694]]]}, "properties": {"node": "mining", "role": "positive", "name": "Mining", "ts": "2026-07-27T18:11:35.420426+00:00"}}, {"type": "Feature", "geometry": {"type": "Polygon", "coordinates": [[[86.40086099999998, 23.693488958215625], [86.40376699999996, 23.691668958214645], [86.4049569999999, 23.69081295821419], [86.40372799999996, 23.689706958213566], [86.40205099999991, 23.69024195821382], [86.40086099999998, 23.69102695821432], [86.40050999999998, 23.692364958215027], [86.40072499999992, 23.69364995821571], [86.40086099999998, 23.693488958215625]]]}, "properties": {"node": "mining", "role": "positive", "name": "Mining", "ts": "2026-07-27T18:11:35.420490+00:00"}}, {"type": "Feature", "geometry": {"type": "Polygon", "coordinates": [[[86.28919599999998, 23.640011958186573], [86.29027169722262, 23.63984165104868], [86.29085086840448, 23.63889839810549], [86.29426154314207, 23.638986841806485], [86.30201600174357, 23.63766040081562], [86.3100922221128, 23.632531377984066], [86.30861211798137, 23.630969048949982], [86.30738942326413, 23.629878355368255], [86.30545885265794, 23.63085113656829], [86.3015655352688, 23.63211868910742], [86.2991201458343, 23.630084703499367], [86.2963529946321, 23.62964252853457], [86.29227699999996, 23.62652195817933], [86.28888399999998, 23.626557958179387], [86.28650399999997, 23.6264509581793], [86.28675799999996, 23.62957895818099], [86.28665999999993, 23.63283095818274], [86.28523699999981, 23.63541895818415], [86.28480799999993, 23.639154958186094], [86.28919599999998, 23.640011958186573]]]}, "properties": {"node": "mining", "role": "positive", "name": "Mining", "ts": "2026-07-27T18:11:35.420572+00:00"}}, {"type": "Feature", "geometry": {"type": "Polygon", "coordinates": [[[80.78540712798963, 24.12903554513702], [80.78460629870115, 24.128435195644347], [80.78483034022825, 24.12785224488992], [80.78526412275956, 24.127908799930218], [80.78546909692268, 24.127647776458677], [80.78574557370085, 24.12772608355606], [80.78599344943301, 24.1277347843417], [80.78607925257106, 24.1277347843417], [80.78610785361705, 24.128748421818152], [80.78540712798963, 24.12903554513702]]]}, "properties": {"node": "mining", "role": "positive", "name": "Mining", "ts": "2026-07-27T18:11:35.420663+00:00"}}, {"type": "Feature", "geometry": {"type": "Polygon", "coordinates": [[[82.6381402974817, 24.204373530478204], [82.63849800666159, 24.203369641771477], [82.6399838755627, 24.20246613517558], [82.64122209964697, 24.201738305760614], [82.64191000191602, 24.200960276618307], [82.64229522718668, 24.200257536537514], [82.64290058118344, 24.199579890648103], [82.64408377308615, 24.19978067499084], [82.64609244771177, 24.20068420061998], [82.6477158970667, 24.200960276618307], [82.65043999005208, 24.2010606677422], [82.65192585895319, 24.201211254279805], [82.652641277313, 24.201487329136754], [82.65272382558527, 24.202591622585743], [82.65297147040215, 24.20319396043494], [82.65420969448641, 24.204323336230647], [82.65423721057716, 24.20490056888418], [82.65409963012335, 24.205678573976698], [82.65409963012335, 24.206381284171922], [82.6527788577668, 24.206782831115373], [82.65178827849941, 24.207159280225863], [82.65057757050589, 24.206933410893], [82.65032992568905, 24.206958507505316], [82.6499997325999, 24.20710908707538], [82.64876150851565, 24.20869016181952], [82.64768838097592, 24.208865835580266], [82.64634009252862, 24.207861982257022], [82.64537702935195, 24.20630599397918], [82.64320325818179, 24.206682444498117], [82.64083687437632, 24.20708399049272], [82.64012145601652, 24.20680792775733], [82.63907584456759, 24.206406380892947], [82.6381402974817, 24.204373530478204]]]}, "properties": {"node": "mining", "role": "positive", "name": "Mining", "ts": "2026-07-27T18:11:35.420755+00:00"}}, {"type": "Feature", "geometry": {"type": "Polygon", "coordinates": [[[74.06209679502724, 15.52342325364553], [74.06087648373045, 15.522995190075678], [74.06053327117824, 15.522591009065632], [74.06011378917, 15.522297058742723], [74.05950363352163, 15.521856132473019], [74.05925575778949, 15.521580553075879], [74.05912228624139, 15.520974277106381], [74.0591604209694, 15.520625208315728], [74.05944643142959, 15.520257766845413], [74.05973244188976, 15.519890324720707], [74.05986591343785, 15.51955962624898], [74.06104809000658, 15.519063577547575], [74.06251627703548, 15.518953344340863], [74.0636793862402, 15.519100321936723], [74.06404166615641, 15.519100321936723], [74.06453741762071, 15.519192182880966], [74.06556705527736, 15.51939427681436], [74.06636788456584, 15.519522881941628], [74.0671115117623, 15.520129162176199], [74.06766446531863, 15.520221022662394], [74.06781700423073, 15.520221022662394], [74.06870935686648, 15.51914074075723], [74.06778840318472, 15.520254092427402], [74.06815068310095, 15.520153045906541], [74.06850342933517, 15.520088743549323], [74.06866550192926, 15.520042813281888], [74.06894197870743, 15.519840719983739], [74.06899918079947, 15.519748859328233], [74.06894197870743, 15.519583510045253], [74.06897057975347, 15.519335485872327], [74.06875130506732, 15.51917932235123], [74.06857016510921, 15.519170136258085], [74.06842715987914, 15.518977228207312], [74.06837949146909, 15.518720017192406], [74.0685510977452, 15.51834338619926], [74.06878943979535, 15.518159663514117], [74.06939006176172, 15.517828962268636], [74.06917078707556, 15.517948382223977], [74.06926612389563, 15.517562563657696], [74.06973327431393, 15.517388026450254], [74.06997161636407, 15.517222675275454], [74.0700192847741, 15.51719511673344], [74.07012415527618, 15.517103254900144], [74.0703148289163, 15.51703895159251], [74.07069617619652, 15.516836855352349], [74.07102032138471, 15.516689876144286], [74.07110612452277, 15.51669906234786], [74.07127773079885, 15.516561269251358], [74.07149700548499, 15.516662317531123], [74.07167814544312, 15.517029765404068], [74.07196415590329, 15.516993020646215], [74.07200229063132, 15.516983834455733], [74.07234550318353, 15.517084882528577], [74.07253617682363, 15.517222675275454], [74.07284125464783, 15.517397212622747], [74.07303192828793, 15.5176911699266], [74.07304146196995, 15.517884079179689], [74.07304146196995, 15.518113732817264], [74.07307006301596, 15.518288269410892], [74.07265058100772, 15.51874757553077], [74.07204995904134, 15.518683272735535], [74.07175441489916, 15.51874757553077], [74.07119192766082, 15.519087461401265], [74.07086778247262, 15.519335485872327], [74.06994301531805, 15.519592696120007], [74.06982861113397, 15.5196202543418], [74.06934239335168, 15.519684556845037], [74.06895151238946, 15.519684556845037], [74.06836042410507, 15.520134673806528], [74.06796954314285, 15.520217348243726], [74.06767399900065, 15.520254092427402], [74.06740705590451, 15.520336766816754], [74.06714011280835, 15.52044699928435], [74.06701617494227, 15.520676650069348], [74.06698757389624, 15.520851184494978], [74.06698757389624, 15.52095223067391], [74.06698757389624, 15.521062462812656], [74.06697804021424, 15.521200252903284], [74.06681596762013, 15.521282926913482], [74.06620581197177, 15.52136560089055], [74.06598653728562, 15.521420716856854], [74.06542405004728, 15.52184327210933], [74.06500456803901, 15.521999433614045], [74.06498550067502, 15.521999433614045], [74.06486156280894, 15.52225664054057], [74.06443254711866, 15.522550590921067], [74.06440394607264, 15.522587334689176], [74.06434674398062, 15.522651636267616], [74.06409886824846, 15.522890470526361], [74.0639749303824, 15.52300070162943], [74.06331710632399, 15.52339569593173], [74.06209679502724, 15.52342325364553]]]}, "properties": {"node": "mining", "role": "positive", "name": "Mining", "ts": "2026-07-27T18:11:35.420859+00:00"}}, {"type": "Feature", "geometry": {"type": "Polygon", "coordinates": [[[76.77737380337764, 15.123670287740513], [76.77710686028149, 15.122805158644745], [76.779547482875, 15.122731530473585], [76.78013857115936, 15.122529052871045], [76.78044364898354, 15.122271353824521], [76.78132074772809, 15.121314183195178], [76.78124447827203, 15.120798781835799], [76.78124447827203, 15.120504266210814], [76.78154955609624, 15.119804789962071], [76.78160675818826, 15.119086904044488], [76.78174022973633, 15.118387423120604], [76.78246478956879, 15.118369015696713], [76.78322748412926, 15.1189580524687], [76.78320841676525, 15.119694346132931], [76.78315121467321, 15.120449044485593], [76.78305587785316, 15.12100126109067], [76.7829986757611, 15.121700733392567], [76.7823313180207, 15.122087282885234], [76.78175929710035, 15.122510645806688], [76.78139701718413, 15.12291560085354], [76.78071059207971, 15.123357369113402], [76.78050085107559, 15.123486218015792], [76.77964281969506, 15.123835950356119], [76.77737380337764, 15.123670287740513]]]}, "properties": {"node": "mining", "role": "positive", "name": "Mining", "ts": "2026-07-27T18:11:35.420928+00:00"}}, {"type": "Feature", "geometry": {"type": "Polygon", "coordinates": [[[79.87380720516924, 29.866736609248544], [79.87389382929483, 29.866582614709838], [79.8740194342769, 29.86646242368521], [79.87417102649668, 29.866417352013663], [79.8744179052546, 29.866436131879272], [79.87462147194972, 29.866447399796954], [79.87470809607531, 29.86645115576923], [79.87518885997228, 29.866605150510843], [79.87511089825925, 29.8666539780622], [79.87511089825925, 29.8666539780622], [79.87527548409787, 29.86686806781304], [79.87536643942973, 29.866916895235743], [79.87553102526833, 29.866995770252714], [79.87562631180649, 29.86705962141125], [79.87564796783788, 29.86720610332643], [79.87563064301273, 29.867318781576394], [79.8755396876809, 29.86746150717699], [79.87546172596785, 29.86761550035917], [79.87545306355531, 29.867641791854336], [79.87542274511132, 29.86771916392846], [79.8753447833983, 29.867846865278782], [79.87528414651041, 29.868019637433743], [79.87524949686015, 29.868184897475917], [79.87525815927272, 29.86841025163774], [79.87527548409786, 29.868530440315915], [79.87539675787367, 29.868583022817077], [79.87550070682434, 29.868650628849277], [79.8755700061248, 29.86876330546782], [79.87564796783786, 29.868800864312387], [79.87539675787367, 29.868875981959107], [79.87531879616064, 29.86883091137787], [79.87521484720993, 29.86877832900735], [79.8751801975597, 29.86877832900735], [79.87505026137133, 29.86891354076126], [79.87505026137133, 29.869131381534878], [79.87508491102155, 29.86931166319471], [79.87508491102155, 29.869409315624434], [79.87497229965831, 29.869537014811385], [79.8748077138197, 29.869537014811385], [79.87451319179272, 29.869461897662386], [79.8743919180169, 29.869409315624434], [79.87421866976572, 29.869274104542452], [79.8741407080527, 29.8691013345599], [79.8740973959899, 29.868951099549268], [79.873958797389, 29.868785840776255], [79.8738548484383, 29.86863560529053], [79.87371624983737, 29.868477857787017], [79.87365561294945, 29.868380204445575], [79.87362096329922, 29.86826001558642], [79.87362096329922, 29.86811729112812], [79.8736036384741, 29.86792949547718], [79.87365561294945, 29.86769662837909], [79.87363828812433, 29.867531367528127], [79.87351701434851, 29.867313523260904], [79.87350835193594, 29.86714826177537], [79.8736469505369, 29.866855297560093], [79.87369892501223, 29.86673510686395], [79.87380720516924, 29.866736609248544]]]}, "properties": {"node": "mining", "role": "positive", "name": "Mining", "ts": "2026-07-27T18:11:35.421012+00:00"}}, {"type": "Feature", "geometry": {"type": "Polygon", "coordinates": [[[85.3337938144483, 22.12724219530579], [85.33306248834853, 22.126209059418063], [85.3324774274687, 22.125192852794985], [85.33207519811383, 22.12461699912245], [85.33170953506392, 22.123820962229985], [85.33136215516654, 22.12275392700223], [85.33117932364159, 22.122042565695754], [85.33094164265918, 22.121415887284503], [85.33086851004921, 22.120975517004325], [85.33081366059172, 22.120704519224986], [85.3315449866915, 22.120027022497233], [85.3321117644188, 22.119688272912263], [85.33273339160361, 22.119637460404306], [85.33370239868582, 22.119908460235095], [85.33421432695566, 22.120247209290927], [85.33441544163308, 22.12111101569861], [85.33434230902311, 22.121636071908664], [85.33505535197038, 22.12241518397073], [85.33585981068013, 22.123651592098284], [85.33587809383265, 22.123973395174463], [85.33607920851009, 22.124633936028754], [85.336262040035, 22.125209789632077], [85.33646315471246, 22.12619212270106], [85.33673740199988, 22.12707282928592], [85.3337938144483, 22.12724219530579]]]}, "properties": {"node": "mining", "role": "positive", "name": "Mining", "ts": "2026-07-27T18:11:35.421086+00:00"}}, {"type": "Feature", "geometry": {"type": "Polygon", "coordinates": [[[73.80257505347139, 26.480418294151267], [73.80323605542397, 26.4800769547263], [73.80375723004047, 26.479951796683324], [73.80448178987312, 26.479530809539305], [73.80510465709767, 26.479143955129526], [73.80511736867369, 26.47915533321897], [73.80629954524275, 26.48074825463248], [73.8063376799708, 26.480759632563228], [73.8062359873627, 26.481191993097465], [73.80585464008234, 26.48121474887003], [73.80585464008234, 26.48121474887003], [73.80557498541009, 26.481817775202536], [73.80565125486618, 26.48205670928988], [73.80510465709767, 26.4824094206068], [73.80500296448959, 26.48248906494801], [73.80496482976154, 26.48248906494801], [73.80488856030547, 26.48248906494801], [73.8037826531925, 26.48223875397561], [73.80288013129568, 26.481578840618802], [73.80262589977544, 26.481226126754624], [73.80268945765549, 26.48071412083349], [73.80257505347139, 26.480418294151267]]]}, "properties": {"node": "mining", "role": "positive", "name": "Mining", "ts": "2026-07-27T18:11:35.421161+00:00"}}, {"type": "Feature", "geometry": {"type": "Polygon", "coordinates": [[[80.76035642515106, 24.130340643008964], [80.76130979335163, 24.130827876134035], [80.76296865402067, 24.13015793010854], [80.76294005297464, 24.12964459246775], [80.76259684042242, 24.12927916441731], [80.76244430151034, 24.12892243602774], [80.76233943100829, 24.128356888981052], [80.76231082996225, 24.128182874002096], [80.76228222891622, 24.128121968703542], [80.76130979335163, 24.128356888981052], [80.76096658079943, 24.12866141462459], [80.76058523351921, 24.12910515069302], [80.76030875674104, 24.12929656577672], [80.76015621782895, 24.12971419769232], [80.76005134732685, 24.12992301313877], [80.76035642515106, 24.130340643008964]]]}, "properties": {"node": "mining", "role": "positive", "name": "Mining", "ts": "2026-07-27T18:11:35.421272+00:00"}}, {"type": "Feature", "geometry": {"type": "Polygon", "coordinates": [[[76.85848255641066, 15.057274269741344], [76.85782473235228, 15.057421571426346], [76.85753872189211, 15.05729268245754], [76.85744338507205, 15.057200618860634], [76.85746245243607, 15.056961253322449], [76.85747198611806, 15.056933634204574], [76.85750058716408, 15.056685061982558], [76.85766265975819, 15.056464108652781], [76.85789146812634, 15.056381251095026], [76.85816794490451, 15.056464108652781], [76.85840628695465, 15.056629823671603], [76.85855882586672, 15.056740300279195], [76.8586732300508, 15.056906015083113], [76.85868276373282, 15.057126967954463], [76.85857789323073, 15.057283476099636], [76.85848255641066, 15.057274269741344]]]}, "properties": {"node": "mining", "role": "positive", "name": "Mining", "ts": "2026-07-27T18:11:35.421439+00:00"}}, {"type": "Feature", "geometry": {"type": "Polygon", "coordinates": [[[80.90488323088567, 20.483845546069716], [80.90473307539408, 20.48355752505471], [80.90473307539408, 20.48341686343221], [80.90474737591707, 20.483316390765726], [80.90489753140866, 20.483236012585156], [80.90506198742325, 20.483242710768476], [80.9051406402998, 20.483229314401537], [80.90520499265334, 20.4831623325493], [80.90525504448388, 20.48310874704644], [80.90549100311354, 20.482988179596568], [80.90569121043565, 20.4828140264461], [80.90581276488122, 20.48268006234965], [80.90595577011133, 20.482626476678316], [80.90606302403388, 20.48261977846808], [80.90629898266353, 20.482626476678316], [80.90639908632457, 20.4828140264461], [80.90642768737061, 20.48296138681706], [80.90651349050864, 20.483175728922088], [80.90647058893961, 20.483410165256487], [80.9064133868476, 20.48375177184515], [80.90635618475557, 20.48391922577738], [80.90622748004847, 20.484019698048964], [80.9059629203728, 20.484126868399446], [80.90565545912814, 20.48417375540423], [80.9054195004985, 20.483986207299086], [80.90534084762194, 20.483879036850315], [80.90531224657592, 20.483872338694784], [80.90488323088567, 20.483845546069716]]]}, "properties": {"node": "mining", "role": "positive", "name": "Mining", "ts": "2026-07-27T18:11:35.421597+00:00"}}, {"type": "Feature", "geometry": {"type": "Polygon", "coordinates": [[[73.19555803631518, 27.853149921949697], [73.18903636498727, 27.84442350565777], [73.19194937818041, 27.84250129316918], [73.18994939897318, 27.84115572415988], [73.19247111188665, 27.839156562241715], [73.19412326862304, 27.841386394318256], [73.19477543575586, 27.84219373600997], [73.20055798433327, 27.838848995599896], [73.20512315426281, 27.844846387833915], [73.21151439216418, 27.84115572415988], [73.21338393794484, 27.843539292143685], [73.20490576521856, 27.84819094332086], [73.20507967645396, 27.85015149686083], [73.20268839696706, 27.85161227841523], [73.20012320624474, 27.85118942262057], [73.19555803631518, 27.853149921949697]]]}, "properties": {"node": "mining", "role": "positive", "name": "Mining", "ts": "2026-07-27T18:11:35.421751+00:00"}}, {"type": "Feature", "geometry": {"type": "Polygon", "coordinates": [[[87.7606467887635, 25.100128031952156], [87.76052010097983, 25.100057432310855], [87.76045188448093, 25.10001330751434], [87.76013029241471, 25.099951532772486], [87.76008156634407, 25.099942707806814], [87.7600230950593, 25.09989858296892], [87.75995000595334, 25.09970443349306], [87.75995000595334, 25.09959853364907], [87.75991589770389, 25.09950587121036], [87.75988666206152, 25.099360258664856], [87.75981357295554, 25.09921464594599], [87.75979408252728, 25.09905579550955], [87.75980870034847, 25.098963132659684], [87.76011567459352, 25.098874882261217], [87.76028621584074, 25.098795456848162], [87.76045188448093, 25.098742506544145], [87.7608075847966, 25.09871603138353], [87.76098299865092, 25.098839582084004], [87.76100736168621, 25.099046970479254], [87.76112430425579, 25.099245533506913], [87.76113404946987, 25.09943085870857], [87.7611486672911, 25.09951469620755], [87.76123150161118, 25.09966913355526], [87.76118277554053, 25.099880933029304], [87.76116328511229, 25.09993388284051], [87.76101710690037, 25.10015450680714], [87.76062729833525, 25.10019863155272], [87.7606467887635, 25.100128031952156]]]}, "properties": {"node": "mining", "role": "positive", "name": "Mining", "ts": "2026-07-27T18:11:35.421900+00:00"}}, {"type": "Feature", "geometry": {"type": "Polygon", "coordinates": [[[81.14166938413034, 24.58761300152647], [81.14163124940232, 24.587604332300433], [81.14157404731029, 24.587578324618725], [81.14153591258226, 24.587569655390283], [81.14149777785423, 24.587534978470543], [81.14145964312621, 24.587517640007068], [81.14142150839818, 24.58750030154119], [81.14137383998816, 24.587465624602235], [81.14134523894216, 24.587448286129153], [81.14130710421414, 24.587430947653672], [81.14128803685011, 24.587404939935958], [81.1412689694861, 24.587378932212836], [81.1412499021221, 24.587361593727753], [81.14120223371208, 24.58732691675039], [81.14116409898405, 24.587292239763418], [81.14111643057402, 24.58725756276684], [81.14109736321, 24.587240224264956], [81.14107829584599, 24.58722288576066], [81.14105922848196, 24.587205547253973], [81.14104016111796, 24.587196877999723], [81.14102109375395, 24.587179539489433], [81.14100202638994, 24.587170870233386], [81.14099249270794, 24.587153531719494], [81.14096389166191, 24.587153531719494], [81.14094482429789, 24.587144862461653], [81.14091622325189, 24.58712752394416], [81.14088762220585, 24.58710151616342], [81.14086855484187, 24.587092846901967], [81.14084948747782, 24.587084177639916], [81.14082088643184, 24.587058169850177], [81.14080181906782, 24.587049500585724], [81.14077321802179, 24.587032162055024], [81.1407541506578, 24.58701482352194], [81.14073508329379, 24.586997484986433], [81.14071601592977, 24.586980146448536], [81.14069694856576, 24.586971477178682], [81.14066834751974, 24.586962807908233], [81.14065881383773, 24.586945469365528], [81.14064928015571, 24.58692813082043], [81.1406206791097, 24.586919461546973], [81.14061114542768, 24.586902122998268], [81.14059207806368, 24.586893453723018], [81.14058254438169, 24.586876115170714], [81.14056347701768, 24.58686744589366], [81.14054440965367, 24.586858776616015], [81.14054440965367, 24.586841438058908], [81.14052534228965, 24.586832768779455], [81.14050627492564, 24.5868240994994], [81.14048720756162, 24.586806760937492], [81.14046814019761, 24.58678942237318], [81.14046814019761, 24.58677208380647], [81.14044907283359, 24.586763414522213], [81.14044907283359, 24.586746075951908], [81.14043000546958, 24.58673740666585], [81.14041093810556, 24.586728737379193], [81.14040140442359, 24.586711398804088], [81.14039187074155, 24.586694060226574], [81.14038233705956, 24.58667672164666], [81.14035373601354, 24.586659383064344], [81.14035373601354, 24.586642044479632], [81.14034420233155, 24.58661603659806], [81.14033466864952, 24.58659869800734], [81.14031560128551, 24.586581359414225], [81.14031560128551, 24.586564020818706], [81.14029653392153, 24.586555351520044], [81.1402870002395, 24.586538012920926], [81.1402870002395, 24.586520674319406], [81.14027746655748, 24.58650333571548], [81.14027746655748, 24.58648599710916], [81.14026793287549, 24.586459989195177], [81.14026793287549, 24.586433981275796], [81.1402583991935, 24.586416642659874], [81.1402583991935, 24.58639930404154], [81.1402583991935, 24.58638196542082], [81.1402583991935, 24.58636462679769], [81.1402583991935, 24.586347288172163], [81.1402583991935, 24.586329949544233], [81.1402583991935, 24.586303941597844], [81.14024886551148, 24.58627793364605], [81.14023933182945, 24.58626059500852], [81.14023933182945, 24.58623458704772], [81.14023933182945, 24.586217248404186], [81.14023933182945, 24.586191240434392], [81.14023933182945, 24.586173901784854], [81.14023933182945, 24.58614789380605], [81.14022979814747, 24.586130555150515], [81.14022026446547, 24.586113216492574], [81.14022026446547, 24.586078539169495], [81.14022026446547, 24.586052531170893], [81.14021073078347, 24.586026523166883], [81.14021073078347, 24.586009184494543], [81.14021073078347, 24.585983176481523], [81.14020119710146, 24.585965837803176], [81.14020119710146, 24.585948499122434], [81.14020119710146, 24.585922491096817], [81.14019166341944, 24.585905152410074], [81.14018212973744, 24.585879144375454], [81.14017259605544, 24.58586180568271], [81.14017259605544, 24.58583579763908], [81.14016306237343, 24.58581845894033], [81.14016306237343, 24.585801120239186], [81.14016306237343, 24.585775112182954], [81.14016306237343, 24.5857577734758], [81.14016306237343, 24.585731765410582], [81.14015352869141, 24.585714426697425], [81.14014399500941, 24.585697087981874], [81.14014399500941, 24.58566241054356], [81.14014399500941, 24.585645071820803], [81.14014399500941, 24.585627733095645], [81.14014399500941, 24.585610394368096], [81.14014399500941, 24.58559305563814], [81.1401344613274, 24.5855670475387], [81.1401344613274, 24.585549708802738], [81.1401344613274, 24.5855237006943], [81.14012492764539, 24.585506361952334], [81.14012492764539, 24.58548902320798], [81.14012492764539, 24.58547168446122], [81.14012492764539, 24.58545434571205], [81.14012492764539, 24.585428337583803], [81.14011539396338, 24.585410998828635], [81.14011539396338, 24.585384990691388], [81.14011539396338, 24.58535031316666], [81.14011539396338, 24.585324305016798], [81.14011539396338, 24.585306966247238], [81.14010586028141, 24.585280958088383], [81.14009632659938, 24.58526361931281], [81.14009632659938, 24.585246280534832], [81.14009632659938, 24.585220272363383], [81.14009632659938, 24.585185594793035], [81.14009632659938, 24.58516825600426], [81.14009632659938, 24.585150917213088], [81.14009632659938, 24.58511623962353], [81.14009632659938, 24.58509890082515], [81.14009632659938, 24.585072892623085], [81.14009632659938, 24.585046884415625], [81.14009632659938, 24.585020876202755], [81.14009632659938, 24.58500353739117], [81.14009632659938, 24.58498619857719], [81.14009632659938, 24.584968859760814], [81.14011539396338, 24.584951520942038], [81.14012492764539, 24.584934182120847], [81.14014399500941, 24.584925512709358], [81.14016306237343, 24.584899504471277], [81.14018212973744, 24.5848821656429], [81.14020119710146, 24.5848734962278], [81.14022026446547, 24.58484748797892], [81.14023933182945, 24.584830149143343], [81.1402583991935, 24.584821479724642], [81.14027746655748, 24.58480414088546], [81.1402870002395, 24.584786802043872], [81.14030606760352, 24.584769463199883], [81.14032513496753, 24.584760793776987], [81.14034420233155, 24.5847347855047], [81.14038233705956, 24.58471744665351], [81.14040140442359, 24.584700107799918], [81.14042047178759, 24.584691438372225], [81.14043000546958, 24.584674099515034], [81.14044907283359, 24.584665430085533], [81.14046814019761, 24.584656760655434], [81.14048720756162, 24.584656760655434], [81.14049674124364, 24.58463942179345], [81.14051580860762, 24.58463942179345], [81.14054440965367, 24.584622082929055], [81.14057301069965, 24.584613413495955], [81.1406016117457, 24.58460474406226], [81.1406206791097, 24.58460474406226], [81.14063974647372, 24.584596074627964], [81.14065881383773, 24.584587405193066], [81.14068741488374, 24.584587405193066], [81.14070648224775, 24.584587405193066], [81.14072554961176, 24.584587405193066], [81.14074461697578, 24.584587405193066], [81.14077321802179, 24.584587405193066], [81.14079228538581, 24.58457873575757], [81.14081135274981, 24.58457873575757], [81.14084948747782, 24.58457873575757], [81.14086855484187, 24.58457873575757], [81.14088762220585, 24.58457873575757], [81.14090668956986, 24.584570066321465], [81.14092575693388, 24.584570066321465], [81.14094482429789, 24.584570066321465], [81.14096389166191, 24.584570066321465], [81.14099249270794, 24.58456139688478], [81.14101156007196, 24.584552727447473], [81.14104016111796, 24.584552727447473], [81.14105922848196, 24.584552727447473], [81.14107829584599, 24.584552727447473], [81.14110689689201, 24.584552727447473], [81.14113549793802, 24.584552727447473], [81.14115456530205, 24.584535388571073], [81.14117363266605, 24.584535388571073], [81.14119270003006, 24.58452671913197], [81.14121176739407, 24.584518049692278], [81.14123083475808, 24.584509380251983], [81.1412499021221, 24.58449204136958], [81.1412689694861, 24.584474702484787], [81.1412689694861, 24.584457363597586], [81.1412689694861, 24.584440024707988], [81.1412689694861, 24.58442268581598], [81.1412689694861, 24.584405346921578], [81.14125943580409, 24.58437933857548], [81.1412499021221, 24.58436199967508], [81.14124036844007, 24.584344660772274], [81.14123083475808, 24.584318652413568], [81.14122130107606, 24.584301313504763], [81.14122130107606, 24.58428397459356], [81.14122130107606, 24.584257966222253], [81.14122130107606, 24.584240627305043], [81.14122130107606, 24.584223288385438], [81.14122130107606, 24.584205949463428], [81.14122130107606, 24.584179941075917], [81.14122130107606, 24.584153932682998], [81.14122130107606, 24.584127924284694], [81.14123083475808, 24.584110585349478], [81.14123083475808, 24.584093246411864], [81.14123083475808, 24.584075907471856], [81.14124036844007, 24.584058568529436], [81.14125943580409, 24.584032560111318], [81.1412785031681, 24.584006551687793], [81.14129757053212, 24.58398054325887], [81.14129757053212, 24.583963204303263], [81.14131663789614, 24.583945865345246], [81.14132617157814, 24.583928526384828], [81.14134523894216, 24.583902517939695], [81.14135477262415, 24.58388517897328], [81.14137383998816, 24.583859170519148], [81.1414024410342, 24.58385050103324], [81.14142150839818, 24.583841831546728], [81.14142150839818, 24.583824492571914], [81.14144057576222, 24.583824492571914], [81.14145964312621, 24.583824492571914], [81.14147871049025, 24.583824492571914], [81.14148824417225, 24.583841831546728], [81.14149777785423, 24.583859170519148], [81.14150731153626, 24.58388517897328], [81.14152637890028, 24.58389384845679], [81.14154544626427, 24.58391118742201], [81.14156451362828, 24.583919856903716], [81.1415931146743, 24.583928526384828], [81.14162171572033, 24.583928526384828], [81.14165985044835, 24.583928526384828], [81.14168845149436, 24.583928526384828], [81.14170751885837, 24.583937195865335], [81.14172658622239, 24.583954534824553], [81.1417456535864, 24.583954534824553], [81.14176472095042, 24.583963204303263], [81.14178378831443, 24.583963204303263], [81.14180285567843, 24.583963204303263], [81.14184099040646, 24.583971873781366], [81.14187912513448, 24.58398054325887], [81.14191725986251, 24.58398054325887], [81.14195539459054, 24.58398921273579], [81.14199352931855, 24.58398921273579], [81.14203166404658, 24.58399788221209], [81.14206979877461, 24.58399788221209], [81.1420888661386, 24.584006551687793], [81.14210793350263, 24.584015221162904], [81.14212700086661, 24.584023890637418], [81.14214606823066, 24.584032560111318], [81.14216513559464, 24.584032560111318], [81.14218420295866, 24.584041229584628], [81.14221280400469, 24.584041229584628], [81.1422318713687, 24.584032560111318], [81.14225093873272, 24.584015221162904], [81.14226047241472, 24.58399788221209], [81.14228907346074, 24.583971873781366], [81.14231767450674, 24.583937195865335], [81.14233674187076, 24.583919856903716], [81.14236534291676, 24.583902517939695], [81.14238441028081, 24.58389384845679], [81.14241301132681, 24.58388517897328], [81.14242254500881, 24.583867840004462], [81.1424416123728, 24.583867840004462], [81.14247021341885, 24.583859170519148], [81.14248928078287, 24.583859170519148], [81.14249881446484, 24.583841831546728], [81.14251788182887, 24.583841831546728], [81.14254648287489, 24.583824492571914], [81.1425655502389, 24.583824492571914], [81.14260368496693, 24.583824492571914], [81.14263228601294, 24.583815823083604], [81.14267995442299, 24.583807153594694], [81.14269902178697, 24.583798484105177], [81.14271808915099, 24.583798484105177], [81.142756223879, 24.583798484105177], [81.14278482492504, 24.583789814615074], [81.14282295965307, 24.583789814615074], [81.14285156069907, 24.583789814615074], [81.14287062806308, 24.583789814615074], [81.14289922910908, 24.583781145124362], [81.14291829647313, 24.583772475633047], [81.1429373638371, 24.583772475633047], [81.14295643120116, 24.583772475633047], [81.14298503224715, 24.583772475633047], [81.14302316697518, 24.58376380614114], [81.14306130170321, 24.58376380614114], [81.14308036906722, 24.58376380614114], [81.14309943643124, 24.58376380614114], [81.14311850379525, 24.58376380614114], [81.14313757115926, 24.58376380614114], [81.14316617220527, 24.58376380614114], [81.14318523956928, 24.58376380614114], [81.1432138406153, 24.58376380614114], [81.14325197534333, 24.58376380614114], [81.14327104270731, 24.58376380614114], [81.14329011007136, 24.58376380614114], [81.14332824479935, 24.58376380614114], [81.14336637952738, 24.58376380614114], [81.14339498057342, 24.58376380614114], [81.14343311530145, 24.58376380614114], [81.14349031739346, 24.58376380614114], [81.14356658684949, 24.58376380614114], [81.14362378894157, 24.58376380614114], [81.14367145735159, 24.583746467155514], [81.1437191257616, 24.5837377976618], [81.14374772680763, 24.5837377976618], [81.14377632785364, 24.5837377976618], [81.14381446258167, 24.583729128167494], [81.14383352994568, 24.583720458672587], [81.14385259730969, 24.583720458672587], [81.14387166467371, 24.583711789177073], [81.14389073203772, 24.583711789177073], [81.14390979940174, 24.58370311968096], [81.14393840044772, 24.58370311968096], [81.14395746781175, 24.58370311968096], [81.14397653517575, 24.58370311968096], [81.14399560253977, 24.58369445018424], [81.14401466990378, 24.583685780686938], [81.1440337372678, 24.583685780686938], [81.14405280463181, 24.583685780686938], [81.14408140567784, 24.583685780686938], [81.14412907408786, 24.583685780686938], [81.14415767513388, 24.583685780686938], [81.14419580986191, 24.583685780686938], [81.1442339445899, 24.583685780686938], [81.14427207931793, 24.583685780686938], [81.14431021404596, 24.583685780686938], [81.14434834877399, 24.583685780686938], [81.14437694982003, 24.583685780686938], [81.14440555086603, 24.583685780686938], [81.14443415191207, 24.583685780686938], [81.14446275295806, 24.583685780686938], [81.14448182032208, 24.583685780686938], [81.14450088768609, 24.583685780686938], [81.14451995505011, 24.583685780686938], [81.1445485560961, 24.583685780686938], [81.14456762346015, 24.583685780686938], [81.14460575818815, 24.583685780686938], [81.14463435923417, 24.583685780686938], [81.14466296028019, 24.583685780686938], [81.14469156132621, 24.583685780686938], [81.14471062869023, 24.583685780686938], [81.14473922973623, 24.583685780686938], [81.14475829710025, 24.583685780686938], [81.14477736446426, 24.583685780686938], [81.14479643182827, 24.583685780686938], [81.14481549919229, 24.583685780686938], [81.1448345665563, 24.58369445018424], [81.14485363392032, 24.58369445018424], [81.1448822349663, 24.58370311968096], [81.14490130233033, 24.583711789177073], [81.14492036969433, 24.583720458672587], [81.14493943705835, 24.583720458672587], [81.14496803810438, 24.583720458672587], [81.14498710546839, 24.583729128167494], [81.14500617283241, 24.583729128167494], [81.14503477387841, 24.583746467155514], [81.14504430756044, 24.583772475633047], [81.14504430756044, 24.583789814615074], [81.14506337492445, 24.583798484105177], [81.14507290860644, 24.583815823083604], [81.14508244228843, 24.58383316205962], [81.14508244228843, 24.58385050103324], [81.14508244228843, 24.583876509489173], [81.14509197597046, 24.58389384845679], [81.14510150965248, 24.58391118742201], [81.14510150965248, 24.583928526384828], [81.14510150965248, 24.583963204303263], [81.14510150965248, 24.58398921273579], [81.14510150965248, 24.584006551687793], [81.14510150965248, 24.584032560111318], [81.14510150965248, 24.584058568529436], [81.14510150965248, 24.584093246411864], [81.14510150965248, 24.584136593751385], [81.14508244228843, 24.584171271612213], [81.14508244228843, 24.584197280001522], [81.14507290860644, 24.584223288385438], [81.14505384124243, 24.58424929676395], [81.14504430756044, 24.58427530513705], [81.14503477387841, 24.584318652413568], [81.14501570651441, 24.584344660772274], [81.14500617283241, 24.58437933857548], [81.14500617283241, 24.584396677473478], [81.14498710546839, 24.58441401636908], [81.14497757178638, 24.584440024707988], [81.14496803810438, 24.584466033041483], [81.14495850442236, 24.584483371927487], [81.14494897074037, 24.584500710811085], [81.14493943705835, 24.584518049692278], [81.14492036969433, 24.584535388571073], [81.14490130233033, 24.58454405800957], [81.14489176864834, 24.58456139688478], [81.14487270128433, 24.58456139688478], [81.1448631676023, 24.58457873575757], [81.1448345665563, 24.584587405193066], [81.14481549919229, 24.584596074627964], [81.14478689814625, 24.584613413495955], [81.14475829710025, 24.584622082929055], [81.14473922973623, 24.58463942179345], [81.14472016237222, 24.584656760655434], [81.14470109500822, 24.584665430085533], [81.1446724939622, 24.584682768943924], [81.14465342659818, 24.584691438372225], [81.14463435923417, 24.584708777227014], [81.14462482555216, 24.584726116079406], [81.14460575818815, 24.584726116079406], [81.14459622450613, 24.5847434549294], [81.14457715714214, 24.584752124353493], [81.14455808977813, 24.584760793776987], [81.1445485560961, 24.584778132622176], [81.14451995505011, 24.584795471464965], [81.14450088768609, 24.58481281030535], [81.14448182032208, 24.584830149143343], [81.14446275295806, 24.584856157395816], [81.14444368559406, 24.584864826812108], [81.14442461823003, 24.5848821656429], [81.14440555086603, 24.584899504471277], [81.14438648350202, 24.584925512709358], [81.14436741613801, 24.584934182120847], [81.144338815092, 24.584968859760814], [81.14431974772798, 24.58498619857719], [81.14430068036397, 24.58500353739117], [81.14428161299996, 24.585038215011938], [81.14425301195392, 24.585055553818712], [81.14424347827195, 24.585072892623085], [81.14422441090792, 24.58509890082515], [81.14420534354392, 24.585107570224643], [81.1441862761799, 24.58513357841951], [81.14416720881589, 24.585159586608974], [81.14415767513388, 24.585176925398944], [81.14412907408786, 24.585211602971697], [81.14411000672385, 24.585237611144947], [81.14411000672385, 24.585254949924124], [81.14409093935983, 24.585254949924124], [81.14409093935983, 24.585272288700892], [81.14407187199582, 24.585280958088383], [81.14407187199582, 24.585306966247238], [81.14405280463181, 24.585324305016798], [81.1440337372678, 24.58535031316666], [81.1440242035858, 24.585367651930216], [81.14401466990378, 24.585384990691388], [81.14399560253977, 24.58541966820652], [81.14397653517575, 24.58545434571205], [81.14395746781175, 24.5854803538349], [81.14394793412973, 24.58549769258045], [81.14394793412973, 24.585515031323613], [81.14393840044772, 24.58553237006438], [81.14393840044772, 24.585549708802738], [81.14392886676575, 24.5855670475387], [81.14391933308372, 24.58558438627225], [81.14390979940174, 24.58560172500342], [81.1439002657197, 24.585619063732178], [81.14388119835569, 24.585645071820803], [81.1438621309917, 24.585671079904035], [81.14385259730969, 24.585697087981874], [81.14383352994568, 24.585714426697425], [81.14382399626366, 24.585731765410582], [81.14381446258167, 24.585749104121337], [81.14380492889964, 24.58576644282968], [81.14378586153566, 24.585783781535632], [81.14378586153566, 24.585801120239186], [81.14377632785364, 24.58581845894033], [81.14376679417165, 24.58583579763908], [81.14374772680763, 24.585853136335434], [81.14374772680763, 24.58587047502938], [81.14372865944362, 24.58588781372093], [81.1437095920796, 24.585905152410074], [81.1437095920796, 24.585922491096817], [81.1436905247156, 24.585939829781157], [81.14368099103358, 24.58597450714265], [81.14367145735159, 24.585991845819795], [81.14366192366955, 24.586009184494543], [81.14364285630555, 24.586035192502152], [81.14363332262356, 24.586052531170893], [81.14363332262356, 24.586069869837225], [81.14362378894157, 24.586087208501166], [81.14361425525955, 24.5861045471627], [81.14359518789554, 24.586113216492574], [81.14359518789554, 24.586130555150515], [81.14358565421354, 24.58614789380605], [81.14357612053153, 24.586165232459187], [81.14355705316751, 24.586182571109923], [81.14355705316751, 24.58620857908152], [81.1435379858035, 24.586217248404186], [81.14351891843948, 24.58623458704772], [81.14349985107548, 24.586251925688853], [81.14348078371145, 24.586251925688853], [81.14346171634745, 24.58627793364605], [81.14344264898342, 24.586286602963913], [81.14341404793743, 24.58629527228118], [81.14339498057342, 24.58631261091391], [81.14336637952738, 24.586321280229377], [81.14333777848138, 24.586329949544233], [81.14330917743534, 24.586347288172163], [81.14329011007136, 24.58636462679769], [81.14327104270731, 24.58636462679769], [81.14325197534333, 24.586373296109556], [81.14323290797928, 24.586373296109556], [81.1432138406153, 24.58638196542082], [81.1431947732513, 24.586390634731487], [81.14317570588726, 24.586390634731487], [81.14314710484125, 24.58639930404154], [81.14312803747724, 24.586416642659874], [81.14309943643124, 24.586425311968128], [81.14308036906722, 24.586433981275796], [81.14306130170321, 24.586451319889314], [81.1430517680212, 24.5864773278051], [81.1430517680212, 24.586494666412623], [81.14303270065717, 24.58651200501775], [81.14303270065717, 24.586529343620466], [81.14303270065717, 24.586546682220785], [81.14303270065717, 24.586564020818706], [81.14303270065717, 24.586590028711075], [81.14302316697518, 24.586607367302996], [81.14302316697518, 24.586624705892515], [81.14302316697518, 24.586642044479632], [81.14302316697518, 24.586668052355805], [81.14302316697518, 24.586685390936918], [81.14302316697518, 24.586702729515626], [81.14303270065717, 24.586728737379193], [81.14303270065717, 24.586746075951908], [81.14303270065717, 24.586763414522213], [81.14303270065717, 24.586780753090125], [81.14303270065717, 24.586806760937492], [81.1430517680212, 24.586832768779455], [81.14306130170321, 24.586858776616015], [81.14306130170321, 24.586876115170714], [81.14307083538522, 24.586893453723018], [81.14307083538522, 24.58691079227292], [81.14307083538522, 24.586936800093277], [81.14308036906722, 24.586954138637175], [81.14308990274921, 24.586971477178682], [81.14309943643124, 24.586988815717785], [81.14309943643124, 24.58701482352194], [81.14310897011322, 24.587032162055024], [81.14310897011322, 24.587049500585724], [81.14312803747724, 24.587066839114023], [81.14312803747724, 24.587084177639916], [81.14310897011322, 24.587084177639916], [81.14308990274921, 24.587084177639916], [81.14307083538522, 24.58710151616342], [81.14304223433919, 24.587110185424265], [81.14302316697518, 24.58711885468451], [81.14300409961118, 24.58711885468451], [81.14298503224715, 24.58711885468451], [81.14296596488315, 24.58712752394416], [81.14294689751914, 24.5871361932032], [81.14292783015513, 24.587144862461653], [81.14290876279111, 24.587153531719494], [81.1428801617451, 24.587153531719494], [81.14285156069907, 24.587162200976742], [81.14283249333505, 24.587162200976742], [81.14281342597104, 24.587170870233386], [81.14279435860702, 24.587170870233386], [81.14276575756104, 24.587179539489433], [81.14272762283301, 24.587188208744887], [81.14269902178697, 24.587188208744887], [81.14267995442299, 24.587188208744887], [81.14266088705894, 24.587205547253973], [81.14264181969496, 24.587205547253973], [81.14262275233095, 24.58721421650762], [81.14260368496693, 24.58722288576066], [81.14258461760292, 24.58722288576066], [81.1425655502389, 24.587231555013105], [81.14254648287489, 24.587240224264956], [81.14252741551088, 24.587248893516197], [81.14249881446484, 24.58725756276684], [81.14247974710084, 24.587266232016884], [81.14246067973681, 24.587283570515172], [81.14243207869083, 24.587283570515172], [81.14241301132681, 24.587300909011052], [81.1423939439628, 24.587309578258104], [81.14237487659878, 24.58731824750454], [81.14235580923477, 24.58731824750454], [81.14233674187076, 24.58732691675039], [81.14231767450674, 24.58733558599562], [81.14229860714275, 24.587344255240264], [81.14228907346074, 24.587361593727753], [81.14227000609672, 24.587361593727753], [81.14225093873272, 24.58737026297059], [81.1422318713687, 24.587387601454477], [81.14221280400469, 24.587396270695518], [81.14219373664068, 24.587396270695518], [81.14217466927667, 24.587413609175794], [81.14215560191266, 24.587430947653672], [81.14213653454864, 24.587430947653672], [81.14211746718463, 24.587448286129153], [81.14209839982063, 24.587456955365994], [81.1420793324566, 24.587465624602235], [81.1420602650926, 24.587465624602235], [81.1420507314106, 24.587482963072915], [81.14203166404658, 24.58749163230735], [81.14201259668258, 24.58750030154119], [81.14199352931855, 24.58750030154119], [81.14197446195455, 24.58750897077443], [81.14195539459054, 24.587517640007068], [81.14193632722652, 24.587526309239106], [81.14191725986251, 24.587534978470543], [81.14189819249849, 24.587534978470543], [81.14187912513448, 24.58755231693161], [81.14185052408844, 24.58756098616125], [81.14184099040646, 24.587578324618725], [81.14182192304246, 24.587595663073795], [81.14181238936045, 24.58761300152647], [81.14180285567843, 24.587630339976744], [81.14166938413034, 24.58761300152647]]]}, "properties": {"node": "mining", "role": "positive", "name": "Mining", "ts": "2026-07-27T18:11:35.422427+00:00"}}, {"type": "Feature", "geometry": {"type": "Polygon", "coordinates": [[[80.50175720747875, 23.683630269368358], [80.5015188654286, 23.683455654642255], [80.5013472591525, 23.683324693444504], [80.50142352860854, 23.683054039886407], [80.50144259597256, 23.682853232045446], [80.50129959074248, 23.68272227024373], [80.50113751814835, 23.682678616280647], [80.50093731082625, 23.68266115469134], [80.50088010873421, 23.682530192697058], [80.50088964241621, 23.68226826831462], [80.50091824346224, 23.682084920934432], [80.50098497923625, 23.681892842450615], [80.50108031605632, 23.68174441797423], [80.5015760675206, 23.68149995376317], [80.5018430106168, 23.68140391412652], [80.5020527516209, 23.68144756851556], [80.50246269994716, 23.681674571103468], [80.50275824408934, 23.68174441797423], [80.5029870524575, 23.681822995659203], [80.50305378823155, 23.68186664990821], [80.50317772609762, 23.681953958362463], [80.50340653446574, 23.682128575095906], [80.50358767442387, 23.682233345023946], [80.50386415120205, 23.682364307315815], [80.50409295957017, 23.68244288462792], [80.50432176793832, 23.68254765430387], [80.50444570580439, 23.682827039695606], [80.50460777839847, 23.682966732167397], [80.50481751940262, 23.6831064244898], [80.5049605246327, 23.683281039682736], [80.50509399618079, 23.683359616443408], [80.50527513613889, 23.683577884975026], [80.50531327086692, 23.683726307368218], [80.50543720873301, 23.683804883861036], [80.50554207923507, 23.683874729592752], [80.5057422865572, 23.68404934375864], [80.50588529178727, 23.6841628428413], [80.50595202756132, 23.684223957691117], [80.50599969597134, 23.684276341825345], [80.50605689806339, 23.68438984071076], [80.50598062860733, 23.68450333949755], [80.50589482546928, 23.68453826218134], [80.5057422865572, 23.684590646189513], [80.50564694973713, 23.68460810752091], [80.50546580977901, 23.684485878152152], [80.50537047295896, 23.684276341825345], [80.50536093927695, 23.684127920057147], [80.50521793404685, 23.683979498120298], [80.5049509909507, 23.683804883861036], [80.50481751940262, 23.683717576643872], [80.5044361721224, 23.683577884975026], [80.50413109429819, 23.683516769822937], [80.50387368488404, 23.683586615708716], [80.50357814074185, 23.683630269368358], [80.5033016639637, 23.68356915424077], [80.5028345135454, 23.683560423505927], [80.5028345135454, 23.683804883861036], [80.50299658613947, 23.684101727962897], [80.50308238927755, 23.68438984071076], [80.50315865873361, 23.68453826218134], [80.50302518718551, 23.68460810752091], [80.50279637881737, 23.68460810752091], [80.50231016103508, 23.68439857139017], [80.50195741480086, 23.684328725938553], [80.50153793279262, 23.68414538145039], [80.50129959074248, 23.68404934375864], [80.50147119701856, 23.68390092173252], [80.50162373593064, 23.68395330599629], [80.50173814011474, 23.683962036704873], [80.50177627484277, 23.68390092173252], [80.50176674116074, 23.683778691702013], [80.50175720747875, 23.683700115193435], [80.50175720747875, 23.683630269368358]]]}, "properties": {"node": "mining", "role": "positive", "name": "Mining", "ts": "2026-07-27T18:11:35.422695+00:00"}}, {"type": "Feature", "geometry": {"type": "Polygon", "coordinates": [[[69.25418793179254, 22.12044193004736], [69.2540452928903, 22.120301861713305], [69.25455023460425, 22.119440306257975], [69.25509511521085, 22.119567161379535], [69.2546358179456, 22.120148579225976], [69.2543248651387, 22.120381145693074], [69.25418793179254, 22.12044193004736]]]}, "properties": {"node": "mining", "role": "positive", "name": "Mining", "ts": "2026-07-27T18:11:35.422793+00:00"}}, {"type": "Feature", "geometry": {"type": "Polygon", "coordinates": [[[80.68313699999996, 17.63145695844235], [80.68968999999996, 17.63968895843681], [80.69983099999999, 17.646966958431854], [80.70638299999993, 17.643030958434515], [80.70786599999994, 17.634935958439986], [80.69920699999993, 17.635752958439422], [80.70162499999998, 17.628473958444314], [80.68898699999998, 17.627520958444993], [80.68313699999996, 17.63145695844235]]]}, "properties": {"node": "mining", "role": "positive", "name": "Mining", "ts": "2026-07-27T18:11:35.422866+00:00"}}, {"type": "Feature", "geometry": {"type": "Polygon", "coordinates": [[[70.56612568832325, 27.318160158146007], [70.56285129637625, 27.31178743089879], [70.56378683693252, 27.30693837147155], [70.56300721980229, 27.303336075873336], [70.56425460721069, 27.301396329815617], [70.5650342243409, 27.29917943567125], [70.56487830091488, 27.295992572777266], [70.56487830091488, 27.294052698402115], [70.56472237748882, 27.289618572567818], [70.56409868378465, 27.288787154263193], [70.56347499008045, 27.286570008355575], [70.56347499008045, 27.283244206511288], [70.5626953729502, 27.279502560417107], [70.56487830091488, 27.276592304114654], [70.56799676943584, 27.276592304114654], [70.571738931661, 27.275622201741943], [70.57251854879127, 27.27714664452517], [70.5742337064778, 27.27770098217021], [70.57579294073828, 27.279086814183636], [70.57620613781728, 27.280569635295663], [70.57647900381288, 27.281401115109624], [70.57694677409101, 27.282232588700616], [70.57694677409101, 27.282925478606014], [70.576868812378, 27.283514431627708], [70.57667390809544, 27.28469232830366], [70.57640104209986, 27.285246628299916], [70.5765179846694, 27.28649379317816], [70.57788231464733, 27.28798344398571], [70.57835008492546, 27.288433799598995], [70.57920766376873, 27.288780225751182], [70.58139059173341, 27.28947307481381], [70.58310574941996, 27.290165919554084], [70.58521071567161, 27.29054698231879], [70.58774447134489, 27.291343745692483], [70.5887579736142, 27.2915515960672], [70.59331873382612, 27.293560796298987], [70.59405937009986, 27.29401112929461], [70.59405937009986, 27.295812443012743], [70.59433223609543, 27.296366687508264], [70.59480000637359, 27.296747728993978], [70.5955406426473, 27.2970941292098], [70.59577452778639, 27.297232688993514], [70.58813427991, 27.30499176087016], [70.58634116051044, 27.306758259468584], [70.56612568832325, 27.318160158146007]]]}, "properties": {"node": "mining", "role": "positive", "name": "Mining", "ts": "2026-07-27T18:11:35.422948+00:00"}}, {"type": "Feature", "geometry": {"type": "Polygon", "coordinates": [[[80.8419656964894, 24.16823139531637], [80.84204196594546, 24.165778527662592], [80.8501074609224, 24.166509174018813], [80.84984051782624, 24.168805463919995], [80.8419656964894, 24.16823139531637]]]}, "properties": {"node": "mining", "role": "positive", "name": "Mining", "ts": "2026-07-27T18:11:35.423012+00:00"}}, {"type": "Feature", "geometry": {"type": "Polygon", "coordinates": [[[76.85998125122207, 15.011903269702918], [76.85985731335596, 15.010374683638796], [76.86209296178635, 15.010056994198713], [76.8624600085436, 15.011659249167195], [76.86066767632646, 15.012156498266075], [76.85998125122207, 15.011903269702918]]]}, "properties": {"node": "mining", "role": "positive", "name": "Mining", "ts": "2026-07-27T18:11:35.423074+00:00"}}, {"type": "Feature", "geometry": {"type": "Polygon", "coordinates": [[[85.4609970196118, 22.143092259876926], [85.4600097293771, 22.141432650860757], [85.46293503377619, 22.139976243160618], [85.46373949248596, 22.138655302220375], [85.46410515553583, 22.138773848708272], [85.46432455336577, 22.1390278765606], [85.46436111967073, 22.140636708984257], [85.46461708380566, 22.14378658029408], [85.4609970196118, 22.143092259876926]]]}, "properties": {"node": "mining", "role": "positive", "name": "Mining", "ts": "2026-07-27T18:11:35.423143+00:00"}}, {"type": "Feature", "geometry": {"type": "Polygon", "coordinates": [[[86.74568365036858, 23.734826234315715], [86.74504012683319, 23.734251867280538], [86.7447183650655, 23.733765862427262], [86.74439660329779, 23.733309310762483], [86.74425181050232, 23.732823302393985], [86.74421963432553, 23.732676026772964], [86.74455748418164, 23.732278381764864], [86.74594105978272, 23.7319691014753], [86.74650414287622, 23.73235201982087], [86.7466167594949, 23.732322564603457], [86.74713157832322, 23.732263654148674], [86.74729245920707, 23.73249929580805], [86.74885300378041, 23.732720209476746], [86.75038137217697, 23.73241093023571], [86.75078357438657, 23.732175288416567], [86.75147536218714, 23.731954373824156], [86.75152362645231, 23.731792369551727], [86.75150753836392, 23.730879250795358], [86.75168450733615, 23.730967617406222], [86.75171668351294, 23.730952889641898], [86.75186147630838, 23.731011800689178], [86.75139492174523, 23.730717245186504], [86.75166841924775, 23.73046687248583], [86.75195800483868, 23.730069220737363], [86.75276240925795, 23.7296421119525], [86.75326113999787, 23.729229729728722], [86.75404945632873, 23.728802618192958], [86.75475733221766, 23.727889478490898], [86.75501474163181, 23.727506547034686], [86.75525606295761, 23.727226711797595], [86.7553525914879, 23.726725952505582], [86.75546520810659, 23.726431387317575], [86.75604437928844, 23.72591589663696], [86.75699357650316, 23.725724428150706], [86.75779798092239, 23.72596008163232], [86.75826453548557, 23.727506547034686], [86.75853803298811, 23.7280514876145], [86.75889197093258, 23.728758434161104], [86.75931026123058, 23.729421193066308], [86.75932634931895, 23.729583200286122], [86.75961593490987, 23.73040796119224], [86.75984116814726, 23.73145363269499], [86.75988943241241, 23.732278381764864], [86.76003422520787, 23.732808574839368], [86.76003422520787, 23.733382948235942], [86.76003422520787, 23.733603860406713], [86.75993769667757, 23.73481150698746], [86.75964811108663, 23.735120780531197], [86.75887588284418, 23.7353269624859], [86.75837715210423, 23.735592053091136], [86.75660746238192, 23.736254777244753], [86.75496647736664, 23.736475684546935], [86.75411380868226, 23.736078051133372], [86.75338984470494, 23.735768779861672], [86.75237629513668, 23.734973507506677], [86.75121795277298, 23.735061871341365], [86.74980220099509, 23.734826234315715], [86.74854733010109, 23.73466423361339], [86.74777510185862, 23.734899870931997], [86.74680981655551, 23.7351796896944], [86.74666502376006, 23.735209144266015], [86.74568365036858, 23.734826234315715]]]}, "properties": {"node": "mining", "role": "positive", "name": "Mining", "ts": "2026-07-27T18:11:35.423229+00:00"}}, {"type": "Feature", "geometry": {"type": "Polygon", "coordinates": [[[72.97979940988317, 27.880491347388055], [72.98012549344955, 27.880419289017766], [72.98025592687611, 27.880284779931625], [72.98036462139825, 27.880097427711828], [72.98070700914298, 27.88006380035602], [72.98094613709165, 27.88018870191068], [72.981065701066, 27.880414485124703], [72.98121243867087, 27.88079879589591], [72.98134830682355, 27.881115851255526], [72.98143526244124, 27.88140408259515], [72.98162004312887, 27.881668293982575], [72.98182112799482, 27.88198534679664], [72.98220155882228, 27.881898877939413], [72.98245155622318, 27.88187966262841], [72.98266894526745, 27.88199495444319], [72.98275590088515, 27.882177499565525], [72.98290807321612, 27.882465728079588], [72.98305481082102, 27.882797189922375], [72.98310372335598, 27.882970126133255], [72.983054810821, 27.883085416787093], [72.98291894266835, 27.883445699289176], [72.98282111759842, 27.883815588077603], [72.98284829122895, 27.884123027148025], [72.98275590088515, 27.88441605419958], [72.98264177163692, 27.88464182860008], [72.98256025074534, 27.884761921174512], [72.98252220766256, 27.88505014280973], [72.98239720896211, 27.88529513059646], [72.98228307971388, 27.885304737949355], [72.98224503663113, 27.884906032088022], [72.98224503663113, 27.884680258238387], [72.98219612409618, 27.88454575444464], [72.98211460320458, 27.884425661630466], [72.98201134340854, 27.884262335189444], [72.98194069196917, 27.88413743833304], [72.98185917107756, 27.884017345066027], [72.98173417237712, 27.883882840448837], [72.9816363473072, 27.883757943154723], [72.9815548264156, 27.883714709442426], [72.98150047915455, 27.883488933108872], [72.98134287209744, 27.883272763837763], [72.98106026633991, 27.883032575252656], [72.98094070236556, 27.882902873195178], [72.98076135640403, 27.8826578799961], [72.98045157701596, 27.882340829151016], [72.98026679632835, 27.882182303380382], [72.98021244906727, 27.882095834680417], [72.97995158221417, 27.881903681766623], [72.97964723755219, 27.881721136182733], [72.9795820208389, 27.881663490144938], [72.97941354432963, 27.88153378644772], [72.97930484980748, 27.881394474896197], [72.9792341983681, 27.881279182442164], [72.97919615528535, 27.880933304343664], [72.97910919966766, 27.88087565788651], [72.97902224404994, 27.880784384266608], [72.97896246206277, 27.880640267868046], [72.97896246206277, 27.880529778499266], [72.97895702733665, 27.880433700695665], [72.97919072055925, 27.880376053972583], [72.97947332631678, 27.880472131827332], [72.97951136939953, 27.880491347388055], [72.97968528063495, 27.880486543498197], [72.97979940988317, 27.880491347388055]]]}, "properties": {"node": "mining", "role": "positive", "name": "Mining", "ts": "2026-07-27T18:11:35.423317+00:00"}}, {"type": "Feature", "geometry": {"type": "Polygon", "coordinates": [[[74.14315025270376, 15.300908553245424], [74.14316932006778, 15.30065107226043], [74.14275937174153, 15.300485548602921], [74.14264496755746, 15.300044151543315], [74.14272123701352, 15.29977747370234], [74.1428833096076, 15.299593557752102], [74.14309305061174, 15.299308487710073], [74.14356973471203, 15.299188942093105], [74.14458030500465, 15.299142962991487], [74.1449997870129, 15.299428033258808], [74.14523812906305, 15.299575166148202], [74.14568621211733, 15.299841844246766], [74.14591502048546, 15.300283241732746], [74.14601035730553, 15.30051313588826], [74.14598175625952, 15.300779812792502], [74.14586735207543, 15.301184425378052], [74.14568621211733, 15.301322361308083], [74.14534299956512, 15.301368339931244], [74.1449997870129, 15.301478688585636], [74.14480911337279, 15.3015154714575], [74.14315025270376, 15.300908553245424]]]}, "properties": {"node": "mining", "role": "positive", "name": "Mining", "ts": "2026-07-27T18:11:35.423390+00:00"}}, {"type": "Feature", "geometry": {"type": "Polygon", "coordinates": [[[78.96157085869989, 20.327673105950872], [78.9614493042543, 20.326975789347358], [78.96182111785254, 20.32627176458715], [78.9632297193689, 20.326305289648392], [78.96360153296713, 20.32669417982782], [78.9635657816596, 20.32689532953696], [78.96307241361582, 20.327009314256006], [78.96296515969324, 20.32708977400712], [78.9629151078627, 20.32722387349929], [78.9628793565552, 20.327445137407167], [78.9628936570782, 20.327532301890024], [78.9629079576012, 20.327579236591216], [78.9629079576012, 20.327579236591216], [78.96157085869989, 20.327673105950872]]]}, "properties": {"node": "mining", "role": "positive", "name": "Mining", "ts": "2026-07-27T18:11:35.423455+00:00"}}, {"type": "Feature", "geometry": {"type": "Polygon", "coordinates": [[[82.55383006232842, 24.129385992411766], [82.55404564271278, 24.118896466016444], [82.55785851966002, 24.1196893773956], [82.55679670582661, 24.12598844323218], [82.56188054175618, 24.12673726260154], [82.5613335467511, 24.131729279710253], [82.55660364876596, 24.131465001335766], [82.55641059170534, 24.129453531368334], [82.55383006232842, 24.129385992411766]]]}, "properties": {"node": "mining", "role": "positive", "name": "Mining", "ts": "2026-07-27T18:11:35.423520+00:00"}}, {"type": "Feature", "geometry": {"type": "Polygon", "coordinates": [[[74.15522847443732, 15.39590933525203], [74.15330267067216, 15.395688737701377], [74.15364588322437, 15.394493830237677], [74.15440857778484, 15.394475446992328], [74.1548566608391, 15.3942456562885], [74.15540008071343, 15.394071015183888], [74.15569562485561, 15.393969907108959], [74.15643925205207, 15.393629815950966], [74.15665852673823, 15.393620624290332], [74.1571256771565, 15.393629815950966], [74.1574593560267, 15.393455174329523], [74.15763096230282, 15.393730924191134], [74.15752609180075, 15.393988290398967], [74.1574593560267, 15.394392722368178], [74.15749749075474, 15.394512213481391], [74.15747842339071, 15.394797153551371], [74.15740215393467, 15.395394607270031], [74.15722101397657, 15.395495714652705], [74.15693500351637, 15.395468139916852], [74.15628671313999, 15.395458948337422], [74.1561341742279, 15.395458948337422], [74.15573375958364, 15.395495714652705], [74.15551448489752, 15.395651971420202], [74.15522847443732, 15.39590933525203]]]}, "properties": {"node": "mining", "role": "positive", "name": "Mining", "ts": "2026-07-27T18:11:35.423612+00:00"}}, {"type": "Feature", "geometry": {"type": "Polygon", "coordinates": [[[86.47456396728913, 23.650720821656588], [86.47377565095825, 23.650175558288485], [86.47357454985347, 23.649600818764764], [86.47381587117923, 23.649055550728924], [86.47432264596335, 23.64809027336372], [86.47466853986363, 23.64744183876868], [86.47489377310102, 23.64715446331824], [86.47601993928795, 23.646955510713603], [86.47664737473497, 23.64718393775246], [86.47774136474513, 23.647515524679942], [86.47830444783861, 23.647788162190835], [86.47872273813661, 23.648082904806827], [86.478947971374, 23.64863554542228], [86.47896405946237, 23.649121867233042], [86.47893188328563, 23.649755556577215], [86.47891579519722, 23.65026397952958], [86.47772527665676, 23.650367137568665], [86.47742764702161, 23.649527134027853], [86.47693696032589, 23.64925450014044], [86.47659106642561, 23.649283974101607], [86.47538445979674, 23.65003555786787], [86.47505465398487, 23.650779768911615], [86.47497421354295, 23.650993452488443], [86.47456396728913, 23.650720821656588]]]}, "properties": {"node": "mining", "role": "positive", "name": "Mining", "ts": "2026-07-27T18:11:35.423717+00:00"}}, {"type": "Feature", "geometry": {"type": "Polygon", "coordinates": [[[73.70430265362674, 24.351619381633842], [73.70322852545408, 24.350692925878036], [73.70497001136714, 24.349187420814527], [73.70517339658328, 24.349222163440874], [73.70525602182731, 24.349378505141456], [73.70552296492347, 24.349627493377135], [73.7057263501396, 24.349905433154845], [73.70582804274765, 24.350044402814884], [73.70589795641571, 24.350160210748385], [73.70596787008375, 24.35031655129058], [73.70430265362674, 24.351619381633842]]]}, "properties": {"node": "mining", "role": "positive", "name": "Mining", "ts": "2026-07-27T18:11:35.423813+00:00"}}, {"type": "Feature", "geometry": {"type": "Polygon", "coordinates": [[[82.78311157326765, 24.200940198384064], [82.78349679853831, 24.195468761713848], [82.79309991421407, 24.195795046630604], [82.79271468894342, 24.196974685133043], [82.79505355665815, 24.19725076916402], [82.79472336356899, 24.201567641710167], [82.78311157326765, 24.200940198384064]]]}, "properties": {"node": "mining", "role": "positive", "name": "Mining", "ts": "2026-07-27T18:11:35.423902+00:00"}}, {"type": "Feature", "geometry": {"type": "Polygon", "coordinates": [[[76.46484636007114, 15.19486013388975], [76.46438874333485, 15.194528919784599], [76.46435060860682, 15.193921692574573], [76.46512283684929, 15.192983247085033], [76.46567579040564, 15.192744034822036], [76.46668636069825, 15.192698032432672], [76.46751579103275, 15.192753235298705], [76.46787807094898, 15.19287284145889], [76.46775413308292, 15.193204058163992], [76.46630501341802, 15.193802087008992], [76.46522770735135, 15.194795731187801], [76.46503703371125, 15.194942937334778], [76.46484636007114, 15.19486013388975]]]}, "properties": {"node": "mining", "role": "positive", "name": "Mining", "ts": "2026-07-27T18:11:35.423997+00:00"}}, {"type": "Feature", "geometry": {"type": "Polygon", "coordinates": [[[79.2897979999999, 19.809533957493173], [79.28451899999996, 19.809345957493214], [79.27219399999993, 19.810518957493006], [79.26119499999994, 19.813158957492423], [79.2556053423357, 19.811126766905453], [79.24999953731626, 19.817207924676115], [79.24977072894812, 19.82334266232604], [79.25503332141535, 19.82597945049133], [79.26564099999993, 19.821736957490753], [79.27102399999998, 19.82012395749103], [79.27508, 19.819610957491143], [79.27734199999993, 19.82305695749049], [79.27663999999997, 19.826575957489805], [79.27398799999995, 19.830461957489025], [79.28483099999997, 19.832514957488627], [79.29536199999997, 19.832220957488676], [79.30082299999994, 19.826062957489857], [79.30051099999994, 19.818584957491403], [79.29957499999999, 19.811251957492818], [79.2897979999999, 19.809533957493173]]]}, "properties": {"node": "mining", "role": "positive", "name": "Mining", "ts": "2026-07-27T18:11:35.424104+00:00"}}, {"type": "Feature", "geometry": {"type": "Polygon", "coordinates": [[[73.75872170498869, 25.146033914333316], [73.75775562521207, 25.14580377670552], [73.75717089271573, 25.145544871355582], [73.75701835380363, 25.145262951572196], [73.75708826747166, 25.14502130552533], [73.75717724850374, 25.144825686946547], [73.75775562521207, 25.14485445440426], [73.75803527988425, 25.144837193930442], [73.75894415756882, 25.144658835558076], [73.7590839849049, 25.144589793537513], [73.75919838908897, 25.144319378580985], [73.75917932172496, 25.14430787154827], [73.75916661014894, 25.144164033547806], [73.75919203330095, 25.143968413595182], [73.7594335532451, 25.143974167127674], [73.75959880373323, 25.144175540594077], [73.75978947737333, 25.14436540670099], [73.76004370889348, 25.144526504984356], [73.76027887304963, 25.144641575056596], [73.7603678540817, 25.144808426468657], [73.76043141196173, 25.144986784622443], [73.76034878671767, 25.145176649467526], [73.76009455519751, 25.145216923790635], [73.75959880373323, 25.14511336121864], [73.75915389857295, 25.145378020950186], [73.7591030522689, 25.145452815987706], [73.7591030522689, 25.145493090219688], [73.75912847542094, 25.145596652469507], [73.75897593650883, 25.146010900590067], [73.75872170498869, 25.146033914333316]]]}, "properties": {"node": "mining", "role": "positive", "name": "Mining", "ts": "2026-07-27T18:11:35.424215+00:00"}}, {"type": "Feature", "geometry": {"type": "Polygon", "coordinates": [[[80.01279299999996, 16.822797959060757], [80.01755999999999, 16.82170995906168], [80.01529699999996, 16.817905959064912], [80.01155299999998, 16.81962095906342], [80.01279299999996, 16.822797959060757]]]}, "properties": {"node": "mining", "role": "positive", "name": "Mining", "ts": "2026-07-27T18:11:35.424312+00:00"}}, {"type": "Feature", "geometry": {"type": "Polygon", "coordinates": [[[78.57540334884484, 14.602789665377086], [78.57517454047674, 14.599283865930445], [78.57902614800707, 14.598564247553156], [78.57954096683538, 14.598896379404428], [78.57975070783954, 14.599486834790726], [78.58041806557993, 14.599302317652757], [78.5805134024, 14.598748765310223], [78.5803608634879, 14.59839818143948], [78.58020832457582, 14.597826174977248], [78.58030366139586, 14.597254167027753], [78.58081848022417, 14.59692203269718], [78.58257267771324, 14.596405378297462], [78.58318283336162, 14.595851818665738], [78.58766366390438, 14.595095284916772], [78.58888397520114, 14.599265414206593], [78.58798780909257, 14.599782061889531], [78.5880259438206, 14.600520127902971], [78.58899837938522, 14.600483224661119], [78.58987547812973, 14.603195596439917], [78.58966573712563, 14.604191969508221], [78.58949413084952, 14.604653251807274], [78.58865516683298, 14.605354399048533], [78.58815941536868, 14.60552045990978], [78.58709164298403, 14.605668069458934], [78.5865386894277, 14.605132984371778], [78.58493703085072, 14.605502008709168], [78.58411713419821, 14.602734311083193], [78.58272521662535, 14.603158693646984], [78.58154304005662, 14.603417013067466], [78.58068500867611, 14.603380110311685], [78.57540334884484, 14.602789665377086]]]}, "properties": {"node": "mining", "role": "positive", "name": "Mining", "ts": "2026-07-27T18:11:35.424437+00:00"}}, {"type": "Feature", "geometry": {"type": "Polygon", "coordinates": [[[85.31088868100329, 21.947108841472595], [85.31062814608026, 21.94632028489012], [85.31038817970379, 21.94601503600674], [85.31005222677669, 21.9457606614367], [85.30994938404392, 21.945404536274197], [85.30991510313298, 21.945118363622306], [85.30993567167953, 21.944889425086153], [85.31003851441231, 21.94469228327357], [85.31024419987789, 21.944469703479275], [85.3106144337159, 21.944463344051474], [85.31184854650927, 21.944609610819214], [85.31230105453348, 21.944921222127107], [85.31269185691806, 21.945417255045353], [85.31333633804347, 21.945728864583455], [85.31362429769527, 21.94626941012173], [85.31363801005965, 21.946695485744883], [85.31259587036747, 21.94698801453801], [85.31213650616104, 21.947185153167844], [85.31088868100329, 21.947108841472595]]]}, "properties": {"node": "mining", "role": "positive", "name": "Mining", "ts": "2026-07-27T18:11:35.424554+00:00"}}, {"type": "Feature", "geometry": {"type": "Polygon", "coordinates": [[[72.13970578848165, 24.90054809615359], [72.13927359489723, 24.900268495574345], [72.1392354601692, 24.899908184615548], [72.13914965703114, 24.899772707422958], [72.139006651801, 24.899717940005026], [72.138984406543, 24.899412395016917], [72.13890813708691, 24.89929421231868], [72.13906385389306, 24.89919620706846], [72.13913376756112, 24.89924520970329], [72.13935622014132, 24.89935186242952], [72.13951193694746, 24.899432572539464], [72.13979159161971, 24.89952481260049], [72.13986786107579, 24.899576697604527], [72.13996955368388, 24.899723704997523], [72.1399822652599, 24.89974388246918], [72.14003628945795, 24.8997986498756], [72.14008395786799, 24.899962951949068], [72.14009031365599, 24.900135901263816], [72.14007760207997, 24.90023967073634], [72.1400140441999, 24.900346322603315], [72.13984243792378, 24.9004933290797], [72.13974710110368, 24.90053656624532], [72.13970578848165, 24.90054809615359]]]}, "properties": {"node": "mining", "role": "positive", "name": "Mining", "ts": "2026-07-27T18:11:35.424666+00:00"}}, {"type": "Feature", "geometry": {"type": "Polygon", "coordinates": [[[85.37413764728143, 21.95861872597936], [85.38176857805374, 21.958771336971353], [85.38161431395456, 21.960802955188186], [85.37866272752377, 21.9608411073651], [85.37862159043067, 21.96344496923054], [85.37315035704674, 21.963292363258155], [85.37347945379166, 21.962767778977906], [85.37411707873487, 21.962243192760756], [85.3743947541134, 21.961756756537802], [85.37441532265996, 21.961451540802532], [85.37428162710734, 21.96075526495263], [85.37408622591504, 21.960297437876978], [85.37394224608914, 21.959667923239376], [85.37390110899605, 21.95951531321027], [85.37394224608914, 21.95933408858783], [85.37399366745552, 21.959067020301934], [85.37413764728143, 21.95861872597936]]]}, "properties": {"node": "mining", "role": "positive", "name": "Mining", "ts": "2026-07-27T18:11:35.424773+00:00"}}, {"type": "Feature", "geometry": {"type": "Polygon", "coordinates": [[[78.26497331557951, 14.324727367403677], [78.26241828880195, 14.320071734672712], [78.26596481850814, 14.31920341153288], [78.26567880804794, 14.318612210877324], [78.27242865490808, 14.316376719323971], [78.27462140176941, 14.316820124377058], [78.27462140176941, 14.316820124377058], [78.2757082415181, 14.318963236454362], [78.27395404402901, 14.319665285961614], [78.27277186746028, 14.32347109507074], [78.26497331557951, 14.324727367403677]]]}, "properties": {"node": "mining", "role": "positive", "name": "Mining", "ts": "2026-07-27T18:11:35.424873+00:00"}}, {"type": "Feature", "geometry": {"type": "Polygon", "coordinates": [[[73.10042404238912, 17.9148548536502], [73.0988986532682, 17.91310405738631], [73.09946114050653, 17.913040556678684], [73.09979481937674, 17.91300427054983], [73.09994735828883, 17.912904483657172], [73.0999092235608, 17.91271398125156], [73.09988062251477, 17.912405548351252], [73.09938487105049, 17.912233188555568], [73.09884145117616, 17.912169687535965], [73.09866031121805, 17.912106186493602], [73.09850777230595, 17.91186125368859], [73.0987747154021, 17.911598177335858], [73.09870797962806, 17.91136231544631], [73.09821222816375, 17.911144596500506], [73.09835523339386, 17.911017593658627], [73.09882238381215, 17.911144596500506], [73.09886051854016, 17.91094502056528], [73.09831709866583, 17.91079987428945], [73.09819316079977, 17.91059122630974], [73.09836476707585, 17.910328148072278], [73.09869844594606, 17.910010639334725], [73.0989367879962, 17.909919922448122], [73.09876518172013, 17.90974756023569], [73.09884145117616, 17.909420978742073], [73.09935627000446, 17.909520767595616], [73.09998549301685, 17.909765703634363], [73.10017616665698, 17.909856420599883], [73.10002362774487, 17.91011949953737], [73.09970901623869, 17.91040072141815], [73.10013803192896, 17.91059122630974], [73.1003763739791, 17.910473294734327], [73.1005575139372, 17.910183001291372], [73.1005537004644, 17.909981609936064], [73.10078250883255, 17.909995217467284], [73.10107233276553, 17.91007414112772], [73.10128207376965, 17.909847348905412], [73.1013678769077, 17.909684058325713], [73.10162528632188, 17.90981106212293], [73.10163482000387, 17.91039164975154], [73.10192655067326, 17.9104261220822], [73.10194085119626, 17.910603019462968], [73.10214010515017, 17.91056401133777], [73.10208290305815, 17.91032814807227], [73.10208290305815, 17.91032814807227], [73.10204476833012, 17.910237431348143], [73.10200663360209, 17.90995620920833], [73.10182740038037, 17.909701294560676], [73.10182263353938, 17.909515324568694], [73.10187983563142, 17.9093202826602], [73.10185600142641, 17.90915699159505], [73.10194180456446, 17.909039059065577], [73.10209434347655, 17.908952877552125], [73.10218968029662, 17.908930198199513], [73.1023307787903, 17.90894924885589], [73.10266445766051, 17.908912961889584], [73.10339855117496, 17.908840387934685], [73.10352248904104, 17.9088041009461], [73.10371316268116, 17.908767813950078], [73.1039705720953, 17.908876674915845], [73.10414217837142, 17.90864988116174], [73.10440912146758, 17.908486589479143], [73.10459979510769, 17.908640809405536], [73.10471419929175, 17.908658952917474], [73.10500974343395, 17.90862266589175], [73.10517181602802, 17.90850473300685], [73.1052671528481, 17.908459374184098], [73.10540062439617, 17.90841401534972], [73.10567710117435, 17.908604522376102], [73.10569616853837, 17.908922033631857], [73.10564850012834, 17.908994607553335], [73.10551502858026, 17.909049037974942], [73.1052957538941, 17.909357476715112], [73.10530528757613, 17.909529839306792], [73.10530528757613, 17.909538911017503], [73.10530528757613, 17.909620556392998], [73.10539109071416, 17.909783847031186], [73.10547689385223, 17.910001567648155], [73.10547689385223, 17.91007414112772], [73.10549596121625, 17.91021021632185], [73.10549596121625, 17.910300933059908], [73.1054292254422, 17.910473294734327], [73.1054196917602, 17.910473294734327], [73.10520995075606, 17.91067287120061], [73.10504787816197, 17.91072730110697], [73.10482860347582, 17.910736372756404], [73.10471419929175, 17.910772659349497], [73.1046093287897, 17.91084523251341], [73.10449492460562, 17.91097223547877], [73.10415171205344, 17.9113532438289], [73.10382756686522, 17.911661678560193], [73.10369409531714, 17.91186125368859], [73.10366549427111, 17.912133401228836], [73.10361782586108, 17.912405548351252], [73.10357969113308, 17.912732124346633], [73.10342715222097, 17.912895412118694], [73.10325554594486, 17.913058699740326], [73.10316020912481, 17.913185701119822], [73.10316020912478, 17.91333991695831], [73.1031697428068, 17.913448775116457], [73.10307440598675, 17.91363020523147], [73.10291233339264, 17.91349413266262], [73.10277886184457, 17.913294559372687], [73.1026739913425, 17.91340341755869], [73.10255005347643, 17.913612062228328], [73.10245471665637, 17.913793492176204], [73.10243564929236, 17.913847921124347], [73.10238798088233, 17.913956778970505], [73.10229264406226, 17.91416542298875], [73.10212103778616, 17.914455709909905], [73.10197803255608, 17.91456456738277], [73.10152041581979, 17.91504535375482], [73.10149181477375, 17.915063496611243], [73.10129160745166, 17.915108853744183], [73.10083399071537, 17.915235853654668], [73.10052891289118, 17.915272139326664], [73.10030010452304, 17.915272139326664], [73.1000617624729, 17.915272139326664], [73.09999502669886, 17.915253996491593], [73.10025243611301, 17.914755067799405], [73.10042404238912, 17.9148548536502]]]}, "properties": {"node": "mining", "role": "positive", "name": "Mining", "ts": "2026-07-27T18:11:35.425162+00:00"}}, {"type": "Feature", "geometry": {"type": "Polygon", "coordinates": [[[81.06585999999989, 20.56756595740064], [81.06556799999998, 20.56490195740069], [81.06481742011124, 20.56469908608713], [81.064402704944, 20.56395598107067], [81.0645528604356, 20.56311245328891], [81.06501047717185, 20.56261704511914], [81.06523599999994, 20.561198957400922], [81.06457299999998, 20.560286957400937], [81.06080899999995, 20.56030495740094], [81.05835199999993, 20.560870957400926], [81.056675, 20.560979957400896], [81.05341799999992, 20.56105295740087], [81.05039499999994, 20.56207495740088], [81.04760599999996, 20.562238957400847], [81.04503199999999, 20.561308957400875], [81.04343299999995, 20.56178295740088], [81.04118699999994, 20.56149295740086], [81.03894399999997, 20.561875957400897], [81.03633099999996, 20.564283957400775], [81.03293699999993, 20.5659799574007], [81.03100699999995, 20.56658195740066], [81.02995099999998, 20.568976957400594], [81.03201899999998, 20.569651957400538], [81.03578199999994, 20.570362957400505], [81.03833699999993, 20.569341957400592], [81.04048199999995, 20.569414957400497], [81.04473399999993, 20.567352957400665], [81.04839999999996, 20.567371957400578], [81.04933599999995, 20.56862995740057], [81.05122799999992, 20.56873995740056], [81.05325599999996, 20.567736957400577], [81.054894, 20.5677179574006], [81.05727699999996, 20.56766495740059], [81.06267899999992, 20.567609957400613], [81.06585999999989, 20.56756595740064]]]}, "properties": {"node": "mining", "role": "positive", "name": "Mining", "ts": "2026-07-27T18:11:35.425365+00:00"}}, {"type": "Feature", "geometry": {"type": "Polygon", "coordinates": [[[78.91003177377755, 13.159275503581213], [78.91017001216662, 13.158885603129612], [78.91243426164303, 13.159410111926407], [78.91253913214507, 13.159795369885048], [78.91255343266809, 13.16012492741721], [78.91255343266809, 13.160310593437329], [78.91249146373507, 13.160408068041574], [78.91157146342151, 13.160500900961955], [78.91149996080647, 13.160426634628466], [78.91146182607844, 13.160347726624472], [78.91145229239642, 13.160259535295816], [78.9114475255554, 13.160092435849222], [78.91146182607844, 13.159939261256419], [78.91147612660144, 13.159795369885048], [78.91147612660144, 13.159683970055637], [78.91147135976043, 13.159665403412479], [78.91003177377755, 13.159275503581213]]]}, "properties": {"node": "mining", "role": "positive", "name": "Mining", "ts": "2026-07-27T18:11:35.425474+00:00"}}, {"type": "Feature", "geometry": {"type": "Polygon", "coordinates": [[[77.46130346653334, 17.319775911652837], [77.462371238918, 17.312785898307048], [77.46607030753626, 17.313586850822684], [77.46534574770381, 17.32126853630017], [77.46130346653334, 17.319775911652837]]]}, "properties": {"node": "mining", "role": "positive", "name": "Mining", "ts": "2026-07-27T18:11:35.425544+00:00"}}, {"type": "Feature", "geometry": {"type": "Polygon", "coordinates": [[[85.7546380181964, 22.554423724833118], [85.7550284991974, 22.554354272979722], [85.75538716322798, 22.554092492602674], [85.7554768292356, 22.553892150141834], [85.755407410391, 22.553793314420655], [85.75457727670735, 22.553189613613583], [85.75446736353666, 22.55336324464731], [85.75451075031458, 22.55377995823668], [85.75452521257387, 22.55414324597991], [85.75457727670735, 22.55437030033361], [85.7546380181964, 22.554423724833118]]]}, "properties": {"node": "mining", "role": "positive", "name": "Mining", "ts": "2026-07-27T18:11:35.425612+00:00"}}, {"type": "Feature", "geometry": {"type": "Polygon", "coordinates": [[[74.14442871946041, 15.147129355534753], [74.14336094707573, 15.146448372173912], [74.14324654289166, 15.146043462109892], [74.14302726820553, 15.14587781686045], [74.14276985879138, 15.145739779053567], [74.14267452197133, 15.145509715842056], [74.14259825251526, 15.145334867634075], [74.14256965146926, 15.144975968228389], [74.14268405565332, 15.144690688779535], [74.14289379665748, 15.144543447623269], [74.14299866715952, 15.144230559826141], [74.14310353766159, 15.143871658548218], [74.14317980711763, 15.143577174993943], [74.14325607657369, 15.143301096289793], [74.14335141339375, 15.143098638344606], [74.14361835648991, 15.14290538285268], [74.14380903013002, 15.142813356365956], [74.14424757950228, 15.142702924529086], [74.14465752782854, 15.142804153715087], [74.14472426360258, 15.142813356365956], [74.14496260565274, 15.142850166965443], [74.14518188033885, 15.143107840982674], [74.14531535188695, 15.143393122564513], [74.1458969064893, 15.143301096289793], [74.14618291694948, 15.143356312059426], [74.14660239895774, 15.143236677873691], [74.14712675146806, 15.143025017225622], [74.14746043033827, 15.142859369614317], [74.14806105230464, 15.142666113903994], [74.14812778807868, 15.14264770858904], [74.14817545648869, 15.142638505930968], [74.14822312489873, 15.142629303272502], [74.14831846171879, 15.142629303272502], [74.148652140589, 15.14257408731326], [74.14867120795302, 15.14257408731326], [74.14881421318309, 15.142601695294676], [74.14903348786923, 15.142840964316173], [74.14903348786923, 15.143172259437986], [74.14900488682322, 15.14328269103005], [74.14843286590288, 15.143439135686874], [74.14812778807868, 15.143669201148656], [74.14805151862262, 15.14388086115269], [74.14793711443855, 15.144221357236875], [74.14793711443855, 15.14443301668885], [74.14791804707454, 15.144617068214211], [74.14787991234651, 15.14471829648494], [74.14778457552647, 15.144828727270538], [74.14762250293238, 15.144948360556588], [74.14701234728399, 15.145325665092809], [74.14615431590347, 15.145601741156659], [74.14584923807928, 15.145712171481392], [74.14530581820495, 15.14603425959943], [74.14510561088282, 15.146282727241342], [74.14504840879079, 15.146475979650072], [74.14501027406277, 15.14666923188235], [74.14496260565274, 15.146853281463343], [74.14488633619668, 15.146991318544062], [74.14481006674062, 15.14704653335114], [74.1447337972846, 15.147074140749273], [74.14471472992058, 15.147092545679369], [74.14442871946041, 15.147129355534753]]]}, "properties": {"node": "mining", "role": "positive", "name": "Mining", "ts": "2026-07-27T18:11:35.425697+00:00"}}, {"type": "Feature", "geometry": {"type": "Polygon", "coordinates": [[[78.57146212470357, 14.589542985694747], [78.57062316068705, 14.589192387157482], [78.56997487031065, 14.588989408801742], [78.56972699457852, 14.588712619833204], [78.56966979248648, 14.588343567333794], [78.56966979248648, 14.587992966886306], [78.56957445566643, 14.587531649657357], [78.56982233139857, 14.58716259517822], [78.57048968913898, 14.586830445618062], [78.5706803627791, 14.58671972898666], [78.57371207365696, 14.585667918211527], [78.57659124562271, 14.584782178924891], [78.58099580670942, 14.58352737550337], [78.58290254311059, 14.588786430258843], [78.5762289657065, 14.59131442239694], [78.57376927574899, 14.591591208093828], [78.57350233265281, 14.591203708020725], [78.57375020838496, 14.590779302395982], [78.57434129666935, 14.590594777956062], [78.57464637449353, 14.590096561195606], [78.57460823976551, 14.589598343307475], [78.57418875775723, 14.589340007662281], [78.57369300629294, 14.589192387157482], [78.57340699583277, 14.589155482015817], [78.57312098537258, 14.589063219134578], [78.57283497491242, 14.589044766553688], [78.57241549290416, 14.589321555104595], [78.57146212470357, 14.589542985694747]]]}, "properties": {"node": "mining", "role": "positive", "name": "Mining", "ts": "2026-07-27T18:11:35.425771+00:00"}}, {"type": "Feature", "geometry": {"type": "Polygon", "coordinates": [[[73.58793459196761, 16.74649155907716], [73.58855428129799, 16.74644591232629], [73.58882122439415, 16.746756310016398], [73.58894516226022, 16.74709409516306], [73.5892311727204, 16.747733146503965], [73.58949334897557, 16.748404147997807], [73.58960775315963, 16.74887886891472], [73.5897364578667, 16.749339894684972], [73.58977459259474, 16.74958638326307], [73.58975552523071, 16.749997196850696], [73.58968878945667, 16.750617980145602], [73.58969832313869, 16.75090098362295], [73.58984132836878, 16.75105617889965], [73.58996526623484, 16.75107443715918], [73.59038474824311, 16.751001404110553], [73.59060402292924, 16.750855337929256], [73.59071842711332, 16.750654496746968], [73.59078516288736, 16.750380622065993], [73.59085189866138, 16.750170651210418], [73.5908709660254, 16.749878517460886], [73.59092816811743, 16.749714192029778], [73.59093770179945, 16.74954986645682], [73.5910330386195, 16.749422057579796], [73.5911951112136, 16.749303377831446], [73.59122371225962, 16.74917556878894], [73.59124277962363, 16.749120793458754], [73.59129044803367, 16.74899298429368], [73.59123324594162, 16.74887430427786], [73.59106163966551, 16.748865175042802], [73.59075656184132, 16.748856045807315], [73.59064215765727, 16.748646073270262], [73.59055635451921, 16.748253515297208], [73.59065407475978, 16.748074125163328], [73.59058972240625, 16.74780252909191], [73.59039428192513, 16.74758114377229], [73.59017500723898, 16.747541431326905], [73.59070889343131, 16.747550560625427], [73.59096630284546, 16.747605336407375], [73.59129998171566, 16.747733146503965], [73.59179573317998, 16.747797051520084], [73.5921770804602, 16.747842697947043], [73.59251075933041, 16.747641853586583], [73.59269189928852, 16.747395362491], [73.59270143297053, 16.747377103878634], [73.59277102884919, 16.747426402128006], [73.59270429307514, 16.747586164885487], [73.59282823094121, 16.74759072953373], [73.59331158861889, 16.747596207111478], [73.59329061451851, 16.747440096083903], [73.5931142414014, 16.74729859182551], [73.59308564035537, 16.747038406301755], [73.59301413774033, 16.746951677714826], [73.59287303924664, 16.74700280193927], [73.59273956769856, 16.74701193126362], [73.59275863506257, 16.746865862021508], [73.5928063034726, 16.7466741459712], [73.59272050033454, 16.746546335163757], [73.59254222048104, 16.74648151679291], [73.59239635514636, 16.746591981890546], [73.59225334991626, 16.746692404650968], [73.59211987836817, 16.746884120682903], [73.59206267627616, 16.746975413963597], [73.5919959405021, 16.74704844855663], [73.59191013736404, 16.747011931263614], [73.59191967104606, 16.746500688426025], [73.59202454154813, 16.74632723072283], [73.59205314259414, 16.746098996662113], [73.59170993004192, 16.746117255397035], [73.5917003963599, 16.74612638476384], [73.5917003963599, 16.74612638476384], [73.59151925640181, 16.745971185468612], [73.59141438589975, 16.745843374189334], [73.59126661382865, 16.745505586802892], [73.5913428832847, 16.7452408341501], [73.5913028418203, 16.745020815260794], [73.59122180552323, 16.74495690931294], [73.5910120645191, 16.744920391618823], [73.59080709035598, 16.74498886228955], [73.59058781566985, 16.745093850603507], [73.59055635451921, 16.745313869404136], [73.5905182197912, 16.745414292838614], [73.59025127669501, 16.745505586823988], [73.58997479991687, 16.745469069235085], [73.58977268585834, 16.745463591596152], [73.58962014694626, 16.74563705008605], [73.58952481012619, 16.74575116742744], [73.58944854067015, 16.74583333187089], [73.58941517278313, 16.745865284700443], [73.58933413648606, 16.74589267283579], [73.58919589809697, 16.745924625655377], [73.58885268554478, 16.745883543457783], [73.58880025029374, 16.74611634246033], [73.58846180458254, 16.74612090714381], [73.58859050928962, 16.74580594372702], [73.58852377351556, 16.745500109186107], [73.5883950688085, 16.745322085868953], [73.5882472967374, 16.745267309430194], [73.58810429150732, 16.745285568244864], [73.58800418784627, 16.745390556395243], [73.5879279183902, 16.74546815629528], [73.58793268523121, 16.745522932676266], [73.58810429150732, 16.745691826418454], [73.58813289255335, 16.74582420249004], [73.58812812571233, 16.7459109315905], [73.58811382518931, 16.745988531278478], [73.58801372152827, 16.746111777776747], [73.58796605311824, 16.746161989290197], [73.58794221891323, 16.746180248019087], [73.58793268523121, 16.746335447143917], [73.58793459196761, 16.74649155907716]]]}, "properties": {"node": "mining", "role": "positive", "name": "Mining", "ts": "2026-07-27T18:11:35.425875+00:00"}}, {"type": "Feature", "geometry": {"type": "Polygon", "coordinates": [[[86.15293299999995, 23.76719495825649], [86.15312799999994, 23.768317958257075], [86.15620899999998, 23.770653958258418], [86.15817899999999, 23.771045958258664], [86.16172799999993, 23.77156395825894], [86.1628170346112, 23.771427335617535], [86.16304226784858, 23.771000362470993], [86.16358926285366, 23.76982249824957], [86.16318706064406, 23.769704711240873], [86.16354199999996, 23.769262958257627], [86.1614939999999, 23.768995958257534], [86.15962199999998, 23.768763958257374], [86.15776899999997, 23.768299958257074], [86.15695, 23.76755195825672], [86.1564229999999, 23.76653495825606], [86.15523399999991, 23.766088958255853], [86.15320599999995, 23.766267958255963], [86.15293299999995, 23.76719495825649]]]}, "properties": {"node": "mining", "role": "positive", "name": "Mining", "ts": "2026-07-27T18:11:35.425940+00:00"}}, {"type": "Feature", "geometry": {"type": "Polygon", "coordinates": [[[74.10771260332012, 15.387938261991934], [74.10723591921983, 15.387607352905029], [74.10733125603988, 15.387294827173331], [74.10744566022396, 15.387156948024911], [74.10739799181393, 15.386844421617084], [74.10745519390598, 15.386577854604393], [74.10747426126999, 15.386338863199422], [74.1078270075042, 15.386200983417911], [74.10783654118622, 15.386182599440138], [74.10790327696023, 15.385925223580962], [74.1079986137803, 15.385778151518583], [74.10819882110243, 15.385842495558663], [74.10821788846644, 15.385906839578844], [74.10821788846644, 15.385943607581455], [74.10837042737852, 15.386173407450642], [74.1084657641986, 15.385961991580324], [74.10840856210655, 15.385640271365764], [74.1081511526924, 15.385336934708164], [74.10808441691836, 15.3849049090087], [74.10810348428238, 15.384886524916498], [74.10875177465877, 15.3849049090087], [74.10872317361274, 15.385272590511866], [74.1089615156629, 15.385419662931335], [74.10887571252485, 15.385824111549242], [74.10869457256673, 15.386200983417908], [74.10850389892663, 15.38668815823725], [74.10864690415671, 15.38703745293825], [74.10892338093487, 15.386826037696139], [74.10920939139505, 15.386099871520099], [74.10955260394726, 15.385768959511243], [74.1095907386753, 15.385088749769205], [74.11030576482572, 15.384647531570176], [74.11065851105992, 15.384776220329206], [74.11081104997203, 15.384923293099275], [74.11102079097617, 15.385061173726877], [74.11113519516023, 15.385529967177767], [74.11149747507646, 15.386200983417911], [74.11163094662452, 15.38662381445852], [74.11166908135255, 15.38688118945412], [74.11162141294254, 15.387092604391063], [74.11153560980446, 15.387267251350952], [74.11105892570417, 15.387625736756995], [74.11034389955375, 15.387745231755162], [74.10981001336143, 15.387634928682365], [74.10771260332012, 15.387938261991934]]]}, "properties": {"node": "mining", "role": "positive", "name": "Mining", "ts": "2026-07-27T18:11:35.426013+00:00"}}, {"type": "Feature", "geometry": {"type": "Polygon", "coordinates": [[[85.2818221251681, 22.114075073797295], [85.28149302842321, 22.114142826476918], [85.28061543710346, 22.11370243347747], [85.28010350883362, 22.112889396634127], [85.27886025446404, 22.111534324811316], [85.27834832619418, 22.11065352114392], [85.27776326531438, 22.110179239967486], [85.27652001094478, 22.109264550337276], [85.27556928701506, 22.107943321509644], [85.27534988918512, 22.106520445854102], [85.27450886417041, 22.10513143434582], [85.27374097176565, 22.104386105459], [85.27363127285068, 22.102861556834597], [85.27436259895046, 22.10170966472556], [85.27531332288015, 22.100964317761303], [85.27666627616472, 22.100557763212155], [85.27823862727921, 22.101235353476604], [85.27988411100372, 22.101675785403508], [85.28014007513862, 22.10238724945807], [85.27988411100372, 22.10340362045522], [85.28017664144363, 22.104487741448168], [85.28196839038807, 22.10580900264389], [85.28251688496287, 22.106317176731622], [85.28310194584269, 22.10706249541535], [85.28401610346741, 22.108315977047496], [85.28310194584269, 22.10892577489471], [85.28277284909781, 22.109298427836773], [85.28193182408307, 22.110551889597534], [85.28160272733818, 22.111398816912867], [85.28149302842321, 22.11221186235039], [85.28193182408307, 22.11302490310023], [85.282114655608, 22.11336366869578], [85.28226092082798, 22.113837939162256], [85.28222435452297, 22.114244455435298], [85.28207808930303, 22.11444771313232], [85.2818221251681, 22.114075073797295]]]}, "properties": {"node": "mining", "role": "positive", "name": "Mining", "ts": "2026-07-27T18:11:35.426080+00:00"}}, {"type": "Feature", "geometry": {"type": "Polygon", "coordinates": [[[87.26305099999998, 23.680647958208617], [87.26176399999993, 23.683109958209982], [87.26656199999991, 23.692030958214826], [87.269604, 23.6931019582154], [87.27365999999996, 23.691852958214746], [87.27479099999994, 23.686713958211914], [87.27225599999993, 23.68314595820998], [87.26890199999997, 23.684073958210533], [87.26305099999998, 23.680647958208617]]]}, "properties": {"node": "mining", "role": "positive", "name": "Mining", "ts": "2026-07-27T18:11:35.426136+00:00"}}, {"type": "Feature", "geometry": {"type": "Polygon", "coordinates": [[[85.31105597184867, 21.921120208649292], [85.3096664522591, 21.92039087273792], [85.30732620873982, 21.919186612242065], [85.30696054568995, 21.918898266668354], [85.30707024460492, 21.91771095521273], [85.30752732341728, 21.917202104415487], [85.30851461365195, 21.91681198423956], [85.31096455608619, 21.917100334037844], [85.31118395391613, 21.916744137143354], [85.31189699686342, 21.91591300759143], [85.31211639469333, 21.915319340656055], [85.31228094306579, 21.914759595278937], [85.31321338384299, 21.913504400678068], [85.3135790468929, 21.91311427037308], [85.31474916865254, 21.91270717674163], [85.3148954338725, 21.912181345745648], [85.31509654854992, 21.91146892646098], [85.31573645888722, 21.91085827852392], [85.31657748390192, 21.910960053361894], [85.3170162795618, 21.91263932768994], [85.31685173118936, 21.91311427037308], [85.31677859857939, 21.913521362841003], [85.3167237491219, 21.913724908638642], [85.31619353769958, 21.913945416257818], [85.31575474203969, 21.91411503727104], [85.31557191051478, 21.91426769601021], [85.31621182085206, 21.914691747204945], [85.31705284586681, 21.915285416756433], [85.31723567739175, 21.916455786623818], [85.31729052684923, 21.91698160183868], [85.31716254478178, 21.91732083643082], [85.31672374912189, 21.918406381695004], [85.3170162795618, 21.918949151223785], [85.31721739423922, 21.9193223040747], [85.31723567739171, 21.919424072864324], [85.31105597184867, 21.921120208649292]]]}, "properties": {"node": "mining", "role": "positive", "name": "Mining", "ts": "2026-07-27T18:11:35.426200+00:00"}}, {"type": "Feature", "geometry": {"type": "Polygon", "coordinates": [[[82.73023637810881, 22.414016737397166], [82.72555589107029, 22.41241417657509], [82.72642264792927, 22.409289129801166], [82.72665378309166, 22.407980328645543], [82.72700048583523, 22.406858489271823], [82.72818505354255, 22.406190723439988], [82.7301785943182, 22.406858489271823], [82.7356680544251, 22.408968608209033], [82.73760381141018, 22.409289129801166], [82.7419664876004, 22.408888477695466], [82.74341108236534, 22.408754926736847], [82.74422005543374, 22.40824743192341], [82.74924724521586, 22.41105198534128], [82.74881386678635, 22.413909900584187], [82.74580910967522, 22.41505839201763], [82.74346886615596, 22.416126747616637], [82.74222651465809, 22.416554087555415], [82.7408108117884, 22.416206873955304], [82.73968402787173, 22.416206873955304], [82.73870170343154, 22.416660922334675], [82.73829721689731, 22.41802305856701], [82.73797940604902, 22.41831685090493], [82.73578362200625, 22.41719509499834], [82.73549470305326, 22.416287000247756], [82.73503243272847, 22.414337247343113], [82.734599054299, 22.41286823735163], [82.73405010828832, 22.411826566308385], [82.73338559469643, 22.41121224382671], [82.73277886489512, 22.411292373000116], [82.73220102698913, 22.41177314706999], [82.73116091875836, 22.413963319000956], [82.73107424307246, 22.414150283297847], [82.73023637810881, 22.414016737397166]]]}, "properties": {"node": "mining", "role": "positive", "name": "Mining", "ts": "2026-07-27T18:11:35.426267+00:00"}}, {"type": "Feature", "geometry": {"type": "Polygon", "coordinates": [[[70.53085745692563, 20.858716303315443], [70.53077187358427, 20.85820446680763], [70.53200997925579, 20.85816181368667], [70.53143371809071, 20.85848171179896], [70.53113702917402, 20.858742961419164], [70.53085745692563, 20.858716303315443]]]}, "properties": {"node": "mining", "role": "positive", "name": "Mining", "ts": "2026-07-27T18:11:35.426324+00:00"}}, {"type": "Feature", "geometry": {"type": "Polygon", "coordinates": [[[84.60753928060257, 23.544475164339325], [84.60712034812073, 23.543707049160897], [84.60794376713677, 23.54264757258683], [84.60800155092736, 23.54168079276475], [84.60829046988036, 23.541045098049786], [84.6089983213152, 23.54042264399732], [84.60930168621583, 23.540065062677417], [84.6096917268024, 23.540250475335025], [84.60989397006949, 23.541217265671833], [84.60967728085473, 23.541799985181722], [84.6095183754306, 23.54221053601327], [84.60927279432056, 23.54280649461711], [84.6091427807917, 23.543548128218962], [84.60892609157693, 23.544024890468567], [84.60870940236221, 23.544236784246873], [84.60753928060257, 23.544475164339325]]]}, "properties": {"node": "mining", "role": "positive", "name": "Mining", "ts": "2026-07-27T18:11:35.426383+00:00"}}, {"type": "Feature", "geometry": {"type": "Polygon", "coordinates": [[[85.90075636332658, 23.771556992727486], [85.90016625277437, 23.77055054039304], [85.89922744053219, 23.769200409178897], [85.89898603166992, 23.768733996957714], [85.8983690979108, 23.767899360388558], [85.89839592111773, 23.766770137684315], [85.89960296542907, 23.766058231377347], [85.9009173025681, 23.766352813769895], [85.90201705405178, 23.766622847043838], [85.90252669498324, 23.766647395495493], [85.90365326967382, 23.767629329763935], [85.90365326967382, 23.768807641103802], [85.90343868401848, 23.769838654771878], [85.9031704519493, 23.770673278899505], [85.90282175025936, 23.771360612395643], [85.90231210932788, 23.77187611013444], [85.90188293801718, 23.772072489688043], [85.90075636332658, 23.771556992727486]]]}, "properties": {"node": "mining", "role": "positive", "name": "Mining", "ts": "2026-07-27T18:11:35.426443+00:00"}}, {"type": "Feature", "geometry": {"type": "Polygon", "coordinates": [[[76.83224109668957, 15.075387009540927], [76.83210285830052, 15.075253528660332], [76.8320599567315, 15.075202897959569], [76.8320599567315, 15.075202897959569], [76.83202658884446, 15.075152267246763], [76.83194555254742, 15.07493593588355], [76.83194555254742, 15.074738015507467], [76.8319217183424, 15.074576917390987], [76.83186928309138, 15.07449866969039], [76.83178824679432, 15.074521683722967], [76.83149270265213, 15.074378996680869], [76.83135446426306, 15.074291543285174], [76.83133539689904, 15.07413044483058], [76.83141166635507, 15.073973949072153], [76.83150700317513, 15.073891098329913], [76.83165954208724, 15.07372999957206], [76.83186451625036, 15.07363334025879], [76.83196461991142, 15.073476844134674], [76.83211239198249, 15.07315924870538], [76.8322839982586, 15.073044177780648], [76.8324222366477, 15.073145440197699], [76.83249850610376, 15.073311142230715], [76.83255094135478, 15.073463035647604], [76.83263197765184, 15.073568900692212], [76.83268441290285, 15.073743808041797], [76.83246037137573, 15.073840467304873], [76.83242700348872, 15.073969346253984], [76.83282265129195, 15.07390950960875], [76.83290368758901, 15.07390950960875], [76.83310866175214, 15.073978551890223], [76.8332325996182, 15.074047594149281], [76.83333747012026, 15.074176472972917], [76.83341850641733, 15.074291543285174], [76.83350907639637, 15.074415819152506], [76.8335615116474, 15.074521683722967], [76.83341850641733, 15.074779440717695], [76.83308959438811, 15.075156870039335], [76.83275114867692, 15.075437640197864], [76.83249850610376, 15.075515887553061], [76.83224109668957, 15.075387009540927]]]}, "properties": {"node": "mining", "role": "positive", "name": "Mining", "ts": "2026-07-27T18:11:35.426513+00:00"}}, {"type": "Feature", "geometry": {"type": "Polygon", "coordinates": [[[74.1647836072269, 15.11210142508421], [74.16406858107645, 15.111816101379386], [74.16333448756201, 15.111466349217785], [74.16239065304342, 15.110950923928803], [74.16181863212307, 15.110831271450506], [74.16163749216494, 15.110674802723235], [74.16104640388059, 15.110168579579831], [74.1607413260564, 15.109947681829704], [74.16033137773015, 15.109643947047793], [74.16000723254196, 15.10945066105114], [74.15985469362987, 15.109340211831153], [74.15979749153782, 15.10925737487843], [74.15978795785581, 15.109156129670085], [74.15978795785581, 15.109036476179769], [74.15978795785581, 15.108916822621985], [74.15978795785581, 15.108815577251166], [74.15996909781391, 15.10874194422387], [74.16020743986408, 15.10874194422387], [74.16036951245817, 15.108778760740712], [74.16069365764639, 15.108668311171028], [74.16099873547056, 15.108576269819036], [74.16139915011482, 15.108539453267069], [74.16218091203928, 15.108622290500021], [74.16272433191362, 15.108732740093659], [74.16363956538619, 15.109487477445034], [74.16406858107645, 15.109800416535196], [74.16422111998855, 15.109883253275928], [74.16424972103457, 15.109643947047793], [74.16437365890063, 15.10947827334716], [74.1646215346328, 15.1094046405498], [74.164974280867, 15.109367824141536], [74.16513635346112, 15.109367824141536], [74.16520308923513, 15.109432252851798], [74.16531749341921, 15.109754396109699], [74.16557490283337, 15.110325048680386], [74.16598485115962, 15.110582762241538], [74.1662613279378, 15.110545946037679], [74.16654733839798, 15.1104723136108], [74.16705262354428, 15.110380273041265], [74.16720516245638, 15.110398681158367], [74.1675674423726, 15.110776047206995], [74.16769138023867, 15.110987740062397], [74.1677390486487, 15.11124545281868], [74.16767231287466, 15.111420329153606], [74.16701448881628, 15.11179769338526], [74.16688101726818, 15.111843713367595], [74.16674754572009, 15.111613613356099], [74.16642340053188, 15.111622817361352], [74.16617552479974, 15.111742469393276], [74.1661183227077, 15.1119081413261], [74.16572744174547, 15.112092221099722], [74.16516495450713, 15.112239484803636], [74.16506008400506, 15.112257892759436], [74.1647836072269, 15.11210142508421]]]}, "properties": {"node": "mining", "role": "positive", "name": "Mining", "ts": "2026-07-27T18:11:35.426585+00:00"}}, {"type": "Feature", "geometry": {"type": "Polygon", "coordinates": [[[74.14989533272288, 15.275028292912896], [74.14972372644675, 15.274366116561072], [74.14975232749278, 15.27379590747234], [74.14986673167685, 15.273409635918876], [74.15001927058894, 15.273179712037523], [74.15035294945916, 15.272719863518985], [74.1505722241453, 15.272517529851566], [74.15071522937538, 15.272269210993077], [74.15102030719956, 15.27213125594472], [74.15142072184382, 15.272094467916505], [74.15143978920783, 15.27294978790423], [74.15144932288983, 15.27363036260793], [74.15142072184382, 15.273906270642717], [74.1514016544798, 15.274209769061915], [74.15135398606976, 15.274513267042096], [74.15134445238776, 15.27455925154625], [74.15082009987745, 15.27453166084497], [74.15075336410341, 15.273989042982398], [74.15016227581903, 15.274099406051185], [74.15009554004499, 15.274393707284135], [74.1502576126391, 15.274660417419904], [74.15031481473115, 15.274779977025887], [74.15031481473115, 15.274835158359506], [74.15024807895708, 15.27496391474818], [74.15017180950105, 15.275101867934085], [74.14989533272288, 15.275028292912896]]]}, "properties": {"node": "mining", "role": "positive", "name": "Mining", "ts": "2026-07-27T18:11:35.426646+00:00"}}, {"type": "Feature", "geometry": {"type": "Polygon", "coordinates": [[[74.02807156063253, 15.549895558823566], [74.02854824473283, 15.549234257624429], [74.02858637946085, 15.548830128068321], [74.02870078364491, 15.548499476023409], [74.02871985100894, 15.548279041031831], [74.02852917736882, 15.54818719304903], [74.0283194363647, 15.547966757723179], [74.02740420289213, 15.548095345025269], [74.02721352925202, 15.547470777377272], [74.02816689745258, 15.547415668376221], [74.02778555017237, 15.547066644360394], [74.02763301126026, 15.54680946839128], [74.02761394389626, 15.545982829172633], [74.02708005770393, 15.545523583728633], [74.02696565351985, 15.54535825511813], [74.02679404724375, 15.544990857730758], [74.02679404724375, 15.544696939349024], [74.02706099033989, 15.544182581171796], [74.02727073134405, 15.543796811695993], [74.02759487653223, 15.54355800165845], [74.02791902172042, 15.54342941152356], [74.0280334259045, 15.543392671470276], [74.02826223427266, 15.543319191344056], [74.0279952911765, 15.543043640637267], [74.02791902172042, 15.5429150501813], [74.02791902172042, 15.542676239121546], [74.02795715644847, 15.542272096697442], [74.0285101100048, 15.541923063965864], [74.02891052464905, 15.541427069066934], [74.02898679410511, 15.541224996728738], [74.02931093929328, 15.540931072973907], [74.02978762339359, 15.540582037970436], [74.03024524012986, 15.540269742992454], [74.03037871167795, 15.539957447541118], [74.03152275351866, 15.539534929412369], [74.0317706292508, 15.539479818288225], [74.03207570707498, 15.539296114434611], [74.03264772799534, 15.539075669594089], [74.03358202883192, 15.53894707666154], [74.0345544643965, 15.539094040006473], [74.0347260706726, 15.539167521639628], [74.03510741795283, 15.539461447910233], [74.03546969786908, 15.539718633053067], [74.03558410205315, 15.539792114463486], [74.03621332506553, 15.540122780486076], [74.03646120079769, 15.540453445978004], [74.03659467234579, 15.540747370414204], [74.03670907652985, 15.540912702725313], [74.03688068280593, 15.541261737168604], [74.0371285585381, 15.541812842980411], [74.03718576063012, 15.54201491474203], [74.03710949117409, 15.543502891610467], [74.03691881753396, 15.543778441702937], [74.03674721125786, 15.543998881511513], [74.03630866188558, 15.54480715879132], [74.03590824724135, 15.545468474206546], [74.03575570832926, 15.545670542382126], [74.03464980121659, 15.546680880286297], [74.03449726230447, 15.546791098666908], [74.0341731171163, 15.546919686703083], [74.03257145853931, 15.54719523222451], [74.03220917862308, 15.547434038044875], [74.03213290916702, 15.547819800708176], [74.03205663971099, 15.54818719304903], [74.03201087803735, 15.548743791196701], [74.03204901276538, 15.549083627609877], [74.03203947908338, 15.54923976847653], [74.0319250748993, 15.549451017695905], [74.0318964738533, 15.549487756668462], [74.03170580021317, 15.549460202439661], [74.0316009297111, 15.549230583722947], [74.0316009297111, 15.549056073326996], [74.03143885711701, 15.548982595221297], [74.03098124038074, 15.549083627609877], [74.0306380278285, 15.549267322734826], [74.03033295000432, 15.549368354983699], [74.0302757479123, 15.549368354983699], [74.0299706700881, 15.549331615989841], [74.02973232803797, 15.549469387182997], [74.02926517761968, 15.549680636166807], [74.02884569561141, 15.54988270020939], [74.02864548828929, 15.550011286315057], [74.02804486632292, 15.550268458285501], [74.02804486632292, 15.550268458285501], [74.02807156063253, 15.549895558823566]]]}, "properties": {"node": "mining", "role": "positive", "name": "Mining", "ts": "2026-07-27T18:11:35.426757+00:00"}}, {"type": "Feature", "geometry": {"type": "Polygon", "coordinates": [[[87.2044919999999, 23.697325958217746], [87.20406599999995, 23.698274958218256], [87.2035189999999, 23.699510958218966], [87.20687299999992, 23.703042958220898], [87.2114369999999, 23.702133958220383], [87.21170999999998, 23.699564958218993], [87.209799, 23.69815495821821], [87.21009099999998, 23.696870958217485], [87.21461599999996, 23.695386958216705], [87.21857499999996, 23.696171958217118], [87.22142638894142, 23.697797948522204], [87.21773685400515, 23.700233535328945], [87.21853053303214, 23.702688717965433], [87.22153364286397, 23.702610152836403], [87.22357146739273, 23.70247266374679], [87.22481561289452, 23.702865489332826], [87.22681053585423, 23.703435084332316], [87.22901996665908, 23.70319939015129], [87.22908431901261, 23.70587056594336], [87.2270893960529, 23.705163495319578], [87.22704649448387, 23.70716685213595], [87.23200162570642, 23.70732397685996], [87.2336104345449, 23.707343617437157], [87.2334388282688, 23.704377856799656], [87.23640761684544, 23.705524887450416], [87.24481632437461, 23.70599626698648], [87.24636078085956, 23.703128681813972], [87.24975000481263, 23.702343031043917], [87.25277456542898, 23.70268871796543], [87.25311777798119, 23.70463318983744], [87.2545978821126, 23.70512421350591], [87.25652845271877, 23.704672471798908], [87.25674296056391, 23.70414216432134], [87.25787985214309, 23.703847548124838], [87.25845902332496, 23.704672471798908], [87.26156938707936, 23.70410288220024], [87.26440089063512, 23.703199390151283], [87.26493716024792, 23.702649435406826], [87.26482990632536, 23.701981630101493], [87.26405767808289, 23.701333462860866], [87.26328544984042, 23.701058481846907], [87.26487280789439, 23.700076402067687], [87.26710368948375, 23.69738546561146], [87.26528037280012, 23.695421243394076], [87.26600969947357, 23.694812328505815], [87.26579519162844, 23.692828424815517], [87.26356431003907, 23.69202306917058], [87.26141923158775, 23.693673060764795], [87.26034669236209, 23.69322127942509], [87.25968171804219, 23.691590925069384], [87.25882368666166, 23.690844490980478], [87.25910254686033, 23.689155177023967], [87.25845902332493, 23.687426554074985], [87.25674296056387, 23.68664080880714], [87.25496254544929, 23.686346153112964], [87.25356824445593, 23.687740850858482], [87.25305342562761, 23.68766227673352], [87.24934243990683, 23.686522946609237], [87.24822699911215, 23.684971084417395], [87.2502862744254, 23.68302631969077], [87.25052223305507, 23.681297615627], [87.2487847195095, 23.68031538721762], [87.24844150695728, 23.67943137533524], [87.24760492636128, 23.679234927437967], [87.24702575517941, 23.679765336082713], [87.24245673807812, 23.6778401388738], [87.24142710042149, 23.677407947846383], [87.2393249235392, 23.675895267992846], [87.23527072526623, 23.673694975128424], [87.232460672495, 23.672653752198926], [87.22862098206713, 23.672555523192457], [87.22445199999996, 23.67560595820584], [87.21836399999998, 23.676715958206472], [87.21592199999995, 23.676384958206302], [87.2144599999999, 23.677285958206777], [87.21342499999994, 23.677680958206963], [87.21330799999993, 23.67969695820809], [87.21063699999999, 23.680484958208545], [87.21013899999997, 23.681304958208926], [87.21298599999994, 23.68240495820954], [87.21206199999999, 23.682900958209885], [87.21016999999993, 23.683900958210394], [87.20866799999997, 23.687914958212616], [87.20995599999999, 23.6897769582136], [87.20909699999991, 23.693380958215577], [87.20798499999992, 23.696544958217345], [87.20626899999998, 23.696490958217307], [87.20487499999994, 23.69690595821751], [87.20508499999997, 23.697088958217606], [87.2044919999999, 23.697325958217746]]]}, "properties": {"node": "mining", "role": "positive", "name": "Mining", "ts": "2026-07-27T18:11:35.426892+00:00"}}, {"type": "Feature", "geometry": {"type": "Polygon", "coordinates": [[[73.76493255159775, 26.55110428720808], [73.7646282069358, 26.550968163495234], [73.76431299282162, 26.55069591558472], [73.76404125651628, 26.550530621895106], [73.76386734528087, 26.5504139438531], [73.76357387007113, 26.55012224822865], [73.76395430089858, 26.549548578002543], [73.76431299282162, 26.54917909396453], [73.76443255679597, 26.549111030985568], [73.76450864296146, 26.54908186112507], [73.76458472912692, 26.548877671893855], [73.76460646803136, 26.548731822220383], [73.76468255419687, 26.548362335550692], [73.76469342364906, 26.548167868404246], [73.76481298762342, 26.548060911333145], [73.76466081529244, 26.54747750737104], [73.76451951241367, 26.547292762164307], [73.76434560117826, 26.5471566339268], [73.76412821213401, 26.546826036105838], [73.7640521259685, 26.54652460785025], [73.76400864815966, 26.54632041406569], [73.76409560377735, 26.546028708028512], [73.76411734268179, 26.54580506623087], [73.76401951761186, 26.545542529651083], [73.76393256199415, 26.54525082163536], [73.76401951761186, 26.544998007421583], [73.76411734268179, 26.54481325822064], [73.76409560377735, 26.54467712704004], [73.76411734268179, 26.54456044304235], [73.76409560377735, 26.544453482606848], [73.76406299542073, 26.54432707469084], [73.76413908158621, 26.544045087299263], [73.76422603720391, 26.54391867893316], [73.76436734008269, 26.54387006029371], [73.76480211817122, 26.543617243036394], [73.76476950981457, 26.543393596536557], [73.76485646543227, 26.543315806347437], [73.76509559338096, 26.543315806347437], [73.76560645763499, 26.54332553012396], [73.76583471613145, 26.54332553012396], [73.76608471353235, 26.543296358791913], [73.7663673192899, 26.543315806347437], [73.76643253600317, 26.543364425221817], [73.76648688326424, 26.543510281721314], [73.7666390555952, 26.543665861782998], [73.76666079449963, 26.54389923147985], [73.76674775011733, 26.54422983773758], [73.76683470573504, 26.54433679838164], [73.76708470313596, 26.54449237732221], [73.76739991725013, 26.54456044304235], [73.7674542645112, 26.5445896140529], [73.76758469793775, 26.5447646399604], [73.7676173062944, 26.544793810919014], [73.76783469533865, 26.54510496734927], [73.76783469533865, 26.545182756324937], [73.76784556479087, 26.5452994396895], [73.76779121752979, 26.54580506623087], [73.76772600081652, 26.545882854731683], [73.76766078410326, 26.54594119607267], [73.76735643944129, 26.546184284674002], [73.76718252820586, 26.54633986110845], [73.76731296163243, 26.54669963080479], [73.7673673088935, 26.546796865664124], [73.7675303506767, 26.546932994328674], [73.76763904519882, 26.54706912283165], [73.76776947862535, 26.547205251173033], [73.76792165095635, 26.54731220904219], [73.76800860657406, 26.547360826222477], [73.76809556219176, 26.547448337095027], [73.76819338726169, 26.54753584790082], [73.76831295123601, 26.547963677545564], [73.76831295123601, 26.548624865675272], [73.7682912123316, 26.548673482299055], [73.76800860657406, 26.548731822220383], [73.76760643684217, 26.54891656510878], [73.7673673088935, 26.54908186112507], [73.76725861437136, 26.549256880176728], [73.76701948642268, 26.549451345476378], [73.76693253080497, 26.549597194234703], [73.76684557518726, 26.54972359634186], [73.76668253340405, 26.54997640013816], [73.76654123052528, 26.550219480185913], [73.76626949421997, 26.550501452395736], [73.76623688586332, 26.550627853506086], [73.76614993024562, 26.55078342391216], [73.76594341065356, 26.55098760974982], [73.76591080229694, 26.5510070560011], [73.76589993284472, 26.55101677912552], [73.7657151521571, 26.55112373343958], [73.76568254380047, 26.551133456554098], [73.76558471873054, 26.55117234900391], [73.7655521103739, 26.551191795223858], [73.76536732968628, 26.55125985696774], [73.76513907118981, 26.551269580070713], [73.76508472392875, 26.551269580070713], [73.76488907378892, 26.551230687653884], [73.76467168474464, 26.55112373343958], [73.76459559857916, 26.55107511785464], [73.76447603460481, 26.550880655308774], [73.76447603460481, 26.55087093217282], [73.76493255159775, 26.55110428720808]]]}, "properties": {"node": "mining", "role": "positive", "name": "Mining", "ts": "2026-07-27T18:11:35.426990+00:00"}}, {"type": "Feature", "geometry": {"type": "Polygon", "coordinates": [[[85.22012836954892, 21.932862002463814], [85.2179343912496, 21.929809195337516], [85.21789782494461, 21.925229861860466], [85.21932391083914, 21.925721723259347], [85.22036605053133, 21.92494152852613], [85.22181041957835, 21.923822111222382], [85.22411409679263, 21.923516814066357], [85.22546705007723, 21.924721037935207], [85.22683828651431, 21.92667151977147], [85.22850205339127, 21.92982615555801], [85.22574129736462, 21.930758964572647], [85.22356560221783, 21.931182966648915], [85.22288912557552, 21.931556087431005], [85.22012836954892, 21.932862002463814]]]}, "properties": {"node": "mining", "role": "positive", "name": "Mining", "ts": "2026-07-27T18:11:35.427052+00:00"}}, {"type": "Feature", "geometry": {"type": "Polygon", "coordinates": [[[85.5346415406588, 21.635589552235523], [85.5342219202747, 21.63482861909035], [85.53413249297971, 21.634464137088408], [85.5339605174125, 21.63413802083348], [85.53394675936707, 21.634093259721418], [85.53391924327633, 21.633779931548688], [85.5339605174125, 21.63363925337253], [85.53402930763939, 21.63319164008245], [85.53407746079823, 21.63283354845185], [85.53427695245624, 21.632667291321642], [85.53473096795379, 21.63262252975389], [85.53532944292787, 21.632501034000107], [85.53572842624392, 21.632411510747726], [85.53605174031034, 21.632481850450695], [85.53632690121796, 21.63336429108721], [85.53630626414989, 21.63354973082546], [85.53656078798946, 21.634611208884078], [85.53649887678523, 21.634866985563367], [85.5360998934692, 21.63549363651364], [85.53543950729093, 21.635858115917983], [85.5346415406588, 21.635589552235523]]]}, "properties": {"node": "mining", "role": "positive", "name": "Mining", "ts": "2026-07-27T18:11:35.427116+00:00"}}, {"type": "Feature", "geometry": {"type": "Polygon", "coordinates": [[[73.8028140308979, 24.83861625088898], [73.80019544624031, 24.83780875022108], [73.79973782950402, 24.837047387623702], [73.80022086939232, 24.83644752288518], [73.80075475558463, 24.836193733082293], [73.80123779547294, 24.835986086492944], [73.80113610286487, 24.835132424633027], [73.80136491123301, 24.834786343823687], [73.80253437622572, 24.83580151145444], [73.80339876339427, 24.83603223020956], [73.80403434219465, 24.835847655239874], [73.80538176925148, 24.836216804904055], [73.80563600077164, 24.836516738195673], [73.80604277120389, 24.83741653371028], [73.80571227022769, 24.838177894037184], [73.80497499881923, 24.83833939411056], [73.8028140308979, 24.83861625088898]]]}, "properties": {"node": "mining", "role": "positive", "name": "Mining", "ts": "2026-07-27T18:11:35.427179+00:00"}}, {"type": "Feature", "geometry": {"type": "Polygon", "coordinates": [[[79.294178, 19.262001957635214], [79.29879999999997, 19.261228957635378], [79.30349999999994, 19.262810957634862], [79.30597699999997, 19.25810195763638], [79.29991199999996, 19.255563957637186], [79.29907300000002, 19.254349957637583], [79.29291099999995, 19.2559499576371], [79.294178, 19.262001957635214]]]}, "properties": {"node": "mining", "role": "positive", "name": "Mining", "ts": "2026-07-27T18:11:35.427237+00:00"}}, {"type": "Feature", "geometry": {"type": "Polygon", "coordinates": [[[73.92175656539177, 25.257341951298205], [73.92028202257488, 25.257066038455065], [73.91906171127813, 25.25720399495499], [73.91814647780558, 25.25605435266721], [73.91779055367734, 25.25499667215104], [73.91768886106928, 25.25462878111682], [73.91855324823783, 25.25320319283422], [73.9193667891023, 25.252651347716732], [73.92007863735876, 25.252329436907093], [73.91942272003675, 25.25202592021949], [73.91888883384443, 25.251589038807417], [73.9177447920037, 25.25142808210163], [73.91733802157148, 25.25133610674543], [73.91665159646705, 25.251244131319595], [73.91634651864285, 25.25096820462425], [73.91677871222711, 25.25041634935334], [73.91777021515574, 25.250002456255007], [73.91883798754039, 25.24965754426254], [73.91954983579683, 25.24919766008265], [73.92005829883713, 25.248668791123656], [73.92056676187745, 25.24827788650035], [73.9203125303573, 25.247519068052938], [73.91993118307707, 25.247013186455074], [73.91960068210085, 25.246369334102408], [73.9193210274287, 25.24581745794175], [73.91881256438838, 25.245472534068462], [73.91743971417954, 25.245610503735268], [73.91647363440293, 25.245909437475927], [73.91586347875457, 25.245679488509932], [73.91553297777835, 25.24540354917631], [73.91609228712271, 25.242897071532852], [73.91700752059528, 25.2417702895094], [73.91736344472349, 25.24114940515458], [73.91764309939566, 25.240850459704287], [73.91830410134806, 25.240275562540827], [73.91990575992504, 25.23834388815288], [73.92071930078954, 25.237768979133225], [73.92168538056613, 25.237745982715886], [73.9219396120863, 25.238550854734296], [73.92188876578226, 25.239263736928308], [73.92201588154232, 25.239769650787498], [73.9229565381669, 25.23993062293743], [73.92366838642334, 25.239700662657967], [73.92397346424752, 25.239033775387078], [73.92374465587939, 25.238757820963293], [73.92343957805521, 25.23829789553138], [73.92333788544714, 25.238113924871335], [73.92448192728784, 25.238389880756987], [73.92483785141607, 25.238389880756987], [73.92499039032818, 25.23829789553138], [73.9250412366322, 25.23829789553138], [73.92534631445639, 25.23804493580202], [73.92539716076043, 25.237653997002994], [73.92539716076043, 25.2373320464597], [73.92593104695274, 25.237102081263842], [73.92608358586483, 25.23747002536839], [73.9260073164088, 25.23781497195487], [73.92641408684105, 25.237906957545942], [73.92682085727327, 25.237745982715886], [73.9271513582495, 25.237562011220493], [73.92720220455352, 25.238021939436887], [73.92763439813778, 25.238205910236157], [73.92842251585027, 25.238573850999366], [73.92860047791439, 25.23866583601613], [73.92926147986678, 25.23866583601613], [73.92936317247485, 25.23866583601613], [73.93002417442726, 25.238481865912977], [73.9305834837716, 25.23815991756245], [73.9305834837716, 25.237929953932834], [73.92895640204257, 25.237424032416218], [73.92895640204257, 25.237424032416218], [73.92885470943453, 25.237010095063678], [73.92885470943453, 25.236527166370795], [73.92956655769099, 25.236366189713475], [73.92999875127525, 25.23634319303074], [73.93174277950351, 25.23577287390716], [73.93230208884783, 25.23534743249588], [73.93236564672787, 25.235301438740613], [73.93265801297608, 25.235117463545535], [73.93375120851273, 25.234634527333753], [73.9340308631849, 25.23466902284108], [73.9340181516089, 25.234956485021442], [73.93408170948892, 25.235450918381606], [73.93415797894498, 25.235715381911557], [73.93410713264096, 25.235979844866165], [73.93392917057685, 25.23608333021353], [73.93361138117663, 25.23629030064395], [73.93340799596051, 25.23645127740176], [73.93316647601638, 25.236497270721976], [73.93320461074441, 25.236646748892518], [73.93339528438452, 25.236646748892518], [73.93358595802462, 25.236669745517815], [73.93432322943309, 25.236600755628853], [73.93470457671333, 25.236497270721976], [73.93541642496977, 25.23608333021353], [73.93589946485808, 25.235807369091464], [73.93640792789839, 25.235554404179247], [73.93672571729857, 25.235462416807916], [73.9370816414268, 25.235381927800923], [73.93733587294695, 25.235232448075088], [73.93762823919512, 25.23508296816546], [73.93830195272353, 25.23500247890723], [73.93868330000377, 25.234726515331538], [73.93870872315578, 25.234542539266382], [73.93864516527574, 25.234312568793417], [73.93868330000377, 25.234082597885426], [73.93889939679592, 25.233875623696278], [73.93940785983622, 25.233852626542408], [73.93959853347636, 25.233852626542408], [73.93964937978036, 25.233864125119887], [73.9398400534205, 25.234094096441154], [73.93959853347636, 25.234634527333768], [73.93957311032433, 25.234692019840526], [73.93978920711646, 25.23468052134135], [73.94015784282068, 25.234818503259707], [73.94028495858076, 25.23505997123998], [73.94038665118883, 25.235255444967958], [73.9405264785249, 25.235416423096158], [73.94074257531703, 25.235841864265986], [73.94080613319706, 25.236198313829494], [73.94081884477308, 25.236209812185113], [73.94089511422914, 25.236313297336693], [73.94078071004505, 25.236669745517823], [73.93995445760456, 25.237348144007125], [73.93981463026847, 25.237497621131343], [73.93994174602854, 25.238049535074538], [73.93980191869245, 25.23833698926078], [73.93952226402028, 25.238601446511716], [73.9391917630441, 25.238831408870894], [73.93916633989207, 25.238842906977442], [73.93877228103582, 25.23870492962719], [73.9377807781072, 25.23899238226346], [73.93765366234713, 25.23900388035477], [73.93675114045058, 25.23900388035477], [73.93675114045058, 25.23900388035477], [73.93681469833062, 25.239245340021025], [73.93686554463463, 25.239291332284026], [73.93724689191488, 25.239578783533457], [73.9377807781072, 25.239866234103047], [73.93771722022716, 25.240383643415125], [73.93687825621065, 25.240912548435237], [73.93610285007418, 25.24109651485922], [73.93563252176189, 25.24077457343451], [73.93554354072984, 25.240487125013217], [73.9349969429615, 25.240636598277135], [73.9346791535613, 25.240820565118817], [73.93442492204116, 25.241119510642637], [73.93392917057685, 25.24146444687177], [73.93358595802461, 25.241682905977196], [73.93282326346417, 25.24174039515019], [73.93184447211156, 25.241889866872725], [73.93178091423154, 25.241326472497605], [73.9318826068396, 25.241280481004733], [73.93239106987991, 25.24105052327933], [73.93283597504016, 25.240544614751865], [73.93315376444036, 25.239946720140715], [73.93306478340833, 25.239705261867826], [73.93264530140006, 25.23985473609332], [73.93227666569581, 25.239831740070592], [73.93217497308777, 25.23980874404352], [73.93176820265552, 25.239774249994746], [73.93120889331118, 25.239728257914486], [73.93091652706299, 25.239682265816825], [73.93043348717471, 25.239705261867826], [73.92964536946222, 25.239831740070592], [73.92951825370214, 25.240073198092198], [73.92944198424608, 25.24044113320272], [73.92944198424608, 25.240740079659844], [73.92926402218198, 25.24101602958299], [73.92921317587795, 25.2412114937328], [73.92936571479005, 25.241360966105827], [73.92939113794206, 25.241360966105827], [73.92941656109409, 25.241372463973057], [73.93002671674246, 25.241544931851035], [73.93026823668662, 25.242096827415796], [73.9302555251106, 25.24213132080538], [73.93024281353459, 25.24249924968506], [73.93026823668662, 25.242832684270095], [73.92996315886242, 25.243051140915963], [73.92967079261423, 25.243235104102624], [73.92904792538984, 25.243384573986724], [73.9286284433816, 25.243568536668622], [73.9285013276215, 25.243729503786827], [73.92838692343744, 25.243970954064366], [73.9283106539814, 25.244154915858555], [73.9286284433816, 25.244292887021448], [73.92880640544568, 25.24441936044981], [73.9289716559338, 25.244787282402047], [73.92900979066182, 25.24485626764407], [73.92911148326988, 25.244982740486055], [73.92914961799791, 25.245086218167962], [73.92986146625435, 25.24569558495171], [73.93010298619849, 25.245891041574662], [73.9300902746225, 25.24616697980121], [73.93015383250255, 25.246626875452886], [73.92996315886244, 25.2471097640137], [73.92969621576626, 25.247592650655342], [73.9295945231582, 25.24769612611457], [73.92951825370216, 25.24783409325646], [73.9297470620703, 25.248179010425748], [73.92987417783037, 25.248466440652145], [73.92979790837433, 25.248627401281915], [73.9297851967983, 25.249167767550713], [73.92958181158218, 25.24930573302141], [73.92920046430196, 25.249409207021625], [73.92903521381382, 25.249696634337557], [73.92892080962977, 25.250018552124075], [73.92885725174973, 25.250214001792557], [73.92876827071767, 25.250328972038897], [73.92870471283763, 25.250420948157636], [73.92861573180558, 25.25070837307984], [73.9286284433816, 25.25115675460055], [73.92836150028542, 25.251271723954655], [73.9283106539814, 25.251271723954655], [73.92824709610136, 25.251593637567307], [73.92801828773322, 25.251961537794315], [73.927649652029, 25.25228344957893], [73.92742084366087, 25.252306443245192], [73.92711576583667, 25.252524882857546], [73.92745897838888, 25.252823799585276], [73.92789117197313, 25.253019244740297], [73.9279801530052, 25.25313421233164], [73.92773863306104, 25.253628571734488], [73.92743355523686, 25.253835512282464], [73.92678526486046, 25.253950479101213], [73.92640391758023, 25.253973472451904], [73.9262132439401, 25.25403095580959], [73.9262132439401, 25.25403095580959], [73.92611155133204, 25.254145922443342], [73.92600985872397, 25.254536808184163], [73.92606070502802, 25.25467476755705], [73.92609883975605, 25.25504265845197], [73.9258573198119, 25.255157624128117], [73.9256793577478, 25.2551231344367], [73.92541241465162, 25.2552036103681], [73.92459887378713, 25.255491023973534], [73.92409041074681, 25.2556979613483], [73.92415396862685, 25.25610033856767], [73.92438277699499, 25.25643373582526], [73.92439548857101, 25.25668665727223], [73.92402685286677, 25.25676713216762], [73.92367092873855, 25.256445232266096], [73.92363279401052, 25.25637625360476], [73.92334042776233, 25.255996870267165], [73.92280654157003, 25.255789933401683], [73.92280654157003, 25.255789933401683], [73.92269213738595, 25.25581292640415], [73.92270484896196, 25.256387750051044], [73.92284467629806, 25.25653720375359], [73.92284467629806, 25.25654870018463], [73.92280654157003, 25.256859103411347], [73.92267942580995, 25.25708903121594], [73.92241248271377, 25.257192498585987], [73.92236163640975, 25.25721549132292], [73.92213282804161, 25.25727297314619], [73.92175656539177, 25.257341951298205]]]}, "properties": {"node": "mining", "role": "positive", "name": "Mining", "ts": "2026-07-27T18:11:35.427375+00:00"}}, {"type": "Feature", "geometry": {"type": "Polygon", "coordinates": [[[73.76117599252676, 24.888449603506345], [73.76032431693424, 24.887665490458687], [73.76007008541407, 24.887204245163954], [73.75963789182981, 24.886662279741504], [73.75938366030967, 24.88623562443803], [73.75934552558165, 24.88570518605962], [73.7594599297657, 24.885382309409597], [73.75987941177397, 24.885255464780457], [73.75989212334996, 24.885266996115764], [73.76037516323827, 24.88575131122644], [73.76135395459087, 24.886696873350164], [73.76151920507898, 24.887065871239628], [73.76177343659913, 24.887354150073687], [73.76215478387937, 24.88761936600672], [73.76284120898377, 24.88789611246008], [73.7636928845763, 24.888126734030816], [73.76376915403235, 24.888184389356205], [73.76376915403235, 24.888230513597144], [73.76403609712851, 24.888265106766546], [73.76435388652872, 24.887746208208153], [73.76449371386481, 24.887665490458687], [73.76483692641699, 24.887711614893416], [73.76490048429703, 24.887723145999406], [73.76505302320913, 24.887792332612737], [73.76520556212122, 24.88872634809925], [73.76590469880166, 24.889210649644586], [73.76641316184198, 24.889337490211652], [73.76688349015427, 24.88979872753915], [73.76702331749034, 24.889960160196775], [73.76680722069823, 24.890283024878954], [73.7667817975462, 24.890375271775948], [73.76685806700226, 24.890848036041522], [73.76731568373854, 24.891539882923766], [73.76753178053066, 24.89180508986753], [73.76815464775505, 24.89222019524469], [73.76839616769921, 24.892404686075498], [73.7688664960115, 24.892496931387527], [73.76895547704353, 24.892485400727292], [73.76904445807561, 24.892589176630644], [73.76910801595565, 24.89258917663064], [73.7693876706278, 24.893350197256844], [73.76945122850786, 24.89362693086706], [73.7695147863879, 24.893892133328155], [73.76948936323586, 24.894272640212137], [73.76914615068367, 24.894722328654062], [73.76881564970745, 24.894895285310984], [73.76839616769921, 24.894918346180265], [73.76816735933107, 24.894895285310984], [73.76651485445007, 24.89381141959594], [73.76614621874583, 24.89320029962566], [73.76567589043353, 24.892739075003735], [73.76530725472931, 24.89218560318323], [73.76521827369724, 24.89195498919248], [73.76500217690513, 24.89172437477103], [73.764786080113, 24.891586005911417], [73.76462082962487, 24.89149375991887], [73.7638200003364, 24.8908941592876], [73.76312086365597, 24.890513641992253], [73.76254884273563, 24.89011006176134], [73.76183699447918, 24.889614232814875], [73.76176072502312, 24.889545047222214], [73.76153191665499, 24.889176056740045], [73.7613920893189, 24.888910844149994], [73.76117599252676, 24.888449603506345]]]}, "properties": {"node": "mining", "role": "positive", "name": "Mining", "ts": "2026-07-27T18:11:35.427461+00:00"}}, {"type": "Feature", "geometry": {"type": "Polygon", "coordinates": [[[73.63239692272822, 24.754292852562152], [73.63302614574062, 24.75432171138933], [73.63319139622871, 24.75426976549558], [73.63335029092882, 24.754194732499602], [73.6338460423931, 24.75390614363128], [73.63390324448515, 24.753877284707585], [73.6341320528533, 24.75391191541522], [73.63456424643756, 24.754154330098384], [73.63482483374571, 24.75390614363128], [73.63484390110975, 24.753883056492857], [73.63485025689772, 24.753715674611033], [73.63478669901768, 24.753444400047883], [73.63451340013351, 24.7532366148756], [73.63441806331346, 24.75315003761794], [73.63439899594947, 24.753126950339034], [73.63434179385743, 24.753057688476613], [73.63444984225349, 24.75282681532304], [73.63445619804149, 24.752815271654107], [73.63467865062162, 24.75259594174054], [73.63473585271366, 24.75242278627217], [73.63471042956165, 24.75215150888665], [73.63459602537758, 24.752018755907727], [73.63411934127728, 24.751937949677206], [73.63407485076124, 24.75198412467251], [73.63391595606116, 24.752191911939047], [73.63366808032902, 24.752468961087324], [73.63364265717698, 24.752584398050153], [73.6334901182649, 24.75274600961795], [73.63346469511289, 24.75272869410288], [73.63330580041278, 24.75259594174054], [73.6331659730767, 24.752567082512567], [73.63314690571266, 24.7525728543587], [73.63292445313255, 24.752717150424832], [73.63290538576855, 24.75275178145578], [73.63276555843244, 24.75297111109428], [73.63272742370442, 24.75320198397978], [73.63272742370442, 24.75330010482622], [73.63265115424839, 24.753438628242236], [73.63247319218428, 24.753542520702926], [73.63237785536421, 24.75380802326337], [73.63238421115223, 24.75398694858197], [73.6323524322122, 24.7540792970327], [73.63239692272822, 24.754292852562152]]]}, "properties": {"node": "mining", "role": "positive", "name": "Mining", "ts": "2026-07-27T18:11:35.427537+00:00"}}, {"type": "Feature", "geometry": {"type": "Polygon", "coordinates": [[[76.46537071258146, 15.196396592520424], [76.46518957262332, 15.196212586088652], [76.46535164521741, 15.195513360184082], [76.46592366613777, 15.194961338095935], [76.46651475442216, 15.194418514967321], [76.4674395215767, 15.194059698912145], [76.46794480672303, 15.193986095543345], [76.46829755295724, 15.194151703087039], [76.46786853726698, 15.194593322567997], [76.46634314814602, 15.195099343753398], [76.46537071258146, 15.196396592520424]]]}, "properties": {"node": "mining", "role": "positive", "name": "Mining", "ts": "2026-07-27T18:11:35.427598+00:00"}}, {"type": "Feature", "geometry": {"type": "Polygon", "coordinates": [[[79.04177057515376, 19.815831163746743], [79.04098881322925, 19.814844552491223], [79.04106508268531, 19.81436021381653], [79.04182777724579, 19.813786180884417], [79.0418468446098, 19.813786180884417], [79.04329596427468, 19.813122452723636], [79.04411586092719, 19.812404905649885], [79.04447814084342, 19.81161560012949], [79.04455441029944, 19.8103957566204], [79.04506922912778, 19.809552624021286], [79.0452599027679, 19.809157964673336], [79.04621327096848, 19.807346106918573], [79.04667088770476, 19.80664647315382], [79.04760518854135, 19.80589301796617], [79.04880643247405, 19.80765107451977], [79.04905430820622, 19.808637730400388], [79.04886363456609, 19.808852999961072], [79.0481772094617, 19.809391172588207], [79.04741451490123, 19.810216367079992], [79.04684249398088, 19.81129270128757], [79.04571751950418, 19.812961004914307], [79.04503109439976, 19.813857935114257], [79.0428002128104, 19.815741472067376], [79.04196124879388, 19.815867040404314], [79.04177057515376, 19.815831163746743]]]}, "properties": {"node": "mining", "role": "positive", "name": "Mining", "ts": "2026-07-27T18:11:35.427665+00:00"}}, {"type": "Feature", "geometry": {"type": "Polygon", "coordinates": [[[73.03510020665324, 18.109565656173547], [73.03426600947775, 18.107735239750564], [73.03454725309692, 18.10757213240873], [73.0342040405447, 18.10720060956331], [73.03401336690456, 18.107091871020508], [73.03397046533557, 18.107060155599477], [73.03381792642347, 18.10696500930196], [73.03377025801345, 18.10678377811613], [73.03370828908041, 18.106584423595212], [73.03365108698836, 18.106330699331487], [73.0335700506913, 18.106054320697595], [73.03354621648631, 18.105900273400987], [73.03365585382937, 18.105750756777717], [73.03456632046093, 18.10533392188168], [73.03481419619308, 18.105614832464042], [73.03483326355708, 18.105995420276646], [73.0349953361512, 18.10632163774384], [73.03508590613025, 18.106466623089883], [73.03509543981225, 18.10656176965803], [73.03520984399633, 18.106788308898054], [73.03528611345237, 18.10697407085633], [73.03531471449836, 18.10713264798197], [73.03543865236446, 18.10746792486085], [73.03558165759455, 18.107798670342486], [73.03561979232255, 18.107961777473445], [73.03570559546063, 18.108174722665897], [73.03582476648567, 18.108401259820557], [73.03596777171578, 18.108636858150692], [73.03607740905885, 18.108831679607484], [73.03615367851489, 18.10903103157156], [73.03622518112992, 18.109194137555264], [73.03626808269897, 18.109302874793386], [73.03627284953996, 18.109307405510172], [73.03510020665324, 18.109565656173547]]]}, "properties": {"node": "mining", "role": "positive", "name": "Mining", "ts": "2026-07-27T18:11:35.427732+00:00"}}, {"type": "Feature", "geometry": {"type": "Polygon", "coordinates": [[[69.23012760176114, 22.16459509720102], [69.22900360721141, 22.163929319477823], [69.22886667386524, 22.16376023257011], [69.22895796276268, 22.16328995853917], [69.22926606279154, 22.162914794982505], [69.2293516461329, 22.162740422847943], [69.22954563503995, 22.16235468978228], [69.22967686283002, 22.162037648114406], [69.22969968505438, 22.161979523731112], [69.22969968505438, 22.161958387585788], [69.22982520728837, 22.161852706811484], [69.22988796840534, 22.16185799085208], [69.2301960684342, 22.16196895565885], [69.23107472407206, 22.16219616903767], [69.23146270188617, 22.16234940576035], [69.23133717965217, 22.163422058144864], [69.2312801240913, 22.163686256984057], [69.230943496282, 22.16395045532699], [69.23072097959448, 22.164130109916726], [69.23051557957525, 22.1644101592607], [69.23013901287331, 22.16462151688693], [69.23012760176114, 22.16459509720102]]]}, "properties": {"node": "mining", "role": "positive", "name": "Mining", "ts": "2026-07-27T18:11:35.427800+00:00"}}, {"type": "Feature", "geometry": {"type": "Polygon", "coordinates": [[[85.42565232251579, 23.62005498165844], [85.42523656280854, 23.619041216630887], [85.42568585152446, 23.618820030491587], [85.42579985015385, 23.618672572857964], [85.42584679076596, 23.6185158989404], [85.4260613764213, 23.618411449557946], [85.42607478802476, 23.61836229687857], [85.42591720168414, 23.617797039740502], [85.42570932183051, 23.61759735592952], [85.42543438395957, 23.617044383787942], [85.42534385563623, 23.616860059222198], [85.42527344471809, 23.616727959790577], [85.4251929750973, 23.616545478031128], [85.42505215326099, 23.616238269107882], [85.42493144882985, 23.616035510824016], [85.42478392119179, 23.61591262686293], [85.42473027477794, 23.61582660802161], [85.42459615874337, 23.61569757965375], [85.4245156891226, 23.61562999331513], [85.42508568226964, 23.615224474551397], [85.42633296139135, 23.616195259801152], [85.4281502336601, 23.61747324460751], [85.42865987459155, 23.617940197485392], [85.42959868683376, 23.618431725032817], [85.42987362470467, 23.618652911827603], [85.43055091067937, 23.619481130175902], [85.43061796869665, 23.619935787874223], [85.4309465529814, 23.620568619611795], [85.43104043420563, 23.620673067274605], [85.4311007864212, 23.620734507037362], [85.4312147850506, 23.620838954567926], [85.43132878368, 23.621078569176337], [85.43133548948173, 23.621324327293834], [85.43159701574918, 23.62144720617971], [85.43175124918898, 23.621133864792963], [85.431825013008, 23.62096797787306], [85.43179886038126, 23.620607326696554], [85.43187262420028, 23.620478303036247], [85.43197991702796, 23.62035542324163], [85.43210062145911, 23.620346207252393], [85.43220456138592, 23.620349279248877], [85.43230783073255, 23.62056247562904], [85.43233465393946, 23.620728363062376], [85.43246541707319, 23.620719147277768], [85.43249894608184, 23.620872746356916], [85.43266055590352, 23.620963677098278], [85.43267396750699, 23.621316954557027], [85.43249961666201, 23.621571928131015], [85.432127444666, 23.621786965699254], [85.4318048956028, 23.62180969822155], [85.43163054475785, 23.621717539322933], [85.4314159591025, 23.621576228885836], [85.43108737481772, 23.62137347886201], [85.43096667038661, 23.621250599906997], [85.43051067586899, 23.621090857093158], [85.43019550318766, 23.621004841651192], [85.42981997829082, 23.620894250285684], [85.42909575170398, 23.62064234738243], [85.42905551689361, 23.620734507037362], [85.42847881794489, 23.61933981732665], [85.4283111729016, 23.619296809037937], [85.42780153197018, 23.61917392813523], [85.42752659409922, 23.619026470899872], [85.42731871424563, 23.619063335224272], [85.42705048217643, 23.619100199538302], [85.42674201529687, 23.61912477574188], [85.42623908016715, 23.61943812193356], [85.42615861054637, 23.619548714528175], [85.42612508153773, 23.619733035311768], [85.42610496413253, 23.619849771673923], [85.42610496413253, 23.61989277978113], [85.42565232251579, 23.62005498165844]]]}, "properties": {"node": "mining", "role": "positive", "name": "Mining", "ts": "2026-07-27T18:11:35.427885+00:00"}}, {"type": "Feature", "geometry": {"type": "Polygon", "coordinates": [[[72.99690412336264, 27.899102658797293], [72.99474110237226, 27.89734472310635], [72.99264329809515, 27.896143930947122], [72.99363241824652, 27.89561557817643], [72.99433893264037, 27.895682823217758], [72.99477371072891, 27.89548108796842], [72.99523022772185, 27.89526974587535], [72.99558891964486, 27.895298565275965], [72.99589326430683, 27.89535620405421], [72.99680629829273, 27.895817313175073], [72.99744759597328, 27.896095898983646], [72.99782802680075, 27.89650897317298], [72.9982845437937, 27.896960471064926], [72.9987954080477, 27.897440785903534], [72.99917583887519, 27.897700155030023], [72.99959974751147, 27.897700155030023], [72.99953453079819, 27.89826692243949], [72.99924105558847, 27.89841101537543], [72.99856714955123, 27.898382196803585], [72.99792585187069, 27.898574320470892], [72.9976215072087, 27.898804868421436], [72.99724107638126, 27.899054628146928], [72.9970345567892, 27.899112264924792], [72.99690412336264, 27.899102658797293]]]}, "properties": {"node": "mining", "role": "positive", "name": "Mining", "ts": "2026-07-27T18:11:35.427948+00:00"}}, {"type": "Feature", "geometry": {"type": "Polygon", "coordinates": [[[74.98588997663543, 34.03925974702231], [74.98563876667123, 34.039245390731786], [74.98551749289543, 34.03920232184562], [74.98543953118242, 34.038986977086786], [74.9854655184201, 34.038879304502366], [74.98552615530801, 34.038714206274086], [74.98575137803452, 34.038513216692884], [74.98624513555033, 34.038599355143155], [74.9864183838015, 34.0387213844646], [74.98676488030382, 34.038663958923436], [74.98616717383732, 34.03923103443882], [74.98590730146056, 34.03928845959607], [74.98588997663543, 34.03925974702231]]]}, "properties": {"node": "mining", "role": "positive", "name": "Mining", "ts": "2026-07-27T18:11:35.428010+00:00"}}, {"type": "Feature", "geometry": {"type": "Polygon", "coordinates": [[[70.52151232660584, 20.962944224296766], [70.52176337107379, 20.96184666941546], [70.52176337107379, 20.96184666941546], [70.52264202671165, 20.96212372286394], [70.52264202671165, 20.96212372286394], [70.52463897134314, 20.962390119926553], [70.52473026024057, 20.962070443394474], [70.52452486022133, 20.961601583244757], [70.52442216021171, 20.96134584072537], [70.52455909355785, 20.961154033548855], [70.52457050467005, 20.961143377587394], [70.52600830480472, 20.961281905027192], [70.52600830480472, 20.960876978304068], [70.52620229371178, 20.960834354374704], [70.5265218048528, 20.96082369839046], [70.52532363807391, 20.963029470940732], [70.52151232660584, 20.962944224296766]]]}, "properties": {"node": "mining", "role": "positive", "name": "Mining", "ts": "2026-07-27T18:11:35.428072+00:00"}}, {"type": "Feature", "geometry": {"type": "Polygon", "coordinates": [[[69.21713319776624, 22.1581939894528], [69.2169477671933, 22.158159642290787], [69.21696488386159, 22.158067169120613], [69.21695632552746, 22.15802753774336], [69.21693635608113, 22.157964127516536], [69.21687930052025, 22.157929780298403], [69.21695632552746, 22.157821454401688], [69.21708184776143, 22.157845233264208], [69.21713890332232, 22.15776597037351], [69.21717598943691, 22.157699917930486], [69.21724730888803, 22.15769727583211], [69.21733574500745, 22.157668212746813], [69.21745270890729, 22.157665570647854], [69.21750976446818, 22.157673496944582], [69.21754970336082, 22.157736907302393], [69.21758393669735, 22.157789749245406], [69.2176124644778, 22.157813528113287], [69.21765240337044, 22.157824096497723], [69.21772657559961, 22.157839949072883], [69.21779504227268, 22.157842591168574], [69.21779504227268, 22.157781822955222], [69.2177836311605, 22.157736907302397], [69.21773513393374, 22.15767085484573], [69.21769804781916, 22.15762065495792], [69.21772087004352, 22.157551960345575], [69.21776651449224, 22.157533465636522], [69.217815011719, 22.15749383410893], [69.2178463922775, 22.15746741308434], [69.21790059506034, 22.15744627626109], [69.2179605033993, 22.15743042364157], [69.21801755896018, 22.15743042364157], [69.21808887841132, 22.157427781538143], [69.21814308119417, 22.1574515604672], [69.21821154786724, 22.157514970925035], [69.21823437009162, 22.157551960345575], [69.2181773145307, 22.157586307655937], [69.21808602563327, 22.157644433854372], [69.21806890896498, 22.157562528749658], [69.2179490922871, 22.157678781142163], [69.2179490922871, 22.157747475692588], [69.21797191451148, 22.15781617020947], [69.21797476728952, 22.15783466488136], [69.21793197561884, 22.157908643544612], [69.21790059506034, 22.157964127516536], [69.21782927560922, 22.158016969374202], [69.21756396725102, 22.15811472675858], [69.21745556168531, 22.15814114766161], [69.2173015116709, 22.158175494828143], [69.21725301444413, 22.15819134736371], [69.21719881166128, 22.158199273630828], [69.21713319776624, 22.1581939894528]]]}, "properties": {"node": "mining", "role": "positive", "name": "Mining", "ts": "2026-07-27T18:11:35.428148+00:00"}}, {"type": "Feature", "geometry": {"type": "Polygon", "coordinates": [[[76.44343847712723, 13.075534815510842], [76.44344086054774, 13.07539783961296], [76.44343609370671, 13.07529568804638], [76.4433931921377, 13.075193536437506], [76.44334552372766, 13.075123887589024], [76.4432716376921, 13.075028700797628], [76.4432215858616, 13.074954408642238], [76.44317153403107, 13.074845291998447], [76.44312624904154, 13.074773321419748], [76.44311671535954, 13.074712958982712], [76.44316676719005, 13.074634023465848], [76.44327640453311, 13.074589912430717], [76.44344801080922, 13.074531871583], [76.44350521290127, 13.07450169033679], [76.44366013523386, 13.074504011971246], [76.44377453941794, 13.074527228314594], [76.44394376227352, 13.074620093666129], [76.44404148251408, 13.07467116959458], [76.44406054987812, 13.07471992388005], [76.44404148251408, 13.074787251210813], [76.44407485040114, 13.074912619295], [76.44410345144713, 13.075047273832977], [76.44414158617516, 13.075177285041288], [76.44412966907265, 13.075318904315226], [76.44412728565216, 13.075339798955318], [76.44412013539065, 13.075351407087938], [76.4440033477861, 13.075367658472688], [76.44395567937605, 13.075330512448826], [76.4437507052129, 13.075277115029733], [76.44372687100791, 13.075372301725276], [76.4437101870644, 13.075437307252352], [76.44365060155187, 13.075534815510842], [76.44361246682384, 13.07557196150394], [76.44343847712723, 13.075534815510842]]]}, "properties": {"node": "mining", "role": "positive", "name": "Mining", "ts": "2026-07-27T18:11:35.428216+00:00"}}, {"type": "Feature", "geometry": {"type": "Polygon", "coordinates": [[[74.16091340901706, 15.284989196318012], [74.16091817585806, 15.284924821210865], [74.1622862592259, 15.284874240755663], [74.16231009343092, 15.284832856737786], [74.16242449761498, 15.284777678034581], [74.16415962774006, 15.284759285130285], [74.16414056037605, 15.284681115269025], [74.16425019771911, 15.28459374891901], [74.16440750347222, 15.28460754360827], [74.16444563820022, 15.28464892767062], [74.16452190765628, 15.28464892767062], [74.16452190765628, 15.28464892767062], [74.16446947240523, 15.285058169625165], [74.16258657020909, 15.285025982084653], [74.16091340901706, 15.284989196318012]]]}, "properties": {"node": "mining", "role": "positive", "name": "Mining", "ts": "2026-07-27T18:11:35.428377+00:00"}}, {"type": "Feature", "geometry": {"type": "Polygon", "coordinates": [[[85.41979622114016, 21.970436531424635], [85.41999676446905, 21.968261987871653], [85.41982707395996, 21.9672319293055], [85.41979622114016, 21.96680273603168], [85.41967280986083, 21.966487993473372], [85.42019730779798, 21.966359234953053], [85.42101490752357, 21.96623047631604], [85.42200219775827, 21.966602445393445], [85.42223359390702, 21.9666596713189], [85.42300491440291, 21.967060252151587], [85.42198677134839, 21.96738929984765], [85.42181708083929, 21.967532363825573], [85.42169366955994, 21.967875716784707], [85.42197134493843, 21.968676870461653], [85.42224902031694, 21.969120364303954], [85.42211018262769, 21.96952093819706], [85.42204847698801, 21.97066542880925], [85.42215646185744, 21.971480872743786], [85.42215646185744, 21.971595320640603], [85.42298948799295, 21.971180446575797], [85.42360654438966, 21.971137528499916], [85.4240384838673, 21.971223364638707], [85.42465554026398, 21.97146656675019], [85.42504120051191, 21.97305452324026], [85.42480980436318, 21.97358383812432], [85.42445499693508, 21.97376981315573], [85.42335972183098, 21.974113151035343], [85.42311289927228, 21.974985797742864], [85.42302034081278, 21.975715383496734], [85.42323631055163, 21.977103016643355], [85.42315917850206, 21.977575094931336], [85.42089149624427, 21.97824744614673], [85.42027443984757, 21.97811869828815], [85.41987335318974, 21.97685982418543], [85.41978079473022, 21.97582982798071], [85.41958025140131, 21.974570933583454], [85.4195031193517, 21.97298299405054], [85.41971908909056, 21.971924357830208], [85.41976536832033, 21.97095155002124], [85.41982707395996, 21.97063681665635], [85.41979622114016, 21.970436531424635]]]}, "properties": {"node": "mining", "role": "positive", "name": "Mining", "ts": "2026-07-27T18:11:35.428568+00:00"}}, {"type": "Feature", "geometry": {"type": "Polygon", "coordinates": [[[85.46183816980977, 23.648200723651893], [85.4610066503953, 23.647439028358335], [85.46063112549842, 23.647205604719478], [85.4603964224379, 23.64685546848043], [85.46034948182579, 23.64633333375211], [85.46030254121368, 23.646063051427312], [85.4604701862569, 23.645872624908726], [85.46073841832609, 23.645798911343263], [85.4609194749728, 23.645780482945405], [85.46124805925753, 23.645835768131178], [85.46163699575786, 23.645473342599104], [85.46233439913775, 23.64549791385333], [85.46279039365537, 23.645448771340252], [85.4633335635955, 23.645448771340252], [85.4642589642342, 23.64561462724793], [85.46467472394141, 23.64573134053844], [85.4656336535888, 23.646063051427312], [85.46571412320954, 23.64624119211319], [85.46574765221818, 23.646425475326147], [85.46569400580435, 23.64708275000545], [85.46559341877838, 23.64746359924347], [85.46549283175247, 23.647617167170992], [85.46521118807982, 23.647991872157778], [85.46521789388156, 23.648262150498486], [85.46525812869193, 23.649416969847074], [85.46464790073452, 23.649803954901845], [85.46387002773388, 23.65004965910445], [85.46366885368201, 23.650147940656286], [85.46365544207855, 23.650147940656286], [85.46183816980977, 23.648200723651893]]]}, "properties": {"node": "mining", "role": "positive", "name": "Mining", "ts": "2026-07-27T18:11:35.428739+00:00"}}, {"type": "Feature", "geometry": {"type": "Polygon", "coordinates": [[[86.87216820125052, 23.787401013323525], [86.87183035139445, 23.786296905189914], [86.87183035139445, 23.78545777673631], [86.87158903006868, 23.784530312669908], [86.8713718408755, 23.783293683621952], [86.8721923333831, 23.782233706504385], [86.87327827934908, 23.782299955327414], [86.87373678986806, 23.78165954862414], [86.87530537848559, 23.781416634911547], [86.87639132445157, 23.781968710874715], [86.87723594909177, 23.783072855768445], [86.87781512027362, 23.783823668940006], [86.8784908199858, 23.784287404320988], [86.87865974491383, 23.784706973002212], [86.87902172690248, 23.78603191784238], [86.87887693410703, 23.78667230300757], [86.87873214131154, 23.787047699741116], [86.87851495211835, 23.787356849178238], [86.87812883799712, 23.78786473594302], [86.8780323094668, 23.788240129232808], [86.87783925240619, 23.78883633987646], [86.87752553468268, 23.78938838433023], [86.87718768482661, 23.79084577042204], [86.87660851364473, 23.792369383862336], [86.87552256767879, 23.792568114733292], [86.87479860370146, 23.792479789939268], [86.87472620730374, 23.79243562751975], [86.87424356465216, 23.791508213243098], [86.8739057147961, 23.79069119994461], [86.87364026133773, 23.789874181509976], [86.8726267117695, 23.78885842169963], [86.87267497603465, 23.788240129232808], [86.87216820125052, 23.787401013323525]]]}, "properties": {"node": "mining", "role": "positive", "name": "Mining", "ts": "2026-07-27T18:11:35.428962+00:00"}}, {"type": "Feature", "geometry": {"type": "Polygon", "coordinates": [[[86.28636727785364, 22.310521844864468], [86.28605489305282, 22.30964413937219], [86.28581192709662, 22.30924809972176], [86.28558053094784, 22.308905578037194], [86.28539541402887, 22.30824193988247], [86.28527971595449, 22.308092085669106], [86.28449296904871, 22.308124197299804], [86.28440041058923, 22.30798504684683], [86.28448139924127, 22.307599706407274], [86.28470122558258, 22.30729999644139], [86.28499047076855, 22.306636350656504], [86.28503674999831, 22.30625100649548], [86.28505988961315, 22.30613326223421], [86.28446982943386, 22.306015517873657], [86.2840533163661, 22.305951293635164], [86.28396075790658, 22.305694396385825], [86.28396075790658, 22.30528764144128], [86.2841227352107, 22.304955814161755], [86.28492105192392, 22.304688210942725], [86.28523343672472, 22.30423863638051], [86.28537227441399, 22.304035256936505], [86.28556896114044, 22.30388539820931], [86.28570779882966, 22.30377835616288], [86.28586977613381, 22.303703426681565], [86.2862053005495, 22.30355356759835], [86.28640198727595, 22.303521454916744], [86.28645983631311, 22.30353215914476], [86.28671437207677, 22.303628497160048], [86.28812588858418, 22.305437498663924], [86.2882878658883, 22.30586566127122], [86.28848455261475, 22.306582830697725], [86.28780193397591, 22.306839726312823], [86.28801019050978, 22.30750337113124], [86.28816059800648, 22.30808138179058], [86.28858868088166, 22.308605870874], [86.28872751857092, 22.30876642836285], [86.28906304298664, 22.308991208537105], [86.28950269566927, 22.309483582892536], [86.2890861826015, 22.309151765582904], [86.28902833356433, 22.309697658157717], [86.288993624142, 22.309826103159285], [86.28892420529738, 22.3099117330947], [86.28879693741557, 22.310040177899356], [86.28868123934119, 22.310232844884787], [86.2884151337701, 22.310468326394844], [86.28797548108747, 22.310628881742197], [86.2874548397528, 22.31076802956056], [86.2870036172627, 22.31081084424601], [86.28677222111394, 22.310778733233153], [86.28636727785364, 22.310521844864468]]]}, "properties": {"node": "mining", "role": "positive", "name": "Mining", "ts": "2026-07-27T18:11:35.429050+00:00"}}, {"type": "Feature", "geometry": {"type": "Polygon", "coordinates": [[[74.32326694784149, 25.560631810268756], [74.32266950376895, 25.560402460370856], [74.32262501325292, 25.56023618142031], [74.32212926178848, 25.560052700931184], [74.32195765551232, 25.559949493032555], [74.32188138605623, 25.55971440804265], [74.32181147238818, 25.559657070170253], [74.32193223236028, 25.559341711381563], [74.32219917545652, 25.559066488487616], [74.32255509958486, 25.558883006207054], [74.32327965941751, 25.55875112814434], [74.32366100669785, 25.558842869420726], [74.32443641283454, 25.558871538555195], [74.32493852008699, 25.558894473857823], [74.32500843375504, 25.558894473857823], [74.32540249261142, 25.559066488487616], [74.32570757043568, 25.55935891279145], [74.32581561883178, 25.55946212119885], [74.32663551548453, 25.55988642149518], [74.32495123166301, 25.560276317739845], [74.32467793277877, 25.560345122827776], [74.32326694784149, 25.560631810268756]]]}, "properties": {"node": "mining", "role": "positive", "name": "Mining", "ts": "2026-07-27T18:11:35.429118+00:00"}}, {"type": "Feature", "geometry": {"type": "Polygon", "coordinates": [[[73.7811655815742, 26.518263136469994], [73.78222064238314, 26.518411001204406], [73.7825002970554, 26.518297259117915], [73.78272910542361, 26.51787641241821], [73.78350451156031, 26.51792190943307], [73.78374603150453, 26.51822901381193], [73.78369518520049, 26.518820471782902], [73.78358078101638, 26.519161696149542], [73.78345366525626, 26.51992376024044], [73.78379687780857, 26.520537957468477], [73.78400026302475, 26.520992916259836], [73.78410195563286, 26.521334134170257], [73.78440703345713, 26.521595733881473], [73.78485193861752, 26.521607107768435], [73.78542395953805, 26.52094742046183], [73.7854748058421, 26.520867802771928], [73.78538582481002, 26.5204810874928], [73.78527142062592, 26.52020811121742], [73.78519515116984, 26.51981001965247], [73.78533497850596, 26.51940055260284], [73.7851443048658, 26.519138947889985], [73.78527142062592, 26.518945587501744], [73.78550022899412, 26.5188773425811], [73.78553836372215, 26.518706730102007], [73.7854748058421, 26.51835413017524], [73.78552565214613, 26.518081148843162], [73.78569090263429, 26.5180697746069], [73.78564005633025, 26.517899160927904], [73.78534769008199, 26.51785366390402], [73.78522057432187, 26.51745556417609], [73.78546209426608, 26.517216703676866], [73.78548751741812, 26.51717120638258], [73.78591971100249, 26.517137083400037], [73.78599598045857, 26.517137083400037], [73.78616123094672, 26.51714845772868], [73.78654257822706, 26.517080211739938], [73.78655528980308, 26.517080211739938], [73.78656800137907, 26.517080211739938], [73.78666969398715, 26.517057463068014], [73.78665698241116, 26.517421441278056], [73.78661884768312, 26.517717172724204], [73.78663155925913, 26.517739921265445], [73.78679680974729, 26.51785366390402], [73.78697477181144, 26.517944657933757], [73.78706375284354, 26.517967406429925], [73.78720358017966, 26.517990154921584], [73.78720358017966, 26.517978780676312], [73.7878137358282, 26.517865038161677], [73.7883730451727, 26.517569307096338], [73.78822050626059, 26.517262200953116], [73.78810610207647, 26.51689822223834], [73.78801712104438, 26.516397749621753], [73.78796627474033, 26.516181635772124], [73.78782644740421, 26.515920023725773], [73.78771204322011, 26.51581765363237], [73.78740696539582, 26.515885900371448], [73.7871400222996, 26.515851777006976], [73.78691121393139, 26.516045142604906], [73.78641546246693, 26.51602239372793], [73.78640275089091, 26.515999644846453], [73.78640275089091, 26.515806279171905], [73.78612309621869, 26.515044187754906], [73.78607224991464, 26.514714325722608], [73.78597055730653, 26.514407211944285], [73.78589428785048, 26.514202468969145], [73.78650444349903, 26.5141000973447], [73.78698748338746, 26.51374748327313], [73.78700019496347, 26.513713359273257], [73.78717815702763, 26.51331524519236], [73.78720358017966, 26.513258371639584], [73.78731798436375, 26.512962628711108], [73.7872671380597, 26.5127123840999], [73.78706375284354, 26.51249626331508], [73.78670782871521, 26.512325641355595], [73.78639003931492, 26.51263276070017], [73.78600869203456, 26.51290575498371], [73.78591971100249, 26.512962628711108], [73.785373113234, 26.513167373896543], [73.78457228394527, 26.51320149805863], [73.78452143764123, 26.51320149805863], [73.78429262927303, 26.513190123339058], [73.78411466720885, 26.51305362661636], [73.78407653248081, 26.51305362661636], [73.7838350125366, 26.51313324972432], [73.7838350125366, 26.513337994605585], [73.78389857041667, 26.5134176175164], [73.78388585884065, 26.513554113806507], [73.78364433889642, 26.51373610860763], [73.78364433889642, 26.513849855211888], [73.78366976204845, 26.513986350988286], [73.78363162732043, 26.514270716668083], [73.78317401058402, 26.51446408492816], [73.78304689482391, 26.51446408492816], [73.78297062536784, 26.514532332471628], [73.78294520221581, 26.51460057997454], [73.78294520221581, 26.514623329133173], [73.78294520221581, 26.514646078287285], [73.78290706748778, 26.514771198554392], [73.78275452857565, 26.514816696799542], [73.78269097069558, 26.514816696799542], [73.78255114335944, 26.514828071358014], [73.78253843178345, 26.514850820471572], [73.7824875854794, 26.514987315058306], [73.78244945075136, 26.515101060423337], [73.78244945075136, 26.515248929229436], [73.78242402759935, 26.515362674335346], [73.78218250765512, 26.51541954684605], [73.78194098771091, 26.515476419328586], [73.78172489091872, 26.515612913171775], [73.78166133303866, 26.51573803238551], [73.7815850635826, 26.51587452591775], [73.78157235200658, 26.515920023725773], [73.78154692885455, 26.5160565170417], [73.78140710151843, 26.516158886922188], [73.78122913945425, 26.51622713345847], [73.78108931211814, 26.51821763959032], [73.7811655815742, 26.518263136469994]]]}, "properties": {"node": "mining", "role": "positive", "name": "Mining", "ts": "2026-07-27T18:11:35.429224+00:00"}}, {"type": "Feature", "geometry": {"type": "Polygon", "coordinates": [[[74.0443093278249, 15.540503045756024], [74.04361336903847, 15.54006215842166], [74.04347036380838, 15.539924380936197], [74.04309855021016, 15.539731492301776], [74.04301274707211, 15.539584529411494], [74.04312715125619, 15.539354899685579], [74.04394704790867, 15.539538603486786], [74.04437606359895, 15.539676381230207], [74.04495761820131, 15.53928141811924], [74.04521502761546, 15.539097714088753], [74.04541523493758, 15.538923195108083], [74.0457870485358, 15.538555786244595], [74.04616839581605, 15.538160820985723], [74.04631140104613, 15.537995486466537], [74.04648300732225, 15.537811781289644], [74.04662601255232, 15.537618890677647], [74.04679761882844, 15.53732496177886], [74.04697875878654, 15.537058588352226], [74.04711223033463, 15.536929994160968], [74.04728383661073, 15.536691176164316], [74.0475698470709, 15.536498284503452], [74.04774145334702, 15.536332948650442], [74.04799886276115, 15.536149241991541], [74.04822767112931, 15.53586449634663], [74.0485422826355, 15.535533823491104], [74.04874248995762, 15.535469525929809], [74.0488759615057, 15.535405228348463], [74.04945751610806, 15.53571753069856], [74.04979119497827, 15.535993091202728], [74.05006767175644, 15.536323763321377], [74.05046808640068, 15.536617693648129], [74.05056342322074, 15.536709546789261], [74.05067782740481, 15.536929994160968], [74.05071596213281, 15.53726985006367], [74.0506968947688, 15.537370888196934], [74.0501916096225, 15.537545408492253], [74.04974352656822, 15.5379128191572], [74.0495337855641, 15.538298599650371], [74.04947658347206, 15.538638453295999], [74.04932404455998, 15.538978306381104], [74.04911430355585, 15.539226306927295], [74.04858041736351, 15.539804973707612], [74.0485422826355, 15.539887640257854], [74.04843741213342, 15.540126454550014], [74.04861855209154, 15.540310157663326], [74.04886642782368, 15.54044793489083], [74.04909523619182, 15.540659193127377], [74.0490380340998, 15.540943932146948], [74.04871388891159, 15.541237855883429], [74.04851368158948, 15.541357262281599], [74.04797026171515, 15.54125622610304], [74.04793212698712, 15.541247040993438], [74.04778912175702, 15.541173560101909], [74.04701689351454, 15.541017413120382], [74.04674041673637, 15.5408796362737], [74.04645440627621, 15.540751044467003], [74.04621606422606, 15.54066837826318], [74.0458061158998, 15.540686748533563], [74.04540570125556, 15.540732674202353], [74.04533896548152, 15.54076022959871], [74.04518642656944, 15.540806155251131], [74.04501482029332, 15.540824525509231], [74.04472880983315, 15.540769414730022], [74.044480934101, 15.540576526886698], [74.0443093278249, 15.540503045756024]]]}, "properties": {"node": "mining", "role": "positive", "name": "Mining", "ts": "2026-07-27T18:11:35.429308+00:00"}}, {"type": "Feature", "geometry": {"type": "Polygon", "coordinates": [[[84.61365713943223, 23.55588445717098], [84.61341878129603, 23.55513627203475], [84.61469724766302, 23.55391135797095], [84.61554233560055, 23.5537987977275], [84.61626463298303, 23.5549045324118], [84.61482726119189, 23.55588445717098], [84.61500061256369, 23.556063226440326], [84.61410496380938, 23.556917342926283], [84.61375103809198, 23.557122594897944], [84.61402551109731, 23.557533097879524], [84.61516674096166, 23.55686437462349], [84.61565068020795, 23.557612549921398], [84.61595404510858, 23.558228301617085], [84.61548455180996, 23.55867190588931], [84.61466835576775, 23.55796346253169], [84.61402551109734, 23.5584467934607], [84.61487059903484, 23.560327132491736], [84.61455278818653, 23.56063169191529], [84.6140255110973, 23.56073762546235], [84.61383771377785, 23.560817075566604], [84.61357768672016, 23.560697900392213], [84.61323098397658, 23.560538999991543], [84.61302151773566, 23.560287407297476], [84.61265314607058, 23.560009330601442], [84.61176472029014, 23.559486279983407], [84.60931613216347, 23.559294273537883], [84.60883219291722, 23.55890363886887], [84.60909944294873, 23.558698389679083], [84.60919334160847, 23.558433551541118], [84.60904165915814, 23.55807601920819], [84.60909944294873, 23.55791711563687], [84.60947503758761, 23.557758211873384], [84.6096700578809, 23.557718485902484], [84.60990841601713, 23.557652275924312], [84.61008899036274, 23.557533097879524], [84.61022622686544, 23.557460266798937], [84.61037068634192, 23.557255015354688], [84.6106307133996, 23.55717556309665], [84.61130244996531, 23.557142457974965], [84.61285538933768, 23.557321225533027], [84.61285538933768, 23.55732784654902], [84.61295651097124, 23.557122594897944], [84.61318764613364, 23.556778301085917], [84.61334655155778, 23.556586290683573], [84.61346934211281, 23.556460490612682], [84.61364269348459, 23.556268479745984], [84.61371492322286, 23.556109573988977], [84.61365713943223, 23.55588445717098]]]}, "properties": {"node": "mining", "role": "positive", "name": "Mining", "ts": "2026-07-27T18:11:35.429386+00:00"}}, {"type": "Feature", "geometry": {"type": "Polygon", "coordinates": [[[76.75484175897704, 26.80431807759248], [76.75433329593673, 26.80391530308947], [76.75421889175267, 26.80366569563727], [76.75412355493259, 26.803501181334312], [76.75392016971647, 26.803251572970645], [76.75381847710842, 26.803075712202737], [76.75388203498845, 26.802984945248085], [76.75406635284057, 26.803047347537213], [76.75427609384471, 26.803098403930054], [76.75437778645274, 26.802899851162124], [76.75439049802877, 26.802780719334514], [76.75430787278472, 26.802610530792276], [76.7544540559088, 26.80245168792245], [76.75475277794499, 26.802287171858442], [76.75500065367714, 26.802270152941652], [76.75516590416525, 26.802253134022298], [76.75546462620143, 26.802343901562644], [76.75567436720554, 26.80248005273695], [76.75573156929758, 26.80250274458344], [76.75574428087361, 26.80260485783647], [76.75571250193357, 26.802661587381767], [76.75568707878153, 26.80271831689868], [76.75570614614558, 26.802831775847377], [76.75571250193357, 26.803001964057614], [76.7556108093255, 26.80321753542395], [76.75549640514144, 26.803404741804385], [76.75534386622935, 26.80364300402347], [76.7552675967733, 26.803841555490322], [76.75536928938138, 26.803977704866682], [76.75548369356541, 26.804085489673714], [76.7554264914734, 26.804170582870064], [76.75534386622935, 26.80419894725466], [76.75522310625728, 26.80418192862475], [76.75498794210112, 26.80412519983996], [76.75484175897704, 26.804306731851415], [76.75479091267302, 26.804335096201953], [76.75483540318905, 26.804306731851415], [76.75484811476505, 26.804312404722086], [76.75491167264506, 26.804329423332412], [76.75496251894913, 26.80423865738116], [76.75497523052512, 26.804187601501667], [76.75497523052512, 26.804147891357278], [76.75484175897704, 26.80431807759248]]]}, "properties": {"node": "mining", "role": "positive", "name": "Mining", "ts": "2026-07-27T18:11:35.429460+00:00"}}, {"type": "Feature", "geometry": {"type": "Polygon", "coordinates": [[[79.23453828852456, 11.352477392005857], [79.23400440233225, 11.350308844174693], [79.23399010180923, 11.349827461710273], [79.23400440233225, 11.3496031278573], [79.23429994647442, 11.349551717991162], [79.235267615198, 11.34952834986713], [79.2360398434405, 11.349565738864666], [79.23624958444461, 11.34952834986713], [79.23628295233162, 11.349584433361592], [79.23632585390065, 11.350556545514797], [79.23634492126467, 11.35064067044933], [79.23636398862868, 11.350734142569728], [79.23628295233162, 11.351117377943318], [79.23619714919359, 11.351374425771429], [79.2360541439635, 11.351767007462113], [79.23593497293842, 11.35195862451978], [79.23583486927735, 11.352126873537507], [79.23482906582575, 11.352519454193125], [79.23469082743664, 11.352538148496592], [79.23453828852456, 11.352477392005857]]]}, "properties": {"node": "mining", "role": "positive", "name": "Mining", "ts": "2026-07-27T18:11:35.429525+00:00"}}, {"type": "Feature", "geometry": {"type": "Polygon", "coordinates": [[[73.80981683812058, 24.85199000281709], [73.80991853072865, 24.84878338707245], [73.80869821943192, 24.845092215696525], [73.81022360855283, 24.843246588717324], [73.81063037898508, 24.84386949090014], [73.81063037898508, 24.84442317909715], [73.81101172626532, 24.84513835601832], [73.81192695973789, 24.84546133778917], [73.81274050060239, 24.845207566468762], [73.81363031092293, 24.845276776880485], [73.8145455443955, 24.845276776880485], [73.81490146852371, 24.84539212748067], [73.81571500938821, 24.845276776880485], [73.81642685764466, 24.845830458780732], [73.81642685764466, 24.846960884967693], [73.81612177982046, 24.84739921071052], [73.81561331678014, 24.84705316420049], [73.81546077786807, 24.846430278043563], [73.8148506222197, 24.846107298801805], [73.81398623505115, 24.8463841382035], [73.813732003531, 24.846891675497925], [73.81296930897054, 24.84733000148594], [73.81246084593023, 24.848229718385916], [73.81246084593023, 24.849037151059065], [73.81388454244308, 24.850605862331165], [73.81319811733867, 24.851159520383945], [73.81256253853829, 24.85129793450997], [73.81256253853829, 24.85129793450997], [73.81253711538626, 24.851620900201777], [73.81251169223425, 24.852105347158528], [73.81215576810604, 24.852220691392407], [73.80981683812058, 24.85199000281709]]]}, "properties": {"node": "mining", "role": "positive", "name": "Mining", "ts": "2026-07-27T18:11:35.429586+00:00"}}, {"type": "Feature", "geometry": {"type": "Polygon", "coordinates": [[[85.77781980807895, 21.04677171589348], [85.78827592256832, 21.028640231896468], [85.80786737919051, 21.038810571175844], [85.80456544829914, 21.04322777499559], [85.80544596320351, 21.044152289448007], [85.80687679992312, 21.043587309075757], [85.80792241137205, 21.042970964406905], [85.8097384733623, 21.043176412913283], [85.81386588697654, 21.045179520996875], [85.81628730296354, 21.048004371217367], [85.81656246387116, 21.04882613576378], [85.81634233514508, 21.049442456196985], [85.81414104788414, 21.051548198425778], [85.8126001468015, 21.054064778114707], [85.81221492153085, 21.05452700241199], [85.81204982498629, 21.05493786724892], [85.81133440662647, 21.057269503715634], [85.8106740204482, 21.05788578918885], [85.81016222116003, 21.057336268098513], [85.81002464070623, 21.056026653581416], [85.81027228552308, 21.05507653387539], [85.81054744643072, 21.054408878561453], [85.8108226073383, 21.053920974707246], [85.81090515561058, 21.053638503323803], [85.81090515561058, 21.05286812409889], [85.81074005906602, 21.05220045887879], [85.81043738206766, 21.05155847026608], [85.81007967288775, 21.05104487738243], [85.80958438325403, 21.050351524178776], [85.80881393271272, 21.049555447999648], [85.80829112698827, 21.049093208264757], [85.80741061208387, 21.048399845971495], [85.80661264545178, 21.04775784096899], [85.8063925167257, 21.047475357890892], [85.80595225927351, 21.047038792079658], [85.80471403518925, 21.046499503133838], [85.80408116510175, 21.046422461696416], [85.80265032838214, 21.04729559565305], [85.80256778010987, 21.04752671849041], [85.80215503874844, 21.048194404671893], [85.80160471693321, 21.048990488128773], [85.80135707211635, 21.050223125082976], [85.80287045710824, 21.0504285635831], [85.80410868119252, 21.051609829456986], [85.80421874555553, 21.052405894650093], [85.80405364901097, 21.05410072894487], [85.80394358464794, 21.054485915865907], [85.80265032838214, 21.054922459838], [85.80091681466418, 21.055050854880232], [85.8007517181196, 21.05507653387539], [85.80036649284892, 21.055127891852415], [85.80061413766579, 21.053638503323803], [85.79929336530924, 21.054023691441042], [85.79907323658314, 21.055487397195314], [85.79579882178253, 21.055256286717416], [85.79381766324768, 21.054408878561453], [85.79334988970476, 21.05410072894487], [85.79304721270638, 21.05392097470725], [85.79051573235631, 21.05315059694431], [85.78600309347142, 21.053792578690317], [85.78347161312135, 21.052688368372696], [85.77781980807895, 21.04677171589348]]]}, "properties": {"node": "mining", "role": "positive", "name": "Mining", "ts": "2026-07-27T18:11:35.429640+00:00"}}, {"type": "Feature", "geometry": {"type": "Polygon", "coordinates": [[[70.47625243236665, 20.872105540568697], [70.47665182129296, 20.869967735685453], [70.47760464915997, 20.870628805780342], [70.47774728806223, 20.871055301072435], [70.47767882138915, 20.87116725588603], [70.47765029360869, 20.871188580602976], [70.47751906581863, 20.87128987296713], [70.47625243236665, 20.872105540568697]]]}, "properties": {"node": "mining", "role": "positive", "name": "Mining", "ts": "2026-07-27T18:11:35.429681+00:00"}}, {"type": "Feature", "geometry": {"type": "Polygon", "coordinates": [[[80.78775908734043, 24.132025069643635], [80.78720613378412, 24.13166834891243], [80.7866722475918, 24.131433434716822], [80.7865292423617, 24.13136383042786], [80.78594768775935, 24.13152044002477], [80.78590955303132, 24.13153784107925], [80.78577608148325, 24.131572643181123], [80.78551867206907, 24.131572643181123], [80.78514685847085, 24.131155017333686], [80.78534706579296, 24.1305720789748], [80.78549960470507, 24.130450270623932], [80.78564260993514, 24.130250156652796], [80.78561400888914, 24.12976292132697], [80.78566167729916, 24.129432296298855], [80.78611929403543, 24.129266983464323], [80.78662457918175, 24.12921477936692], [80.78686292123191, 24.12919737799638], [80.78697732541598, 24.12921477936692], [80.78692012332394, 24.129693316128925], [80.78688198859591, 24.129806424556527], [80.78815950198471, 24.130006539221892], [80.7883120408968, 24.129841227129525], [80.78815950198471, 24.12951930296806], [80.78813090093868, 24.129475799640858], [80.7881499683027, 24.129319187540414], [80.78838831035283, 24.129188677310225], [80.78895079759118, 24.129162575248206], [80.78922727436935, 24.129092969723462], [80.78960862164959, 24.1290842690302], [80.78989463210976, 24.129110371108197], [80.79006623838588, 24.129336588894375], [80.78995183420179, 24.129797723911807], [80.78987556474574, 24.130032641111686], [80.78994230051977, 24.130328462157053], [80.79026644570799, 24.130528576005663], [80.790314114118, 24.130598180749185], [80.79040945093806, 24.130798294175797], [80.79033318148205, 24.13107671233547], [80.79019970993396, 24.131476937378192], [80.79012344047791, 24.131546541605612], [80.7901043731139, 24.131607445273517], [80.79011390679588, 24.13184235914951], [80.79023784466199, 24.132085973083676], [80.78989463210976, 24.132373088910352], [80.78965629005961, 24.132416591252113], [80.78942748169149, 24.132225180837718], [80.78953235219355, 24.13200766865544], [80.7893035438254, 24.13186846066466], [80.78909380282128, 24.13164224735645], [80.78888406181714, 24.13145953631543], [80.78869338817702, 24.131320327728023], [80.78840737771685, 24.13170315097878], [80.78825483880476, 24.131964166174594], [80.78796882834459, 24.132199079395374], [80.78775908734043, 24.132025069643635]]]}, "properties": {"node": "mining", "role": "positive", "name": "Mining", "ts": "2026-07-27T18:11:35.429735+00:00"}}, {"type": "Feature", "geometry": {"type": "Polygon", "coordinates": [[[74.1871300811654, 15.43457003619448], [74.18799764622793, 15.434836541667222], [74.18850769821525, 15.434468947822177], [74.18851246505626, 15.434197846944272], [74.1885839676713, 15.433922150773038], [74.18862210239934, 15.433696998628161], [74.18863640292233, 15.433522390674177], [74.1887555739474, 15.433288048189267], [74.18885091076747, 15.433113439891212], [74.18902728388456, 15.432869907019665], [74.18914645490965, 15.4327458429941], [74.18928946013973, 15.432617183926299], [74.18956117007687, 15.432350675603558], [74.18966604057894, 15.432272561030317], [74.18967557426096, 15.432088761918495], [74.1895993048049, 15.43193712752871], [74.1895516363949, 15.431597098494347], [74.18948490062085, 15.431523578629893], [74.18931329434474, 15.431454653733313], [74.18907018545359, 15.431551148582109], [74.18888904549549, 15.431633858416806], [74.18862210239931, 15.431914152611505], [74.18848863085123, 15.432130116732852], [74.18837899350818, 15.432313915808052], [74.18800717990995, 15.433333997716966], [74.18785940783884, 15.433526985622223], [74.18762106578872, 15.43359131488409], [74.18747806055863, 15.433646454235541], [74.1874399258306, 15.433696998628164], [74.18742085846657, 15.433775112665275], [74.18734935585152, 15.4339589102837], [74.18713961484741, 15.4339589102837], [74.18708717959638, 15.434023239411678], [74.18707287907338, 15.434050809031858], [74.18705857855036, 15.434105948261223], [74.18704904486836, 15.434179467210921], [74.1871300811654, 15.43457003619448]]]}, "properties": {"node": "mining", "role": "positive", "name": "Mining", "ts": "2026-07-27T18:11:35.429783+00:00"}}, {"type": "Feature", "geometry": {"type": "Polygon", "coordinates": [[[86.43379399999995, 23.67503895820557], [86.43357899999988, 23.677950958207127], [86.43266199999997, 23.68059195820856], [86.43431999999987, 23.67977095820811], [86.43607599999997, 23.678464958207428], [86.43905999999994, 23.674051958205037], [86.43946899999999, 23.671143958203444], [86.43862999999993, 23.670161958202833], [86.43547099999994, 23.672415958204134], [86.43379399999995, 23.67503895820557]]]}, "properties": {"node": "mining", "role": "positive", "name": "Mining", "ts": "2026-07-27T18:11:35.429822+00:00"}}, {"type": "Feature", "geometry": {"type": "Polygon", "coordinates": [[[82.86793175487608, 18.787720743340362], [82.86555786805664, 18.785067163326445], [82.86444242726193, 18.783875746457017], [82.86378460320354, 18.782738477039437], [82.86355579483539, 18.781303340389314], [82.86364159797343, 18.780599306619834], [82.86384180529555, 18.779922348298026], [82.86578667642475, 18.778324715875453], [82.86687351617344, 18.77827055857874], [82.86833216952034, 18.778297637229272], [82.86898999357874, 18.77707909364775], [82.86924740299288, 18.77653751589443], [82.86898999357874, 18.77575222506078], [82.87033424274158, 18.775021088926472], [82.8717070929504, 18.774235791027287], [82.87187869922651, 18.77350464831494], [82.87273673060706, 18.772854741019337], [82.87322294838937, 18.771879875377746], [82.87316574629733, 18.77101332340795], [82.87336595361946, 18.770390486428376], [82.87388077244776, 18.769551006858688], [82.87433838918403, 18.769794727164367], [82.87482460696634, 18.770877924260308], [82.87588284566901, 18.770552965862276], [82.87714129169377, 18.770336326582285], [82.87742730215395, 18.770580045752705], [82.87842833876455, 18.77209651267419], [82.87848554085659, 18.77236730890326], [82.87857134399462, 18.774154553104747], [82.87885735445482, 18.774858613799243], [82.87974398688137, 18.775752225060778], [82.88023020466365, 18.77613133143731], [82.8806020182619, 18.77697077823631], [82.88111683709022, 18.778162243933107], [82.88103103395214, 18.779191230255655], [82.87977258792738, 18.778595502097907], [82.87894315759287, 18.77762066966065], [82.8785141419026, 18.77716033016064], [82.87711269064775, 18.77648335802337], [82.87582564357696, 18.776185489421486], [82.87576844148492, 18.77697077823631], [82.87605445194508, 18.777593590901343], [82.87636906345128, 18.778433030416647], [82.87608305299112, 18.778947523536583], [82.87571123939288, 18.779489093544733], [82.87608305299112, 18.780707619698926], [82.87719849378578, 18.780653463168075], [82.87765611052207, 18.780626384896127], [82.87774191366013, 18.78149288744], [82.87742730215395, 18.782603087311667], [82.87791351993624, 18.78352373531483], [82.87839973771855, 18.78414652375817], [82.87845693981059, 18.784660999431253], [82.87791351993624, 18.785310861193466], [82.87825673248844, 18.7856357911344], [82.8773701000619, 18.786610577196402], [82.87636906345128, 18.787206277012704], [82.87608305299112, 18.78769366620439], [82.87548243102474, 18.787991514460554], [82.87465300069023, 18.78915582531688], [82.8739379745398, 18.79080750830389], [82.87313714525129, 18.79078043166422], [82.87267952851502, 18.7897785929358], [82.87250792223891, 18.78858720939266], [82.87250792223891, 18.787368740233305], [82.87216470968671, 18.78663765450649], [82.87150688562828, 18.78601487527329], [82.8702484396035, 18.78552748122373], [82.86950481240706, 18.78579825586981], [82.86910439776281, 18.786529345240027], [82.86907579671681, 18.787937360271346], [82.86898999357874, 18.788153976923724], [82.86864678102654, 18.788262285145432], [82.86793175487608, 18.787720743340362]]]}, "properties": {"node": "mining", "role": "positive", "name": "Mining", "ts": "2026-07-27T18:11:35.429893+00:00"}}, {"type": "Feature", "geometry": {"type": "Polygon", "coordinates": [[[81.03817099999989, 20.575578957400303], [81.04409899999999, 20.57492295740032], [81.04556199999992, 20.57344495740035], [81.047122, 20.570270957400506], [81.04454799999995, 20.569759957400528], [81.0410569999999, 20.569723957400523], [81.03639599999988, 20.571547957400448], [81.03623999999996, 20.57304395740035], [81.03817099999989, 20.575578957400303]]]}, "properties": {"node": "mining", "role": "positive", "name": "Mining", "ts": "2026-07-27T18:11:35.429938+00:00"}}, {"type": "Feature", "geometry": {"type": "Polygon", "coordinates": [[[70.72043711023788, 20.8311583614826], [70.72061398247668, 20.830038511796236], [70.72072809359848, 20.829425257248687], [70.72080226582764, 20.82914262605133], [70.72072238804238, 20.828737342654023], [70.72071668248628, 20.828433379390315], [70.72074521026674, 20.82819874066193], [70.72091637694943, 20.82769746579025], [70.72095061028597, 20.827505487737994], [70.72098484362252, 20.827398833158774], [70.72110466030041, 20.8273881676967], [70.72113318808086, 20.82739350042784], [70.72131576587574, 20.827681467628572], [70.72183497147992, 20.828145413627222], [70.72258239932772, 20.8288386636056], [70.7229304382492, 20.829494581800997], [70.72141276032927, 20.829899863160485], [70.72144128810972, 20.8304437916919], [70.72132147143184, 20.830907729180893], [70.72127012142703, 20.83123835042725], [70.72124159364657, 20.831494314764605], [70.72117312697347, 20.8317716089724], [70.72107042696386, 20.831867595309976], [70.72103048807124, 20.831883593026955], [70.72095631584206, 20.831899590742236], [70.72084791027638, 20.831840932444564], [70.72078514915938, 20.831728948358286], [70.72067674359366, 20.831568970947696], [70.72035723245263, 20.831254348211083], [70.72043711023788, 20.8311583614826]]]}, "properties": {"node": "mining", "role": "positive", "name": "Mining", "ts": "2026-07-27T18:11:35.429984+00:00"}}, {"type": "Feature", "geometry": {"type": "Polygon", "coordinates": [[[72.98038418641225, 27.877706977096178], [72.9797700623622, 27.877606092770876], [72.9795907164007, 27.87724579084205], [72.97961789003121, 27.877020001022448], [72.97981897489717, 27.87680381883926], [72.97993853887152, 27.876717345845158], [72.97999832085868, 27.876592440287386], [72.98022657935515, 27.876568419971303], [72.98034070860339, 27.876669305263064], [72.98070483525255, 27.876847055310417], [72.98086787703573, 27.87689989986284], [72.98109070080612, 27.877053629323296], [72.98086244230964, 27.87725539890905], [72.9805852712782, 27.877596484734987], [72.98057440182598, 27.877606092770876], [72.98043853367332, 27.877692565055444], [72.98038418641225, 27.877706977096178]]]}, "properties": {"node": "mining", "role": "positive", "name": "Mining", "ts": "2026-07-27T18:11:35.430027+00:00"}}, {"type": "Feature", "geometry": {"type": "Polygon", "coordinates": [[[86.08709844662768, 23.713163481227966], [86.08471740954671, 23.706858985331262], [86.08349471482946, 23.69908105667173], [86.08688299999994, 23.696181958217114], [86.09624899999993, 23.685716958211394], [86.10689199999992, 23.679114958207773], [86.1297229999999, 23.666536958200904], [86.12525899999996, 23.65600295819523], [86.08354599999996, 23.669995958202858], [86.07616399999995, 23.683987958210455], [86.06431999999988, 23.704265958221523], [86.08111367774849, 23.71634507375442], [86.08709844662768, 23.713163481227966]]]}, "properties": {"node": "mining", "role": "positive", "name": "Mining", "ts": "2026-07-27T18:11:35.430068+00:00"}}, {"type": "Feature", "geometry": {"type": "Polygon", "coordinates": [[[86.48396262852356, 23.662970964044163], [86.48611843236714, 23.664503440496972], [86.4876468007637, 23.66409085244973], [86.48859599797842, 23.663221466230866], [86.48952910710474, 23.662131041445342], [86.48983478078405, 23.661571090048742], [86.48565187780396, 23.659375468017856], [86.4835926024907, 23.65983227832307], [86.48322257645786, 23.660244879807838], [86.48396262852356, 23.662970964044163]]]}, "properties": {"node": "mining", "role": "positive", "name": "Mining", "ts": "2026-07-27T18:11:35.430107+00:00"}}, {"type": "Feature", "geometry": {"type": "Polygon", "coordinates": [[[75.00703319320758, 34.058530875500246], [75.00683395771873, 34.05843758077528], [75.00680797048105, 34.058308403294276], [75.00678198324339, 34.05822228486421], [75.00656542292941, 34.058308403294276], [75.00652211086664, 34.05832275635744], [75.00645281156618, 34.05825816755402], [75.0064874612164, 34.05814334289314], [75.00654809810432, 34.05808593050435], [75.00641816191593, 34.05808593050435], [75.00635752502804, 34.05807157740107], [75.00643548674105, 34.05794239936224], [75.0065914101671, 34.05779886797709], [75.0066953591178, 34.057684042693964], [75.00670402153037, 34.05764815976108], [75.00670402153037, 34.05759792362954], [75.00667803429269, 34.0575405108713], [75.00666070946757, 34.05746874486884], [75.00655676051686, 34.05737544897479], [75.00637484985316, 34.057511804477606], [75.00634886261548, 34.0575405108713], [75.00621026401453, 34.05759792362954], [75.00598504128801, 34.05769839586285], [75.00589841716244, 34.05779886797709], [75.00571650649871, 34.05782039770035], [75.00542198447175, 34.05780604455211], [75.00520542415778, 34.05779169140145], [75.00517077450756, 34.05787781026901], [75.00507548796939, 34.057956752487385], [75.00506682555685, 34.057956752487385], [75.00499752625637, 34.057956752487385], [75.00485892765545, 34.05794957592512], [75.00479829076755, 34.057935222798754], [75.00467701699174, 34.05787781026901], [75.00468567940428, 34.05774145535497], [75.00495421419359, 34.05762662999407], [75.00513612485733, 34.057483098074194], [75.00531803552104, 34.05738980219593], [75.00558657031036, 34.05725344649683], [75.00571650649871, 34.05719603350528], [75.00599370370058, 34.05710273731104], [75.00625357607734, 34.057002264371654], [75.00631421296522, 34.05699508772857], [75.00636618744059, 34.05699508772857], [75.006652047055, 34.05688026135656], [75.00683395771873, 34.05685155473924], [75.00692924425688, 34.05685155473924], [75.00718045422106, 34.05697355779565], [75.00749230107317, 34.05696638115013], [75.00758758761131, 34.05694485120996], [75.0078387975755, 34.056937674562015], [75.00784745998806, 34.057167326994914], [75.00798605858898, 34.05710991394501], [75.00811599477734, 34.05703814757796], [75.00821994372805, 34.05700944101413], [75.00837586715409, 34.0572103867568], [75.00829790544107, 34.05730368283255], [75.00824593096573, 34.057432861844816], [75.00824593096573, 34.05780604455211], [75.00805535788945, 34.05805004774161], [75.00777816068756, 34.05817204907294], [75.00776949827502, 34.05817204907294], [75.00770019897455, 34.05817922561638], [75.0076308996741, 34.05817922561638], [75.00752695072339, 34.05825816755402], [75.00740567694758, 34.05837299205938], [75.00730172799689, 34.05858828758765], [75.0071891166336, 34.05860264060342], [75.00718045422106, 34.05860264060342], [75.0071544669834, 34.05860264060342], [75.00703319320758, 34.058530875500246]]]}, "properties": {"node": "mining", "role": "positive", "name": "Mining", "ts": "2026-07-27T18:11:35.430162+00:00"}}, {"type": "Feature", "geometry": {"type": "Polygon", "coordinates": [[[84.98706610644741, 23.715536849126536], [84.98645937664612, 23.71450521401609], [84.98628602527432, 23.713870357584778], [84.98596821442602, 23.71305033012113], [84.985679295473, 23.712627088122886], [84.98541926841534, 23.71193931694687], [84.9853325927294, 23.711304448027438], [84.98515924135762, 23.710748935188413], [84.98466807913752, 23.70998179452187], [84.98426359260336, 23.70932046274048], [84.98397467365035, 23.708606220651266], [84.98362797090674, 23.707971335511672], [84.98359907901147, 23.707495169629585], [84.98466807913752, 23.706675102092515], [84.9861993495884, 23.70609311555232], [84.98749948487689, 23.70606666155701], [84.98810621467817, 23.706225385448484], [84.98859737689827, 23.706569286551016], [84.98975305271026, 23.707389354753133], [84.99015753924446, 23.708315232012442], [84.99082205283635, 23.709479182673746], [84.99096651231282, 23.710907653383803], [84.99171770159064, 23.711674788605926], [84.99342232341331, 23.711357353888737], [84.99400016131932, 23.71191286413691], [84.99469356680649, 23.713420665743083], [84.9946357830159, 23.713949714807683], [84.9933645396227, 23.713949714807683], [84.99246889086844, 23.713896809997777], [84.99160213400944, 23.713843905166424], [84.99194883675304, 23.71516651951289], [84.99235332328723, 23.715801369635372], [84.99246889086844, 23.71619814939272], [84.99226664760134, 23.71688589811263], [84.98706610644741, 23.715536849126536]]]}, "properties": {"node": "mining", "role": "positive", "name": "Mining", "ts": "2026-07-27T18:11:35.430210+00:00"}}, {"type": "Feature", "geometry": {"type": "Polygon", "coordinates": [[[83.55741422972282, 21.766308198976333], [83.55459726993112, 21.763638388153787], [83.55531956731359, 21.76322248350403], [83.55579628358605, 21.76275291228958], [83.5560996484867, 21.762068677198158], [83.55638856743968, 21.76142468824993], [83.55683639181682, 21.76031111720904], [83.55732755403692, 21.759881786307474], [83.55797762168115, 21.759251204217712], [83.55823764873882, 21.758888953679346], [83.55877214880188, 21.759291454221103], [83.55897439206898, 21.760364783481442], [83.55864213527305, 21.761169775159672], [83.55843989200592, 21.761411271782773], [83.55846878390123, 21.761693017329506], [83.56088125715875, 21.76338347899529], [83.56008673003802, 21.76493975943296], [83.55998560840449, 21.765959382292767], [83.56001450029976, 21.766482607000146], [83.55984114892797, 21.767099741382253], [83.55946555428908, 21.766308198976333], [83.55926331102201, 21.76573130938736], [83.55890216233075, 21.765100752997736], [83.55864213527306, 21.76472510106564], [83.55845433795362, 21.76507392074948], [83.55849767579656, 21.76569106118996], [83.55845433795362, 21.76598621437545], [83.55825209468651, 21.76654968695286], [83.55741422972282, 21.766308198976333]]]}, "properties": {"node": "mining", "role": "positive", "name": "Mining", "ts": "2026-07-27T18:11:35.430257+00:00"}}, {"type": "Feature", "geometry": {"type": "Polygon", "coordinates": [[[85.36457898661804, 22.21410122553995], [85.36350637500507, 22.21362729303222], [85.36304320180855, 22.213063085578533], [85.36292131412526, 22.212250622859393], [85.36355513007838, 22.21094164524991], [85.36414019095821, 22.210603114570457], [85.36484713952129, 22.2103097206543], [85.36579786345102, 22.2103097206543], [85.36750429101716, 22.209971188450346], [85.37111216644267, 22.2103097206543], [85.37311112444871, 22.210603114570457], [85.37218477805567, 22.211054488628243], [85.36986891207307, 22.21073852694024], [85.36957638163314, 22.210670820771686], [85.36813810697026, 22.21062568330783], [85.36691923013733, 22.210851370481915], [85.36682171999067, 22.211189900562452], [85.36694360767399, 22.211844389735635], [85.36623665911085, 22.214078657361597], [85.36457898661804, 22.21410122553995]]]}, "properties": {"node": "mining", "role": "positive", "name": "Mining", "ts": "2026-07-27T18:11:35.430305+00:00"}}, {"type": "Feature", "geometry": {"type": "Polygon", "coordinates": [[[85.39582306591555, 22.04158479456819], [85.395210580307, 22.041034020273415], [85.3949820409008, 22.04084760387273], [85.39435127213976, 22.040440876327985], [85.39392161805614, 22.039966359381765], [85.39413187430982, 22.039627417731822], [85.39535684552692, 22.039000373539558], [85.39611559635546, 22.039068162234813], [85.39626186157538, 22.03911053015285], [85.39662752462527, 22.039466420163738], [85.39706632028515, 22.039847729896614], [85.39715773604763, 22.03994941231854], [85.3981815925873, 22.039678259031056], [85.39889463553457, 22.039542682192504], [85.3989769097208, 22.03957657641432], [85.39981793473552, 22.03998330644295], [85.39981793473552, 22.03998330644295], [85.39968995266808, 22.040432402825036], [85.39947055483813, 22.040695081180434], [85.3997356605493, 22.041034020273415], [85.3998910673455, 22.04114417530386], [85.4000647572942, 22.04135601165987], [85.40015617305669, 22.042152513520826], [85.39990020892175, 22.042186407117587], [85.39934257277068, 22.04184747078461], [85.39885806922959, 22.041500060200825], [85.39786163741863, 22.04113570184302], [85.39768794746996, 22.041025546805987], [85.3972125855051, 22.040906918208677], [85.39701147082765, 22.041093334531233], [85.39668237408274, 22.041423799226816], [85.39664580777779, 22.041440746113484], [85.39580478276304, 22.042050832681813], [85.39582306591555, 22.04158479456819]]]}, "properties": {"node": "mining", "role": "positive", "name": "Mining", "ts": "2026-07-27T18:11:35.430358+00:00"}}, {"type": "Feature", "geometry": {"type": "Polygon", "coordinates": [[[80.45220199999996, 17.359985958633647], [80.45111000000003, 17.357930958635183], [80.44790199999996, 17.358088958635026], [80.44766800000001, 17.359715958633792], [80.44875999999991, 17.36039495863335], [80.45220199999996, 17.359985958633647]]]}, "properties": {"node": "mining", "role": "positive", "name": "Mining", "ts": "2026-07-27T18:11:35.430411+00:00"}}, {"type": "Feature", "geometry": {"type": "Polygon", "coordinates": [[[79.54303699999996, 18.72348495783746], [79.54489, 18.723520957837486], [79.54847799999997, 18.722819957837807], [79.54890699999993, 18.719830957839065], [79.54455799999994, 18.71922195783937], [79.54303699999996, 18.72348495783746]]]}, "properties": {"node": "mining", "role": "positive", "name": "Mining", "ts": "2026-07-27T18:11:35.430512+00:00"}}, {"type": "Feature", "geometry": {"type": "Polygon", "coordinates": [[[72.99739719908348, 27.889116896820227], [72.99699962625499, 27.88902579397735], [72.99669040294393, 27.888791529172266], [72.9961063144675, 27.888041010735147], [72.99596397357828, 27.88783277348376], [72.99585108252822, 27.887685271855023], [72.9957823662369, 27.887403282887874], [72.99569892502598, 27.88717769118532], [72.99551731768456, 27.88696077564348], [72.99566947518682, 27.88621024451559], [72.99563511704115, 27.886166861054356], [72.99569401671944, 27.88573302548589], [72.99590507389999, 27.88551176867666], [72.99583635760867, 27.885390294157776], [72.99553695091065, 27.88545536980984], [72.99541915155406, 27.8855594907718], [72.99532098542358, 27.885459708185255], [72.99526208574528, 27.885247127585558], [72.99522281929309, 27.88516469826115], [72.99537006848882, 27.88484799553628], [72.99553204260413, 27.884657105775243], [72.99590998220651, 27.884717843462987], [72.99627319688932, 27.884691813029555], [72.99659223681343, 27.884509599820323], [72.99701925948106, 27.884284002088833], [72.99716160037028, 27.883949943046265], [72.99747082368134, 27.883785082359744], [72.99759353134444, 27.883706990368005], [72.99780949683152, 27.883676621244884], [72.99803037062513, 27.883602867624738], [72.99805982046426, 27.88349874478136], [72.9986439089407, 27.882965113637667], [72.99936052169329, 27.882696127836706], [72.99963047855215, 27.882500895788525], [73.00003786799368, 27.882518249762615], [73.00019493380249, 27.882639727503395], [73.00037163283736, 27.88288268257612], [73.0005188820331, 27.88342932949683], [73.00064158969623, 27.88358551382447], [73.00063177308319, 27.883980312092724], [73.00044034912871, 27.88436209366447], [73.00049434050048, 27.884531291885125], [73.0003569079178, 27.88472218186795], [73.00026855840035, 27.8848827027294], [72.99994461016972, 27.885156021486498], [72.99963047855215, 27.8856679500007], [72.99963538685869, 27.885832807820545], [72.99961084532606, 27.886158184360017], [72.99948813766294, 27.88647488325274], [72.9994832293564, 27.886648416499753], [72.99941451306508, 27.887004158786613], [72.9994832293564, 27.887051880223996], [72.9991592811258, 27.887772037543332], [72.99899239870395, 27.88798027491153], [72.99873716676468, 27.88822755626608], [72.99739719908348, 27.889116896820227]]]}, "properties": {"node": "mining", "role": "positive", "name": "Mining", "ts": "2026-07-27T18:11:35.430569+00:00"}}, {"type": "Feature", "geometry": {"type": "Polygon", "coordinates": [[[75.93372580853226, 24.72544892905353], [75.9361335532022, 24.726599435378823], [75.93684104215737, 24.72560440350296], [75.93639600878235, 24.72499286954783], [75.93651011990416, 24.724775204194444], [75.93677257548428, 24.72460936366963], [75.93712631996188, 24.72357285538177], [75.93742300887854, 24.722847294443085], [75.93781098669268, 24.722422321071548], [75.93795933115099, 24.722225381699936], [75.93865540899398, 24.721758945102888], [75.93928302016388, 24.721468717004615], [75.93955688685621, 24.72108520026516], [75.939670997978, 24.720857162724652], [75.9394998312953, 24.7205772978993], [75.9386896423305, 24.7202870670453], [75.93789086447792, 24.720266336244112], [75.9370007977279, 24.720846797371973], [75.9364188310067, 24.721468717004615], [75.9354602975836, 24.72232903403964], [75.93509514199384, 24.722836929256175], [75.93476421974061, 24.72355212512794], [75.93455881972139, 24.724028920092138], [75.93429636414125, 24.72459899862948], [75.93413660857074, 24.72468191892642], [75.93437624192651, 24.724412427759322], [75.93407955300981, 24.724350237407105], [75.93394261966367, 24.724433157869818], [75.93377145298098, 24.724692283959662], [75.93366875297137, 24.724920314472335], [75.93356605296174, 24.725241629485435], [75.93372580853226, 24.72544892905353]]]}, "properties": {"node": "mining", "role": "positive", "name": "Mining", "ts": "2026-07-27T18:11:35.430631+00:00"}}, {"type": "Feature", "geometry": {"type": "Polygon", "coordinates": [[[79.58543199999998, 18.65469395786789], [79.58008799999998, 18.65953295786573], [79.57884099999995, 18.661609957864798], [79.573576, 18.66223795786448], [79.57205399999997, 18.676413957858138], [79.57525300000002, 18.67741095785771], [79.59962999999995, 18.67209495786009], [79.60033199999994, 18.66670495786247], [79.58898199999997, 18.66581295786296], [79.58543199999998, 18.65469395786789]]]}, "properties": {"node": "mining", "role": "positive", "name": "Mining", "ts": "2026-07-27T18:11:35.430700+00:00"}}, {"type": "Feature", "geometry": {"type": "Polygon", "coordinates": [[[76.57282388910117, 14.998363852587499], [76.57278575437314, 14.997387706946206], [76.57352938156959, 14.997166692220166], [76.57423487403804, 14.997000931025745], [76.57438741295013, 14.996890423491417], [76.57394886357787, 14.996798333835876], [76.57331964056547, 14.99606161516405], [76.57352938156959, 14.995693254876555], [76.57364378575366, 14.99523280362509], [76.57375818993775, 14.994790769491186], [76.57389166148582, 14.994293479998676], [76.57438741295013, 14.993814607542912], [76.5748259623224, 14.9937593529598], [76.5749975685985, 14.994219807382953], [76.57497850123448, 14.994698678931636], [76.57501663596251, 14.995177549408305], [76.57537891587872, 14.994974950491319], [76.57562679161089, 14.994109298411784], [76.5756458589749, 14.993943534847997], [76.57593186943507, 14.993538334484656], [76.57593186943507, 14.993427825161447], [76.57646575562738, 14.992617421713689], [76.5771521807318, 14.991899107000442], [76.57740005646397, 14.991696504978615], [76.57789580792827, 14.991328137174689], [76.57707591127576, 14.990922931857863], [76.57671363135954, 14.990941350298005], [76.57547425269878, 14.992285892145713], [76.57503570332652, 14.99232272878975], [76.5747115581383, 14.991807015196118], [76.57473062550231, 14.991180789875541], [76.57473062550231, 14.990149355940323], [76.57478782759436, 14.98998358930843], [76.5748450296864, 14.989486288642238], [76.57511197278254, 14.988896893763531], [76.57539798324272, 14.988620614355323], [76.57585559997901, 14.9882522412562], [76.5766373619035, 14.988749544790206], [76.57694243972766, 14.989302102917028], [76.57703777654773, 14.989338940074752], [76.57770513428815, 14.98891531237806], [76.57818181838843, 14.988528521139987], [76.57881104140081, 14.987791773990617], [76.57884917612884, 14.98746023694593], [76.5792305234091, 14.986981349196904], [76.57953560123326, 14.986889255276166], [76.58005042006158, 14.987570749351217], [76.58073684516602, 14.987681261699448], [76.5808703167141, 14.987902286224712], [76.58098472089817, 14.98891531237806], [76.58128979872234, 14.989265265752957], [76.58167114600256, 14.989412614371183], [76.5818618196427, 14.989431032941317], [76.58212876273886, 14.989431032941317], [76.58264358156718, 14.989762566932804], [76.5828342552073, 14.989965170785839], [76.58357788240377, 14.990186192952198], [76.583959229684, 14.990075681897562], [76.58414990332412, 14.990002007829428], [76.58418803805215, 14.989873078149154], [76.58424524014416, 14.989670474208918], [76.58414990332412, 14.989431032941317], [76.58483632842851, 14.98882321928955], [76.58382575813592, 14.988712707531025], [76.58363508449578, 14.988049635781403], [76.58399736441203, 14.987883867522987], [76.58491259788457, 14.987847030114796], [76.58500793470463, 14.987570749351217], [76.58523674307278, 14.987312886983437], [76.58548461880491, 14.987331305734298], [76.58584689872116, 14.98755233062097], [76.58624731336539, 14.987589168079896], [76.58782990457834, 14.987441818206166], [76.58924088951524, 14.987165536919488], [76.58931715897127, 14.986870836487267], [76.58987011252762, 14.986576135649255], [76.59032772926389, 14.98639194741944], [76.59069000918012, 14.98639194741944], [76.5908616154562, 14.986410366249554], [76.5911476259164, 14.986484041554162], [76.59137643428456, 14.986594554463517], [76.59200565729694, 14.9862998532451], [76.59223446566507, 14.986097245922048], [76.59253954348927, 14.98587621953272], [76.59284462131343, 14.985636774020053], [76.59320690122965, 14.985765706252469], [76.59404586524619, 14.985949895021193], [76.59437001043439, 14.985765706252469], [76.59505643553878, 14.985489422802205], [76.59547591754706, 14.985360490403364], [76.59581913009927, 14.985655192915152], [76.59580006273525, 14.98613408363141], [76.59580006273525, 14.98646562273039], [76.59581913009927, 14.986778742518977], [76.595380580727, 14.987091861849477], [76.59496109871874, 14.987497074420705], [76.59469415562258, 14.987902286224712], [76.59459881880251, 14.988270659926217], [76.59469415562258, 14.988694288899053], [76.59496109871874, 14.98893373099101], [76.59541871545503, 14.988988986820335], [76.59564752382317, 14.989467870076854], [76.59570472591518, 14.989670474208918], [76.59593353428335, 14.99022302995773], [76.59620047737948, 14.990591399664234], [76.59633394892757, 14.991033442474922], [76.59633394892757, 14.991457065978203], [76.59644835311167, 14.992101708830413], [76.59633394892757, 14.992396402058786], [76.59621954474353, 14.992506911914777], [76.5955331196391, 14.992599003417837], [76.59457975143849, 14.99294895076792], [76.59297809286153, 14.993188388098677], [76.59189125311286, 14.99383302573412], [76.5914908384686, 14.994054043904795], [76.58998451671168, 14.994643424576891], [76.58954596733942, 14.994698678931636], [76.58872607068692, 14.995048622846971], [76.58786803930637, 14.995619582742924], [76.58653332382558, 14.99606161516405], [76.58575156190109, 14.996135287145425], [76.58495073261258, 14.996356302937292], [76.58441684642027, 14.996006361161367], [76.58384482549992, 14.99543540229785], [76.5836732192238, 14.995343312015843], [76.58350161294771, 14.995343312015843], [76.58306306357542, 14.995656418812912], [76.58350161294771, 14.996135287145425], [76.58357788240377, 14.996466810747586], [76.58325373721556, 14.996743080023512], [76.58281518784328, 14.996724662082885], [76.58247197529107, 14.996245795069909], [76.58210969537485, 14.995877435099601], [76.58209062801085, 14.995859017084436], [76.58159487654655, 14.995711672905996], [76.58102285562619, 14.996135287145425], [76.58027922842973, 14.996006361161367], [76.57985974642148, 14.99582218104934], [76.57919238868107, 14.995803763029416], [76.579097051861, 14.996043197164738], [76.57886824349285, 14.996429974817168], [76.5792305234091, 14.99722194592308], [76.57907798449696, 14.99762713930836], [76.57884917612884, 14.997682392892333], [76.57848689621262, 14.997977078432392], [76.57789580792827, 14.998308599179602], [76.57627508198728, 14.998750626043105], [76.57526451169464, 14.998805879336803], [76.5745590192262, 14.998824297098198], [76.57404420039789, 14.998934803633245], [76.57282388910117, 14.998363852587499]]]}, "properties": {"node": "mining", "role": "positive", "name": "Mining", "ts": "2026-07-27T18:11:35.430829+00:00"}}, {"type": "Feature", "geometry": {"type": "Polygon", "coordinates": [[[86.03530925155133, 25.40854419570641], [86.03413008064182, 25.404979101196787], [86.03356485822235, 25.402082934518543], [86.03440294663737, 25.40177482758899], [86.03531899676543, 25.401713206108656], [86.03593294525548, 25.401942085734092], [86.03648842246076, 25.402082934518543], [86.0366638363151, 25.402091737562117], [86.03688797624004, 25.402294207386927], [86.03704389966607, 25.402452661795433], [86.03702440923783, 25.402813584949065], [86.03759937687138, 25.405340016792284], [86.03794045936587, 25.40681007647616], [86.0380963827919, 25.407162183920697], [86.0381256184343, 25.407725553694124], [86.03791122372346, 25.407901606208732], [86.03530925155133, 25.40854419570641]]]}, "properties": {"node": "mining", "role": "positive", "name": "Mining", "ts": "2026-07-27T18:11:35.430905+00:00"}}, {"type": "Feature", "geometry": {"type": "Polygon", "coordinates": [[[74.13436782483993, 15.293125590877523], [74.13491124471426, 15.293111796748862], [74.13494461260129, 15.292927874946598], [74.13487787682723, 15.292849708131746], [74.1351400530824, 15.292854306180486], [74.13533072672253, 15.29295086518071], [74.1353354935635, 15.292849708131746], [74.1352925919945, 15.292730158829107], [74.13520678885644, 15.292619805566137], [74.13505424994435, 15.292468069734648], [74.13499228101132, 15.292537040580767], [74.13499704785232, 15.292647393887323], [74.13501134837531, 15.292720962726086], [74.13473487159716, 15.292720962726086], [74.13467290266411, 15.292463471677438], [74.13458233268506, 15.292403696924465], [74.13452989743404, 15.292403696924465], [74.13440595956794, 15.292445079447573], [74.13446792850098, 15.292596815295697], [74.13447746218299, 15.292610609458265], [74.13446792850098, 15.292785335438806], [74.13437735852193, 15.292937071040546], [74.13434399063492, 15.293024433912914], [74.13434399063492, 15.293088806532403], [74.13436782483993, 15.293125590877523]]]}, "properties": {"node": "mining", "role": "positive", "name": "Mining", "ts": "2026-07-27T18:11:35.430985+00:00"}}, {"type": "Feature", "geometry": {"type": "Polygon", "coordinates": [[[81.40989619057461, 21.42155357472947], [81.40980323717505, 21.418757897500793], [81.41332116583519, 21.41893096478783], [81.41360717629539, 21.42134722895369], [81.40989619057461, 21.42155357472947]]]}, "properties": {"node": "mining", "role": "positive", "name": "Mining", "ts": "2026-07-27T18:11:35.431050+00:00"}}, {"type": "Feature", "geometry": {"type": "Polygon", "coordinates": [[[83.93182610665232, 21.46212712381757], [83.93180985496123, 21.46203133343207], [83.93198862356337, 21.46184983568688], [83.93212947155294, 21.46171371222966], [83.93232449184623, 21.461496922757515], [83.93238408138028, 21.46139104871207], [83.93295830779938, 21.461300299469038], [83.93351086529698, 21.461194425280745], [83.93370588559026, 21.461890168538677], [83.93332667946446, 21.462036375032874], [83.93282829427051, 21.462066624634048], [83.93273078412389, 21.462096874228948], [83.93257368444318, 21.462162414996353], [83.93223781616034, 21.46222795573428], [83.93182610665232, 21.46212712381757]]]}, "properties": {"node": "mining", "role": "positive", "name": "Mining", "ts": "2026-07-27T18:11:35.431115+00:00"}}, {"type": "Feature", "geometry": {"type": "Polygon", "coordinates": [[[79.96093764876602, 29.904837314831646], [79.96045255366279, 29.90455197042067], [79.96014936922322, 29.904424316077463], [79.95976822307068, 29.904146479588587], [79.95962962446974, 29.903921206190944], [79.95960363723208, 29.90377102364284], [79.95949968828135, 29.90365838658321], [79.95938707691812, 29.90345563955493], [79.9592831279674, 29.90331296547287], [79.95917917901672, 29.903215346246384], [79.9590319180032, 29.903065162634245], [79.95890198181486, 29.902967543164937], [79.95870274632601, 29.90275728552157], [79.95865077185067, 29.902486953613796], [79.95859013496275, 29.902359296624603], [79.95843421153671, 29.902209111722005], [79.95799242849624, 29.902111491413926], [79.95785382989531, 29.901893722689675], [79.95771523129439, 29.90168346278015], [79.95763726958133, 29.901518258254235], [79.9576286071688, 29.9013830907111], [79.95760261993111, 29.901210376361348], [79.95759395751854, 29.900894984167536], [79.95764593199391, 29.900707250244846], [79.95788847954553, 29.900474459689462], [79.95832160017346, 29.90057208160147], [79.95872873356369, 29.90083490935076], [79.9588500073395, 29.901022643032917], [79.9590579052409, 29.901345544138795], [79.95922249107952, 29.90146569312035], [79.95936975209298, 29.901518258254235], [79.95978554789579, 29.9015633140612], [79.96025331817394, 29.901600860551433], [79.96035726712462, 29.901428146579185], [79.96045255366279, 29.901307997552344], [79.96070376362698, 29.901232904336993], [79.96093764876602, 29.901210376361348], [79.96122350838044, 29.9012929789138], [79.96135344456881, 29.9013830907111], [79.9613621069814, 29.90155580476145], [79.9613621069814, 29.901893722689675], [79.96147471834463, 29.902043908067675], [79.96153535523257, 29.902134019185826], [79.9616739538335, 29.902171565460982], [79.96187318932235, 29.902149037697576], [79.96226299788744, 29.902073945116125], [79.96255751991443, 29.902141528441987], [79.96267879369023, 29.902276694956193], [79.96208974963629, 29.902486953613796], [79.96207242481118, 29.902494462843368], [79.96222834823722, 29.902794831561856], [79.96205509998603, 29.90295252477656], [79.96190783897258, 29.903373038795486], [79.96179522760931, 29.903500694485764], [79.96163930418324, 29.90384611494519], [79.96160465453302, 29.903958751792583], [79.96157866729536, 29.904341716121166], [79.9615700048828, 29.90451442504258], [79.96138809421905, 29.904732188038476], [79.96118019631768, 29.904837314831646], [79.96094631117859, 29.90489738723508], [79.96093764876602, 29.904837314831646]]]}, "properties": {"node": "mining", "role": "positive", "name": "Mining", "ts": "2026-07-27T18:11:35.431195+00:00"}}, {"type": "Feature", "geometry": {"type": "Polygon", "coordinates": [[[73.88977487596256, 26.331327477278688], [73.88856727624146, 26.33031352483186], [73.88779187010476, 26.331703434917877], [73.88607580734322, 26.3305641655888], [73.88612665364727, 26.330302132057295], [73.88646986619958, 26.329333742121126], [73.88483007289412, 26.329083098700494], [73.88484278447011, 26.32907170580484], [73.88514786229439, 26.328672953750885], [73.88680036717588, 26.328513452544783], [73.88678765559987, 26.328091912585226], [73.88751221543251, 26.327841266476312], [73.8877410238007, 26.328194449473393], [73.88795712059292, 26.32816027052076], [73.88810965950505, 26.328331165183034], [73.88823677526517, 26.328240021394546], [73.8884910067854, 26.327807087419423], [73.88954606759437, 26.327328579563602], [73.89032147373105, 26.328604596118033], [73.89072824416341, 26.329367920727346], [73.89114772617181, 26.329094491595015], [73.89161805448421, 26.328957776786698], [73.89187228600446, 26.329470456485502], [73.8915926313322, 26.329789456041237], [73.89187228600446, 26.330233775386326], [73.88996554960272, 26.331338869952354], [73.88977487596256, 26.331327477278688]]]}, "properties": {"node": "mining", "role": "positive", "name": "Mining", "ts": "2026-07-27T18:11:35.431264+00:00"}}, {"type": "Feature", "geometry": {"type": "Polygon", "coordinates": [[[80.13310299999996, 16.843508959043085], [80.14445399999995, 16.839778959046257], [80.1440215207837, 16.838434041300825], [80.14671001910935, 16.837868294845205], [80.14468887852411, 16.83668204678821], [80.14222048200823, 16.836964709910518], [80.1368712592793, 16.83805079388658], [80.1335614820082, 16.84013570990779], [80.13310299999996, 16.843508959043085]]]}, "properties": {"node": "mining", "role": "positive", "name": "Mining", "ts": "2026-07-27T18:11:35.431326+00:00"}}, {"type": "Feature", "geometry": {"type": "Polygon", "coordinates": [[[86.40057499999993, 23.777245958262075], [86.40053099999992, 23.778211958262645], [86.40131099999995, 23.778020958262513], [86.40159099999994, 23.778918958263052], [86.40181899999997, 23.779621958263427], [86.40189199999989, 23.78016995826375], [86.40142899999991, 23.780639958264], [86.400932, 23.781205958264323], [86.40042500000001, 23.781824958264714], [86.40062499999995, 23.782118958264878], [86.40159499999996, 23.782123958264826], [86.40220899999998, 23.781802958264667], [86.40252499999997, 23.781900958264757], [86.40333499999994, 23.781994958264804], [86.404622, 23.781797958264676], [86.40544299999999, 23.781288958264412], [86.40645699999996, 23.78069995826405], [86.40754899999996, 23.780075958263676], [86.41000599999992, 23.77873895826293], [86.40916799999992, 23.777004958261966], [86.4099869999999, 23.775506958261186], [86.41004499999994, 23.773256958259843], [86.40979199999997, 23.771722958259023], [86.4085219999999, 23.76920295825761], [86.40711799999991, 23.767972958256923], [86.40830699999994, 23.766024958255798], [86.40871699999998, 23.763706958254502], [86.40774199999996, 23.762761958253986], [86.40358799999993, 23.762886958254057], [86.40191099999996, 23.76393895825465], [86.40257399999996, 23.766601958256132], [86.40302299999992, 23.768348958257075], [86.40206699999992, 23.76979395825798], [86.40064800000006, 23.771453958258835], [86.40078399999999, 23.773236958259872], [86.40082299999997, 23.775037958260885], [86.40060899999996, 23.776499958261677], [86.4005899999999, 23.77691295826196], [86.40059199999997, 23.77717795826209], [86.40057499999993, 23.777245958262075]]]}, "properties": {"node": "mining", "role": "positive", "name": "Mining", "ts": "2026-07-27T18:11:35.431399+00:00"}}, {"type": "Feature", "geometry": {"type": "Polygon", "coordinates": [[[77.16647564020735, 26.99500846145555], [77.16540786782271, 26.994057023042377], [77.16484855847835, 26.99385314233532], [77.1637807860937, 26.99335476571784], [77.16355197772555, 26.99301496221258], [77.1632977462054, 26.99247127446901], [77.1632977462054, 26.992290044637183], [77.16301809153323, 26.9921541220717], [77.16233166642881, 26.9920635069368], [77.16195031914859, 26.992244737133603], [77.16189947284455, 26.99226739088768], [77.16151812556431, 26.992244737133603], [77.16134016350018, 26.992199429611777], [77.16123847089213, 26.99179166109412], [77.16151812556431, 26.99145185286693], [77.16179778023647, 26.991134697595427], [77.16220455066873, 26.99104408163934], [77.162636744253, 26.990908157568338], [77.16286555262114, 26.9907042711539], [77.16388247870175, 26.99040976790288], [77.16548413727872, 26.990658963011608], [77.16764510520008, 26.99088550354054], [77.16863660812868, 26.991021427638913], [77.16939930268913, 26.991293275342944], [77.1701619972496, 26.991701045667234], [77.1701365740976, 26.991836968780188], [77.17041622876978, 26.992086160727368], [77.17072130659395, 26.992199429611777], [77.17117892333022, 26.99247127446901], [77.17150942430645, 26.992765772322983], [77.17178907897862, 26.99301496221258], [77.17189077158667, 26.993626607782932], [77.17189077158667, 26.99367191472991], [77.17158569376248, 26.994102329815977], [77.17158569376248, 26.994351516744572], [77.17148400115443, 26.99437417007435], [77.17092469181009, 26.994306210071358], [77.1703145361617, 26.99432886341025], [77.17003488148953, 26.99432886341025], [77.16945014899318, 26.994260903379868], [77.16889083964882, 26.994260903379868], [77.16858576182464, 26.99437417007435], [77.16863660812868, 26.99464600967573], [77.1688399933448, 26.995234993224823], [77.16856033867262, 26.99541621831173], [77.16856033867262, 26.995438871427044], [77.16797560617627, 26.996186421673343], [77.16782306726418, 26.99636764522719], [77.16781035568813, 26.996596439546867], [77.16781035568813, 26.996913579418273], [77.167543412592, 26.99719673926203], [77.16711121900772, 26.997411940266474], [77.16689512221559, 26.997479898392857], [77.16623412026316, 26.997536530133463], [77.16586548455894, 26.99751387744064], [77.16545871412669, 26.99754785647816], [77.16500109739042, 26.99740061390808], [77.16484855847833, 26.997276023890528], [77.16459432695817, 26.997310002999914], [77.16425111440597, 26.997355308463128], [77.16390790185373, 26.997355308463128], [77.16361553560556, 26.99712878096454], [77.16355197772555, 26.996822968117698], [77.16352655457352, 26.99667572459855], [77.16317063044528, 26.99646052218535], [77.16295453365316, 26.9962566458351], [77.16341215038943, 26.996132054550237], [77.16407315234187, 26.996030116123592], [77.16434009543802, 26.996041442620005], [77.16453076907814, 26.995950830616767], [77.16456890380617, 26.995950830616767], [77.16465788483822, 26.99583756551006], [77.16486127005435, 26.99567899416905], [77.16505194369448, 26.995475116402083], [77.16534430994264, 26.995282564838387], [77.16572565722288, 26.995225931962803], [77.16603073504707, 26.995225931962803], [77.16623412026316, 26.995271238265552], [77.16627225499118, 26.995305217980633], [77.16632310129525, 26.995214605384266], [77.16647564020735, 26.99500846145555]]]}, "properties": {"node": "mining", "role": "positive", "name": "Mining", "ts": "2026-07-27T18:11:35.431487+00:00"}}, {"type": "Feature", "geometry": {"type": "Polygon", "coordinates": [[[85.25050399910289, 21.866047392364468], [85.25018404393425, 21.865610470593342], [85.25006520344301, 21.86548745354276], [85.24987323034185, 21.865194757375626], [85.24981838088436, 21.86476207498597], [85.24990979664682, 21.86439302132336], [85.25022061023924, 21.86431242327014], [85.25059541486537, 21.86474934901348], [85.25084223742405, 21.86477480095732], [85.25126274993141, 21.864800252896625], [85.2515369972188, 21.864910544581168], [85.25184781081123, 21.864974174360423], [85.25173811189627, 21.865254145052262], [85.25161927140503, 21.865334742573904], [85.25155070958317, 21.865381404276164], [85.2512444667789, 21.865610470593342], [85.25121247126205, 21.865665616133327], [85.25103421052522, 21.86603890845931], [85.25050399910289, 21.866047392364468]]]}, "properties": {"node": "mining", "role": "positive", "name": "Mining", "ts": "2026-07-27T18:11:35.431550+00:00"}}, {"type": "Feature", "geometry": {"type": "Polygon", "coordinates": [[[83.4720072975514, 18.17323320153182], [83.47277952579387, 18.173335105369564], [83.47326574357619, 18.172254921662415], [83.47363040691289, 18.171894858941208], [83.47385921528104, 18.17158914472698], [83.4741094744337, 18.171371747626672], [83.47431683201732, 18.171113588218404], [83.47443838646288, 18.1708214600065], [83.47481735032261, 18.17047498172606], [83.47558957856508, 18.17016247131463], [83.47618305026994, 18.16976164192452], [83.47699818008144, 18.169286080437498], [83.47750584864825, 18.16889883655543], [83.47753444969428, 18.16887845527469], [83.47762740309382, 18.168728992476535], [83.47764170361683, 18.168674642336384], [83.47759165178628, 18.168436860274323], [83.47761310257083, 18.168212665462036], [83.47751299890975, 18.168097171052448], [83.47742719577171, 18.168069995886142], [83.47727704028013, 18.168199077888403], [83.47710543400403, 18.168199077888403], [83.47675507119028, 18.16840289138187], [83.47616874974692, 18.168851280229998], [83.47573973405666, 18.169034711699588], [83.4751605628748, 18.169068680469103], [83.47437403410935, 18.16943554275872], [83.47405942260315, 18.169544242548337], [83.47361610638988, 18.1696733234606], [83.47337299749873, 18.16976164192452], [83.47305123573103, 18.16981599172627], [83.47274377448635, 18.16986354778891], [83.47241486245714, 18.1699314849988], [83.4723433598421, 18.16997904102998], [83.47220750487348, 18.170488569122558], [83.47192149441334, 18.17083504737603], [83.47176418866023, 18.171093207196233], [83.47172128709121, 18.171235874301495], [83.47173558761422, 18.17136495396293], [83.47165693473768, 18.17163670030659], [83.4715782818611, 18.171949208078797], [83.47167838552218, 18.17220736625124], [83.47168553578368, 18.17238400057029], [83.47162118343014, 18.172716887839552], [83.4717141368297, 18.17304298087552], [83.4720072975514, 18.17323320153182]]]}, "properties": {"node": "mining", "role": "positive", "name": "Mining", "ts": "2026-07-27T18:11:35.431623+00:00"}}, {"type": "Feature", "geometry": {"type": "Polygon", "coordinates": [[[74.15418930309872, 15.414300833099535], [74.1539986294586, 15.414015919753101], [74.15385562422851, 15.413795341410172], [74.15379842213649, 15.413685052150905], [74.15369355163442, 15.413372565598477], [74.15360774849636, 15.413170368167115], [74.15357914745033, 15.413060078576187], [74.15371261899843, 15.412692446183701], [74.1538365568645, 15.41249943891733], [74.15403676418663, 15.412095042158954], [74.15392236000257, 15.412453484779869], [74.15412256732468, 15.41203070623848], [74.15418930309872, 15.411736598919864], [74.15425603887276, 15.411341391555117], [74.15439904410285, 15.410835892667745], [74.15451344828693, 15.41042230175458], [74.154656453517, 15.409990328144445], [74.15473272297305, 15.40965945413381], [74.15481852611111, 15.409466444051061], [74.15502826711524, 15.409062041391826], [74.15536194598545, 15.408786311854927], [74.15565749012761, 15.408556536961473], [74.15639158364209, 15.408289997766905], [74.15693500351642, 15.408179705586434], [74.15725914870461, 15.408069413347462], [74.15738308657068, 15.408032649254794], [74.1577358328049, 15.407995885155636], [74.15784070330697, 15.407977503103615], [74.15810764640314, 15.407848828693965], [74.1583841231813, 15.407646625889324], [74.15864153259545, 15.407517951274885], [74.15907054828573, 15.407297366036284], [74.15940422715592, 15.407223837571408], [74.15963303552405, 15.407196264390375], [74.15983324284619, 15.407187073329217], [74.1599857817583, 15.407343321313624], [74.16001438280429, 15.40739846763303], [74.15993811334823, 15.407747727316226], [74.1597093049801, 15.40786721075736], [74.15948049661195, 15.408308379791293], [74.15946142924797, 15.408813884825074], [74.15946142924797, 15.408933367653448], [74.15974743970813, 15.40961349936846], [74.15981417548215, 15.40986165498067], [74.15982370916417, 15.410091428431539], [74.1596997712981, 15.410936992543569], [74.15964256920607, 15.411240291875998], [74.15949956397597, 15.411571163370255], [74.1593470250639, 15.411865270922965], [74.15906101460371, 15.4122972406365], [74.15867966732348, 15.412637301268738], [74.15808857903912, 15.41288545327084], [74.15803137694708, 15.412903834888844], [74.15701127297244, 15.413032506169301], [74.15655365623617, 15.413041696972009], [74.15630578050403, 15.413115223378968], [74.15605790477188, 15.413243894528556], [74.15560982171759, 15.413620716722644], [74.15545728280549, 15.413859676784378], [74.15511407025328, 15.414282451605098], [74.15479945874709, 15.414429503515041], [74.154675520881, 15.414429503515041], [74.15452298196891, 15.414466266476268], [74.15449438092291, 15.414466266476268], [74.1543704430568, 15.414466266476268], [74.15418930309872, 15.414300833099535]]]}, "properties": {"node": "mining", "role": "positive", "name": "Mining", "ts": "2026-07-27T18:11:35.431714+00:00"}}, {"type": "Feature", "geometry": {"type": "Polygon", "coordinates": [[[79.12437706676975, 29.33718609606285], [79.1241864936935, 29.337050169496393], [79.12394394614186, 29.336914242748684], [79.12357146240186, 29.336914242748684], [79.12350216310139, 29.336665043240536], [79.12388330925394, 29.33664238870958], [79.12402190785488, 29.33656687357007], [79.12398725820466, 29.336408291595017], [79.12395260855442, 29.33633277628211], [79.1237273858279, 29.336159090850117], [79.12381400995349, 29.33603826602727], [79.12376203547812, 29.33590233793039], [79.12376203547812, 29.335796615951956], [79.12359744963952, 29.335962750440263], [79.12331159002511, 29.33585702852449], [79.12334623967533, 29.335728651765088], [79.12336356450047, 29.335615378019607], [79.12336356450047, 29.335471897761327], [79.12320764107442, 29.33530576247317], [79.12303439282324, 29.334973491084675], [79.12290445663487, 29.334784700040586], [79.1229391062851, 29.334580805320325], [79.12305171764834, 29.334414668580106], [79.12343286380091, 29.334271186632055], [79.1238746468414, 29.334180566350298], [79.12424713058138, 29.33425608325735], [79.12438572918232, 29.33434670347199], [79.12445502848279, 29.334656321930925], [79.12448967813302, 29.33488287142713], [79.1245329901958, 29.335162281779155], [79.12463693914651, 29.335366175336546], [79.12473222568467, 29.334814906631124], [79.12481018739769, 29.334694080215254], [79.12479286257255, 29.334543046994042], [79.12525197043814, 29.334361806833265], [79.12554649246513, 29.334467530299534], [79.1261355365191, 29.33479225168906], [79.1263174471828, 29.335200039876106], [79.12604024998095, 29.335426588164133], [79.12596228826793, 29.335517207338384], [79.1259709506805, 29.335773961228043], [79.12639540889586, 29.335653135948757], [79.12682852952376, 29.336113781558332], [79.12672458057307, 29.336370533945544], [79.1265513323219, 29.33649890989668], [79.12680254228609, 29.33664238870958], [79.12703642742517, 29.337148338701454], [79.12707973948795, 29.337427742844618], [79.12696712812469, 29.337744903376436], [79.1269238160619, 29.337812866219164], [79.12685451676145, 29.337948791768685], [79.12677655504844, 29.338062062921512], [79.12664661886005, 29.338122474151557], [79.12629145994514, 29.33824329650423], [79.12625681029492, 29.338250847896525], [79.12612687410653, 29.33828105346009], [79.1257630527791, 29.338409427005363], [79.12526063285071, 29.33845473527685], [79.12500942288652, 29.33842452976477], [79.12474088809721, 29.338084717136972], [79.12456763984608, 29.33782041764333], [79.1243510795321, 29.337412639937547], [79.12437706676975, 29.33718609606285]]]}, "properties": {"node": "mining", "role": "positive", "name": "Mining", "ts": "2026-07-27T18:11:35.431795+00:00"}}, {"type": "Feature", "geometry": {"type": "Polygon", "coordinates": [[[79.96031222257939, 29.915442536261082], [79.95993107642683, 29.915247321486987], [79.95983578988867, 29.915134697404763], [79.95968852887519, 29.915224796680736], [79.95936801961052, 29.91518725532565], [79.95924674583472, 29.915022073195182], [79.95914279688402, 29.91474426626691], [79.95916878412167, 29.914428916922656], [79.9592727330724, 29.914166125039607], [79.9596452168124, 29.914241208505533], [79.95981846506358, 29.914091041517075], [79.95997438848961, 29.91401595793793], [79.96020827362868, 29.913963399398835], [79.96041617153008, 29.91376067334539], [79.96052012048075, 29.913738148202874], [79.96063273184403, 29.913580472062534], [79.96054610771846, 29.91344532088639], [79.96071935596962, 29.913340203178155], [79.9607886552701, 29.91311495057257], [79.96090126663333, 29.91297229032552], [79.9609705659338, 29.912814612972607], [79.96102254040918, 29.912701986139098], [79.96098789075891, 29.912544308358196], [79.9609705659338, 29.912454206657035], [79.96069336873192, 29.912544308358196], [79.96041617153008, 29.912559325300474], [79.96031222257939, 29.912514274466876], [79.96048547083053, 29.912281511501952], [79.96081464250774, 29.912289019993185], [79.96118712624778, 29.912349087902655], [79.96117846383521, 29.912679460757108], [79.96117846383521, 29.912769562254496], [79.96116980142264, 29.913017340951935], [79.96129107519847, 29.91327262744997], [79.96149031068731, 29.91352791329361], [79.9619061064901, 29.91319754325378], [79.9619061064901, 29.91319754325378], [79.96229591505522, 29.913084916853336], [79.96245183848127, 29.913220068518577], [79.96267706120777, 29.913287644282427], [79.96314483148593, 29.91303235782288], [79.9632920924994, 29.91297979876468], [79.96344801592548, 29.913250102197065], [79.963751200365, 29.91319754325378], [79.96380317484035, 29.91297229032552], [79.96380317484035, 29.912799596068822], [79.96396776067895, 29.91288969745751], [79.96402839756688, 29.91315249270889], [79.96405438480454, 29.913265119032914], [79.963751200365, 29.913490371298824], [79.9637078883022, 29.91361801402335], [79.96359527693895, 29.913678081131227], [79.96343935351291, 29.913730639820894], [79.96307553218547, 29.913580472062534], [79.96268572362034, 29.91354293008756], [79.96220929092965, 29.91353542169087], [79.96201005544079, 29.913557946879248], [79.96196674337801, 29.913753164965105], [79.96192343131521, 29.913873298981592], [79.96185413201474, 29.913970907763265], [79.96143833621194, 29.913910840832024], [79.9610745148845, 29.913873298981592], [79.96048547083053, 29.913955891033854], [79.96042483394264, 29.913963399398835], [79.9604941332431, 29.9143012752375], [79.96057209495612, 29.914421408592766], [79.9604508211803, 29.914841874194884], [79.96058941978124, 29.914916957151306], [79.96077133044494, 29.914984531763675], [79.9609099290459, 29.91505961461253], [79.96075400561985, 29.915239813218808], [79.96072801838218, 29.915277354554075], [79.96072801838218, 29.915442536261082], [79.96052878289332, 29.915502602268425], [79.96033820981705, 29.91545755276631], [79.96019961121611, 29.915397486731784], [79.96031222257939, 29.915442536261082]]]}, "properties": {"node": "mining", "role": "positive", "name": "Mining", "ts": "2026-07-27T18:11:35.431878+00:00"}}, {"type": "Feature", "geometry": {"type": "Polygon", "coordinates": [[[85.22925897590457, 21.91925615432243], [85.22940524112454, 21.918340231517238], [85.229533223192, 21.91793315282383], [85.22933210851454, 21.9171698771371], [85.22935039166707, 21.91654229184098], [85.22947837373451, 21.91588078002132], [85.23026454929179, 21.915354960741958], [85.23092274278156, 21.915049645430795], [85.23132497213645, 21.915253189044297], [85.23172720149132, 21.915999513138292], [85.23225741291364, 21.916508368232673], [85.23256822650603, 21.91693241275572], [85.23200144877873, 21.917763536358116], [85.23161750257636, 21.918492885727236], [85.23127012267895, 21.918916924340788], [85.2307764775616, 21.91925615432243], [85.22925897590457, 21.91925615432243]]]}, "properties": {"node": "mining", "role": "positive", "name": "Mining", "ts": "2026-07-27T18:11:35.432003+00:00"}}, {"type": "Feature", "geometry": {"type": "Polygon", "coordinates": [[[95.74946392037846, 27.28408952391801], [95.74918130916875, 27.283994252810597], [95.74844067289501, 27.283751744168477], [95.74816780689945, 27.283699777962006], [95.74804111911578, 27.283457268677026], [95.74785596004735, 27.283076181588143], [95.74794366697449, 27.282928943044585], [95.74785596004735, 27.282755720978784], [95.74764156533652, 27.282452581713713], [95.74766105576478, 27.282166763934722], [95.74743691583983, 27.281950234824713], [95.74728099241379, 27.28183763952073], [95.74709583334534, 27.281664415753298], [95.74697889077581, 27.281586464969845], [95.7464526492129, 27.281465208086846], [95.74627723535859, 27.281205371463365], [95.74627723535859, 27.280945534232178], [95.74654035614006, 27.280780970338107], [95.74678398649326, 27.280780970338107], [95.74724201155728, 27.280858921686736], [95.74743691583983, 27.281058130440307], [95.74808009997228, 27.281352612291297], [95.74825551382656, 27.281404579595733], [95.74850888939392, 27.281508514131687], [95.74881099103189, 27.2816470933617], [95.74930799695241, 27.28190692895207], [95.74942493952196, 27.28194157365154], [95.74981474808709, 27.28205416885019], [95.74985372894359, 27.282097474665434], [95.74985372894359, 27.282097474665434], [95.75002914279787, 27.28208881350373], [95.75016557579568, 27.28211479698681], [95.751179078065, 27.28250454850361], [95.75127653020627, 27.282409276036894], [95.75165659355727, 27.28213211930548], [95.75172481005615, 27.28205416885019], [95.75189047869632, 27.28186362306255], [95.75210487340715, 27.281785672418852], [95.752397229831, 27.2816817381422], [95.75271882189722, 27.281508514131687], [95.75269933146897, 27.281413240810775], [95.7525044271864, 27.281170726534324], [95.7525044271864, 27.281092775404467], [95.75250442718644, 27.281291983738715], [95.75244595590165, 27.2811187591205], [95.7524264654734, 27.281058130440307], [95.75229003247561, 27.280850260428473], [95.75232901333212, 27.280659712575968], [95.75218283512021, 27.280590422366757], [95.75190022391051, 27.280564438527154], [95.75152990577364, 27.28057309980769], [95.75132525627696, 27.28104080795418], [95.75101340942484, 27.281170726534324], [95.750721053001, 27.281170726534324], [95.75032149922176, 27.281170726534324], [95.75030590687915, 27.281134349347198], [95.75009151216832, 27.281047736948956], [95.74987711745752, 27.280891834461958], [95.74972119403145, 27.280683964138987], [95.74950679932063, 27.280458770850196], [95.74853227790784, 27.280683964138987], [95.74806450762969, 27.2808745119499], [95.74761622777982, 27.280926479477976], [95.74732387135596, 27.280683964138987], [95.74724590964294, 27.280476093427072], [95.74718743835817, 27.280285544932834], [95.74714845750165, 27.280146964004484], [95.74710947664514, 27.279869801629218], [95.74738234264073, 27.2795579931306], [95.74707049578863, 27.279228860988262], [95.74720692878644, 27.278813113730656], [95.74759673735153, 27.27848397938177], [95.7479670554884, 27.278397364917392], [95.74841533533831, 27.27825878163395], [95.74925342375332, 27.278050906384696], [95.7494873088924, 27.277912322669135], [95.74976017488798, 27.277791061776227], [95.75024743559436, 27.277773738780724], [95.75122195700719, 27.27836271911273], [95.75131940914846, 27.27810287523347], [95.75147533257449, 27.27784303074652], [95.7515532942875, 27.277704446771697], [95.75231342098951, 27.27780838476903], [95.75246934441554, 27.27812019817765], [95.75254730612856, 27.278535948027997], [95.75264475826987, 27.27902098755391], [95.75305405726324, 27.279228860988262], [95.75324896154582, 27.279575315847925], [95.75354131796963, 27.27959263856254], [95.75371673182394, 27.279575315847925], [95.75408704996082, 27.279540670410572], [95.7546717628085, 27.279627283983697], [95.75504208094536, 27.279661929394038], [95.75597762150163, 27.279783188245162], [95.75667927691886, 27.279679252095153], [95.75714704719701, 27.27959263856254], [95.7572055184818, 27.279575315847925], [95.75847239631844, 27.279471379503455], [95.75855035803146, 27.279575315847925], [95.75855035803146, 27.27981783360689], [95.75855035803146, 27.280146964004484], [95.75845290589015, 27.28042412568833], [95.7582190207511, 27.280683964138987], [95.75814105903808, 27.281099704396006], [95.75800462604028, 27.28142883099615], [95.75761481747517, 27.281757956621256], [95.7565818247776, 27.28234691583261], [95.75642590135156, 27.282450849486963], [95.75586067893211, 27.28310909370648], [95.7546717628085, 27.283767334025672], [95.75420399253036, 27.284269672697793], [95.75412603081732, 27.284321638637667], [95.75395061696304, 27.28435628258408], [95.75332692325884, 27.284633433766405], [95.75276170083941, 27.285066481104426], [95.75223545927649, 27.285031837379517], [95.75172870814184, 27.2849971936438], [95.75128042829193, 27.28478933100258], [95.75083214844204, 27.284321638637667], [95.75042284944868, 27.284113774732308], [95.75026692602263, 27.284079130710268], [95.74979915574447, 27.284165740745106], [95.74946392037846, 27.28408952391801]]]}, "properties": {"node": "mining", "role": "positive", "name": "Mining", "ts": "2026-07-27T18:11:35.432108+00:00"}}, {"type": "Feature", "geometry": {"type": "Polygon", "coordinates": [[[80.83163118519504, 24.16326298466241], [80.83052527808238, 24.162097398146823], [80.83075408645051, 24.161749459811823], [80.83075408645051, 24.16091440394044], [80.83083035590653, 24.160618653676746], [80.83165025255906, 24.160618653676746], [80.83199346511125, 24.160496873957353], [80.83245108184755, 24.160496873957353], [80.83267989021569, 24.1604794768451], [80.8328705638558, 24.1604794768451], [80.8330231027679, 24.160514271067225], [80.83401460569651, 24.162862859147225], [80.83163118519504, 24.16326298466241]]]}, "properties": {"node": "mining", "role": "positive", "name": "Mining", "ts": "2026-07-27T18:11:35.432174+00:00"}}, {"type": "Feature", "geometry": {"type": "Polygon", "coordinates": [[[79.34822506302262, 19.23273501457598], [79.34685221281379, 19.232356947309157], [79.34648993289755, 19.231636816774206], [79.34654713498958, 19.230574618471685], [79.34713822327396, 19.229440399141293], [79.3496551153235, 19.22791009080756], [79.35070382034412, 19.226739845403838], [79.35236268101316, 19.225821647020044], [79.35282029774943, 19.225335539915807], [79.35377366595002, 19.224651386739954], [79.35484143833466, 19.224561366373162], [79.3555469308031, 19.224219288529515], [79.3558329412633, 19.22434531729161], [79.35657656845972, 19.22519150790501], [79.35726299356415, 19.226127713718174], [79.35707231992406, 19.22699189896441], [79.3556994697152, 19.22778406478], [79.3548986404267, 19.22836018297384], [79.35396433959014, 19.2291703457654], [79.35329698184972, 19.229872483619246], [79.35297283666151, 19.23016053930642], [79.35297283666151, 19.23016053930642], [79.34822506302262, 19.23273501457598]]]}, "properties": {"node": "mining", "role": "positive", "name": "Mining", "ts": "2026-07-27T18:11:35.432238+00:00"}}, {"type": "Feature", "geometry": {"type": "Polygon", "coordinates": [[[71.33365875304743, 25.967015998031872], [71.33412652332558, 25.954398908058607], [71.3222763429459, 25.953697918953885], [71.32243226637193, 25.908825937021273], [71.31900195099887, 25.906161125802782], [71.31822233386863, 25.898166330966752], [71.319469721277, 25.885962705071492], [71.3389601495331, 25.886243262363728], [71.338648302681, 25.898867650434916], [71.3489392488002, 25.897605272391235], [71.34925109565228, 25.888627972430438], [71.35081032991278, 25.886243262363728], [71.35112217676489, 25.881193129108453], [71.35564395612028, 25.87838740619977], [71.35767096065892, 25.876703940461095], [71.36297235714457, 25.877826253619585], [71.36858560048233, 25.87754567632972], [71.37263960955958, 25.87950970336182], [71.37357515011587, 25.883577941171577], [71.37435476724612, 25.887505761928658], [71.37700546548892, 25.89353751794627], [71.37513438437635, 25.89690394542067], [71.37201591585539, 25.898867650434916], [71.36936521761257, 25.89998975291425], [71.3688974473344, 25.901111844722873], [71.3695211410386, 25.904197542173037], [71.37217183928142, 25.91050894466658], [71.37108037529909, 25.92228932567254], [71.36733821307392, 25.931684738049988], [71.36967706446465, 25.937013146495264], [71.36858560048232, 25.940518546936133], [71.36687044279577, 25.941920677902853], [71.36297235714459, 25.94766924034282], [71.36156904631014, 25.949632099830033], [71.3598538886236, 25.953137124664536], [71.35938611834545, 25.9566420451409], [71.3592301949194, 25.96126838035958], [71.35798280751102, 25.964492688261867], [71.35642357325052, 25.9654739818253], [71.3537728750077, 25.965894533704216], [71.3495629425044, 25.96603471732979], [71.34660039740947, 25.965894533704216], [71.34660039740947, 25.965894533704216], [71.34457339287083, 25.967857089262093], [71.33397059989954, 25.967296362443427], [71.33365875304743, 25.967015998031872]]]}, "properties": {"node": "mining", "role": "positive", "name": "Mining", "ts": "2026-07-27T18:11:35.432307+00:00"}}, {"type": "Feature", "geometry": {"type": "Polygon", "coordinates": [[[79.85945099999996, 16.774815959102053], [79.86335099999997, 16.773920959102835], [79.87099599999999, 16.768622959107436], [79.86046499999995, 16.76018995911469], [79.86288299999995, 16.75556395911873], [79.86717399999992, 16.76138395911371], [79.87052799999998, 16.75929495911549], [79.86413199999998, 16.744144959128707], [79.85796899999993, 16.74720495912603], [79.85484899999994, 16.76295195911233], [79.85945099999996, 16.774815959102053]]]}, "properties": {"node": "mining", "role": "positive", "name": "Mining", "ts": "2026-07-27T18:11:35.432364+00:00"}}, {"type": "Feature", "geometry": {"type": "Polygon", "coordinates": [[[74.22896483117474, 15.217604327923453], [74.22888856171868, 15.217512333984015], [74.22886949435468, 15.217254750739833], [74.22897436485673, 15.217070762515414], [74.22905063431277, 15.216849976433974], [74.22909830272279, 15.216711985015554], [74.22911737008683, 15.2165923923798], [74.22913643745083, 15.216491198558062], [74.22907923535881, 15.216279611319138], [74.2290887690408, 15.21585643620369], [74.22920317322486, 15.21561724989283], [74.22934617845495, 15.215368863821034], [74.22981332887328, 15.215092878953326], [74.22995633410335, 15.214936487367796], [74.23029954665557, 15.214513309554269], [74.23029954665557, 15.214485710971681], [74.23056648975174, 15.214237323565737], [74.23078576443785, 15.213942938112812], [74.23147218954229, 15.21329896850045], [74.23174866632046, 15.212949384172326], [74.23193933996056, 15.212756192584258], [74.23204421046263, 15.2127285937715], [74.23225395146676, 15.212636597702872], [74.23268296715703, 15.212489403909519], [74.23341706067147, 15.212443405827997], [74.23389374477178, 15.212287012275747], [74.23419882259596, 15.212176616757215], [74.23439902991808, 15.212011023370955], [74.23442763096409, 15.212011023370955], [74.23480897824435, 15.212057021546864], [74.23520939288859, 15.212379008497017], [74.23515219079653, 15.21298618254997], [74.23471364142428, 15.213768146555505], [74.23423695732399, 15.214448912855943], [74.23365540272162, 15.215230871432379], [74.23305478075527, 15.215681646234016], [74.23240649037886, 15.215948430866323], [74.23191073891456, 15.216252012967955], [74.23173913263842, 15.21673038387656], [74.23174866632043, 15.216748782735968], [74.23176773368444, 15.216932771241627], [74.22896483117474, 15.217604327923453]]]}, "properties": {"node": "mining", "role": "positive", "name": "Mining", "ts": "2026-07-27T18:11:35.432435+00:00"}}, {"type": "Feature", "geometry": {"type": "Polygon", "coordinates": [[[85.2583712396212, 21.895620068792745], [85.25806956760503, 21.894805780404482], [85.25838038119745, 21.89385577140652], [85.25862720375609, 21.893287459426247], [85.2587826105523, 21.893049955240922], [85.25954136138083, 21.893083884434475], [85.25955050295708, 21.89352496321592], [85.25956878610957, 21.89382184239665], [85.25974247605828, 21.894135685429806], [85.260583501073, 21.894805780404482], [85.26073890786918, 21.895280782529543], [85.26036410324306, 21.89546739007423], [85.26012642226063, 21.895552211604706], [85.25979732551572, 21.895653997374662], [85.2583712396212, 21.895620068792745]]]}, "properties": {"node": "mining", "role": "positive", "name": "Mining", "ts": "2026-07-27T18:11:35.432494+00:00"}}, {"type": "Feature", "geometry": {"type": "Polygon", "coordinates": [[[79.81636000000002, 16.72005595914978], [79.81979399999996, 16.719151959150576], [79.82262599999991, 16.718000959151563], [79.82151, 16.714918959154268], [79.82060899999992, 16.71101395915772], [79.81524499999993, 16.712657959156264], [79.81640299999987, 16.716479959152903], [79.81636000000002, 16.72005595914978]]]}, "properties": {"node": "mining", "role": "positive", "name": "Mining", "ts": "2026-07-27T18:11:35.432552+00:00"}}, {"type": "Feature", "geometry": {"type": "Polygon", "coordinates": [[[70.54536040995065, 20.944246330329033], [70.54537752661894, 20.943931943624225], [70.54617059891542, 20.944081144176618], [70.54651863783693, 20.94409180135325], [70.54679821008531, 20.94395858659092], [70.54704925455329, 20.94367617090273], [70.54724894901643, 20.943532298554842], [70.54754563793311, 20.943436383579435], [70.5485726380293, 20.943217910350484], [70.54870386581936, 20.943292511001093], [70.54893779361905, 20.944901744556663], [70.54898343806778, 20.945903510351283], [70.54876092138028, 20.94614329372258], [70.54874380471202, 20.94614862223758], [70.54712913233855, 20.94695322582557], [70.54712913233855, 20.94695322582557], [70.54653004894911, 20.946026066344604], [70.54621624336416, 20.94499765859317], [70.54593667111574, 20.944693930600053], [70.54592526000357, 20.944677944899137], [70.54587961555485, 20.94454473065842], [70.54536040995065, 20.944246330329033]]]}, "properties": {"node": "mining", "role": "positive", "name": "Mining", "ts": "2026-07-27T18:11:35.432618+00:00"}}, {"type": "Feature", "geometry": {"type": "Polygon", "coordinates": [[[84.98265431403526, 23.70450189819326], [84.98219204371047, 23.70365535736032], [84.98203313828633, 23.703060130049117], [84.98194646260043, 23.702557491538776], [84.98203313828633, 23.702015168869625], [84.98271209782584, 23.70067919365658], [84.9831021384124, 23.699925221410684], [84.98357885468484, 23.699277066349545], [84.98370886821368, 23.698946373751852], [84.98412780069555, 23.698007202206107], [84.98447450343913, 23.697385493381315], [84.98482120618273, 23.69698865641305], [84.98502344944983, 23.69664473006475], [84.98516790892633, 23.69638017071871], [84.98505234134512, 23.695798138270206], [84.98487898997334, 23.69530869988453], [84.98472008454918, 23.69516319082144], [84.98386777363783, 23.694316589419408], [84.9835066249466, 23.693919743122407], [84.9832754897842, 23.69356258042377], [84.98318881409831, 23.693483210802505], [84.98198980044337, 23.691909036679395], [84.98187423286217, 23.690956585978046], [84.98200424639104, 23.689951213811923], [84.98198980044337, 23.68959404025791], [84.9836799763184, 23.68704088233013], [84.98431559801499, 23.686009021958643], [84.98480676023507, 23.685215277664057], [84.98524013866455, 23.684606737104886], [84.98538459814107, 23.68428923655722], [84.98558684140816, 23.683760067262785], [84.98541349003634, 23.682913391932765], [84.98480676023507, 23.682251923012775], [84.98451784128207, 23.681987334506946], [84.98367708712885, 23.68210375351553], [84.98327260059466, 23.682494021026095], [84.98249974239542, 23.683016580782265], [84.98195079638472, 23.683029810116047], [84.98153908687671, 23.682957048763654], [84.981156269264, 23.68279168190293], [84.98075900570362, 23.68243448876934], [84.98066510704388, 23.682150056501467], [84.98063621514859, 23.6816076490648], [84.98106959357806, 23.68114461654433], [84.98201580314914, 23.6806352788763], [84.98300535056315, 23.68045006468649], [84.98332316141145, 23.68048313866822], [84.9835687425215, 23.68045006468649], [84.98379265471006, 23.680430220293438], [84.98403101284629, 23.68041699069639], [84.98440660748518, 23.680423605495083], [84.98460885075228, 23.680476523872535], [84.98426937098249, 23.68150842794857], [84.98498444539116, 23.681548116404105], [84.98578619548573, 23.681409206756985], [84.98699098751972, 23.680629987045943], [84.98772773084987, 23.6806829053398], [84.98836335254644, 23.68053737998011], [84.98886896071419, 23.68056383914848], [84.98912898777186, 23.680590298311486], [84.98920121751011, 23.680590298311486], [84.98960570404432, 23.68084166009277], [84.99076137985628, 23.680577068730646], [84.99162813671526, 23.680590298311486], [84.99200373135416, 23.680973955572878], [84.99313051527086, 23.682270444188113], [84.99326052879968, 23.682495343964824], [84.9932316369044, 23.682878995631476], [84.99349166396209, 23.684519424531214], [84.99401171807749, 23.684982445089318], [84.99464733977408, 23.685551296670877], [84.9935494477527, 23.686371496915445], [84.99349166396209, 23.686384725909445], [84.99304383958494, 23.686225977893063], [84.99227820435952, 23.686490557813165], [84.99165702861058, 23.686940342447265], [84.99144033939584, 23.687747305114133], [84.9910791907046, 23.689070183944906], [84.99054469064154, 23.691067705584512], [84.99025577168854, 23.692297952051486], [84.99044356900801, 23.69327684956139], [84.9902413257409, 23.69441447798721], [84.99016909600265, 23.695142025853293], [84.98980794731139, 23.696028305957753], [84.98982239325906, 23.69696749174086], [84.98962014999196, 23.6986341991709], [84.98960570404428, 23.69870033791564], [84.9894323526725, 23.69933526816003], [84.98930233914365, 23.700181837014874], [84.98879673097592, 23.702073369459153], [84.98876783908061, 23.703290284931377], [84.98827667686054, 23.703978101700603], [84.98790108222165, 23.704374917418413], [84.9875399335304, 23.70452041621261], [84.98619646039899, 23.704943684509697], [84.98525747380174, 23.705049501369437], [84.98450628452396, 23.705142091051343], [84.98265431403526, 23.70450189819326]]]}, "properties": {"node": "mining", "role": "positive", "name": "Mining", "ts": "2026-07-27T18:11:35.432707+00:00"}}, {"type": "Feature", "geometry": {"type": "Polygon", "coordinates": [[[85.30398130599114, 22.110856784016978], [85.30229925596167, 22.109061285169386], [85.3019701592168, 22.10767229868188], [85.3009463026771, 22.106622080305506], [85.29893515590274, 22.104724891804818], [85.29758220261817, 22.10198069900906], [85.29798443197305, 22.101438629921393], [85.29845979393788, 22.100964317761303], [85.29933738525762, 22.10052388361351], [85.30080003745715, 22.100151207491564], [85.30226268965669, 22.099981808928923], [85.30357907663625, 22.099981808928923], [85.30548052449566, 22.098355572380346], [85.30562678971562, 22.100252846531532], [85.30500516253083, 22.100761040633152], [85.30372534185622, 22.10109983568403], [85.30332311250136, 22.10201457825789], [85.30376190816123, 22.102692161526033], [85.30409100490611, 22.103098709924893], [85.30401787229614, 22.103708530326553], [85.30398130599114, 22.103911803207996], [85.30409100490611, 22.104657134600735], [85.30584618754558, 22.105266948265793], [85.3063946821204, 22.10570736760665], [85.30679691147527, 22.10655432401271], [85.3069431766952, 22.10763842079179], [85.30708944191517, 22.108214343816634], [85.30767450279498, 22.1096372023842], [85.30756480388001, 22.11051801239912], [85.30734540605008, 22.11109392366528], [85.30650438103537, 22.111364939917905], [85.30573648863059, 22.111669832579548], [85.30522456036077, 22.111771463320274], [85.30463949948094, 22.111771463320274], [85.30431040273605, 22.111669832579548], [85.30398130599114, 22.110856784016978]]]}, "properties": {"node": "mining", "role": "positive", "name": "Mining", "ts": "2026-07-27T18:11:35.432779+00:00"}}, {"type": "Feature", "geometry": {"type": "Polygon", "coordinates": [[[72.97462555062968, 27.884319979843813], [72.97437011850266, 27.88297012613327], [72.9742396850761, 27.88261464584462], [72.97420164199336, 27.882196714823674], [72.97441903103763, 27.88180760518188], [72.97460381172523, 27.881548197977306], [72.97494619946997, 27.88148094415617], [72.97503315508767, 27.8812983978597], [72.97498424255271, 27.881038989435407], [72.97492446056552, 27.880803599771934], [72.9749733731005, 27.88060664068079], [72.9752233705014, 27.880472131827332], [72.97559293187663, 27.880284779931625], [72.97597336270411, 27.88020311361926], [72.97648966168423, 27.880131055057202], [72.97686465778558, 27.8800926238045], [72.97742986930066, 27.880025369079465], [72.97771247505823, 27.879934094742964], [72.97793529882857, 27.879929290828382], [72.97818529622948, 27.88006380035603], [72.97850051034366, 27.880193505813757], [72.97876137719679, 27.880361642287024], [72.97867442157909, 27.880476935717837], [72.97842985890429, 27.880568209596852], [72.9782070351339, 27.88073154160941], [72.9781200795162, 27.880933304343664], [72.97816899205115, 27.88102938170405], [72.97837007691712, 27.88113506670203], [72.97852224924809, 27.88127437858725], [72.97865811740074, 27.881356044091827], [72.97878855082732, 27.88151457107196], [72.97884289808839, 27.881682705494278], [72.97888637589723, 27.88180760518188], [72.97877768137512, 27.882028581199375], [72.97860377013969, 27.882196714823674], [72.97845159780871, 27.88210544231715], [72.97832116438215, 27.882052600304547], [72.97830486020383, 27.882047796483942], [72.97819073095557, 27.881961327676567], [72.978109210064, 27.881903681766637], [72.97791355992415, 27.881894074111994], [72.97771790978433, 27.881913289420414], [72.9773646525874, 27.882215930078402], [72.97714726354313, 27.882340829151016], [72.97707117737764, 27.882484943286588], [72.97712552463871, 27.88259062686412], [72.9772885664219, 27.88265307620236], [72.97740269567014, 27.882739544457383], [72.97750052074007, 27.882840424000996], [72.97756030272724, 27.88292689210644], [72.9775276943706, 27.882974929912958], [72.9773646525874, 27.88302296769818], [72.97708748155594, 27.883085416787093], [72.97685922305949, 27.883119043204672], [72.97677226744179, 27.883171884696917], [72.97669074655018, 27.88321992239475], [72.97642987969706, 27.88322472616337], [72.97622336010502, 27.88325354877056], [72.97590814599081, 27.883378446646457], [72.97570162639879, 27.883551381929085], [72.97561467078108, 27.88368588695798], [72.9755548887939, 27.883892447927046], [72.97553314988947, 27.883935681568378], [72.97549510680673, 27.884022148799268], [72.97534836920185, 27.884147045788648], [72.97515271906202, 27.88420949422932], [72.97477772296067, 27.884310372403558], [72.97467989789074, 27.884334391002625], [72.97462555062968, 27.884319979843813]]]}, "properties": {"node": "mining", "role": "positive", "name": "Mining", "ts": "2026-07-27T18:11:35.432862+00:00"}}, {"type": "Feature", "geometry": {"type": "Polygon", "coordinates": [[[74.14375468814256, 15.118276748461145], [74.1436545844815, 15.118097275916416], [74.14361644975348, 15.11794541441379], [74.14358784870744, 15.117664700440832], [74.14361168291248, 15.117512838628466], [74.1436736518455, 15.117259735366213], [74.14385002496262, 15.116965214826273], [74.14394536178268, 15.116771935499681], [74.14420753803783, 15.116693703341229], [74.1443171753809, 15.116693703341229], [74.1446413205691, 15.116781139281134], [74.14491303050627, 15.117130882680312], [74.1451180046694, 15.117374782341043], [74.14514660571541, 15.117383986096343], [74.14527054358147, 15.117416199236706], [74.1454612172216, 15.117434606743288], [74.14584256450183, 15.11760947797619], [74.14631448176112, 15.11796842373936], [74.14666722799535, 15.118138692670986], [74.14691987056848, 15.11846542456235], [74.1470676426396, 15.118479230124153], [74.14724401575668, 15.118658702345641], [74.14739178782777, 15.11877374856159], [74.14747282412485, 15.118838174415256], [74.14749665832984, 15.119095877634207], [74.14744422307882, 15.119206321775039], [74.14681976690743, 15.119560663005217], [74.14671489640537, 15.119901198174981], [74.14654805697026, 15.120071465554803], [74.14620961125905, 15.120278547318973], [74.14602370445994, 15.120425805339345], [74.14583303081982, 15.12059147049003], [74.14577582872779, 15.120283149133659], [74.14568049190773, 15.120223325534964], [74.14558992192867, 15.120158900102117], [74.14542784933457, 15.120076067373981], [74.144512615862, 15.120094474649699], [74.14428857433487, 15.120158900102117], [74.14408836701276, 15.120195714637575], [74.14397396282868, 15.120195714637575], [74.14404546544371, 15.11997942915026], [74.14419800435583, 15.119753939790302], [74.14428380749389, 15.11968031055961], [74.14427904065289, 15.11947783004339], [74.14427904065289, 15.119298358515115], [74.14427427381187, 15.119146497872562], [74.14445064692899, 15.118884192870187], [74.1448129268452, 15.118562063476023], [74.14489396314227, 15.118460822708233], [74.14489396314227, 15.118400998595453], [74.1448081600042, 15.118396396739923], [74.1442075380378, 15.118447017145236], [74.14375468814256, 15.118276748461145]]]}, "properties": {"node": "mining", "role": "positive", "name": "Mining", "ts": "2026-07-27T18:11:35.432938+00:00"}}, {"type": "Feature", "geometry": {"type": "Polygon", "coordinates": [[[76.97964278423365, 17.079998449582906], [76.97952838004957, 17.070702749124077], [76.960689824406, 17.06829672766494], [76.96160505787859, 17.064724093118297], [76.96320671645556, 17.062135713125425], [76.96648630306555, 17.060349345438446], [76.96984215913163, 17.059000444226353], [76.97064298842012, 17.05838067553726], [76.97167262607675, 17.058344218491488], [76.97384630557407, 17.057724447624274], [76.97521915578292, 17.0558286651438], [76.9758293114313, 17.05375057377717], [76.97704962272806, 17.053057871516852], [76.97804112565667, 17.053057871516852], [76.97922330222536, 17.053568283957734], [76.9909687984566, 17.06049517201279], [76.98940527460765, 17.06483346049668], [76.98940527460765, 17.066109408509373], [76.9903205080802, 17.06636459706517], [76.9909687984566, 17.06782281069014], [76.99180776247313, 17.069864290622345], [76.9906255859044, 17.07066629448496], [76.98860444531915, 17.071395385914062], [76.98814682858287, 17.07423881526324], [76.98578247544543, 17.076681213561926], [76.98734599929438, 17.07730092147617], [76.98894765787134, 17.077811267624153], [76.98936713987962, 17.07777481437418], [76.98913833151147, 17.079269391780223], [76.986735843646, 17.080800409873664], [76.98517231979704, 17.08185753407795], [76.98399014322833, 17.079743279676197], [76.97964278423365, 17.079998449582906]]]}, "properties": {"node": "mining", "role": "positive", "name": "Mining", "ts": "2026-07-27T18:11:35.433002+00:00"}}, {"type": "Feature", "geometry": {"type": "Polygon", "coordinates": [[[70.54892067695079, 20.94352164133839], [70.54881797694118, 20.94302075130921], [70.54884650472161, 20.9429195073763], [70.54963957701814, 20.942743662487977], [70.54994197149088, 20.942802277473703], [70.55012454928577, 20.942647747007292], [70.5501644881784, 20.942018966223173], [70.54983927148128, 20.941608658694406], [70.54929153809664, 20.941203678732176], [70.5493200658771, 20.940974544847265], [70.54938853255017, 20.940915929145962], [70.54990773815436, 20.94088928563778], [70.55106026048453, 20.94128360907465], [70.55157946608873, 20.941555371919858], [70.55164793276178, 20.941571357954206], [70.55176774943969, 20.941635302074573], [70.55180768833232, 20.941651288100392], [70.55176774943969, 20.942146854054226], [70.55189897722975, 20.942274741776032], [70.55167075498615, 20.942764977030897], [70.55128277717203, 20.94327119653329], [70.55092332713836, 20.943601570443306], [70.55096897158708, 20.94386800048482], [70.55105455492843, 20.944065158410265], [70.55076357156786, 20.944566044944906], [70.55071222156303, 20.94437954483529], [70.5507350437874, 20.94431027330683], [70.55080351046048, 20.944027858282126], [70.55082062712874, 20.943718799719992], [70.55076927712395, 20.943468355244732], [70.55068939933868, 20.943420397744223], [70.55063804933388, 20.94339908329462], [70.55013596039797, 20.94340441190731], [70.5497080436912, 20.943489669684475], [70.54944558811108, 20.943516312729876], [70.54929153809664, 20.94355361298548], [70.5489663213995, 20.943585584625737], [70.54893208806295, 20.943585584625737], [70.54892067695079, 20.94352164133839]]]}, "properties": {"node": "mining", "role": "positive", "name": "Mining", "ts": "2026-07-27T18:11:35.433073+00:00"}}, {"type": "Feature", "geometry": {"type": "Polygon", "coordinates": [[[75.01326146783695, 34.05600470515503], [75.01301892028533, 34.0559759982412], [75.01281102238394, 34.055940114585255], [75.01271573584577, 34.055889877441395], [75.01262044930763, 34.05583246352625], [75.01270707343323, 34.05573916583118], [75.01305356993555, 34.05560280747675], [75.01262044930763, 34.05557410042682], [75.0125684748323, 34.055459272129866], [75.01315751888627, 34.055459272129866], [75.01349535297604, 34.05561716099808], [75.01340872885045, 34.05582528678412], [75.01340872885045, 34.055911407649546], [75.01334809196254, 34.055990351699336], [75.0132961174872, 34.056011881881965], [75.01326146783695, 34.05600470515503]]]}, "properties": {"node": "mining", "role": "positive", "name": "Mining", "ts": "2026-07-27T18:11:35.433133+00:00"}}, {"type": "Feature", "geometry": {"type": "Polygon", "coordinates": [[[82.64076533254027, 24.05460656591836], [82.6401599785435, 24.049480653130292], [82.63702314419672, 24.049329887891112], [82.63696811201518, 24.04344990548077], [82.63828888437173, 24.040484684029497], [82.64071030035875, 24.0400826148334], [82.64148075090007, 24.042042690276432], [82.64599338978496, 24.041741142155217], [82.64819467704586, 24.0476714585757], [82.64951544940241, 24.05058625947471], [82.65314757338294, 24.053903021379778], [82.65182680102639, 24.054707071966238], [82.64076533254027, 24.05460656591836]]]}, "properties": {"node": "mining", "role": "positive", "name": "Mining", "ts": "2026-07-27T18:11:35.433194+00:00"}}, {"type": "Feature", "geometry": {"type": "Polygon", "coordinates": [[[77.08114219488864, 26.50583726842785], [77.08083076127645, 26.505797454352063], [77.08070364551638, 26.505615446972786], [77.08083711706448, 26.505274182359493], [77.08079262654843, 26.504887414572337], [77.08069728972836, 26.504779346869675], [77.08062102027235, 26.50447789431975], [77.08059559712032, 26.504182128785107], [77.08058288554432, 26.503926177227143], [77.0805256834523, 26.503641785938463], [77.08039221190418, 26.503135567703], [77.08016340353603, 26.503021810489248], [77.07989646043987, 26.50296493184015], [77.07950875737164, 26.50295355610695], [77.07919732375943, 26.503004746897485], [77.07908291957538, 26.50289098955421], [77.07910834272738, 26.5024075195889], [77.07900665011934, 26.502236882644866], [77.07888589014728, 26.502282385854716], [77.07868250493115, 26.5021743157019], [77.0786316586271, 26.502043493801974], [77.07886046699524, 26.501542956461936], [77.07903842905935, 26.501315438768426], [77.07914012166742, 26.501178927936095], [77.07920367954745, 26.50099122527684], [77.07908291957538, 26.50076370649094], [77.07915283324343, 26.50042242746746], [77.07938799739956, 26.500268851576216], [77.07952782473568, 26.500206283561692], [77.07967400785975, 26.5000185793137], [77.07979476783181, 26.49991050703184], [77.07998544147195, 26.49976830650613], [77.07999179725996, 26.499563537439975], [77.08001722041199, 26.499398584315788], [77.08001722041199, 26.49914831015797], [77.08013162459606, 26.498898035455124], [77.08020789405208, 26.498710329070306], [77.08024602878011, 26.49855675089105], [77.08032229823615, 26.498169960493232], [77.08032229823615, 26.498187024802945], [77.0803922119042, 26.49800500536879], [77.08042399084424, 26.49771491129978], [77.08053839502831, 26.497567019923967], [77.08061466448433, 26.497538579252957], [77.08077991497242, 26.497396375792334], [77.08095152124855, 26.497191602499917], [77.0812057527687, 26.497094903873904], [77.08156803268494, 26.49711765649911], [77.08188582208514, 26.497248484006636], [77.08205742836122, 26.4973622469356], [77.08214005360529, 26.497481697889818], [77.08231801566939, 26.497686470665368], [77.08220361148531, 26.497828673767057], [77.08199387048121, 26.497942436121722], [77.08139007062083, 26.498465741502795], [77.08144091692486, 26.49846005341364], [77.08160616741296, 26.49835766776064], [77.08178412947707, 26.498414548690235], [77.08187946629712, 26.498522622378903], [77.08203200520923, 26.498693264838302], [77.08224810200136, 26.499387208229532], [77.08228623672937, 26.499677298077334], [77.08231801566939, 26.499796746625353], [77.08256589140154, 26.499978763221687], [77.0831188449579, 26.500285915574274], [77.08317604704992, 26.500342795549468], [77.08351290381411, 26.50056462718375], [77.08368451009022, 26.500735266611027], [77.08381162585029, 26.500786458389797], [77.08384976057832, 26.500905905784922], [77.08385611636633, 26.501207367706204], [77.08404043421844, 26.50135525439731], [77.08423746364656, 26.50145763737966], [77.08432008889062, 26.501599835814933], [77.08419297313051, 26.501679466861823], [77.08390696267035, 26.501986614668596], [77.08375442375826, 26.502145876171117], [77.08368451009022, 26.50227101005396], [77.08365273115021, 26.502390455905903], [77.08357646169416, 26.502754480593634], [77.08358281748218, 26.502959243973685], [77.08365908693824, 26.50314125556073], [77.08387518373036, 26.503340330403923], [77.08406585737049, 26.503505277869866], [77.08425653101061, 26.503613346770873], [77.08436457940667, 26.50373847905559], [77.0844281372867, 26.503880674668252], [77.0844472046507, 26.504017182290852], [77.08428830995062, 26.50411387509206], [77.08424381943458, 26.504136626327583], [77.08398958791443, 26.504204880007105], [77.08354468275415, 26.50422763122461], [77.08326502808198, 26.50427882144751], [77.08297901762182, 26.504403953007465], [77.08278198819367, 26.50450633327334], [77.08271843031366, 26.504409640802404], [77.08264851664559, 26.50394892849982], [77.08261673770558, 26.503567844088096], [77.08259767034157, 26.50333464255605], [77.08242606406549, 26.503237949099073], [77.08212098624129, 26.503340330403923], [77.0818031968411, 26.503402896711986], [77.08161887898896, 26.50348821434989], [77.08172692738506, 26.503863611204025], [77.08191124523714, 26.50426175804241], [77.08196844732919, 26.504392577416738], [77.08205742836125, 26.50463146458553], [77.08191124523714, 26.504682654628503], [77.08187311050915, 26.50528555786293], [77.08184133156911, 26.505552881869566], [77.08176506211309, 26.505717826159117], [77.08173328317305, 26.505757640262487], [77.08114219488864, 26.50583726842785]]]}, "properties": {"node": "mining", "role": "positive", "name": "Mining", "ts": "2026-07-27T18:11:35.433290+00:00"}}, {"type": "Feature", "geometry": {"type": "Polygon", "coordinates": [[[80.45358017551288, 21.97124314677341], [80.45378038283502, 21.97083865821389], [80.45378038283502, 21.970825396274396], [80.4558682591943, 21.97124314677341], [80.45696224920447, 21.971495122670746], [80.45821354496775, 21.971926133037655], [80.45871406327305, 21.972052120436302], [80.45904297530224, 21.97214495318483], [80.45943623968499, 21.972290833095624], [80.4597937527602, 21.972509652680845], [80.4599510585133, 21.973219156289595], [80.45591831102483, 21.97240355837861], [80.455410642458, 21.972125060458115], [80.45532483931996, 21.971813407375713], [80.45532483931996, 21.971793514602545], [80.45532483931996, 21.971621110451757], [80.45358017551288, 21.97124314677341]]]}, "properties": {"node": "mining", "role": "positive", "name": "Mining", "ts": "2026-07-27T18:11:35.433354+00:00"}}, {"type": "Feature", "geometry": {"type": "Polygon", "coordinates": [[[79.45232000005707, 11.521912216143562], [79.45033699419984, 11.516456690454262], [79.44675232976564, 11.515260944653233], [79.44629471302936, 11.510702117150752], [79.44759129378215, 11.507936890704615], [79.447362485414, 11.508758987891962], [79.45788767034848, 11.507413736698611], [79.46780269963456, 11.50576953206309], [79.46948062766758, 11.505470584733786], [79.47756519000856, 11.497847320583224], [79.49419193142674, 11.495978842000442], [79.50631877493821, 11.476695419504162], [79.51104748121313, 11.4823759445344], [79.51203898414172, 11.48499193732841], [79.51257287033405, 11.487757389037556], [79.51295421761426, 11.488953251645809], [79.51463214564728, 11.491270221012375], [79.51539484020778, 11.494259830759079], [79.5160812653122, 11.497922059468742], [79.51699649878476, 11.499790525161183], [79.51775919334521, 11.503901106046166], [79.51775919334521, 11.504200055042254], [79.51783546280129, 11.505395847851855], [79.51829307953756, 11.507264263946848], [79.51844561844965, 11.510178968285778], [79.51852188790569, 11.511673676747744], [79.51806427116942, 11.514364131966019], [79.51661515150451, 11.516755626110077], [79.5160812653122, 11.518474499963588], [79.51470841510334, 11.521837483630172], [79.51386945108685, 11.523481594334514], [79.51272540924614, 11.524826768665648], [79.51158136740544, 11.526171936557205], [79.5103610561087, 11.527890752824117], [79.50830178079542, 11.528638060964358], [79.50578488874588, 11.529460097622316], [79.50250530213587, 11.530805243327672], [79.49983587117423, 11.531403083795386], [79.4958698594598, 11.52968428902059], [79.4906835364486, 11.527068711573687], [79.48587856071765, 11.524378377937412], [79.48237016573951, 11.522435343180923], [79.481531201723, 11.521986948637085], [79.48374301594835, 11.525424621856946], [79.4858022912616, 11.527741290957497], [79.48671752473419, 11.52916117547959], [79.48656498582208, 11.530431592389084], [79.4845057105088, 11.530805243327672], [79.48252270465161, 11.530730513179725], [79.48084477661855, 11.52968428902059], [79.47985327368995, 11.52833913794683], [79.47848042348113, 11.525798279455538], [79.47741265109644, 11.524826768665648], [79.47520083687111, 11.523929986493691], [79.47443814231063, 11.522435343180923], [79.47268394482155, 11.52123962280772], [79.4720737891732, 11.520791226356362], [79.47138736406876, 11.520043897347954], [79.47062466950828, 11.518922900110233], [79.47062466950828, 11.518922900110233], [79.47031959168412, 11.518474499963588], [79.46444684356851, 11.518773433474143], [79.46063337076616, 11.51884816680212], [79.46048083185406, 11.51884816680212], [79.45910798164523, 11.518997633398477], [79.45697243687592, 11.520940691919625], [79.45232000005707, 11.521912216143562]]]}, "properties": {"node": "mining", "role": "positive", "name": "Mining", "ts": "2026-07-27T18:11:35.433435+00:00"}}, {"type": "Feature", "geometry": {"type": "Polygon", "coordinates": [[[76.62154481762393, 15.064526915454264], [76.62242191636847, 15.062685698508824], [76.62276512892068, 15.061857145688208], [76.623279947749, 15.061433661890273], [76.62356595820917, 15.061249538237153], [76.62383290130532, 15.061212713487416], [76.62539642515426, 15.06148889895516], [76.62568243561446, 15.061617785384176], [76.62690274691121, 15.06207809342232], [76.62697901636726, 15.06211491802238], [76.62760823937965, 15.062464751405273], [76.62800865402389, 15.062704110757105], [76.62798958665987, 15.063495835926705], [76.62798958665987, 15.063919315622723], [76.6279133172038, 15.064490091271415], [76.62692181427522, 15.065760521898389], [76.62675020799911, 15.066073525381407], [76.62625445653481, 15.06653382378498], [76.62528202097022, 15.067086180555263], [76.6244621243177, 15.068135654469476], [76.62364222766519, 15.069056241361348], [76.6230130046528, 15.070087293952307], [76.62255538791653, 15.071541806076594], [76.62183082808407, 15.072904251452389], [76.62167828917201, 15.07400893048703], [76.62156388498794, 15.07441397802914], [76.62114440297967, 15.07634714885525], [76.62095372933955, 15.07761750868862], [76.62083932515549, 15.078666930653783], [76.62082025779146, 15.079182434283824], [76.62055331469529, 15.079587471973634], [76.6187609824782, 15.084411043335518], [76.61834150046994, 15.085165867118878], [76.61776947954961, 15.086104790523292], [76.61767414272953, 15.086252072249634], [76.61715932390123, 15.086620276118976], [76.61675890925699, 15.086804377814442], [76.61658730298088, 15.086841198134412], [76.61603434942454, 15.086841198134412], [76.61458522975964, 15.086859608291991], [76.61473776867174, 15.08627048245825], [76.61479497076378, 15.085423611211516], [76.61523352013604, 15.08419011879433], [76.61517631804399, 15.08369303773719], [76.6150237791319, 15.084687198689133], [76.6148521728558, 15.084447864070057], [76.61473776867174, 15.084042835639316], [76.61471870130772, 15.083858731552052], [76.61456616239562, 15.08369303773719], [76.61445175821157, 15.083656216871907], [76.6142038824794, 15.083508933347003], [76.61407041093132, 15.083269597401394], [76.61397507411125, 15.083085492644496], [76.61393693938324, 15.08277251419189], [76.61391787201921, 15.082385893114308], [76.61407041093132, 15.081833576069595], [76.6141848151154, 15.081262846949429], [76.61437548875553, 15.080655294912296], [76.61456616239562, 15.07984522282909], [76.61475683603575, 15.079200845104642], [76.61500471176791, 15.078814217532738], [76.61548139586817, 15.07780161817986], [76.61572927160033, 15.077212467246863], [76.61599621469651, 15.076015749389988], [76.61603434942452, 15.07577640501062], [76.61609155151658, 15.075260893124959], [76.61660637034487, 15.074174631847477], [76.61694958289708, 15.07369593867627], [76.61714025653721, 15.073069953673262], [76.61731186281332, 15.072830605979453], [76.61765507536553, 15.071762743757255], [76.61780761427762, 15.071357691167464], [76.6182652310139, 15.070713287730872], [76.61832243310593, 15.07051076053345], [76.61849403938206, 15.070050470731514], [76.61847497201803, 15.069921589408542], [76.61860844356612, 15.068798477433038], [76.6187800498422, 15.06839341920061], [76.61879911720621, 15.068375007444454], [76.61918046448645, 15.06787788942613], [76.61946647494663, 15.067693771346885], [76.61984782222687, 15.067307122861994], [76.61990502431888, 15.067233475451907], [76.61996222641096, 15.067196651737298], [76.62045797787526, 15.06653382378498], [76.62080119042746, 15.066165585141757], [76.62127787452775, 15.065521165983165], [76.62139227871182, 15.065208161687895], [76.62146854816787, 15.065005629251576], [76.62148761553188, 15.064839920751265], [76.62167828917197, 15.064342794476334], [76.62198336699619, 15.06408502483969], [76.62215497327229, 15.063882491334779], [76.62154481762393, 15.064526915454264]]]}, "properties": {"node": "mining", "role": "positive", "name": "Mining", "ts": "2026-07-27T18:11:35.433524+00:00"}}, {"type": "Feature", "geometry": {"type": "Polygon", "coordinates": [[[73.78548974174595, 25.15953417875971], [73.7849431439776, 25.159488156361018], [73.7847651819135, 25.159315572211298], [73.7846126430014, 25.15828006218537], [73.78514652919374, 25.157394118852665], [73.78546431859392, 25.15686485093465], [73.7857439732661, 25.156577204363973], [73.78660836043461, 25.15656569848704], [73.78757444021123, 25.156933886010695], [73.78813374955556, 25.15750917679187], [73.78842611580373, 25.157670257724455], [73.78869305889991, 25.157877361468103], [73.78860407786784, 25.158141993517773], [73.78840069265172, 25.15831457932785], [73.78767613281929, 25.158786312629598], [73.78766342124327, 25.159223527231603], [73.7873710549951, 25.159476650758634], [73.78719309293098, 25.159522673161664], [73.78667191831465, 25.159442133944967], [73.78664649516264, 25.159407617121534], [73.78635412891447, 25.159315572211298], [73.78587108902617, 25.159430628338235], [73.78548974174595, 25.15953417875971]]]}, "properties": {"node": "mining", "role": "positive", "name": "Mining", "ts": "2026-07-27T18:11:35.433588+00:00"}}, {"type": "Feature", "geometry": {"type": "Polygon", "coordinates": [[[76.60949805704128, 14.993335734015174], [76.60926924867316, 14.993169969851973], [76.60955525913332, 14.992727931455514], [76.60993660641357, 14.992304310468523], [76.60989847168554, 14.991751760094507], [76.60991753904955, 14.991254463537798], [76.60995567377758, 14.990315122443805], [76.61024168423775, 14.989394195799449], [76.61043235787787, 14.989357358651237], [76.61100437879821, 14.99029670394976], [76.61157639971856, 14.990849258081445], [76.61268230683123, 14.990259866956912], [76.61317805829553, 14.990075681897556], [76.61426489804423, 14.990038844866662], [76.61552334406898, 14.990149355940323], [76.6164957796336, 14.990407214890245], [76.61790676457044, 14.991457065978203], [76.61842158339874, 14.992138545506156], [76.6186503917669, 14.992470075302455], [76.61886013277103, 14.992912114231698], [76.61882199804302, 14.993519916268085], [76.61836438130673, 14.994054043904793], [76.61756355201824, 14.994661842696729], [76.61702966582591, 14.994864441910265], [76.61600002816925, 14.99480918759833], [76.61577121980113, 14.994864441910265], [76.61477971687255, 14.995416984244617], [76.61424583068018, 14.995766926984802], [76.61394075285602, 14.995840599067675], [76.61325432775159, 14.995619582742924], [76.612300959551, 14.994735515160212], [76.61209121854688, 14.994367152589033], [76.61186241017872, 14.993722516563134], [76.61211028591089, 14.9929305325006], [76.61222469009496, 14.992377983743905], [76.61172893863066, 14.992304310468523], [76.6113094566224, 14.992691094881243], [76.61111878298227, 14.992967369033638], [76.6109853114342, 14.993004205560338], [76.60949805704128, 14.993335734015174]]]}, "properties": {"node": "mining", "role": "positive", "name": "Mining", "ts": "2026-07-27T18:11:35.433658+00:00"}}, {"type": "Feature", "geometry": {"type": "Polygon", "coordinates": [[[78.03160594070386, 13.948979850149344], [78.02911764970034, 13.946500155828076], [78.02896511078823, 13.946056028657749], [78.02906044760829, 13.945667416682426], [78.02950853066255, 13.945565637247391], [78.02980407480473, 13.945510121173], [78.03013775367494, 13.945537879211866], [78.03040469677113, 13.945500868492632], [78.03050003359118, 13.94552862653261], [78.03071930827731, 13.945639658659141], [78.03095765032745, 13.94585247008564], [78.03111018923956, 13.94617631318413], [78.03148200283778, 13.946638945393476], [78.03164407543188, 13.946851755898264], [78.03167267647788, 13.946851755898264], [78.03185381643598, 13.94705531358873], [78.03193961957406, 13.947249618489362], [78.03193008589204, 13.94771224854647], [78.03195868693807, 13.948406191892627], [78.03196822062007, 13.948470959831763], [78.03197775430209, 13.948804051802922], [78.03190148484603, 13.949164900895578], [78.03182521539, 13.94920191102701], [78.03182521539, 13.94920191102701], [78.03160594070386, 13.948979850149344]]]}, "properties": {"node": "mining", "role": "positive", "name": "Mining", "ts": "2026-07-27T18:11:35.433722+00:00"}}, {"type": "Feature", "geometry": {"type": "Polygon", "coordinates": [[[72.12403877104751, 24.899134521371067], [72.12411821839758, 24.89887221268744], [72.12429618046173, 24.898762677028195], [72.12438516149382, 24.898676201439077], [72.12441058464583, 24.89864449370789], [72.12444871937389, 24.898566665605905], [72.12454723408797, 24.898503250079113], [72.12454723408797, 24.898503250079113], [72.12503662976441, 24.89852919279856], [72.12542433283276, 24.898592608312022], [72.12544975598479, 24.898604138401875], [72.12551331386484, 24.898728086799814], [72.12556098227489, 24.89883473997284], [72.1255705159569, 24.898964453167196], [72.1255832275329, 24.89903075096946], [72.12545293387879, 24.89903939850625], [72.12526543813262, 24.899053811066242], [72.12517010131253, 24.89912299133075], [72.12510972132648, 24.899180641521557], [72.12497942767236, 24.899226761654816], [72.12467117195408, 24.899226761654816], [72.12433113729578, 24.899192171556482], [72.12404512683551, 24.899154698939025], [72.12403877104751, 24.899134521371067]]]}, "properties": {"node": "mining", "role": "positive", "name": "Mining", "ts": "2026-07-27T18:11:35.433785+00:00"}}, {"type": "Feature", "geometry": {"type": "Polygon", "coordinates": [[[77.83497374933323, 11.819536989903767], [77.83475447464706, 11.818687817984323], [77.83467820519103, 11.818314554768925], [77.83456380100696, 11.817903964644303], [77.83449706523291, 11.817549363586679], [77.83448753155092, 11.8175027055186], [77.83445893050488, 11.817157435567717], [77.8344398631409, 11.816830828456766], [77.83437312736685, 11.816784170266258], [77.83411571795268, 11.816270929646057], [77.83385830853852, 11.815869668127597], [77.83334348971022, 11.815533727799545], [77.83316234975207, 11.815431079283785], [77.83341975916626, 11.815207118752237], [77.83356276439635, 11.815011153136906], [77.83364856753438, 11.814880509315458], [77.83432545895683, 11.815085806721184], [77.83458286837097, 11.815216450444709], [77.83497374933319, 11.815673702986306], [77.83499281669721, 11.815795014756972], [77.83500235037923, 11.816056301465125], [77.83506908615325, 11.816392241152185], [77.83505955247126, 11.816690853861399], [77.83567924180164, 11.81684016009391], [77.83607012276387, 11.817176098819433], [77.83622266167598, 11.817409389358588], [77.83632753217805, 11.817670674526491], [77.83639426795206, 11.818053270215396], [77.83634659954204, 11.818174580931968], [77.83620359431197, 11.818510518020451], [77.83600338698984, 11.818753138994705], [77.8355934386636, 11.81910773849343], [77.83532649556741, 11.819350358938484], [77.83497374933323, 11.819536989903767]]]}, "properties": {"node": "mining", "role": "positive", "name": "Mining", "ts": "2026-07-27T18:11:35.433852+00:00"}}, {"type": "Feature", "geometry": {"type": "Polygon", "coordinates": [[[73.84023945319353, 26.551368140429712], [73.83969285542506, 26.55150459158662], [73.83998522167332, 26.55308513898634], [73.84046826156175, 26.55307376821955], [73.84023945319353, 26.551368140429712]]]}, "properties": {"node": "mining", "role": "positive", "name": "Mining", "ts": "2026-07-27T18:11:35.433907+00:00"}}, {"type": "Feature", "geometry": {"type": "Polygon", "coordinates": [[[74.60982683119788, 24.67286048054625], [74.6072022753965, 24.672300534594548], [74.60576447526184, 24.667986792620244], [74.60585576415926, 24.667509783146304], [74.605330852999, 24.666223922436128], [74.60489723073617, 24.6654150677799], [74.6046461862682, 24.66437806696011], [74.60462336404385, 24.663403278331067], [74.60471465294128, 24.66228329901596], [74.60507980853103, 24.661059606421105], [74.60535367522334, 24.660250718287926], [74.60542214189643, 24.660229977497618], [74.6057872974862, 24.66020923670387], [74.61119616465946, 24.661121828368035], [74.61370660933905, 24.661308494022663], [74.61418587605061, 24.66186848931125], [74.61539545394169, 24.66168182449428], [74.6164224540379, 24.661640343385926], [74.61644527626224, 24.661640343385926], [74.61891007649311, 24.661889229829235], [74.6197088543457, 24.661972191866703], [74.61929805430724, 24.66431584663685], [74.61984578769186, 24.665435807708377], [74.62018812105724, 24.6654150677799], [74.6203935210765, 24.665809125831565], [74.61854492090336, 24.66736460598787], [74.61160696469796, 24.667260907914127], [74.61121898688384, 24.668297884772795], [74.61115052021077, 24.66981185550726], [74.61108205353769, 24.670869550186335], [74.61099076464025, 24.67161615279537], [74.61085383129407, 24.672632354721234], [74.61046585347998, 24.672819003154554], [74.60982683119788, 24.67286048054625]]]}, "properties": {"node": "mining", "role": "positive", "name": "Mining", "ts": "2026-07-27T18:11:35.433975+00:00"}}, {"type": "Feature", "geometry": {"type": "Polygon", "coordinates": [[[73.78186281036484, 26.545518220678115], [73.78183020200818, 26.54556683861891], [73.78202585214804, 26.545596009373487], [73.78256932475867, 26.545596009373487], [73.78278671380293, 26.545800204447822], [73.78287366942064, 26.545994675609176], [73.78325410024812, 26.546315552304495], [73.78360192271892, 26.546383616942627], [73.78397148409415, 26.546276658207418], [73.78405843971188, 26.546383616942627], [73.7840801786163, 26.54651002259198], [73.78411278697293, 26.546558640112337], [73.78472147629687, 26.54683089784542], [73.78534103507302, 26.547035090721067], [73.7855801630217, 26.547171219102847], [73.78583016042259, 26.547443475381648], [73.78592798549253, 26.547667113984286], [73.78604754946687, 26.547861581979898], [73.786156243989, 26.5481921768156], [73.786156243989, 26.54825051698179], [73.78617798289343, 26.54855194070096], [73.78617798289343, 26.54855194070096], [73.786156243989, 26.54877557714191], [73.78613450508458, 26.54890198015474], [73.78598233275359, 26.549057552902337], [73.78581929097038, 26.549222848715395], [73.78555842411728, 26.549368697764336], [73.78519973219424, 26.549378421027672], [73.78509103767212, 26.549281188357234], [73.78473234574909, 26.549018659735225], [73.78447147889597, 26.548824193701797], [73.78446060944376, 26.548824193701797], [73.78430843711278, 26.549174232324518], [73.7839932229986, 26.54933952796939], [73.78362366162335, 26.549485376869924], [73.78362366162335, 26.549485376869924], [73.78329757805696, 26.549621502343065], [73.78324323079589, 26.549640948826035], [73.78312366682155, 26.549670118544306], [73.78299323339499, 26.549310358167023], [73.78294975558613, 26.54879502376834], [73.78294975558613, 26.54879502376834], [73.78288453887286, 26.54870751392344], [73.78278671380293, 26.548590834026378], [73.78267801928082, 26.548444983988077], [73.78262367201975, 26.548357473876063], [73.78258019421091, 26.548231070263032], [73.78249323859318, 26.548094943139322], [73.78244976078435, 26.54790047553945], [73.78238454407106, 26.54757960327867], [73.7822541106445, 26.547482369083], [73.7822323717401, 26.547482369083], [73.78213454667015, 26.547171219102847], [73.78209106886129, 26.546889238704125], [73.78203672160024, 26.546714216038954], [73.78199324379139, 26.54653919310667], [73.78190628817369, 26.546296105257614], [73.78185194091262, 26.546150252300848], [73.78180846310376, 26.546014122707184], [73.78178672419934, 26.545868269391804], [73.78175411584269, 26.5457904808811], [73.78173237693828, 26.54562518012066], [73.78171063803386, 26.545527944267924], [73.78186281036484, 26.545518220678115]]]}, "properties": {"node": "mining", "role": "positive", "name": "Mining", "ts": "2026-07-27T18:11:35.434053+00:00"}}, {"type": "Feature", "geometry": {"type": "Polygon", "coordinates": [[[77.33511185657855, 27.007030438255455], [77.33329410120943, 27.00633958740659], [77.33283648447316, 27.00558077912275], [77.33279834974513, 27.00519571027343], [77.33197209730461, 27.004901244969314], [77.33178142366451, 27.00484461693779], [77.33185769312055, 27.004686058297786], [77.33198480888063, 27.004697383922352], [77.33260767610501, 27.004629430157877], [77.33312885072134, 27.004357614689273], [77.33348477484957, 27.004267009387032], [77.3339296800098, 27.004312312047286], [77.33480677875437, 27.004527499434168], [77.33498474081846, 27.004210381036064], [77.33434916201809, 27.003791330352342], [77.33413306522593, 27.003621444495074], [77.33405679576991, 27.003496861369932], [77.334196623106, 27.003179740064816], [77.33452712408219, 27.002941898499003], [77.33487033663438, 27.002681404778222], [77.33578557010696, 27.002579472288403], [77.33637030260334, 27.002545494771272], [77.33703130455574, 27.002590798125176], [77.33825161585249, 27.002715382254287], [77.33854398210066, 27.002772011358253], [77.33921769562906, 27.00320239161628], [77.33984056285347, 27.00364409595754], [77.34005665964558, 27.003983867346918], [77.34038716062179, 27.004323637709486], [77.34043800692581, 27.00501450094678], [77.34008208279758, 27.005410895969458], [77.33968802394133, 27.005173059123564], [77.33925583035709, 27.004991849760422], [77.33868380943673, 27.004991849760422], [77.33860753998069, 27.005218361418716], [77.33811178851639, 27.005173059123564], [77.33755247917202, 27.005173059123564], [77.33720926661984, 27.005365593751886], [77.33812450009238, 27.005807289594472], [77.33830246215652, 27.006033799609817], [77.33814992324442, 27.006316936487206], [77.3379973843323, 27.006554770913134], [77.33752705602004, 27.006668025224812], [77.33670080357953, 27.006747303175104], [77.33635759102732, 27.00682658106948], [77.33598895532309, 27.006985136690517], [77.33582370483498, 27.007041763643837], [77.33555676173881, 27.007132366709815], [77.33511185657855, 27.007030438255455]]]}, "properties": {"node": "mining", "role": "positive", "name": "Mining", "ts": "2026-07-27T18:11:35.434126+00:00"}}, {"type": "Feature", "geometry": {"type": "Polygon", "coordinates": [[[71.35179226603948, 20.94877662271695], [71.35156404379589, 20.949970184338547], [71.35125594376703, 20.950748125628355], [71.35110759930868, 20.95105716967588], [71.35070821038238, 20.95150474957869], [71.3502517658952, 20.95211217730548], [71.34953286582787, 20.952474501442126], [71.34899654355542, 20.952772885366482], [71.34896231021887, 20.952804855037368], [71.34882537687271, 20.953188490555245], [71.34978391029581, 20.953561468587942], [71.35050281036315, 20.953614751088143], [71.3506397437093, 20.953614751088143], [71.35130158821576, 20.953561468587942], [71.35147275489845, 20.953550812085624], [71.35231717719977, 20.953476216548157], [71.35244269943375, 20.953476216548157], [71.35295619948182, 20.95339096445979], [71.3529790217062, 20.95339096445979], [71.35315018838888, 20.953337681879898], [71.35383485511969, 20.953103238302948], [71.35442823295304, 20.952730259128003], [71.35497596633766, 20.952410561952355], [71.35536394415179, 20.95225071310838], [71.3558774441999, 20.951909701670523], [71.35648223314543, 20.95151540622672], [71.35696149985698, 20.95111045306784], [71.3572239554371, 20.950705498813097], [71.357406533232, 20.950343170393115], [71.357406533232, 20.950087408627304], [71.3564936442576, 20.949789019348056], [71.35514713302038, 20.949448002300393], [71.35434835516777, 20.949256179869597], [71.35429129960688, 20.949234866251], [71.35396037735366, 20.949234866251], [71.35396037735366, 20.949234866251], [71.35179226603948, 20.94877662271695]]]}, "properties": {"node": "mining", "role": "positive", "name": "Mining", "ts": "2026-07-27T18:11:35.434193+00:00"}}, {"type": "Feature", "geometry": {"type": "Polygon", "coordinates": [[[85.31701399416767, 21.949181961303108], [85.31671917833373, 21.94892123317024], [85.31655462996127, 21.94860327138551], [85.31655462996127, 21.948253512601024], [85.31654777377909, 21.947916471503756], [85.31650663668597, 21.94744588448429], [85.31750078310283, 21.947490399539312], [85.31760362583563, 21.947522195998655], [85.31799442822017, 21.94783380092392], [85.31827553168979, 21.94813268663915], [85.31831666878291, 21.9482980274032], [85.31831666878291, 21.948635067595983], [85.31830981260072, 21.948666863799343], [85.31815897659264, 21.948940310854713], [85.31772018093277, 21.94930278637329], [85.31743907746318, 21.94937909689101], [85.31701399416767, 21.949181961303108]]]}, "properties": {"node": "mining", "role": "positive", "name": "Mining", "ts": "2026-07-27T18:11:35.434256+00:00"}}, {"type": "Feature", "geometry": {"type": "Polygon", "coordinates": [[[74.16498143112892, 15.288506806049435], [74.16503863322097, 15.28811136528597], [74.16524837422509, 15.287761905385688], [74.1654199805012, 15.287568782559264], [74.16547718259322, 15.287467622912509], [74.16595386669353, 15.287596371545364], [74.1662398771537, 15.287522800907704], [74.16662122443392, 15.287357266878553], [74.16675469598201, 15.287651549506657], [74.16697397066815, 15.287771101706321], [74.16704070644221, 15.287771101706321], [74.16705024012418, 15.287771101706321], [74.1670693074882, 15.288148150504746], [74.1670693074882, 15.28826770242116], [74.1670979085342, 15.288433235731317], [74.1670693074882, 15.288506806049435], [74.16498143112892, 15.288506806049435]]]}, "properties": {"node": "mining", "role": "positive", "name": "Mining", "ts": "2026-07-27T18:11:35.434317+00:00"}}, {"type": "Feature", "geometry": {"type": "Polygon", "coordinates": [[[85.32166842771409, 22.115758718238226], [85.31945616626226, 22.1133196292144], [85.32004122714207, 22.11287923364393], [85.32113821629176, 22.1120661920542], [85.3222352054414, 22.11162579256917], [85.32303966415112, 22.111710484884647], [85.32420978591078, 22.11128702279863], [85.32448403319817, 22.111066822011384], [85.32479484679061, 22.110914375111108], [85.32536162451792, 22.11121926874687], [85.32559930550033, 22.111405592310888], [85.32603810116021, 22.112557405241866], [85.32618436638016, 22.11269291202699], [85.32684255986995, 22.112709850365977], [85.32689740932744, 22.11162579256917], [85.32625749899015, 22.110473972029045], [85.32583698648278, 22.110067444886468], [85.32669629465002, 22.109186632057543], [85.32804924793459, 22.110287647234156], [85.32826864576452, 22.110744989473062], [85.32828692891704, 22.1117782387004], [85.32865259196691, 22.11252352852523], [85.3293473517617, 22.113692270545865], [85.32969473165906, 22.11442061212298], [85.3302432262339, 22.1165548006614], [85.32976786426906, 22.116656427881242], [85.3295484664391, 22.116690303604905], [85.32814066369707, 22.116232980648626], [85.32689740932744, 22.11591115990126], [85.32655002943007, 22.115640152386355], [85.32625749899015, 22.1165548006614], [85.32572728756782, 22.11645317336831], [85.32527020875546, 22.116182166895243], [85.32532505821294, 22.11553852443396], [85.32536162451794, 22.115369144350524], [85.32494111201058, 22.115233640137266], [85.32435605113076, 22.114962631320076], [85.32399038808086, 22.114962631320076], [85.3238989723184, 22.11521670210145], [85.32393553862339, 22.11533526830942], [85.32166842771409, 22.115758718238226]]]}, "properties": {"node": "mining", "role": "positive", "name": "Mining", "ts": "2026-07-27T18:11:35.434384+00:00"}}, {"type": "Feature", "geometry": {"type": "Polygon", "coordinates": [[[76.42964609936917, 15.219263661706552], [76.42849252384647, 15.21850011680745], [76.42860692803053, 15.218141341742312], [76.4292170836789, 15.217184605247478], [76.42967470041516, 15.21690862275868], [76.4297128351432, 15.21666023820959], [76.42976050355324, 15.216200266048999], [76.43005604769542, 15.21589668387278], [76.43018951924351, 15.215694295512247], [76.43053273179572, 15.215455109017293], [76.4319723177786, 15.214792744998535], [76.43292568597919, 15.214461562208202], [76.43356444267359, 15.214176376610453], [76.4337837173597, 15.214001585246818], [76.4344320077361, 15.214433963618843], [76.43422226673195, 15.214857141591754], [76.43374558263167, 15.215372313628842], [76.43255387238095, 15.216356656696291], [76.43186744727655, 15.216973018705069], [76.43166723995442, 15.217230602293785], [76.43105708430605, 15.217745768526209], [76.4308473433019, 15.218030949291625], [76.4303801928836, 15.218463319393], [76.42993210982935, 15.21907047590933], [76.42964609936917, 15.219263661706552]]]}, "properties": {"node": "mining", "role": "positive", "name": "Mining", "ts": "2026-07-27T18:11:35.434447+00:00"}}, {"type": "Feature", "geometry": {"type": "Polygon", "coordinates": [[[74.7735945487592, 24.421751546242586], [74.7735945487592, 24.420993064979033], [74.77356031542267, 24.420722919866265], [74.77366301543229, 24.420608627529077], [74.77374289321756, 24.42014106688988], [74.77413087103164, 24.419621553036695], [74.77435909327527, 24.41957999183604], [74.77461013774322, 24.419621553036695], [74.77534044892273, 24.41950725970197], [74.77558008227851, 24.4194449178394], [74.77575124896123, 24.419330624344706], [74.77594523786826, 24.41913320806459], [74.77608217121443, 24.419018914287573], [74.77627616012148, 24.418915010764103], [74.77653861570163, 24.418883839690373], [74.77678966016957, 24.418883839690373], [74.77709776019843, 24.418883839690373], [74.77730316021768, 24.418748764948603], [74.77747432690037, 24.41854095737126], [74.77766831580743, 24.418457834244506], [74.77789653805104, 24.41831236864095], [74.7783643936504, 24.41831236864095], [74.77858120478183, 24.418353930259077], [74.77862684923056, 24.418499395814724], [74.77876378257672, 24.41863447082341], [74.77888930481068, 24.41883188788373], [74.77896918259596, 24.419018914287573], [74.77917458261518, 24.419174769412383], [74.77953973820493, 24.419756626844272], [74.77973372711199, 24.419995603226575], [74.78028146049664, 24.419870919953137], [74.78055532718896, 24.419735846267905], [74.78077213832037, 24.41957999183604], [74.78103459390051, 24.419496869393683], [74.78131987170502, 24.4194449178394], [74.78159373839733, 24.41943452752598], [74.78173067174349, 24.419787797702412], [74.78190183842618, 24.42018262790573], [74.78218711623069, 24.420525505764278], [74.78240392736211, 24.420598237311474], [74.78266638294225, 24.421034625714274], [74.78304294964418, 24.421471012607906], [74.78305436075635, 24.421533353469513], [74.78304294964418, 24.421720375869533], [74.78302012741982, 24.422021689153166], [74.78306577186855, 24.422354171941453], [74.7830885940929, 24.422645093662528], [74.78288319407368, 24.422821724380203], [74.78266638294225, 24.422987964829794], [74.78224417179158, 24.42261392351021], [74.78177631619221, 24.42336200504053], [74.78144539393901, 24.42325810509321], [74.78062379386205, 24.42329966508241], [74.78005323825305, 24.423455514919954], [74.77989348268252, 24.42353863475459], [74.7795169159806, 24.423580194651375], [74.77917458261518, 24.423403564995493], [74.77888930481068, 24.423278885089527], [74.77879801591327, 24.422987964829794], [74.77886648258632, 24.422561973239233], [74.77898059370813, 24.422364562014465], [74.77860402700618, 24.422406122297986], [74.77844427143567, 24.422655483711587], [74.77844427143567, 24.42266587375979], [74.77806770473376, 24.422115200025928], [74.77806770473376, 24.42209441983796], [74.77821604919208, 24.42178271660794], [74.77790794916321, 24.422032079253558], [74.77766831580743, 24.42200090894981], [74.77750856023692, 24.421813886965584], [74.77717763798371, 24.421907397992346], [74.77647014902854, 24.42184505731554], [74.77603652676571, 24.421813886965584], [74.77573983784904, 24.42169959561655], [74.77534044892273, 24.42169959561655], [74.77496388222079, 24.421772326487005], [74.7743362710509, 24.421907397992346], [74.77370865988101, 24.421907397992346], [74.77349184874959, 24.421948958426437], [74.7735945487592, 24.421751546242586]]]}, "properties": {"node": "mining", "role": "positive", "name": "Mining", "ts": "2026-07-27T18:11:35.434528+00:00"}}, {"type": "Feature", "geometry": {"type": "Polygon", "coordinates": [[[70.52707182045995, 20.857989068423066], [70.52691206488942, 20.857242635990364], [70.5270946426843, 20.857221309294992], [70.52724298714264, 20.85700804217488], [70.52783636497598, 20.85701870553807], [70.52793906498562, 20.857413249444487], [70.5283384539119, 20.857605189349005], [70.52860090949206, 20.85769049589459], [70.52868078727731, 20.85771182252343], [70.52877207617476, 20.85779712900853], [70.52864655394076, 20.858074374750878], [70.52863514282859, 20.858106364611334], [70.52863514282859, 20.858138354464987], [70.52863514282859, 20.85814901774802], [70.52863514282859, 20.858244987261337], [70.52707182045995, 20.857989068423066]]]}, "properties": {"node": "mining", "role": "positive", "name": "Mining", "ts": "2026-07-27T18:11:35.434587+00:00"}}, {"type": "Feature", "geometry": {"type": "Polygon", "coordinates": [[[72.83403558671979, 24.39245471928835], [72.83380042256366, 24.391777467887064], [72.83441057821203, 24.391418581057653], [72.83486183916031, 24.39149962010822], [72.8351605611965, 24.39149962010822], [72.83529403274457, 24.391528562613694], [72.83534487904859, 24.391569082110212], [72.83535123483661, 24.391650121064266], [72.83527496538056, 24.391800621841057], [72.83524954222855, 24.3919221800299], [72.83524318644054, 24.392032161147615], [72.83519869592453, 24.39219423840975], [72.83510335910447, 24.39237368085034], [72.83491268546433, 24.392512603855124], [72.83450591503208, 24.392419988535572], [72.83435973190801, 24.392379469311916], [72.83432159718, 24.39248366157505], [72.83403558671979, 24.39245471928835]]]}, "properties": {"node": "mining", "role": "positive", "name": "Mining", "ts": "2026-07-27T18:11:35.434646+00:00"}}, {"type": "Feature", "geometry": {"type": "Polygon", "coordinates": [[[73.93501029035666, 25.44669817165314], [73.93523274293686, 25.44675843306736], [73.93528676713491, 25.446709650020075], [73.93533761343895, 25.446511648037045], [73.93546472919907, 25.44642269051837], [73.93546790709307, 25.44630503692501], [73.93544248394103, 25.44619599202851], [73.93529630081692, 25.44613286072751], [73.9352613439829, 25.446115643094206], [73.93520096399683, 25.446086947033262], [73.93508020402473, 25.445986510766065], [73.93508020402473, 25.445840160626748], [73.93513740611677, 25.445768420297405], [73.9351469397988, 25.445762681069215], [73.9352708776649, 25.445682331845788], [73.935372570273, 25.445599112950717], [73.93538528184901, 25.445579025622596], [73.93512787243476, 25.44548432817349], [73.93497533352263, 25.445472849689747], [73.93489588617257, 25.445515893998127], [73.93475605883644, 25.445742593768387], [73.93469885674438, 25.445871726358114], [73.93466707780436, 25.44593485779603], [73.93466389991033, 25.44594633623573], [73.93463212097032, 25.446376776934645], [73.93447004837617, 25.446580518328943], [73.93452407257422, 25.44677278101868], [73.93456220730225, 25.44684739033799], [73.93457174098425, 25.44687321663005], [73.93457809677227, 25.447042522185303], [73.93442237996614, 25.44731226274765], [73.93441602417813, 25.447415567483837], [73.93443826943613, 25.447579133134873], [73.9345050052102, 25.447728350727978], [73.93459080834829, 25.447825915977326], [73.9347115683204, 25.44786322031648], [73.93477830409444, 25.447871829008484], [73.93480054935247, 25.447871829008484], [73.93483868408049, 25.447785742060702], [73.9347083904264, 25.447736959429626], [73.93463212097032, 25.447607828840223], [73.9347083904264, 25.447381132581626], [73.9347083904264, 25.447223305820465], [73.93472110200241, 25.447131479246046], [73.93485775144453, 25.447117131337464], [73.93492448721858, 25.44707121801853], [73.9349308430066, 25.447013826345238], [73.93501029035666, 25.44669817165314]]]}, "properties": {"node": "mining", "role": "positive", "name": "Mining", "ts": "2026-07-27T18:11:35.434718+00:00"}}, {"type": "Feature", "geometry": {"type": "Polygon", "coordinates": [[[80.81900287001005, 24.150005985222915], [80.8181257712655, 24.149031663284344], [80.8181257712655, 24.148405309543964], [80.81824017544959, 24.14802253630248], [80.8187359269139, 24.147952941044498], [80.81911727419414, 24.14753536870067], [80.81911727419414, 24.14697860345325], [80.81919354365017, 24.146561027925955], [80.81934608256228, 24.14614345103435], [80.81938421729028, 24.145865065682003], [80.81965116038646, 24.14534309151205], [80.81976556457053, 24.144855913696855], [80.81991810348264, 24.142524394160045], [80.81999437293865, 24.14182840993707], [80.82117654950737, 24.14158481456382], [80.82361717210088, 24.1419676070848], [80.82365530682891, 24.142524394160045], [80.8280408005516, 24.143568363389583], [80.82903230348019, 24.142941982874984], [80.8298331327687, 24.14297678187299], [80.83158733025778, 24.14311597777026], [80.83238815954628, 24.143324771331972], [80.83372287502709, 24.14388155249584], [80.83479064741175, 24.14395114997081], [80.83604909343653, 24.144299136777185], [80.83677365326896, 24.143359570225755], [80.83757448255746, 24.14322037459374], [80.83807023402176, 24.14377715621235], [80.8379558298377, 24.14402074740787], [80.8379558298377, 24.14405554611219], [80.83932868004652, 24.14461232409293], [80.84047272188722, 24.144751518209162], [80.84054899134327, 24.145865065682003], [80.84119728171967, 24.146108652898466], [80.84176930264003, 24.146735017894795], [80.84176930264003, 24.148579297002012], [80.83913800640643, 24.148509702047225], [80.83799396456573, 24.148509702047225], [80.83566774615629, 24.148927271207473], [80.83425676121942, 24.149240447182265], [80.83398981812324, 24.149344839003312], [80.83307458465069, 24.149379636258036], [80.8332271235628, 24.148092131522574], [80.83265510264242, 24.14739617761621], [80.83246442900233, 24.14697860345325], [80.83231189009022, 24.146456633830958], [80.83189240808198, 24.14621304727769], [80.83151106080173, 24.14614345103435], [80.83135852188963, 24.14614345103435], [80.83093903988137, 24.146282643483147], [80.83067209678522, 24.146700219919982], [80.83040515368906, 24.14729178420338], [80.82981787887753, 24.149111697152197], [80.82943653159731, 24.149442271292674], [80.82884544331291, 24.149268285009548], [80.82813995084447, 24.149668453106607], [80.82779673829228, 24.149877235964134], [80.8275297951961, 24.15001642434632], [80.82674803327164, 24.149825040281737], [80.82644295544746, 24.14958146014862], [80.82600440607519, 24.14897250778459], [80.82573746297903, 24.14878112215659], [80.82415487176604, 24.148450546305853], [80.82348751402563, 24.148224362336332], [80.82285829101323, 24.14818956476703], [80.82213373118081, 24.14815476718825], [80.82121849770824, 24.148328754987396], [80.82085621779203, 24.14888551435285], [80.82072274624394, 24.149303082285126], [80.82034139896369, 24.1498946345202], [80.81900287001005, 24.150005985222915]]]}, "properties": {"node": "mining", "role": "positive", "name": "Mining", "ts": "2026-07-27T18:11:35.434796+00:00"}}, {"type": "Feature", "geometry": {"type": "Polygon", "coordinates": [[[79.61175796113346, 16.679206657285288], [79.60992749418834, 16.675444001959114], [79.60992749418834, 16.67369050623048], [79.61160542222134, 16.67328866119547], [79.61568583811987, 16.67285028383094], [79.61587651175998, 16.67295987826625], [79.61618158958417, 16.673325192597176], [79.61648666740835, 16.67369050623048], [79.61698241887265, 16.675626656839764], [79.61694428414467, 16.67767237958585], [79.61175796113346, 16.679206657285288]]]}, "properties": {"node": "mining", "role": "positive", "name": "Mining", "ts": "2026-07-27T18:11:35.434854+00:00"}}, {"type": "Feature", "geometry": {"type": "Polygon", "coordinates": [[[80.04954599999994, 16.874150959017136], [80.04788699999999, 16.878785959013193], [80.05053999999998, 16.88119095901121], [80.05746299999993, 16.88286895900981], [80.06094120231194, 16.88348210153618], [80.06166576214439, 16.87970524316314], [80.04954599999994, 16.874150959017136]]]}, "properties": {"node": "mining", "role": "positive", "name": "Mining", "ts": "2026-07-27T18:11:35.434908+00:00"}}, {"type": "Feature", "geometry": {"type": "Polygon", "coordinates": [[[80.85270157579642, 24.277973266130797], [80.85253950320232, 24.27651324758731], [80.85239649797225, 24.27629598148875], [80.85235836324422, 24.27608740568455], [80.85235836324422, 24.275896210896537], [80.85266344106843, 24.275322624805998], [80.85302572098463, 24.275426913378723], [80.8534642703569, 24.275557273974236], [80.85385515131915, 24.275539892569228], [80.85357867454097, 24.275574655376865], [80.85386468500116, 24.27521833614766], [80.85464644692563, 24.275583346077276], [80.85518033311794, 24.27583537613092], [80.85570468562828, 24.27618300297065], [80.85594302767844, 24.27629598148875], [80.85620043709258, 24.27670444144665], [80.85641017809672, 24.276878253796355], [80.8564387791427, 24.277060756507595], [80.85638157705068, 24.27747790457727], [80.85620997077459, 24.277686478098413], [80.85617183604657, 24.278034099872617], [80.85602883081646, 24.278207910402973], [80.85594302767844, 24.27828612506405], [80.85594302767844, 24.278451244745934], [80.85582862349435, 24.278598983226733], [80.85452250905956, 24.278772792984142], [80.85437950382948, 24.278451244745934], [80.85437950382948, 24.27833826814467], [80.85383608395513, 24.27824267248051], [80.85370261240703, 24.278034099872617], [80.85270157579642, 24.277973266130797]]]}, "properties": {"node": "mining", "role": "positive", "name": "Mining", "ts": "2026-07-27T18:11:35.434974+00:00"}}, {"type": "Feature", "geometry": {"type": "Polygon", "coordinates": [[[82.9107875622288, 18.781081299287298], [82.90300807771203, 18.774311613052983], [82.898031495705, 18.762342142513873], [82.90460973628903, 18.765646017919718], [82.9087854890076, 18.77057462977497], [82.91610735678809, 18.768354064243674], [82.91873865302169, 18.767000046517992], [82.92096953461105, 18.765916824509148], [82.92440166013319, 18.76759581565684], [82.92680414799865, 18.77144118399974], [82.9281769982075, 18.773445073583822], [82.92846300866766, 18.774474088707507], [82.9107875622288, 18.781081299287298]]]}, "properties": {"node": "mining", "role": "positive", "name": "Mining", "ts": "2026-07-27T18:11:35.435031+00:00"}}, {"type": "Feature", "geometry": {"type": "Polygon", "coordinates": [[[85.95312062787363, 23.77296724027643], [85.95279874939058, 23.772218546788764], [85.95267133915773, 23.771954661991423], [85.9525103999162, 23.77165395540698], [85.95240981289028, 23.771445301450076], [85.95244334189893, 23.771359385017607], [85.95730504815296, 23.773304764619773], [85.95853891567128, 23.774047315092115], [85.95912232042176, 23.774832818415643], [85.95925643645637, 23.77516420120741], [85.95957160913765, 23.775311482177173], [85.95994042823281, 23.77544648958628], [85.96018183709506, 23.775550813397327], [85.96017513129335, 23.775728777352438], [85.9598063121982, 23.775968107804687], [85.95913573202522, 23.775998791164145], [85.95871997231801, 23.775624453684145], [85.95846515185224, 23.775409669397693], [85.95820362558479, 23.774943279440045], [85.95786833549832, 23.77471622056589], [85.95731845975646, 23.77428051188642], [85.95698316967, 23.774151640025465], [85.95569565573788, 23.773752750122757], [85.95481719571129, 23.773458184486294], [85.95312062787363, 23.77296724027643]]]}, "properties": {"node": "mining", "role": "positive", "name": "Mining", "ts": "2026-07-27T18:11:35.435093+00:00"}}, {"type": "Feature", "geometry": {"type": "Polygon", "coordinates": [[[70.50171176475125, 20.998127776226948], [70.50266459261829, 20.998548581955372], [70.50348619269523, 20.998793607529255], [70.50390840384588, 20.998750994414866], [70.50390840384588, 20.998750994414866], [70.50412521497732, 20.998766974334192], [70.50444472611835, 20.998836220631492], [70.50471288725458, 20.99885752717804], [70.5052035650783, 20.998788280890626], [70.5053804373171, 20.998665768149596], [70.5056086595607, 20.998665768149596], [70.50594528737, 20.99869772800477], [70.5066299541008, 20.998830893994377], [70.50669842077389, 20.998841547268412], [70.50756566529955, 20.99907059247629], [70.50771400975789, 20.9992410444959], [70.50789658755278, 20.999470089090767], [70.5079878764502, 20.999619234219416], [70.50806775423547, 20.99971511315198], [70.5085127876105, 21.00038093737373], [70.5090205821025, 21.000210486655813], [70.50902628765859, 21.00019983347948], [70.50904340432685, 21.000178527124536], [70.50903769877075, 20.99993350382405], [70.5091346932243, 20.99979501221541], [70.50917463211692, 20.99969913333417], [70.50873530429799, 20.99931561719329], [70.50848996538612, 20.99920375813325], [70.50826174314253, 20.999038632700938], [70.50814763202072, 20.99892144679945], [70.50801069867458, 20.998766974334192], [70.50796505422586, 20.998719034571092], [70.50785664866014, 20.99853792866043], [70.50726897638286, 20.998244962751507], [70.50642455408156, 20.998154409536063], [70.50569424290205, 20.998202349480497], [70.50564289289724, 20.998202349480497], [70.50526632619531, 20.998244962751507], [70.50522638730267, 20.9982343094349], [70.50502098728342, 20.99786676954616], [70.5048612317129, 20.996774797871907], [70.5048612317129, 20.99675349102808], [70.50477564837156, 20.996460521617127], [70.50460448168886, 20.996375294044164], [70.50433632055264, 20.996316700059523], [70.50430208721609, 20.996295393150334], [70.50428497054781, 20.996290066422553], [70.50409668719685, 20.996172878363385], [70.50375435383147, 20.996098304096023], [70.50369729827055, 20.996098304096023], [70.50349189825133, 20.996098304096023], [70.50324085378337, 20.996076997155644], [70.50316097599809, 20.996082323891027], [70.50314956488593, 20.996098304096023], [70.50301263153978, 20.996226145674406], [70.50297269264713, 20.996290066422553], [70.50289852041797, 20.996412581113322], [70.50243066481858, 20.997147667146546], [70.50243066481858, 20.997238220972694], [70.5023051425846, 20.997504555437107], [70.5021282703458, 20.99760043572798], [70.50196280921921, 20.997706969312265], [70.5019057536583, 20.997749582724694], [70.50189434254612, 20.997765562751226], [70.50174599808777, 20.998010589610395], [70.50168894252688, 20.998085162922486], [70.5016718258586, 20.998101142913082], [70.50171176475125, 20.998127776226948]]]}, "properties": {"node": "mining", "role": "positive", "name": "Mining", "ts": "2026-07-27T18:11:35.435227+00:00"}}, {"type": "Feature", "geometry": {"type": "Polygon", "coordinates": [[[74.3336065437692, 25.563836929145463], [74.3334921395851, 25.56381972837859], [74.33322519648887, 25.563756658878933], [74.3331679943968, 25.563664921365596], [74.3331616386088, 25.56357318378199], [74.33330146594491, 25.563292236995153], [74.33351756273714, 25.5632865033804], [74.33374637110533, 25.563292236995153], [74.33424212256979, 25.5629826214056], [74.33413407417368, 25.562839280583855], [74.33450906566603, 25.56252393017224], [74.33476329718626, 25.562627135852885], [74.3350429518585, 25.562908084199695], [74.33506201922252, 25.562919551465157], [74.3352463370747, 25.563005555921155], [74.3354751454429, 25.56307435944149], [74.3356848864471, 25.563171831027642], [74.33575480011513, 25.56324636806942], [74.33585649272324, 25.56332090506482], [74.33596454111934, 25.56349291333871], [74.33546243386688, 25.563739458100528], [74.33534802968278, 25.563550249375112], [74.33518277919462, 25.56349864694359], [74.33489041294636, 25.56357318378199], [74.33465524879014, 25.5637165237255], [74.33417856468972, 25.563733724507188], [74.3341467857497, 25.563733724507188], [74.3336065437692, 25.563836929145463]]]}, "properties": {"node": "mining", "role": "positive", "name": "Mining", "ts": "2026-07-27T18:11:35.435290+00:00"}}, {"type": "Feature", "geometry": {"type": "Polygon", "coordinates": [[[78.10511730254622, 9.37094304779614], [78.10391605861349, 9.369889523381039], [78.10424020380171, 9.369701393684824], [78.10365864919933, 9.36918403649467], [78.10382072179345, 9.368657272018218], [78.10421160275567, 9.36818694591762], [78.10448807953384, 9.367820091116975], [78.10485989313207, 9.36752848830671], [78.10519357200228, 9.367274511466027], [78.10566072242057, 9.367105193469069], [78.1060611370648, 9.367302731124164], [78.10638528225303, 9.367575521034604], [78.1068905673993, 9.367867123805384], [78.10710984208546, 9.368055254495307], [78.10725284731555, 9.368177539389105], [78.10727191467956, 9.368346856863289], [78.10692870212733, 9.368600832919778], [78.10644248434507, 9.368911247847693], [78.10628041175097, 9.369033532440078], [78.10639481593502, 9.36932513398661], [78.106375748571, 9.369532076871078], [78.1060134686548, 9.369936555789167], [78.10595626656276, 9.37002121410774], [78.10573699187663, 9.370322221295512], [78.10511730254622, 9.37094304779614]]]}, "properties": {"node": "mining", "role": "positive", "name": "Mining", "ts": "2026-07-27T18:11:35.435355+00:00"}}, {"type": "Feature", "geometry": {"type": "Polygon", "coordinates": [[[79.72709644603947, 21.685092179980117], [79.72726805231558, 21.68154411826788], [79.72772566905185, 21.681464385540394], [79.72824048788017, 21.681477674331376], [79.72949893390495, 21.67931158522377], [79.7294417318129, 21.679484341991436], [79.72979924488814, 21.677889656269915], [79.72987074750318, 21.67710559598708], [79.72984214645714, 21.676773365767236], [79.72902701664563, 21.67559061996946], [79.72848359677133, 21.675152071308634], [79.72816898526513, 21.674726810727073], [79.72782577271289, 21.674035759606532], [79.72741105754565, 21.673132072373853], [79.72776857062085, 21.672401144733307], [79.72789727532795, 21.67149744725496], [79.72789727532795, 21.671218363065485], [79.72743965859166, 21.67058045431826], [79.72595240419875, 21.67038110725599], [79.72543758537041, 21.67075322154929], [79.72518017595627, 21.671005727129973], [79.72486556445007, 21.671324680915646], [79.72465105660496, 21.671763241218912], [79.72463675608192, 21.67185626899053], [79.72449375085183, 21.67209548298483], [79.72419343986869, 21.672427723985148], [79.72389312888549, 21.672999176714825], [79.72383592679344, 21.67335799471306], [79.72317810273506, 21.672706805833776], [79.72272048599875, 21.672534040943564], [79.72252027867663, 21.67262706821786], [79.72219136664744, 21.672720095432144], [79.72193395723329, 21.672946018416912], [79.72184815409524, 21.672999176714825], [79.72161934572709, 21.673158651490958], [79.7213190347439, 21.674035759606532], [79.72174805043416, 21.67497930934867], [79.72194825775628, 21.675603909301998], [79.72220566717043, 21.676042456588256], [79.72256318024567, 21.67656073802468], [79.7226489833837, 21.67682652265387], [79.72272048599875, 21.67707901759767], [79.72280628913683, 21.677397957947125], [79.72293499384391, 21.677942812744888], [79.72320670378106, 21.678700290383173], [79.72330680744213, 21.678952782044657], [79.72353561581025, 21.6794046081244], [79.72410763673061, 21.68040127829196], [79.7245652534669, 21.681344786366445], [79.72489416549611, 21.681690294820374], [79.7250371707262, 21.681863048736716], [79.72513727438727, 21.68295272251298], [79.72529458014034, 21.68477325665811], [79.72709644603947, 21.685092179980117]]]}, "properties": {"node": "mining", "role": "positive", "name": "Mining", "ts": "2026-07-27T18:11:35.435431+00:00"}}, {"type": "Feature", "geometry": {"type": "Polygon", "coordinates": [[[76.531087336016, 15.026922427211169], [76.52939034061896, 15.027290733661856], [76.52891365651864, 15.02697767321929], [76.52857044396646, 15.026701443035678], [76.52855137660245, 15.025964827464923], [76.52853230923843, 15.025301871277716], [76.52828443350626, 15.024859899342328], [76.52803655777413, 15.024675744099158], [76.5279793556821, 15.024638913031461], [76.5276552104939, 15.02401278390831], [76.52757894103785, 15.023607640555896], [76.52765521049386, 15.023239327750114], [76.52822723141422, 15.022355374423723], [76.52868484815052, 15.021489833245314], [76.52893272388266, 15.020937358318085], [76.52908526279477, 15.020587456791466], [76.52931407116289, 15.020421713762937], [76.53001956363131, 15.020219138775573], [76.53041997827559, 15.019832404175123], [76.53085852764785, 15.019372004928023], [76.53087759501186, 15.019224676959304], [76.53118267283602, 15.018414371314478], [76.53164028957234, 15.018046049550437], [76.53286060086909, 15.017585646452083], [76.53408091216583, 15.017401484934839], [76.53472920254224, 15.017125242361205], [76.5361783222071, 15.01734623644869], [76.53692194940358, 15.01817496224011], [76.53716982513572, 15.018561699842236], [76.53694101676759, 15.019482500837857], [76.53593044647496, 15.02147141743744], [76.53490080881832, 15.02276052015264], [76.53379490170565, 15.022539531668539], [76.53385210379768, 15.023239327750114], [76.53436692262599, 15.02397595272623], [76.53429065316995, 15.024473173148172], [76.5335470259735, 15.025633349628711], [76.53310847660121, 15.026222643203866], [76.53299407241714, 15.027161826476418], [76.53261272513691, 15.02747488664886], [76.53190723266849, 15.027235487734773], [76.53188816530448, 15.026683027677395], [76.531087336016, 15.026922427211169]]]}, "properties": {"node": "mining", "role": "positive", "name": "Mining", "ts": "2026-07-27T18:11:35.435498+00:00"}}, {"type": "Feature", "geometry": {"type": "Polygon", "coordinates": [[[73.91794394796834, 16.497404168711476], [73.91879244566687, 16.49763269870446], [73.91960280863736, 16.494442395582848], [73.9196695444114, 16.494122448241434], [73.91945026972527, 16.493756793489183], [73.91938353395122, 16.49366537969316], [73.91910705717305, 16.493765934866403], [73.91880197934887, 16.49405845870967], [73.91873524357483, 16.494250427241486], [73.91867804148279, 16.49451552632946], [73.91858270466274, 16.494890320972047], [73.91857317098074, 16.495118853934397], [73.91842063206863, 16.49546622352021], [73.91830622788457, 16.495987276729586], [73.91814415529046, 16.496599740988596], [73.9180106837424, 16.49693796668869], [73.91788674587632, 16.49707508504731], [73.9178676785123, 16.497367603887547], [73.91794394796834, 16.497404168711476]]]}, "properties": {"node": "mining", "role": "positive", "name": "Mining", "ts": "2026-07-27T18:11:35.435559+00:00"}}, {"type": "Feature", "geometry": {"type": "Polygon", "coordinates": [[[75.10945096688332, 25.488892233345766], [75.1069519333159, 25.487779779151023], [75.10652972216525, 25.487038137300722], [75.10624444436075, 25.4868527261231], [75.10565106652741, 25.48629649087415], [75.10555977762995, 25.486214085433154], [75.10508051091841, 25.48545183242576], [75.10476099977737, 25.484905891490175], [75.10469253310428, 25.48466897295417], [75.1046354775434, 25.484401151438156], [75.10449854419723, 25.48397881629666], [75.10412197749531, 25.483257752869736], [75.10405351082223, 25.482783908834204], [75.10436161085109, 25.48267059802726], [75.10501204424534, 25.4827015009852], [75.10543425539598, 25.48291782146836], [75.10589069988318, 25.483216549114704], [75.10603904434151, 25.483371063123258], [75.1062786776973, 25.483618285123843], [75.10654113327743, 25.483710993242987], [75.1070774555499, 25.483947913667073], [75.10712309999862, 25.483947913667073], [75.10735132224221, 25.483690391444906], [75.10745402225184, 25.48356678058232], [75.1075339000371, 25.483391664976054], [75.10760236671015, 25.48315474345567], [75.1079903445243, 25.482938423398835], [75.10851525568457, 25.48284571468389], [75.1090629890692, 25.482938423398835], [75.10917710019099, 25.48350497510335], [75.10943955577115, 25.483937612788782], [75.11011281138974, 25.484123028463028], [75.11019268917502, 25.484473257289636], [75.11045514475515, 25.48466897295417], [75.11051220031604, 25.484689574584536], [75.11084312256926, 25.484885289896887], [75.11096864480324, 25.48496769624885], [75.11115122259812, 25.485132508783312], [75.1109914670276, 25.485585742087878], [75.11095723369107, 25.485843260249563], [75.11092300035452, 25.485925665944784], [75.11092300035452, 25.48665701401421], [75.11093441146672, 25.487027836687243], [75.11093441146672, 25.487326554119626], [75.11085453368146, 25.487748877498625], [75.11076324478401, 25.487923986757142], [75.10945096688332, 25.488892233345766]]]}, "properties": {"node": "mining", "role": "positive", "name": "Mining", "ts": "2026-07-27T18:11:35.435625+00:00"}}, {"type": "Feature", "geometry": {"type": "Polygon", "coordinates": [[[85.50470655227988, 22.1540062419674], [85.50413977455254, 22.15329503850089], [85.50360042155395, 22.152880168152222], [85.50321647535159, 22.152651565600728], [85.50310677643664, 22.15250763047039], [85.50309763486037, 22.152185892587923], [85.50329874953783, 22.151686350733886], [85.50343587318153, 22.151381544663803], [85.5036278462827, 22.15124607508742], [85.50409406667133, 22.151085204796114], [85.50499908271978, 22.151076737933582], [85.50505393217728, 22.151093671658135], [85.505081356906, 22.151119072241144], [85.505081356906, 22.151550881450895], [85.50505393217728, 22.152025023370864], [85.50506307375353, 22.152592298211943], [85.50503564902479, 22.152905568412788], [85.50511792321099, 22.1542179089717], [85.50491680853357, 22.15437030901766], [85.50479796804235, 22.154327975688112], [85.50470655227988, 22.1540062419674]]]}, "properties": {"node": "mining", "role": "positive", "name": "Mining", "ts": "2026-07-27T18:11:35.435690+00:00"}}, {"type": "Feature", "geometry": {"type": "Polygon", "coordinates": [[[74.02371800474438, 15.489251618476311], [74.02353686478625, 15.48697312474586], [74.02494308288213, 15.486835311819839], [74.02480007765205, 15.48781378160558], [74.02418038832165, 15.488861152583457], [74.02371800474438, 15.489251618476311]]]}, "properties": {"node": "mining", "role": "positive", "name": "Mining", "ts": "2026-07-27T18:11:35.435748+00:00"}}, {"type": "Feature", "geometry": {"type": "Polygon", "coordinates": [[[78.9440355573876, 10.976558928973123], [78.94402125686459, 10.976353025074129], [78.94391161952153, 10.976198597055703], [78.94380674901943, 10.976048848597102], [78.94382581638348, 10.975922498276118], [78.9438639511115, 10.975852303629994], [78.94431680100678, 10.975852303629994], [78.94438353678079, 10.97588506113359], [78.94444550571384, 10.97588506113359], [78.944702915128, 10.975777429322413], [78.94481731931208, 10.975618321355801], [78.94482208615305, 10.975421776102268], [78.9448506871991, 10.97528606620804], [78.94493649033713, 10.975201832449233], [78.94498892558816, 10.975150356251477], [78.94511763029527, 10.975243949331642], [78.94516529870529, 10.975520048745379], [78.94512716397726, 10.975758710742554], [78.94514623134127, 10.975805507189978], [78.94593752694774, 10.976030130034438], [78.94611866690589, 10.976301549076958], [78.94652861523213, 10.976619764188541], [78.94671928887225, 10.976647841976044], [78.9471721387675, 10.97650745301183], [78.94751058447872, 10.9764606566756], [78.94787286439497, 10.976427899235823], [78.94804447067105, 10.976455977041569], [78.94801110278404, 10.976703997543053], [78.947939600169, 10.976909901197414], [78.94779659493891, 10.97721875640984], [78.94771555864186, 10.97756036861716], [78.94762975550381, 10.978028329903697], [78.94764405602682, 10.97833250434236], [78.94764882286782, 10.97854308646255], [78.9476392891858, 10.978678794860452], [78.94689089514836, 10.97854308646255], [78.94634747527401, 10.978365261570918], [78.94627120581795, 10.978295067505277], [78.94611390006487, 10.97819679578535], [78.94578498803568, 10.978023650294501], [78.94567535069261, 10.97789262120693], [78.94554187914453, 10.977747553220741], [78.9453226044584, 10.977555689000553], [78.94528923657138, 10.97751825206501], [78.94520820027432, 10.97743401894269], [78.94514623134127, 10.977377863514464], [78.9440355573876, 10.976558928973123]]]}, "properties": {"node": "mining", "role": "positive", "name": "Mining", "ts": "2026-07-27T18:11:35.435816+00:00"}}, {"type": "Feature", "geometry": {"type": "Polygon", "coordinates": [[[85.38782601501445, 21.914336816441075], [85.3873323698971, 21.913955169471546], [85.3867770191401, 21.913369975465375], [85.38672216968261, 21.91317915081309], [85.38673588204699, 21.912956521728958], [85.38674273822917, 21.912441293085454], [85.38742150026552, 21.912307714984774], [85.38760661718453, 21.912294993254367], [85.38774374082823, 21.91220594110969], [85.38819624885247, 21.91185609285949], [85.38866246924107, 21.911919701696167], [85.38825795449212, 21.912797500741533], [85.38810026230185, 21.913573521479357], [85.38827852303868, 21.914158714649226], [85.38818253648807, 21.914374981081775], [85.38782601501445, 21.914336816441075]]]}, "properties": {"node": "mining", "role": "positive", "name": "Mining", "ts": "2026-07-27T18:11:35.435877+00:00"}}, {"type": "Feature", "geometry": {"type": "Polygon", "coordinates": [[[85.51409252407802, 21.648607921786297], [85.51464284589326, 21.64720127829781], [85.5147529102563, 21.64582019681104], [85.5147529102563, 21.645206378576162], [85.51428513671337, 21.644055462352107], [85.51423010453182, 21.643492788859213], [85.51530323207153, 21.643185875120736], [85.51585355388677, 21.643006841805356], [85.5165414561558, 21.642776655787976], [85.51728439060638, 21.643057994203833], [85.51780719633082, 21.643748549809626], [85.51775216414931, 21.644490254003895], [85.51717432624334, 21.645590015278778], [85.51687164924495, 21.64638286123382], [85.51689916533572, 21.64812199194898], [85.51725687451561, 21.648454470435436], [85.51739445496942, 21.648556771354126], [85.51835751814608, 21.648684647400543], [85.51967829050261, 21.649528626465877], [85.52020109622707, 21.65065392421027], [85.52006351577329, 21.651318868753787], [85.51896287214281, 21.652393003468312], [85.51775216414931, 21.65198381023394], [85.51687164924495, 21.650551624777844], [85.5166240044281, 21.650142426323075], [85.51651394006505, 21.65006570148367], [85.51409252407802, 21.648607921786297]]]}, "properties": {"node": "mining", "role": "positive", "name": "Mining", "ts": "2026-07-27T18:11:35.435941+00:00"}}, {"type": "Feature", "geometry": {"type": "Polygon", "coordinates": [[[76.42965229626276, 13.888734020992121], [76.43014804772706, 13.887864053833061], [76.42993830672295, 13.88692004322097], [76.42999550881495, 13.88642027134013], [76.42999550881495, 13.885994538887868], [76.43033872136718, 13.88567986657269], [76.43100607910759, 13.885328173479563], [76.4312158201117, 13.885161581828138], [76.43129208956775, 13.885124561444892], [76.43173063894001, 13.884976479852783], [76.43224545776836, 13.88493945943997], [76.43235986195243, 13.885013500259676], [76.43256960295655, 13.88547625484698], [76.43266493977661, 13.886068579370527], [76.43285561341673, 13.886475801602334], [76.43293188287278, 13.886642392309119], [76.43297001760077, 13.886790472836832], [76.433294162789, 13.887364283988035], [76.4336564427052, 13.887771503943073], [76.43369457743323, 13.88784554385802], [76.43388525107336, 13.88803064354188], [76.43401872262142, 13.88816021323261], [76.43403778998545, 13.88853041194978], [76.43375177952527, 13.88893762985556], [76.43342763433708, 13.889418886457909], [76.43338949960905, 13.889733553695917], [76.43342763433708, 13.89002971070602], [76.433294162789, 13.890492455276457], [76.43245519877247, 13.89115880583419], [76.43235986195243, 13.890196298857854], [76.43235986195243, 13.889807592983935], [76.43218825567632, 13.889770573342885], [76.431673436848, 13.889733553695917], [76.43161623475595, 13.889733553695917], [76.43152089793591, 13.889696534043038], [76.43152089793591, 13.889696534043038], [76.43144462847985, 13.889566965211383], [76.43129208956775, 13.889233787882992], [76.4312158201117, 13.888993159514536], [76.4312158201117, 13.888993159514536], [76.42965229626276, 13.888734020992121]]]}, "properties": {"node": "mining", "role": "positive", "name": "Mining", "ts": "2026-07-27T18:11:35.436010+00:00"}}, {"type": "Feature", "geometry": {"type": "Polygon", "coordinates": [[[74.09813411300907, 15.486402578635156], [74.09770509731881, 15.486108576804124], [74.09784810254891, 15.485382757994111], [74.09782903518489, 15.485125505146202], [74.09804830987102, 15.4846109984904], [74.09824851719316, 15.484298618824909], [74.09842012346925, 15.483986238687606], [74.09849639292528, 15.48371979643295], [74.0986679992014, 15.483572793662775], [74.09895400966158, 15.483545230631737], [74.09933535694181, 15.483563605986168], [74.09935442430583, 15.483536042953906], [74.0993639579878, 15.483462541516577], [74.10021245568635, 15.483168535506053], [74.1002696577784, 15.482929655314786], [74.0999550462722, 15.482902092198042], [74.09991691154417, 15.48271833799254], [74.09990737786215, 15.48251620817795], [74.09999318100022, 15.482258951764603], [74.10002178204624, 15.482093572472799], [74.10057473560255, 15.481946568546853], [74.10101328497483, 15.481955756295292], [74.10126116070698, 15.481781189005293], [74.10170924376125, 15.481634184857354], [74.10220499522556, 15.481698499184937], [74.10231939940965, 15.48216707439659], [74.1022717309996, 15.48247945728134], [74.10234800045566, 15.482663211699055], [74.10236706781967, 15.482929655314784], [74.10216686049752, 15.483214473972737], [74.10135649752705, 15.483820860776852], [74.10117535756895, 15.48404136462847], [74.10098468392881, 15.484335369398286], [74.10096561656482, 15.4846109984904], [74.10083214501671, 15.484923377684073], [74.10042219669047, 15.485272506812764], [74.09957369899195, 15.485621635352055], [74.09897307702559, 15.485934013019184], [74.0984868592433, 15.48615451461777], [74.0983247866492, 15.486319890662418], [74.09813411300907, 15.486402578635156]]]}, "properties": {"node": "mining", "role": "positive", "name": "Mining", "ts": "2026-07-27T18:11:35.436082+00:00"}}, {"type": "Feature", "geometry": {"type": "Polygon", "coordinates": [[[85.50602672088792, 23.74556286578386], [85.50565119599108, 23.744961329964237], [85.5057719004222, 23.744396620340005], [85.50582554683602, 23.743960810151794], [85.5058590758447, 23.743838046455267], [85.50608707310352, 23.7432487791013], [85.50628824715541, 23.74307077073051], [85.5078171699498, 23.742880485651348], [85.50929244633032, 23.74356796591562], [85.50929244633032, 23.74409585008434], [85.5090845664767, 23.745397136804716], [85.5090376258646, 23.745961842090953], [85.50914491869226, 23.747324490416307], [85.50919185930435, 23.747883049348612], [85.50937291595106, 23.748490709642006], [85.50933938694241, 23.748895814928982], [85.50925221151995, 23.749227263771882], [85.50906444907149, 23.749472780889384], [85.50901080265764, 23.74953416009643], [85.50880962860577, 23.749742849183964], [85.50867551257119, 23.749804228263713], [85.50853469073483, 23.749853331506674], [85.5080518730103, 23.74977967663529], [85.5078976395705, 23.749491194654535], [85.50781716994976, 23.74931933274519], [85.50766964231173, 23.748895814928982], [85.50760258429442, 23.74831270843556], [85.50759587849268, 23.748097879069288], [85.50768975971691, 23.747342904485226], [85.50767634811346, 23.747023726922006], [85.50744835085466, 23.746501992682333], [85.50741482184601, 23.746231917666677], [85.50602672088792, 23.74556286578386]]]}, "properties": {"node": "mining", "role": "positive", "name": "Mining", "ts": "2026-07-27T18:11:35.436150+00:00"}}, {"type": "Feature", "geometry": {"type": "Polygon", "coordinates": [[[73.00467578169501, 27.895740461791366], [73.00656706638007, 27.894635717120075], [73.00745836146156, 27.894059324119656], [73.00931703779, 27.894136176697057], [73.00961051299976, 27.89334843519191], [73.00992572711391, 27.893060235647894], [73.00952355738202, 27.891820968865055], [73.00915399600677, 27.890898714609655], [73.0110778890485, 27.890495225902242], [73.011664839468, 27.89025505333858], [73.01214309536539, 27.88912143164539], [73.01018659396702, 27.888179940199258], [73.00873008737047, 27.888516188084175], [73.00811052859433, 27.889054182527893], [73.00667576090223, 27.887593905675175], [73.00555620732428, 27.88716158309145], [73.00414317853655, 27.88697904637114], [73.00209972152051, 27.88691179592291], [73.00004539505223, 27.88861225871663], [72.99908888325749, 27.889486497554266], [72.99841497722028, 27.890197411844017], [73.00149103219655, 27.893425288274052], [73.00239319673025, 27.894289881688145], [73.00362144483032, 27.895144861717274], [73.00467578169501, 27.895740461791366]]]}, "properties": {"node": "mining", "role": "positive", "name": "Mining", "ts": "2026-07-27T18:11:35.436216+00:00"}}, {"type": "Feature", "geometry": {"type": "Polygon", "coordinates": [[[73.89392584110915, 26.365500453357882], [73.89560376914267, 26.36595602483262], [73.89615036691116, 26.36496515458084], [73.89700204250393, 26.36509043749552], [73.89814608434496, 26.36199249286585], [73.8974215245123, 26.361650802713402], [73.89767575603254, 26.362117779002048], [73.89738338978427, 26.36248224698995], [73.8973071203282, 26.362448078164892], [73.89679865728775, 26.36225445463216], [73.89645544473545, 26.362243065002488], [73.89616307848718, 26.36195832389604], [73.895985116423, 26.362391130100693], [73.89569275017473, 26.36290366166866], [73.89540038392649, 26.362846713828862], [73.89512072925424, 26.362801155536843], [73.8947648051259, 26.3626189221892], [73.89471395882187, 26.362664480553036], [73.89318856970047, 26.364600694420652], [73.89406566844528, 26.365033490732962], [73.89387499480512, 26.365284056278423], [73.89386228322911, 26.365386560208666], [73.89392584110915, 26.365500453357882]]]}, "properties": {"node": "mining", "role": "positive", "name": "Mining", "ts": "2026-07-27T18:11:35.436295+00:00"}}, {"type": "Feature", "geometry": {"type": "Polygon", "coordinates": [[[74.02471904135496, 15.492084081922211], [74.02431862671072, 15.491689027721227], [74.0243090930287, 15.490926479105177], [74.02473810871896, 15.49021905197034], [74.0252815285933, 15.49049467321981], [74.02536733173137, 15.490742732030153], [74.0254436011874, 15.490944853803699], [74.02538639909537, 15.491284785431713], [74.0252815285933, 15.491440970046373], [74.02501458549713, 15.491909523182319], [74.0249383160411, 15.492093269220229], [74.02471904135496, 15.492084081922211]]]}, "properties": {"node": "mining", "role": "positive", "name": "Mining", "ts": "2026-07-27T18:11:35.436500+00:00"}}, {"type": "Feature", "geometry": {"type": "Polygon", "coordinates": [[[73.87918867546021, 26.324622694363054], [73.87939841646441, 26.32352323241696], [73.8791759638842, 26.32343208484409], [73.8784958945676, 26.32306179709158], [73.87891537657597, 26.321933836334036], [73.87999586053695, 26.3224066697061], [73.88027551520919, 26.321888261931118], [73.88053610251744, 26.321728751379673], [73.88101278661786, 26.321928139534656], [73.88018017838911, 26.32355171601877], [73.87976705216875, 26.323602986484385], [73.87953188801254, 26.324326467301265], [73.87940477225241, 26.324571424348893], [73.87930943543233, 26.324599907692896], [73.87918867546021, 26.324622694363054]]]}, "properties": {"node": "mining", "role": "positive", "name": "Mining", "ts": "2026-07-27T18:11:35.436683+00:00"}}, {"type": "Feature", "geometry": {"type": "Polygon", "coordinates": [[[83.5134349866979, 22.18238931396918], [83.51164368918933, 22.18099812455827], [83.51108029723098, 22.180650325053627], [83.51045912148204, 22.179914592495997], [83.51034355390084, 22.179326003676735], [83.51040133769146, 22.178857806264805], [83.51043022958676, 22.178844429172972], [83.51164368918933, 22.178108687161572], [83.51193260814233, 22.17781438927862], [83.5125393379436, 22.177720748913906], [83.51352166238381, 22.17784114365708], [83.5152407301541, 22.17826921301981], [83.51632417622783, 22.178202327267822], [83.51844773053234, 22.17837623015679], [83.51912669007191, 22.178831052079875], [83.51919891981014, 22.178964822953613], [83.51938671712959, 22.179499905175355], [83.51925670360075, 22.18020888598125], [83.5183177170035, 22.180369409440733], [83.51535629773531, 22.180677078892238], [83.51495181120112, 22.180944616998193], [83.51463400035284, 22.182068271481384], [83.51438841924276, 22.1823759372135], [83.5134349866979, 22.18238931396918]]]}, "properties": {"node": "mining", "role": "positive", "name": "Mining", "ts": "2026-07-27T18:11:35.436854+00:00"}}, {"type": "Feature", "geometry": {"type": "Polygon", "coordinates": [[[79.14796768907034, 11.107212393718243], [79.14781515015824, 11.105509760352891], [79.14832996898657, 11.104836188367683], [79.14888292254288, 11.10470521585673], [79.14926426982314, 11.10423745640936], [79.14924520245913, 11.102179305937176], [79.1505036484839, 11.10216059541179], [79.15069432212402, 11.103283224812676], [79.15130447777237, 11.102759331629436], [79.15242945224908, 11.103358066619249], [79.15275359743728, 11.103769696212476], [79.1526582606172, 11.104536822542023], [79.15221971124495, 11.104555532915118], [79.15218157651694, 11.106202041051308], [79.1497028191954, 11.106520115416279], [79.14918800036709, 11.106782058750674], [79.14863504681075, 11.106856899660178], [79.1480630258904, 11.106856899660178], [79.14796768907034, 11.106856899660178], [79.14796768907034, 11.107212393718243]]]}, "properties": {"node": "mining", "role": "positive", "name": "Mining", "ts": "2026-07-27T18:11:35.437023+00:00"}}, {"type": "Feature", "geometry": {"type": "Polygon", "coordinates": [[[79.38537599999994, 18.745655957827978], [79.39645099999991, 18.740903957829957], [79.40206800000001, 18.7261419578363], [79.400976, 18.720531957838798], [79.38521799999995, 18.723336957837557], [79.38318999999996, 18.73721295783161], [79.38537599999994, 18.745655957827978]]]}, "properties": {"node": "mining", "role": "positive", "name": "Mining", "ts": "2026-07-27T18:11:35.437141+00:00"}}, {"type": "Feature", "geometry": {"type": "Polygon", "coordinates": [[[74.16973921513348, 15.11967248745233], [74.1697582824975, 15.11967248745233], [74.16977734986152, 15.11967248745233], [74.16979641722551, 15.11967248745233], [74.16981548458952, 15.119681691107903], [74.16952947412936, 15.11948841425697], [74.16952947412936, 15.11946080326388], [74.16954854149337, 15.119377970263054], [74.1695771425394, 15.119350359255591], [74.16962481094941, 15.119295137229875], [74.16965341199544, 15.119276729884772], [74.16971061408748, 15.119239915189777], [74.16972968145149, 15.11923071151503], [74.1697582824975, 15.11923071151503], [74.16977734986152, 15.119212304164337], [74.16979641722551, 15.119184693135301], [74.16981548458952, 15.11915708210267], [74.16985361931755, 15.1191202673869], [74.16985361931755, 15.119101860026625], [74.16989175404558, 15.11907424898321], [74.16992988877361, 15.11903743425306], [74.16995848981962, 15.119009823201258], [74.16999662454765, 15.118963804773598], [74.17001569191167, 15.118936193712209], [74.17003475927568, 15.118917786335947], [74.17003475927568, 15.118899378958092], [74.17006336032168, 15.118862564197592], [74.1700728940037, 15.118844156814939], [74.1700919613677, 15.118788934657411], [74.17012056241371, 15.118733712485504], [74.17012056241371, 15.118715305091664], [74.17014916345975, 15.118687693997922], [74.17015869714174, 15.118669286600099], [74.17017776450577, 15.118604860695127], [74.17018729818777, 15.118577249587], [74.17020636555178, 15.118531231065475], [74.17021589923378, 15.118503619947756], [74.1702254329158, 15.118485212533956], [74.1702254329158, 15.118466805118562], [74.17023496659779, 15.118402379152075], [74.17023496659779, 15.11838397172948], [74.17023496659779, 15.118365564305291], [74.17023496659779, 15.11831034202314], [74.17023496659779, 15.118291934592554], [74.17024450027981, 15.118273527160385], [74.17027310132582, 15.11820910113518], [74.17027310132582, 15.11819069369581], [74.17027310132582, 15.11817228625485], [74.17028263500781, 15.118126267645449], [74.17029216868984, 15.118107860198897], [74.17031123605385, 15.11808945275074], [74.17034937078188, 15.11808024902606], [74.17036843814589, 15.11808024902606], [74.17037797182789, 15.118061841575516], [74.1704065728739, 15.118061841575516], [74.1704256402379, 15.118061841575516], [74.17047330864794, 15.118052637849638], [74.17049237601196, 15.118052637849638], [74.17051144337594, 15.118052637849638], [74.17053051073997, 15.118043434123368], [74.17057817915001, 15.118025026669622], [74.17060678019602, 15.11801582294215], [74.17064491492405, 15.117979008028263], [74.17064491492405, 15.117960600568935], [74.17065444860606, 15.117942193107993], [74.17065444860606, 15.117914581913594], [74.17065444860606, 15.117859359514016], [74.17063538124204, 15.11784095204429], [74.170559111786, 15.117758118410773], [74.17054004442198, 15.117739710932263], [74.17051144337594, 15.117721303452152], [74.17046377496592, 15.117666081002248], [74.17045424128392, 15.117647673515755], [74.1704256402379, 15.117601654792525], [74.17039703919188, 15.117564839806745], [74.17038750550988, 15.117546432311455], [74.17035890446385, 15.117463598562908], [74.17034937078188, 15.117371561026577], [74.17034937078188, 15.117353153514523], [74.17034937078188, 15.117325542243439], [74.17034937078188, 15.117242708408616], [74.17034937078188, 15.117215097123157], [74.17034937078188, 15.117196689597511], [74.17036843814589, 15.117095448177952], [74.17036843814589, 15.11707704064193], [74.17036843814589, 15.116994206710057], [74.17034937078188, 15.116985002937847], [74.17031123605385, 15.116948187845042], [74.17027310132582, 15.116929780296237], [74.17025403396181, 15.116929780296237], [74.17019683186976, 15.116911372745834], [74.17018729818777, 15.116892965193838], [74.17012056241371, 15.116846946306854], [74.17011102873172, 15.116828538749266], [74.1700728940037, 15.116791723629293], [74.17005382663967, 15.116773316066908], [74.17000615822965, 15.116727297153968], [74.1699108214096, 15.116672074445253], [74.16989175404558, 15.116662870659072], [74.16987268668157, 15.116662870659072], [74.16974874881551, 15.116644463085498], [74.16972014776947, 15.116635259298118], [74.16969154672346, 15.11661685172216], [74.16967247935945, 15.11661685172216], [74.1695962099034, 15.116580036565443], [74.16958667622139, 15.116561628984691], [74.16955807517537, 15.116543221402342], [74.16954854149337, 15.116524813818392], [74.16951040676534, 15.116487998645699], [74.16947227203734, 15.116451183466621], [74.1694532046733, 15.116432775874681], [74.16938646889928, 15.116395960686019], [74.16936740153527, 15.116386756887854], [74.16931019944323, 15.116368349290328], [74.16929113207921, 15.116359145490962], [74.16923392998719, 15.116340737891036], [74.16921486262316, 15.116331534090476], [74.16919579525916, 15.116331534090476], [74.1691004584391, 15.116313126488162], [74.1690813910751, 15.1163039226864], [74.16897652057303, 15.116257903671617], [74.16883351534294, 15.116211884646841], [74.1688144479789, 15.116202680840695], [74.1687858469329, 15.116184273227192], [74.16870957747686, 15.11614745799539], [74.16869051011284, 15.116138254186442], [74.16867144274883, 15.116129050377097], [74.16858563961077, 15.116101438946659], [74.16855703856477, 15.116083031324369], [74.16852843751876, 15.116064623700492], [74.16850937015472, 15.116064623700492], [74.16849030279073, 15.116064623700492], [74.16840449965268, 15.11603701226166], [74.16838543228866, 15.116027808447921], [74.16832823019664, 15.116009400819237], [74.1683091628326, 15.116009400819237], [74.1682614944226, 15.115990993188973], [74.16824242705856, 15.115981789373231], [74.16820429233056, 15.115963381740553], [74.16818522496654, 15.115954177923623], [74.16810895551049, 15.115917362651894], [74.16803268605443, 15.115880547373763], [74.16801361869042, 15.115862139732304], [74.16799455132643, 15.11585293591098], [74.16793734923436, 15.115825324444598], [74.16791828187037, 15.115806916798345], [74.16789921450636, 15.115788509150502], [74.16787061346035, 15.115760897675733], [74.16785154609633, 15.115724082370448], [74.16783247873232, 15.115714878543137], [74.16779434400429, 15.115668859400555], [74.16776574295828, 15.115641247910212], [74.16775620927628, 15.115622840247987], [74.16771807454825, 15.115586024918741], [74.16767993982022, 15.115521598077192], [74.16766087245622, 15.115503190404585], [74.16765133877422, 15.115457171216075], [74.16764180509219, 15.115438763537878], [74.16764180509219, 15.115411152017591], [74.16763227141021, 15.115365132809108], [74.16763227141021, 15.115346725122924], [74.16763227141021, 15.115309909745752], [74.16763227141021, 15.115291502054784], [74.16763227141021, 15.11524548282035], [74.16763227141021, 15.115227075123771], [74.16763227141021, 15.115171852024487], [74.16763227141021, 15.115107425057143], [74.16763227141021, 15.1150522019267], [74.16763227141021, 15.115033794213359], [74.16764180509219, 15.11496936720409], [74.16766087245622, 15.114960163344023], [74.16767993982022, 15.114914144037705], [74.16769900718423, 15.114904940175244], [74.16775620927628, 15.1148681247214], [74.1677752766403, 15.114849716992088], [74.16783247873232, 15.114822105395127], [74.16787061346035, 15.114812901528671], [74.1679468829164, 15.114812901528671], [74.16796595028042, 15.114803697661815], [74.16810895551049, 15.114803697661815], [74.16813755655652, 15.114803697661815], [74.16817569128453, 15.114803697661815], [74.16823289337657, 15.114803697661815], [74.16825196074058, 15.114803697661815], [74.1682900954686, 15.114812901528671], [74.1683091628326, 15.114812901528671], [74.16832823019664, 15.114812901528671], [74.16835683124263, 15.114822105395127], [74.16837589860664, 15.114840513126829], [74.1684521680627, 15.114877328585465], [74.16847123542672, 15.114886532449127], [74.16849983647273, 15.114914144037705], [74.16850937015472, 15.114932551761429], [74.16853797120076, 15.114960163344023], [74.16855703856477, 15.114978571063748], [74.1686142406568, 15.115015386498415], [74.1686428417028, 15.115024590356091], [74.16871911115886, 15.115061405782775], [74.16873817852289, 15.115070609638446], [74.1687858469329, 15.115107425057143], [74.16880491429693, 15.115107425057143], [74.16882398166094, 15.115125832764091], [74.16884304902496, 15.115125832764091], [74.16892885216299, 15.115171852024487], [74.168957453209, 15.115190259725843], [74.16897652057303, 15.115208667425609], [74.16901465530105, 15.115227075123771], [74.1690813910751, 15.11525468666803], [74.16912905948512, 15.115291502054784], [74.16914812684911, 15.115291502054784], [74.16920532894117, 15.115300705900472], [74.16923392998719, 15.115319113590651], [74.16936740153527, 15.115337521279228], [74.16939600258128, 15.115337521279228], [74.16942460362729, 15.115346725122924], [74.16954854149337, 15.1153835404937], [74.16956760885738, 15.1153835404937], [74.16966294567744, 15.115401948176688], [74.16974874881551, 15.115429559698178], [74.16978688354351, 15.115438763537878], [74.16996802350161, 15.11551239424109], [74.16998709086565, 15.11551239424109], [74.17002522559365, 15.11551239424109], [74.17002522559365, 15.115484782730382], [74.17000615822965, 15.115466375054579], [74.17000615822965, 15.115438763537878], [74.17002522559365, 15.115438763537878], [74.17008242768571, 15.115411152017591], [74.1701014950497, 15.115401948176688], [74.17012056241371, 15.115392744335393], [74.17015869714174, 15.1153743366516], [74.17018729818777, 15.115365132809108], [74.17020636555178, 15.115337521279228], [74.17023496659779, 15.115291502054784], [74.17033030341786, 15.115236278972262], [74.17034937078188, 15.115236278972262], [74.17036843814589, 15.115227075123771], [74.17043517391991, 15.115217871274886], [74.17045424128392, 15.115217871274886], [74.17050190969395, 15.115208667425609], [74.17052097705798, 15.115208667425609], [74.17054004442198, 15.115208667425609], [74.17060678019602, 15.115199463575927], [74.17062584756005, 15.115199463575927], [74.17065444860606, 15.115199463575927], [74.17076885279012, 15.115181055875368], [74.17079745383613, 15.115181055875368], [74.17081652120015, 15.115181055875368], [74.17087372329219, 15.115181055875368], [74.17092139170222, 15.115181055875368], [74.17095952643025, 15.115181055875368], [74.17100719484026, 15.115181055875368], [74.1710357958863, 15.115181055875368], [74.17113113270635, 15.115199463575927], [74.17130273898243, 15.115217871274886], [74.17134087371046, 15.115217871274886], [74.17147434525856, 15.11525468666803], [74.17150294630457, 15.11525468666803], [74.1715315473506, 15.115263890515322], [74.17164595153466, 15.115291502054784], [74.1717222209907, 15.115291502054784], [74.17174128835471, 15.115291502054784], [74.17176035571873, 15.115291502054784], [74.17178895676476, 15.115291502054784], [74.17187475990279, 15.115328317435136], [74.17189382726683, 15.115328317435136], [74.17191289463084, 15.115328317435136], [74.17198916408687, 15.115328317435136], [74.17209403458894, 15.115328317435136], [74.17212263563496, 15.115328317435136], [74.17214170299897, 15.115328317435136], [74.17225610718303, 15.115328317435136], [74.17230377559306, 15.115328317435136], [74.17232284295707, 15.115328317435136], [74.1723705113671, 15.115319113590651], [74.17241817977714, 15.115300705900472], [74.17243724714116, 15.115291502054784], [74.17245631450517, 15.115282298208692], [74.17246584818717, 15.115263890515322], [74.17253258396121, 15.115227075123771], [74.17258978605324, 15.115217871274886], [74.17260885341726, 15.115208667425609], [74.1726660555093, 15.115190259725843], [74.17272325760132, 15.115153444321528], [74.17275185864735, 15.11513503661697], [74.17277092601137, 15.115125832764091], [74.17277092601137, 15.115107425057143], [74.17278999337536, 15.11507981349372], [74.17279952705738, 15.1150522019267], [74.17282812810339, 15.114950959483558], [74.17282812810339, 15.114950959483558], [74.17283766178541, 15.114923347899765], [74.17283766178541, 15.114895736312386], [74.17283766178541, 15.1148681247214], [74.17283766178541, 15.11483130926118], [74.17283766178541, 15.114812901528671], [74.17283766178541, 15.11478528992691], [74.17284719546741, 15.11475767832156], [74.17285672914943, 15.114711658971313], [74.17285672914943, 15.114684047356377], [74.17287579651344, 15.114665639611085], [74.17287579651344, 15.114647231864202], [74.17287579651344, 15.114628824115718], [74.17289486387745, 15.114573600860691], [74.17290439755945, 15.114545989227782], [74.17290439755945, 15.114527581470506], [74.17291393124145, 15.114463154307492], [74.17295206596948, 15.114426338776981], [74.17297113333348, 15.114417134893356], [74.17304740278954, 15.11439872712491], [74.17306647015354, 15.11439872712491], [74.17309507119957, 15.11439872712491], [74.17314273960959, 15.11439872712491], [74.1731522732916, 15.114417134893356], [74.17319040801964, 15.114453950425458], [74.17321900906565, 15.114472358189126], [74.17322854274765, 15.11449076595118], [74.17325714379368, 15.114527581470506], [74.17326667747565, 15.114545989227782], [74.17329527852168, 15.114573600860691], [74.17332387956772, 15.11459200861396], [74.17337154797772, 15.11459200861396], [74.17339061534175, 15.11459200861396], [74.17348595216181, 15.114601212489998], [74.17351455320782, 15.114601212489998], [74.17360989002788, 15.11463802799016], [74.17366709211991, 15.11463802799016], [74.17369569316594, 15.11463802799016], [74.17378149630399, 15.114665639611085], [74.17381963103202, 15.114684047356377], [74.17387683312404, 15.114739270582659], [74.17390543417005, 15.114766882190409], [74.17392450153407, 15.11478528992691], [74.17394356889808, 15.114794493794562], [74.17397216994411, 15.114822105395127], [74.17399123730812, 15.114858920856948], [74.17400077099012, 15.114877328585465], [74.17401983835413, 15.114895736312386], [74.17403890571815, 15.114914144037705], [74.17409610781019, 15.11496936720409], [74.1741151751742, 15.114987774923017], [74.17415330990222, 15.11507981349372], [74.17416284358423, 15.115098221203063], [74.17421051199423, 15.115153444321528], [74.17422957935827, 15.115199463575927], [74.17423911304026, 15.115227075123771], [74.17425818040428, 15.115273094362209], [74.17425818040428, 15.115300705900472], [74.17425818040428, 15.1153835404937], [74.17424864672226, 15.115420355858083], [74.17424864672226, 15.115447967377184], [74.17421051199423, 15.115530801912902], [74.17418191094822, 15.115595228751653], [74.17409610781019, 15.11570567471542], [74.17405797308216, 15.115760897675733], [74.17401030467214, 15.115862139732307], [74.17400077099012, 15.115889751193889], [74.17395310258009, 15.116009400819237], [74.17394356889808, 15.11603701226166], [74.17389590048806, 15.116138254186447], [74.17387683312404, 15.116193477034141], [74.17386729944205, 15.116294718884243], [74.17385776576003, 15.116331534090476], [74.17385776576003, 15.116349941691205], [74.17382916471402, 15.116451183466621], [74.17382916471402, 15.116478794851526], [74.17382916471402, 15.11649720243947], [74.17379102998599, 15.116644463085498], [74.17379102998599, 15.116662870659072], [74.17376242893998, 15.11676411228512], [74.17375289525795, 15.116791723629293], [74.17373382789397, 15.116828538749266], [74.17372429421195, 15.116865353862842], [74.17369569316594, 15.116957391618845], [74.17367662580192, 15.116994206710057], [74.17366709211991, 15.11701261425327], [74.17363849107389, 15.117141467011018], [74.17360989002788, 15.117178282070281], [74.17360035634586, 15.117205893360536], [74.17359082266388, 15.117224300885377], [74.17352408688981, 15.117362357270746], [74.17349548584382, 15.117371561026577], [74.17348595216181, 15.11739917229168], [74.17344781743378, 15.117472802314346], [74.17340968270575, 15.117528024814582], [74.17340014902376, 15.117546432311455], [74.17334294693171, 15.117656877259206], [74.17332387956772, 15.117684488487152], [74.17330481220368, 15.117693692229], [74.17326667747565, 15.117767322149428], [74.17325714379368, 15.117794933363], [74.17317134065561, 15.117914581913594], [74.17316180697361, 15.117942193107993], [74.17314273960959, 15.117960600568935], [74.17314273960959, 15.117979008028266], [74.17310460488157, 15.11808024902606], [74.17308553751757, 15.11808945275074], [74.1729997343795, 15.118227508572948], [74.17299020069751, 15.118245916009123], [74.17294253228748, 15.118356360592596], [74.17292346492347, 15.11838397172948], [74.17291393124145, 15.118402379152078], [74.17287579651344, 15.118512823654065], [74.17285672914943, 15.11854963847528], [74.17284719546741, 15.118577249587], [74.17283766178541, 15.118595656992818], [74.17283766178541, 15.118614064397038], [74.17278045969337, 15.118724508788787], [74.17277092601137, 15.11874291618182], [74.17275185864736, 15.118798138351336], [74.17273279128334, 15.118816545737978], [74.17271372391933, 15.118816545737978], [74.17269465655531, 15.118816545737978], [74.17264698814529, 15.118798138351336], [74.17261838709925, 15.118788934657411], [74.17258978605324, 15.118788934657411], [74.17255165132521, 15.1187797309631], [74.1725230502792, 15.1187797309631], [74.17248491555117, 15.11877052726837], [74.17246584818717, 15.11877052726837], [74.17244678082317, 15.11877052726837], [74.17241817977714, 15.1187797309631], [74.17239911241313, 15.1187797309631], [74.17238004504912, 15.118788934657411], [74.1723705113671, 15.11880734204485], [74.1723514440031, 15.11880734204485], [74.1723419103211, 15.118825749430702], [74.17233237663909, 15.118844156814939], [74.17230377559308, 15.118871767888319], [74.17229424191106, 15.118890175268573], [74.17227517454704, 15.11890858264722], [74.17225610718303, 15.11892699002428], [74.17224657350103, 15.118945397399738], [74.17223703981904, 15.118963804773601], [74.172217972455, 15.118991415831399], [74.172217972455, 15.119009823201262], [74.17219890509101, 15.119037434253064], [74.17217983772697, 15.119065045301273], [74.17217983772697, 15.119083452664752], [74.172170304045, 15.119101860026632], [74.17215123668097, 15.1191202673869], [74.17215123668097, 15.119138674745587], [74.17213216931697, 15.119166285780619], [74.17211310195296, 15.119184693135301], [74.17211310195296, 15.119212304164337], [74.17210356827096, 15.11923071151503], [74.17209403458894, 15.119258322538078], [74.17208450090693, 15.119285933557524], [74.17207496722493, 15.119304340901826], [74.17207496722493, 15.119322748244532], [74.17205589986091, 15.119350359255591], [74.1720463661789, 15.119368766594304], [74.1720272988149, 15.119396377599369], [74.1720272988149, 15.119414784934088], [74.17201776513289, 15.119433192267206], [74.1719986977689, 15.119451599598724], [74.17197963040486, 15.119470006928635], [74.17196056304087, 15.119470006928635], [74.17194149567683, 15.119479210593006], [74.17192242831284, 15.119479210593006], [74.17189382726683, 15.119479210593006], [74.17187475990282, 15.119479210593006], [74.1718652262208, 15.119497617920533], [74.17184615885678, 15.119497617920533], [74.17182709149277, 15.119506821583698], [74.17179849044676, 15.119506821583698], [74.17175082203673, 15.119534432570791], [74.1717222209907, 15.119552839893526], [74.1716936199447, 15.119562043554282], [74.17167455258067, 15.119571247214658], [74.17164595153466, 15.119589654534188], [74.17162688417066, 15.119608061852128], [74.17160781680663, 15.119608061852128], [74.17159828312464, 15.119626469168471], [74.17157921576063, 15.119626469168471], [74.17156968207863, 15.119644876483216], [74.1715506147146, 15.119654080139982], [74.1715315473506, 15.119663283796356], [74.17150294630459, 15.119681691107903], [74.17146481157656, 15.11970930207223], [74.17145527789455, 15.11972770937978], [74.17143621053054, 15.119736913032959], [74.17141714316652, 15.119736913032959], [74.17139807580253, 15.119746116685736], [74.17137900843849, 15.119764523990096], [74.17135040739248, 15.119792134943637], [74.17133134002849, 15.119801338594014], [74.17130273898246, 15.119810542244002], [74.17127413793642, 15.119828949542763], [74.17126460425443, 15.119847356839932], [74.17124553689042, 15.119847356839932], [74.17122646952642, 15.119847356839932], [74.17118833479839, 15.119865764135493], [74.17116926743438, 15.119865764135493], [74.17115020007036, 15.119874967782682], [74.17113113270635, 15.119874967782682], [74.17111206534233, 15.119884171429467], [74.17109299797833, 15.119884171429467], [74.1710739306143, 15.119884171429467], [74.1710548632503, 15.119884171429467], [74.1710357958863, 15.119902578721842], [74.17101672852229, 15.119902578721842], [74.17099766115828, 15.119902578721842], [74.17097859379426, 15.119902578721842], [74.17095952643025, 15.119902578721842], [74.17093092538421, 15.119902578721842], [74.17091185802022, 15.119911782367426], [74.17089279065621, 15.119911782367426], [74.17087372329219, 15.11992098601262], [74.17084512224615, 15.11992098601262], [74.17080698751815, 15.119930189657412], [74.17076885279012, 15.119930189657412], [74.17073071806209, 15.119930189657412], [74.1707116506981, 15.119930189657412], [74.17069258333409, 15.119930189657412], [74.17067351597007, 15.119930189657412], [74.17065444860606, 15.119930189657412], [74.17062584756005, 15.119930189657412], [74.17060678019602, 15.11992098601262], [74.17058771283202, 15.11992098601262], [74.170568645468, 15.119911782367426], [74.17054957810399, 15.119902578721842], [74.17054004442198, 15.119884171429467], [74.17052097705799, 15.119856560487909], [74.17051144337594, 15.11983815319154], [74.17050190969395, 15.119819745893576], [74.17050190969395, 15.119801338594014], [74.17049237601196, 15.119782931292855], [74.17048284232996, 15.119755320338117], [74.17048284232996, 15.119736913032959], [74.17048284232996, 15.119718505726208], [74.17048284232996, 15.119700098417857], [74.17048284232996, 15.11967248745233], [74.17047330864794, 15.119654080139982], [74.17046377496592, 15.119635672826039], [74.17044470760193, 15.1196172655105], [74.17042564023792, 15.119608061852128], [74.17041610655592, 15.119589654534188], [74.17038750550988, 15.11958045087462], [74.17035890446388, 15.119571247214658], [74.17033030341787, 15.119552839893526], [74.17031123605385, 15.119552839893526], [74.17029216868984, 15.119534432570791], [74.17027310132582, 15.119534432570791], [74.17024450027981, 15.119525228908822], [74.17021589923378, 15.119525228908822], [74.17019683186976, 15.119525228908822], [74.17016823082375, 15.119534432570791], [74.17014916345975, 15.119543636232354], [74.17012056241374, 15.119552839893526], [74.17009196136772, 15.119552839893526], [74.1700728940037, 15.119562043554282], [74.17004429295768, 15.119571247214658], [74.17001569191167, 15.119589654534188], [74.16999662454766, 15.119589654534188], [74.16996802350161, 15.119608061852128], [74.16993942245561, 15.119626469168471], [74.1699203550916, 15.119635672826039], [74.16989175404558, 15.119654080139982], [74.16986315299957, 15.119663283796356], [74.16984408563556, 15.11967248745233], [74.16982501827154, 15.119690894763082], [74.16980595090754, 15.119690894763082], [74.16985361931758, 15.119700098417857], [74.16990128772758, 15.119681691107903], [74.16993942245561, 15.11967248745233], [74.16999662454766, 15.11967248745233], [74.17003475927568, 15.11967248745233], [74.1700538266397, 15.11967248745233], [74.17008242768571, 15.119663283796356], [74.16973921513348, 15.11967248745233]]]}, "properties": {"node": "mining", "role": "positive", "name": "Mining", "ts": "2026-07-27T18:11:35.437482+00:00"}}, {"type": "Feature", "geometry": {"type": "Polygon", "coordinates": [[[69.69832553450313, 22.251047521024446], [69.69741264552871, 22.250139240472265], [69.69673938991009, 22.249125338944477], [69.69649975655432, 22.248069183714605], [69.69640846765688, 22.24768896588223], [69.69616883430112, 22.247234815452], [69.69582650093572, 22.24679122523812], [69.69517606754145, 22.24599909636216], [69.69523312310237, 22.245228086620994], [69.69524453421454, 22.245164715768613], [69.69531300088762, 22.244678871614568], [69.69547275645814, 22.244478196363566], [69.69580367871134, 22.24452044380872], [69.69638564543254, 22.244699995308473], [69.69665951212485, 22.24500628851222], [69.6969105565928, 22.245249210232085], [69.69716160106076, 22.245407637213745], [69.69736700108001, 22.245872355326306], [69.69761804554796, 22.24630538672537], [69.69780062334284, 22.24668560831348], [69.69793755668898, 22.247097513869253], [69.69812013448387, 22.247403801830618], [69.69835976783965, 22.247710089122222], [69.69857657897109, 22.248079745306327], [69.69889609011211, 22.248702877808235], [69.69905584568262, 22.249125338944477], [69.6991243123557, 22.249326007537785], [69.69923842347751, 22.249653413572794], [69.6994210012724, 22.250128679035853], [69.69923842347751, 22.25063562708541], [69.69895314567303, 22.251100327852093], [69.69862222341979, 22.251290432266757], [69.6984054122884, 22.251322116310774], [69.69832553450313, 22.251047521024446]]]}, "properties": {"node": "mining", "role": "positive", "name": "Mining", "ts": "2026-07-27T18:11:35.437622+00:00"}}, {"type": "Feature", "geometry": {"type": "Polygon", "coordinates": [[[86.93522063724855, 23.79165395021058], [86.93203519574836, 23.79017449158562], [86.9317456101574, 23.789026243433117], [86.93213172427863, 23.788032558959515], [86.93273502759308, 23.787458426689952], [86.93329006664237, 23.786818045397574], [86.93401403061971, 23.786221825496288], [86.93442427687349, 23.785713932312312], [86.93478625886218, 23.78525020201999], [86.93522063724855, 23.78465397492773], [86.93454493753639, 23.783682339733105], [86.93526890151371, 23.783041939839023], [86.9365479045403, 23.78332901604371], [86.93869566433968, 23.784190240854333], [86.94033664935495, 23.785161872252946], [86.94108474546483, 23.785007295016204], [86.94149499171866, 23.784300653878994], [86.94180870944216, 23.783991497173638], [86.94267746621495, 23.783616091614487], [86.94448737615824, 23.783505678008435], [86.94595943624546, 23.78374858781797], [86.94844504590093, 23.784874800095558], [86.94885529215473, 23.785161872252946], [86.95095478768896, 23.786486812456697], [86.95105131621928, 23.786707634511064], [86.95124437327989, 23.787193441710222], [86.95143743034052, 23.787900067122383], [86.95143743034052, 23.788695016119338], [86.95136503394275, 23.78964453216039], [86.95114784474958, 23.790638204310024], [86.95085825915866, 23.79130064818909], [86.95056867356773, 23.79165395021058], [86.9500618987836, 23.79216182018376], [86.94916900987825, 23.792493038662197], [86.94738323206752, 23.792824256296434], [86.94620075757122, 23.792691769344046], [86.94455977255596, 23.79238263259652], [86.94287052327556, 23.793199635261363], [86.94255680555204, 23.79331004063292], [86.94120540612772, 23.79293466198692], [86.94062623494585, 23.792647606996564], [86.93987813883595, 23.79240471381716], [86.93922657125638, 23.792294307676443], [86.93768211477143, 23.792758012837123], [86.93736839704793, 23.792758012837123], [86.93666856520319, 23.792448876247185], [86.93625831894938, 23.792228063946983], [86.93522063724855, 23.79165395021058]]]}, "properties": {"node": "mining", "role": "positive", "name": "Mining", "ts": "2026-07-27T18:11:35.437756+00:00"}}, {"type": "Feature", "geometry": {"type": "Polygon", "coordinates": [[[74.13302391201017, 24.951255861229157], [74.13312560461826, 24.94853589190246], [74.13686280796453, 24.948697247691193], [74.1372950015488, 24.951048408057765], [74.13573147769985, 24.951590090603514], [74.13578232400388, 24.95280022385328], [74.13292221940212, 24.95276564878261], [74.13302391201017, 24.951255861229157]]]}, "properties": {"node": "mining", "role": "positive", "name": "Mining", "ts": "2026-07-27T18:11:35.437854+00:00"}}, {"type": "Feature", "geometry": {"type": "Polygon", "coordinates": [[[73.14141452396407, 24.82047101730679], [73.14121113874789, 24.818394272100235], [73.14070267570742, 24.817909693209668], [73.14019421266697, 24.817678940690893], [73.13907559397796, 24.81754048897333], [73.13793155213693, 24.816386718643816], [73.13762647431265, 24.816040585449944], [73.13716885757623, 24.815740602566468], [73.13755020485658, 24.81428682907417], [73.13755020485658, 24.813802234119933], [73.13747393540052, 24.81359454998801], [73.13772816692075, 24.813317637270675], [73.13744851224848, 24.81269458139429], [73.13709258812018, 24.81223305650332], [73.13691462605601, 24.812186903919685], [73.13673666399184, 24.811956140743725], [73.13683835659992, 24.811471536675583], [73.1373468196404, 24.81103308374304], [73.13805866789706, 24.810825394970454], [73.13841459202536, 24.810617705849825], [73.1387705161537, 24.810433093005972], [73.14004167375484, 24.810433093005972], [73.14103317668372, 24.811956140743725], [73.14138910081206, 24.81223305650332], [73.14205010276464, 24.811771529893583], [73.14243145004498, 24.811402307368308], [73.14271110471724, 24.8111484662441], [73.14314329830162, 24.81131000156511], [73.1434483761259, 24.81190998805698], [73.14339752982187, 24.81232536161902], [73.1426602584132, 24.812602276553594], [73.1426602584132, 24.812625352770215], [73.14271110471724, 24.813248408994657], [73.14250771950104, 24.813709930104267], [73.14230433428486, 24.814171449495042], [73.14258398895711, 24.814702194669493], [73.14263483526116, 24.81490987694505], [73.14260941210915, 24.815002180066898], [73.14243145004498, 24.81534831616148], [73.14227891113285, 24.815786753826586], [73.14220264167677, 24.816040585449944], [73.14245687319699, 24.816686699963036], [73.14258398895711, 24.81777124174997], [73.14230433428486, 24.81816352048396], [73.14202467961262, 24.818694248558895], [73.14210094906869, 24.819317274267636], [73.14202467961262, 24.819894147130302], [73.14174502494036, 24.820378718259057], [73.14141452396407, 24.82047101730679]]]}, "properties": {"node": "mining", "role": "positive", "name": "Mining", "ts": "2026-07-27T18:11:35.438004+00:00"}}, {"type": "Feature", "geometry": {"type": "Polygon", "coordinates": [[[74.06160104356286, 15.503450294706255], [74.06190612138704, 15.502274381871556], [74.06163917829087, 15.501925281460107], [74.06123876364663, 15.501521059194015], [74.06106715737053, 15.501227078867338], [74.06091461845844, 15.500933098122308], [74.06106715737053, 15.500510500068415], [74.06131503310266, 15.500069527264447], [74.06146757201476, 15.499775544872238], [74.06177264983896, 15.499371318399918], [74.06200145820709, 15.499114082960315], [74.06223026657523, 15.49887522119391], [74.0631645674118, 15.498066763935608], [74.06396539670031, 15.497313425916062], [74.06461368707669, 15.49683569794404], [74.06522384272506, 15.496615207738294], [74.06568145946136, 15.496376343083254], [74.06646322138582, 15.496596833543858], [74.06680643393804, 15.496909194627003], [74.06741658958641, 15.497552289487915], [74.0675500611345, 15.497699282317965], [74.06854156406312, 15.497993267664361], [74.06907545025544, 15.498213756399673], [74.06968560590381, 15.498470992960172], [74.06877037243126, 15.500657490793898], [74.06800767787077, 15.5011535837203], [74.06753099377049, 15.501759917901397], [74.06716871385427, 15.502274381871556], [74.06695897285014, 15.502660229008338], [74.06661576029794, 15.503119569898114], [74.06627254774571, 15.503523789036151], [74.0649568996289, 15.504019875078962], [74.06427047452449, 15.504332224939072], [74.06390819460827, 15.504368971950381], [74.06325990423187, 15.504460839450061], [74.06295482640768, 15.504626200846502], [74.0622111992112, 15.50482830904014], [74.0615247741068, 15.50565511322732], [74.06030446281004, 15.507106605905122], [74.05963710506964, 15.508062013239114], [74.0593892293375, 15.508429476421282], [74.05916042096936, 15.508796938949502], [74.0589125452372, 15.509182773900315], [74.05832145695283, 15.510266782522677], [74.05786384021656, 15.51067098767083], [74.05620497954753, 15.511901971201516], [74.05593803645137, 15.511975462523395], [74.05546135235109, 15.512067326638947], [74.05494653352277, 15.512177563523649], [74.05408850214222, 15.51263688324295], [74.05378342431804, 15.51291247458395], [74.05372622222602, 15.512967592808], [74.05328767285374, 15.513592264985254], [74.0527347192974, 15.514382288855048], [74.05275378666141, 15.514639505276405], [74.05242964147321, 15.51513556461237], [74.05201015946496, 15.515668367756307], [74.0509614544443, 15.516715597513219], [74.05010342306379, 15.51704630054293], [74.04970300841954, 15.517266768934986], [74.04941699795937, 15.51734025834667], [74.04916912222723, 15.517358630695501], [74.04871150549093, 15.517321885996198], [74.04911192013518, 15.516476756106625], [74.04710984691395, 15.517193279497139], [74.0462327481694, 15.517726077328586], [74.04485989796058, 15.51827724605142], [74.04440228122428, 15.51829561831682], [74.04421160758417, 15.518258873784376], [74.04365865402784, 15.51778119426712], [74.04348704775174, 15.517266768934986], [74.04344891302371, 15.516752342320471], [74.0437730582119, 15.51599907246416], [74.04487896532459, 15.515503015203668], [74.04503150423669, 15.515153937157475], [74.04512684105673, 15.514841603668318], [74.04527937996882, 15.51441903407773], [74.0454128515169, 15.514161817381614], [74.045565390429, 15.513886227708657], [74.04560352515703, 15.513812737067056], [74.0462327481694, 15.513298301843207], [74.04676663436175, 15.512894101839324], [74.04722425109803, 15.51263688324295], [74.04773906992632, 15.512232681943933], [74.04804414775052, 15.511901971201508], [74.04857803394285, 15.51175498847926], [74.04874964021896, 15.511332412569864], [74.04928352641127, 15.511369158335453], [74.04996995151568, 15.510964954554234], [74.05025596197588, 15.510891462872625], [74.05071357871215, 15.510891462872625], [74.05103772390035, 15.510707733554142], [74.05136186908855, 15.51032190145311], [74.0517622837328, 15.509862576583163], [74.05252497829326, 15.509586981170694], [74.05319233603367, 15.509495115951461], [74.05363088540592, 15.509531862044053], [74.05406943477821, 15.509293012325262], [74.05466052306258, 15.508796938949502], [74.05492746615873, 15.508705073378751], [74.05532788080299, 15.508907177580443], [74.05591896908736, 15.508796938949502], [74.05624311427555, 15.50830086438191], [74.0564909900077, 15.5078782814028], [74.05645285527967, 15.507565936905891], [74.0564909900077, 15.507198472187008], [74.05652912473572, 15.506794260240989], [74.05656725946375, 15.50646354078757], [74.05675793310387, 15.506187940838473], [74.05704394356404, 15.505985833975378], [74.05736808875223, 15.505949087251748], [74.05822612013276, 15.505802100291838], [74.0587600063251, 15.505508126058174], [74.05898881469324, 15.505361138784425], [74.05927482515341, 15.505067163923085], [74.05975150925369, 15.504846682502482], [74.06024726071801, 15.504773188643302], [74.06080021427434, 15.504607827364547], [74.06148663937877, 15.504038248613208], [74.061867986659, 15.503725898308526], [74.06160104356286, 15.503450294706255]]]}, "properties": {"node": "mining", "role": "positive", "name": "Mining", "ts": "2026-07-27T18:11:35.438140+00:00"}}, {"type": "Feature", "geometry": {"type": "Polygon", "coordinates": [[[73.72385906557452, 26.641511075238288], [73.72322863734617, 26.64137505902378], [73.7235003736515, 26.64233688449186], [73.72405471571437, 26.642647775840175], [73.72461992722945, 26.642764359877606], [73.72488079408258, 26.642939235710596], [73.72601121711276, 26.6436290211072], [73.72588078368618, 26.64404677643433], [73.72585904478176, 26.64462968829035], [73.72608730327823, 26.644921143102554], [73.72605469492159, 26.645280603013138], [73.72604382546938, 26.645504050495337], [73.72615251999153, 26.64569835229837], [73.72654382027119, 26.645931514025584], [73.7267068620544, 26.646067524813272], [73.72734815973496, 26.646339545902617], [73.72756554877921, 26.64644641115328], [73.72770685165798, 26.64613553014636], [73.72773946001463, 26.64596065920801], [73.72775032946686, 26.645912083899837], [73.72781554618014, 26.645805218149103], [73.7278698934412, 26.645824648293047], [73.72792424070227, 26.645989804383003], [73.72801119631997, 26.646096669960986], [73.72809815193767, 26.64613553014636], [73.72817423810316, 26.646028664604746], [73.72825032426864, 26.64589265377078], [73.72830467152973, 26.6457955030759], [73.72833727988635, 26.64570806737984], [73.7285329300262, 26.645756642774806], [73.72858727728728, 26.64584407843367], [73.72859814673946, 26.645873223638418], [73.72868510235718, 26.645921798963123], [73.72896770811472, 26.645921798963123], [73.729032924828, 26.645853793502745], [73.72905466373243, 26.64566920704899], [73.72916335825457, 26.64566920704899], [73.72922857496785, 26.64566920704899], [73.72928292222889, 26.64561091652792], [73.72935900839438, 26.645552625977096], [73.7295981363431, 26.64553319578687], [73.72972856976965, 26.64543604478617], [73.72975030867407, 26.645329178589936], [73.72977204757849, 26.64506687022971], [73.72970683086521, 26.64462968829035], [73.72965248360414, 26.644279941533792], [73.72963074469972, 26.64397876985731], [73.72963074469972, 26.64384275658177], [73.72957639743865, 26.643745604142918], [73.72955465853424, 26.64359987532968], [73.72946770291654, 26.643415285232603], [73.72938074729883, 26.643162687774172], [73.72928292222889, 26.643084965366857], [73.72897857756693, 26.64305581945048], [73.72848945221735, 26.643084965366857], [73.72815249919874, 26.643016958217082], [73.72801119631997, 26.643016958217082], [73.72785902398897, 26.643075250062232], [73.72772859056244, 26.643143257177297], [73.7275438098748, 26.643182118367736], [73.72718511795175, 26.643084965366857], [73.72694599000307, 26.643007242906663], [73.7267068620544, 26.642929520393558], [73.7264894730101, 26.64289065911718], [73.72622860615701, 26.642832367177803], [73.72596773930388, 26.64281293652474], [73.7258155669729, 26.64279350586837], [73.72577208916405, 26.642774075208685], [73.72561991683307, 26.64272549854502], [73.72541339724103, 26.642589483776838], [73.72529383326668, 26.64251176097942], [73.72526122491001, 26.642404892046617], [73.7252286165534, 26.64226887689661], [73.72525035545782, 26.642132861584596], [73.72525035545782, 26.642035707691136], [73.72520687764897, 26.641996846110608], [73.72513079148348, 26.641977415315385], [73.72488079408258, 26.641919122909886], [73.724750360656, 26.64189969210144], [73.72460905777723, 26.64186083047462], [73.72444601599405, 26.641841399656265], [73.7243264520197, 26.64179282259589], [73.72419601859315, 26.641734530096173], [73.72411993242764, 26.641685952990347], [73.72385906557452, 26.641511075238288]]]}, "properties": {"node": "mining", "role": "positive", "name": "Mining", "ts": "2026-07-27T18:11:35.438235+00:00"}}, {"type": "Feature", "geometry": {"type": "Polygon", "coordinates": [[[85.15535481689228, 21.903896707035646], [85.15502572014738, 21.903523513773372], [85.15422126143763, 21.902946758627483], [85.15412984567514, 21.902488745525226], [85.15405671306517, 21.901810204890218], [85.15445894242006, 21.901029879166032], [85.15577532939965, 21.900571859903284], [85.15632382397445, 21.900181694185164], [85.15753051203907, 21.89950314256616], [85.15789617508898, 21.899570997873433], [85.15860921803626, 21.899893310141806], [85.15881033271367, 21.90077542420178], [85.15884689901867, 21.901945913275675], [85.15910286315358, 21.902420891607104], [85.15985247240584, 21.902692307085744], [85.1607483468781, 21.90325209987784], [85.16040096698069, 21.904269899320575], [85.16019985230326, 21.904286862583028], [85.15535481689228, 21.903896707035646]]]}, "properties": {"node": "mining", "role": "positive", "name": "Mining", "ts": "2026-07-27T18:11:35.438305+00:00"}}, {"type": "Feature", "geometry": {"type": "Polygon", "coordinates": [[[76.52077475219019, 15.143193655562754], [76.52025993336188, 15.142126147311005], [76.52027900072589, 15.141592391166764], [76.52025993336188, 15.1411322554797], [76.52064128064214, 15.140690524279421], [76.52210946767103, 15.140064736834923], [76.52256708440729, 15.140027925751188], [76.52315817269165, 15.139770247985835], [76.52395900198016, 15.139512569906943], [76.52409247352824, 15.139291702732617], [76.5246644944486, 15.13877634509672], [76.52517931327691, 15.138334608982051], [76.52563693001318, 15.137727220319968], [76.52575133419725, 15.137340699355335], [76.52590387310936, 15.136843742792907], [76.52628522038958, 15.136586061153345], [76.52670470239782, 15.136383596788047], [76.52714325177011, 15.136162726350644], [76.52742926223029, 15.135426489895947], [76.52788687896656, 15.134892716866169], [76.5284207651589, 15.1343589424914], [76.52912625762731, 15.134009227516616], [76.52971734591166, 15.13388038501196], [76.53023216473999, 15.133954009309925], [76.53088045511642, 15.134579814809598], [76.53093765720843, 15.134984746794844], [76.53330201034588, 15.13516880653225], [76.53354988607803, 15.13643881436141], [76.53416004172642, 15.13719345308803], [76.53433164800252, 15.13730388779811], [76.53509434256297, 15.137745626062596], [76.53543755511521, 15.138371420360135], [76.53541848775119, 15.138813156398014], [76.53517061201902, 15.138997212808532], [76.53459859109867, 15.139199674675337], [76.5329969325217, 15.139181269059083], [76.53240584423735, 15.138721128132776], [76.53221517059721, 15.138665911154428], [76.53208169904912, 15.138665911154428], [76.5312046003046, 15.13864750549179], [76.530213097376, 15.138702722474921], [76.52901185344322, 15.138813156398014], [76.5281156873347, 15.13879475074817], [76.52626615302557, 15.139218080289995], [76.5259801425654, 15.139475758727217], [76.52556066055712, 15.139770247985835], [76.52523651536895, 15.140211981105887], [76.52516024591289, 15.140672118792745], [76.52519838064092, 15.141021822766028], [76.52529371746097, 15.1411322554797], [76.525331852189, 15.141242688135797], [76.52517931327691, 15.142015715115697], [76.5219378613949, 15.143377708165598], [76.52157558147869, 15.142991197514823], [76.52077475219019, 15.143193655562754]]]}, "properties": {"node": "mining", "role": "positive", "name": "Mining", "ts": "2026-07-27T18:11:35.438406+00:00"}}, {"type": "Feature", "geometry": {"type": "Polygon", "coordinates": [[[70.53072622913557, 20.858097833982544], [70.5307604624721, 20.857500688764716], [70.53088598470607, 20.857303417055604], [70.53097727360351, 20.85713280347686], [70.5310400347205, 20.857068823334934], [70.53118267362277, 20.85697818475393], [70.53141089586636, 20.8568875461183], [70.53145654031508, 20.85678091235939], [70.53149077365163, 20.85657830800913], [70.5316162958856, 20.85639703020122], [70.53177034590003, 20.856306391215316], [70.53180457923658, 20.85627973267966], [70.53177034590003, 20.856082459368896], [70.53174752367568, 20.855965161601976], [70.5317304070074, 20.855821205126627], [70.5317760514561, 20.855725234066515], [70.53214120704588, 20.855613267752307], [70.53209556259716, 20.855469310940123], [70.53209556259716, 20.85545331573026], [70.53203280148017, 20.85521338737822], [70.53202709592408, 20.85517606515573], [70.53224390705549, 20.855026776173133], [70.53298562934721, 20.855789214780064], [70.53360182940493, 20.856418357013492], [70.53380152386806, 20.856844892623812], [70.53420661835044, 20.857431377112622], [70.53405256833601, 20.857516683756813], [70.5332024404786, 20.857687296900018], [70.53257482930871, 20.85787923645474], [70.53215261815805, 20.858087170695878], [70.53149077365163, 20.85811916055361], [70.53094874582307, 20.85812982383801], [70.53092021804262, 20.85812982383801], [70.53090880693046, 20.85812982383801], [70.53072622913557, 20.858097833982544]]]}, "properties": {"node": "mining", "role": "positive", "name": "Mining", "ts": "2026-07-27T18:11:35.438527+00:00"}}, {"type": "Feature", "geometry": {"type": "Polygon", "coordinates": [[[81.37570221000828, 21.388131079468113], [81.37841930937996, 21.388317498669625], [81.37936314389853, 21.38504181240116], [81.37707506021711, 21.383656947369197], [81.37481557758176, 21.38456243752725], [81.37487277967377, 21.385254867396537], [81.37713226230916, 21.38512170806079], [81.3765316403428, 21.38621361103645], [81.37598822046846, 21.3873055058631], [81.37567360896226, 21.38781150314143], [81.37570221000828, 21.388131079468113]]]}, "properties": {"node": "mining", "role": "positive", "name": "Mining", "ts": "2026-07-27T18:11:35.438619+00:00"}}, {"type": "Feature", "geometry": {"type": "Polygon", "coordinates": [[[87.14290793730945, 23.655128529389202], [87.14245747083467, 23.65465696628186], [87.14241456926564, 23.6546176692795], [87.142178610636, 23.65394961843327], [87.142178610636, 23.653890672606554], [87.142178610636, 23.653871023991755], [87.14228586455854, 23.65351734842059], [87.14245747083467, 23.653144023169176], [87.14277923260236, 23.652731399283336], [87.14301519123198, 23.652495613621355], [87.14316534672359, 23.652299125245076], [87.14349354372665, 23.65120271468754], [87.14272131548417, 23.650436400777874], [87.14254970920805, 23.650092540513324], [87.14250680763901, 23.649660257755677], [87.14265696313062, 23.649316395451244], [87.14290364715251, 23.649041304957017], [87.14359007225694, 23.64949323903497], [87.1440727149085, 23.64998446995782], [87.14446955442199, 23.650230084727593], [87.14476986540518, 23.650357804225653], [87.14514525413414, 23.6509767507962], [87.1451345287419, 23.65126166172543], [87.14512380334965, 23.65255848983944], [87.14449100520649, 23.652980938646035], [87.1441477926543, 23.65322654779016], [87.14391183402464, 23.653874953714954], [87.1442443211846, 23.654228628319256], [87.14419069422333, 23.65473948994836], [87.14409416569298, 23.65481808386806], [87.1435042691189, 23.655220876965323], [87.14290793730945, 23.655128529389202]]]}, "properties": {"node": "mining", "role": "positive", "name": "Mining", "ts": "2026-07-27T18:11:35.438719+00:00"}}, {"type": "Feature", "geometry": {"type": "Polygon", "coordinates": [[[76.57805978725877, 15.012062573525021], [76.57794061623368, 15.011731074108624], [76.57795491675668, 15.011367344990513], [76.57806455409977, 15.011045052849466], [76.57810268882778, 15.010943760933301], [76.5782885956269, 15.010699739301728], [76.57881771497821, 15.01043730063222], [76.57954227481068, 15.010372841962326], [76.57940975663081, 15.010382971183168], [76.57983877232108, 15.009830467526966], [76.58028685537535, 15.009627882495085], [76.58062053424553, 15.00936083829598], [76.58087794365969, 15.009149044383536], [76.58144996458007, 15.008891208032887], [76.58198385077237, 15.0088727911388], [76.58242240014467, 15.008826748896627], [76.58373804826147, 15.00883595734585], [76.58402405872162, 15.008753081288502], [76.58394588252918, 15.008211623589583], [76.58386961307312, 15.007272356980394], [76.58402215198522, 15.006738262361628], [76.58407935407726, 15.00657250858787], [76.58427002771738, 15.00657250858787], [76.58455603817755, 15.007014518365557], [76.58524246328199, 15.007659114319402], [76.58533780010204, 15.007751199296955], [76.58573821474629, 15.007990620052915], [76.58596702311442, 15.007659114319402], [76.58617676411856, 15.007511778272784], [76.5864246398507, 15.007235522911602], [76.58638650512268, 15.00710660362085], [76.58627210093863, 15.006738262361628], [76.58613862939055, 15.006406754685578], [76.58606235993449, 15.006130497896095], [76.58619583148257, 15.005909492207422], [76.58650090930675, 15.005854240749539], [76.58674878503892, 15.005854240749539], [76.58735894068725, 15.00574373779095], [76.58795002897165, 15.005670069120146], [76.58808350051972, 15.005633234775233], [76.58863645407604, 15.00572532062563], [76.58880806035216, 15.0059831607957], [76.58960888964066, 15.00574373779095], [76.58964702436869, 15.00574373779095], [76.58964702436869, 15.00574373779095], [76.590161843197, 15.005762154954686], [76.59046692102118, 15.005688486290232], [76.59060039256926, 15.005651651948483], [76.59067666202532, 15.006241000654734], [76.59168723231792, 15.006646176947633], [76.59359396871909, 15.006940850132757], [76.595081223112, 15.007290774012404], [76.59551977248428, 15.006775096516114], [76.59603459131259, 15.007253939946791], [76.59607272604062, 15.007272356980387], [76.59696889214915, 15.007861701217655], [76.59843707917807, 15.008064287923865], [76.59958112101877, 15.008082704887633], [76.60053448921937, 15.007898535178525], [76.60183106997214, 15.008193206636923], [76.60217428252436, 15.008672046890245], [76.60270816871669, 15.009445555802186], [76.60297511181284, 15.00986914282939], [76.60297511181284, 15.010237478692266], [76.60297511181284, 15.0106794808896], [76.60310858336092, 15.011581899203435], [76.60341366118512, 15.012944727799738], [76.60343272854911, 15.013773470668387], [76.60297511181284, 15.013128893159495], [76.60289884235678, 15.012981560884391], [76.60268910135268, 15.012521146869814], [76.6022886867084, 15.011913398851295], [76.60167853106003, 15.011526649212117], [76.60097303859159, 15.011287232417994], [76.6003056808512, 15.011931815483313], [76.59933324528659, 15.012484313705784], [76.59904723482641, 15.012318564389062], [76.59862775281816, 15.012115981716223], [76.59845614654206, 15.011545065877481], [76.59841801181405, 15.011545065877481], [76.59775065407364, 15.012281731190111], [76.59748371097746, 15.012594813178822], [76.59736930679341, 15.012631646323806], [76.59710236369723, 15.012521146869814], [76.59698795951316, 15.012410647358674], [76.59675915114504, 15.011600315864033], [76.59675915114504, 15.011158315571576], [76.59662567959695, 15.010789981296066], [76.5962633996807, 15.010789981296066], [76.59508122311199, 15.010661064149629], [76.59397531599932, 15.010808398024917], [76.59347956453502, 15.010863648201962], [76.59283127415861, 15.01090048164539], [76.59143935658575, 15.011250399041243], [76.59081013357338, 15.011434565861514], [76.59035251683709, 15.011563482541256], [76.58951355282056, 15.011600315864033], [76.58915127290435, 15.011802899025826], [76.58909407081231, 15.012115981716223], [76.58913220554034, 15.012871061611385], [76.5892275423604, 15.013202559258946], [76.5892275423604, 15.013460390406976], [76.58848391516393, 15.013939218856319], [76.58766401851142, 15.014289131275182], [76.58756868169138, 15.014344380552078], [76.58684412185895, 15.01404971757683], [76.58632930303064, 15.01386555301089], [76.58556660847015, 15.013478806905642], [76.58488018336575, 15.014012884676346], [76.58402215198522, 15.013534056392118], [76.58402215198522, 15.013534056392118], [76.58390774780115, 15.013515639898214], [76.58224888713214, 15.013681388286185], [76.58140992311561, 15.013349891381637], [76.58081883483125, 15.01360772235185], [76.58034215073096, 15.013423557404879], [76.57999893817872, 15.013036810499463], [76.57977012981061, 15.012631646323806], [76.57963665826253, 15.01226331458825], [76.57936971516634, 15.012244897984797], [76.57849261642183, 15.01233698098616], [76.57805978725877, 15.012062573525021]]]}, "properties": {"node": "mining", "role": "positive", "name": "Mining", "ts": "2026-07-27T18:11:35.438857+00:00"}}, {"type": "Feature", "geometry": {"type": "Polygon", "coordinates": [[[85.27404081546645, 22.265511130753463], [85.27276099479184, 22.26495841216464], [85.27265129587687, 22.26495841216464], [85.27156649549553, 22.264315451059502], [85.2713958527389, 22.26389808876107], [85.27117645490901, 22.263401764407657], [85.2714689853489, 22.262781356490752], [85.27176151578881, 22.262363989617487], [85.27161525056884, 22.262273747967736], [85.27116426614066, 22.261585653475162], [85.2713470976656, 22.26064938832303], [85.27152992919054, 22.259938725050876], [85.27159087303218, 22.259521349701366], [85.27170057194715, 22.258968607458346], [85.2713592864339, 22.258438424072473], [85.27137147520224, 22.25798720258796], [85.27156649549553, 22.257524699056987], [85.27174932702047, 22.25712987776065], [85.27218812268035, 22.25696066829279], [85.27270005095016, 22.257152439007577], [85.27337043320829, 22.257648785520157], [85.27408957053972, 22.25815641081509], [85.2749062180178, 22.259002448882885], [85.27488184048116, 22.259667995236253], [85.2740286266981, 22.260942676875636], [85.27411394807639, 22.26160821400396], [85.27479651910284, 22.261912780786894], [85.27560097781259, 22.262510632174244], [85.27569848795922, 22.262736235807704], [85.27574724303253, 22.26310848100787], [85.27572286549587, 22.263683767097124], [85.27540595751931, 22.264168810393777], [85.2745771212729, 22.265059932069097], [85.27452836619959, 22.2651163319842], [85.27449179989459, 22.26561265025697], [85.27404081546645, 22.265511130753463]]]}, "properties": {"node": "mining", "role": "positive", "name": "Mining", "ts": "2026-07-27T18:11:35.438954+00:00"}}, {"type": "Feature", "geometry": {"type": "Polygon", "coordinates": [[[79.58800599999992, 18.64887995787048], [79.58812399999995, 18.650041957869956], [79.583794, 18.649893957870038], [79.58242899999996, 18.650853957869618], [79.58640699999991, 18.65281095786876], [79.58549934078432, 18.654124611418165], [79.58633830480085, 18.657231882013864], [79.58859199999995, 18.66207795786461], [79.58983999999994, 18.665768957862962], [79.59990299999996, 18.666027957862795], [79.60072199999996, 18.65342795786845], [79.60040999999997, 18.645193957872134], [79.594754, 18.646523957871537], [79.59264799999995, 18.64611695787174], [79.58979999999997, 18.64119995787396], [79.58937099999994, 18.638467957875207], [79.58816877174596, 18.634829355875553], [79.58383299999994, 18.634774957876875], [79.58145705961384, 18.63309484350831], [79.582545, 18.636399957876176], [79.58800599999992, 18.64887995787048]]]}, "properties": {"node": "mining", "role": "positive", "name": "Mining", "ts": "2026-07-27T18:11:35.439906+00:00"}}, {"type": "Feature", "geometry": {"type": "Polygon", "coordinates": [[[74.22085357452416, 15.226089676088266], [74.22058663142798, 15.225390549314039], [74.22052942933595, 15.225151373831936], [74.22054849669995, 15.224617827546494], [74.2210823828923, 15.22377150997539], [74.2212349218044, 15.223403544752905], [74.2212349218044, 15.222888392361032], [74.22148279753655, 15.222115661409964], [74.22192134690881, 15.221545310555634], [74.2220548184569, 15.221545310555634], [74.22247430046514, 15.221361326079528], [74.22298911929347, 15.221637302733408], [74.22340860130171, 15.221968474240613], [74.22371367912591, 15.22241003544], [74.22409502640615, 15.222833197387148], [74.22388528540202, 15.223642722220665], [74.22373274648993, 15.223753111729536], [74.22358020757783, 15.223845102942708], [74.22314165820555, 15.224157872766844], [74.22287471510937, 15.224562633025997], [74.22253150255717, 15.224801809176979], [74.22211202054893, 15.224912198078098], [74.22188321218078, 15.224875401784152], [74.22169253854067, 15.225151373831936], [74.22153999962859, 15.22550093790644], [74.22171160590469, 15.225813705270548], [74.22188321218078, 15.2259792878046], [74.22184507745277, 15.226568024648584], [74.22184507745277, 15.22664161663831], [74.22184507745277, 15.226696810613712], [74.22161626908462, 15.226825596500047], [74.22127305653243, 15.226568024648584], [74.22127305653243, 15.226568024648584], [74.2212349218044, 15.227009576200986], [74.2215972017206, 15.227267147512137], [74.22258870464923, 15.227543116424334], [74.22277937828933, 15.22759831016334], [74.22342766866575, 15.227966268053601], [74.22361834230585, 15.22838941883215], [74.22365647703388, 15.228830966563622], [74.22356114021382, 15.228978148934926], [74.22310352347752, 15.22907013786472], [74.22167347117666, 15.228463010185065], [74.2209107766162, 15.22826063390266], [74.2210823828923, 15.227359137189737], [74.2210823828923, 15.226917586370615], [74.22085357452416, 15.226089676088266]]]}, "properties": {"node": "mining", "role": "positive", "name": "Mining", "ts": "2026-07-27T18:11:35.440103+00:00"}}, {"type": "Feature", "geometry": {"type": "Polygon", "coordinates": [[[76.70156959101301, 13.339935883041914], [76.70094036800062, 13.339536995493752], [76.70081643013455, 13.339434954387292], [76.7006066891304, 13.339110277852773], [76.70066389122245, 13.338896918749699], [76.70087363222656, 13.338692835953095], [76.7010833732307, 13.33860007098857], [76.70136938369086, 13.338488752984132], [76.70158865837702, 13.33822901077436], [76.70175073097111, 13.337728078581407], [76.70199860670324, 13.337477612095553], [76.70280896967377, 13.336883912721808], [76.70381953996639, 13.336976678345094], [76.70381953996639, 13.337023061143388], [76.70390534310442, 13.337115826713262], [76.70366700105428, 13.337496165177477], [76.70339052427612, 13.337895056094434], [76.70306637908793, 13.338488752984132], [76.7030377780419, 13.338553688492953], [76.7027231665357, 13.339026789530529], [76.7022274150714, 13.33937929558379], [76.70200814038527, 13.339685418844414], [76.7017316636071, 13.339908053699453], [76.70159819205902, 13.33998226527222], [76.70156959101301, 13.339935883041914]]]}, "properties": {"node": "mining", "role": "positive", "name": "Mining", "ts": "2026-07-27T18:11:35.440230+00:00"}}, {"type": "Feature", "geometry": {"type": "Polygon", "coordinates": [[[76.42503561075114, 15.231665818915518], [76.42421571409862, 15.231343861456459], [76.4238915689104, 15.231067897528062], [76.4241489783246, 15.23001923129964], [76.42506421179715, 15.229467299606805], [76.42691374610628, 15.228814178567099], [76.42742856493459, 15.228777382955249], [76.42807685531099, 15.229080946560563], [76.42814359108505, 15.22957768606117], [76.4278861816709, 15.229872049656409], [76.42740949757058, 15.229945640490893], [76.4266182019641, 15.230221605890994], [76.42627498941191, 15.230423980287743], [76.42548369380539, 15.231104692739423], [76.42504514443313, 15.231555433556476], [76.42503561075114, 15.231665818915518]]]}, "properties": {"node": "mining", "role": "positive", "name": "Mining", "ts": "2026-07-27T18:11:35.440355+00:00"}}, {"type": "Feature", "geometry": {"type": "Polygon", "coordinates": [[[74.18530628779719, 15.267311969336484], [74.18336141666798, 15.26598756584738], [74.18334234930397, 15.26578522568963], [74.18366649449217, 15.264975863108429], [74.18425758277654, 15.264515996615376], [74.18463893005678, 15.263872181832875], [74.1848296036969, 15.263430707698154], [74.1855160288013, 15.262584546345355], [74.1860117802656, 15.262161464390248], [74.18669820537004, 15.261480852499874], [74.18761343884259, 15.26087381841221], [74.18854773967917, 15.261020978352176], [74.18883375013935, 15.26138887775091], [74.1887765480473, 15.262069489939382], [74.18891001959538, 15.262750099921828], [74.1890625585075, 15.263375523366044], [74.18913882796353, 15.264920679182453], [74.1890816258715, 15.265214993286738], [74.188261729219, 15.265104625545975], [74.18791851666678, 15.265123020173467], [74.18685074428214, 15.265601279922455], [74.18685074428214, 15.266171511276097], [74.18664100327801, 15.26664976863642], [74.18530628779719, 15.267311969336484]]]}, "properties": {"node": "mining", "role": "positive", "name": "Mining", "ts": "2026-07-27T18:11:35.440478+00:00"}}]}