{"type": "FeatureCollection", "features": [{"type": "Feature", "geometry": {"type": "Polygon", "coordinates": [[[79.21028899999999, 19.70888795751451], [79.21063999999998, 19.707640957514755], [79.21395499999993, 19.704999957515376], [79.21375999999991, 19.70323895751577], [79.21175135847712, 19.698098778357505], [79.21012109885412, 19.698152633073008], [79.20861199999996, 19.70030395751644], [79.20361899999997, 19.70030395751644], [79.20637436182582, 19.69785643191345], [79.20502299999997, 19.694800957517668], [79.20133620209198, 19.695757247796465], [79.19848047312499, 19.69828726934754], [79.19550596433915, 19.69791028671051], [79.19390400000005, 19.699793957516476], [79.19070599999996, 19.70441695751549], [79.19185499999992, 19.70701195751492], [79.18881331957103, 19.707496151835855], [79.18895632480111, 19.710215632572964], [79.19298399999992, 19.71124195751398], [79.19200899999994, 19.71454395751324], [79.19352999999998, 19.717991957512506], [79.19497299999993, 19.71916595751223], [79.19836699999995, 19.71905595751223], [79.19910799999997, 19.720155957512], [79.20199399999994, 19.71993595751207], [79.201955, 19.718615957512398], [79.20378799999997, 19.717551957512576], [79.20705792682561, 19.717533767892053], [79.20788399999996, 19.71516695751314], [79.20905399999995, 19.71369995751345], [79.20971699999991, 19.712745957513626], [79.20862499999994, 19.71146195751396], [79.20897599999992, 19.7097379575143], [79.21028899999999, 19.70888795751451]]]}, "properties": {"node": "mining", "role": "positive", "name": "mining", "ts": "2026-07-15T04:24:13.830022+00:00"}}, {"type": "Feature", "geometry": {"type": "Polygon", "coordinates": [[[74.15437234979282, 15.275050365421965], [74.15313297113207, 15.274480158192873], [74.15258001757572, 15.274241038571075], [74.1525418828477, 15.274241038571075], [74.15235120920758, 15.274057100215012], [74.15231307447957, 15.273817980111062], [74.1522177376595, 15.27326616344647], [74.15200799665536, 15.272603981533342], [74.15179825565123, 15.271886615435934], [74.1515694472831, 15.271187640982168], [74.1515694472831, 15.270047203980596], [74.1515694472831, 15.269366617655965], [74.1515313125551, 15.26883318358845], [74.15149317782706, 15.268134198965077], [74.15177918828722, 15.267600761765399], [74.15200799665539, 15.267214478809006], [74.15235120920758, 15.266901773037945], [74.15277069121585, 15.266828195141759], [74.15311390376806, 15.267012139833868], [74.15315203849609, 15.267030534294209], [74.15334271213621, 15.267232873251622], [74.15347618368428, 15.267674339390778], [74.1536668573244, 15.26791346649515], [74.15305670167601, 15.269900050367687], [74.15299949958398, 15.270562240813245], [74.15299949958398, 15.270948517608236], [74.15311390376806, 15.272236101789744], [74.15481089916508, 15.273008648506343], [74.15505877489723, 15.273707616894248], [74.15473462970905, 15.275179121678562], [74.15437234979282, 15.275050365421965]]]}, "properties": {"node": "mining", "role": "positive", "name": "mining", "ts": "2026-07-15T04:24:13.830118+00:00"}}, {"type": "Feature", "geometry": {"type": "Polygon", "coordinates": [[[75.06675743177334, 25.412958050480935], [75.06672319843679, 25.412942590050253], [75.06639227618359, 25.412751911242196], [75.06616405393999, 25.41266945544804], [75.0658103094624, 25.412535464662305], [75.0656391427797, 25.41239116672655], [75.06555926499445, 25.412298403676672], [75.06533104275084, 25.412107723850085], [75.06494306493673, 25.412040728163767], [75.06440674266426, 25.41221594757245], [75.06414428708415, 25.412319017693925], [75.06396170928926, 25.41238085972453], [75.06392747595271, 25.41239116672655], [75.06380765927483, 25.41241693422774], [75.06334550923154, 25.41238085972453], [75.0630944647636, 25.412386013225646], [75.06298605919788, 25.412334478204553], [75.06281489251519, 25.412154105457276], [75.06276354251037, 25.412020114098947], [75.06275783695429, 25.41177789857341], [75.06287765363217, 25.411623292664455], [75.06298035364179, 25.41141199760168], [75.0630944647636, 25.41123677702494], [75.06324851477802, 25.411097631091483], [75.06361367036777, 25.41087087441149], [75.0637734259383, 25.41080903160659], [75.0637677203822, 25.410685345901655], [75.06374489815785, 25.410541045752247], [75.06386471483572, 25.410427666942315], [75.06419563708896, 25.410618349425192], [75.06438962599601, 25.41093271718468], [75.06447520933735, 25.411144013087135], [75.06461214268352, 25.411468686557296], [75.06470913713704, 25.411705749173883], [75.0650172371659, 25.411891276114], [75.0654622705409, 25.411947964844337], [75.06574184278932, 25.41181912678232], [75.06583883724285, 25.411705749173883], [75.06575895945758, 25.411478993637267], [75.06568478722843, 25.411226469924266], [75.06559920388706, 25.410989406365573], [75.06538239275567, 25.41075234234091], [75.06533104275084, 25.410721420912026], [75.06520552051687, 25.41074203519882], [75.06511993717552, 25.410504970687924], [75.06512564273162, 25.410309134436154], [75.06508570383899, 25.410102990669706], [75.0651313482877, 25.40997415063675], [75.06521122607296, 25.409891692943436], [75.06549079832135, 25.40995353621871], [75.06569619834062, 25.41017514102804], [75.06583883724285, 25.410303980846283], [75.06614693727172, 25.410499817106427], [75.0663865706275, 25.410669885179615], [75.06664332065154, 25.410876027977128], [75.06686583733905, 25.410906949366364], [75.06710547069481, 25.410927563621456], [75.0671225873631, 25.411025481284994], [75.06749344850896, 25.411257391223653], [75.06763038185511, 25.4114429188535], [75.06808112078623, 25.4117160562336], [75.06814958745929, 25.411813973256972], [75.0682694041372, 25.411875815546566], [75.06837780970291, 25.412009807065207], [75.06849192082468, 25.41220564055545], [75.06840063192726, 25.412288096666725], [75.06822946524456, 25.412282943161426], [75.06817240968365, 25.4122777896559], [75.06805259300577, 25.412267482644193], [75.0680354763375, 25.41226232913802], [75.06801835966922, 25.41226232913802], [75.06798412633268, 25.41233447820455], [75.06808682634231, 25.412499390194544], [75.06810394301058, 25.412520004177438], [75.06820093746411, 25.41260246007378], [75.06820093746411, 25.412674608936832], [75.06817240968365, 25.412932283095355], [75.06809823745448, 25.41298897133634], [75.06793848188397, 25.412978664385424], [75.06762467629902, 25.412963203957382], [75.06705412069002, 25.413107501208664], [75.06680307622207, 25.41305596649589], [75.06675743177334, 25.412958050480935]]]}, "properties": {"node": "mining", "role": "positive", "name": "mining", "ts": "2026-07-15T04:24:13.830228+00:00"}}, {"type": "Feature", "geometry": {"type": "Polygon", "coordinates": [[[73.68191667581307, 15.736027429911823], [73.68159253062488, 15.7357888440743], [73.68137325593874, 15.735687903828005], [73.6810014423405, 15.735476846787474], [73.68091563920247, 15.735366729983717], [73.68098237497651, 15.735045555632166], [73.68129698648268, 15.734715204341379], [73.6814590590768, 15.734522499173941], [73.68184040635703, 15.734650969305852], [73.68225035468328, 15.734907909326221], [73.68256496618947, 15.735146496197316], [73.68263170196352, 15.73522908389517], [73.68266983669155, 15.735467670389436], [73.68265076932752, 15.735541081562127], [73.68258403355345, 15.735596139924255], [73.68225035468328, 15.73544931759213], [73.68229802309331, 15.735752138535986], [73.68228848941129, 15.735843902369348], [73.68222175363726, 15.735990724416581], [73.68209781577119, 15.736064135400436], [73.68201201263312, 15.736100840882434], [73.68191667581307, 15.736027429911823]]]}, "properties": {"node": "mining", "role": "positive", "name": "mining", "ts": "2026-07-15T04:24:13.830310+00:00"}}, {"type": "Feature", "geometry": {"type": "Polygon", "coordinates": [[[86.35076799999997, 23.779680958263516], [86.35550699999999, 23.78017995826375], [86.35964099999993, 23.77968095826351], [86.36223499999996, 23.77791595826253], [86.36701299999997, 23.77746995826228], [86.36866999999992, 23.774973958260816], [86.37132299999992, 23.77238395825935], [86.37028999999991, 23.770208958258163], [86.36820299999997, 23.771813958259045], [86.36566800000003, 23.771670958259016], [86.36461499999994, 23.771367958258843], [86.36143599999991, 23.77159995825896], [86.35751599999996, 23.772490958259414], [86.35626999999995, 23.774526958260612], [86.35736299999995, 23.776024958261413], [86.35767499999996, 23.77707695826198], [86.35703099999992, 23.7784849582628], [86.356329, 23.779126958263138], [86.35527599999992, 23.777985958262533], [86.35451499999994, 23.776630958261773], [86.3534819999999, 23.77572195826125], [86.35252599999994, 23.77543595826113], [86.35129799999999, 23.77607795826149], [86.35192199999996, 23.77762895826232], [86.35076799999997, 23.779680958263516]]]}, "properties": {"node": "mining", "role": "positive", "name": "mining", "ts": "2026-07-15T04:24:13.830384+00:00"}}, {"type": "Feature", "geometry": {"type": "Polygon", "coordinates": [[[86.39971399999995, 23.720944958230724], [86.40140099999991, 23.721699958231195], [86.40180999999988, 23.720557958230525], [86.40063099999995, 23.71963995823002], [86.39971399999995, 23.720944958230724]]]}, "properties": {"node": "mining", "role": "positive", "name": "mining", "ts": "2026-07-15T04:24:13.830461+00:00"}}, {"type": "Feature", "geometry": {"type": "Polygon", "coordinates": [[[77.15915057598545, 17.130875990805595], [77.15861668979313, 17.128835179513473], [77.16273524041965, 17.12770543505742], [77.16302125087985, 17.128980952491606], [77.16113358184268, 17.129527600141625], [77.1610001102946, 17.130365790082983], [77.1605234261943, 17.130875990805595], [77.16029461782615, 17.13091243366078], [77.15915057598545, 17.130875990805595]]]}, "properties": {"node": "mining", "role": "positive", "name": "mining", "ts": "2026-07-15T04:24:13.830536+00:00"}}, {"type": "Feature", "geometry": {"type": "Polygon", "coordinates": [[[76.86422945992385, 15.07508230478741], [76.86379091055154, 15.075413705706989], [76.86344769799936, 15.075266416473143], [76.86328562540527, 15.074787725758773], [76.86326655804125, 15.07451155754893], [76.86303774967313, 15.07428141710019], [76.86318075490321, 15.073986836962488], [76.86342863063534, 15.073618611216721], [76.86372417477752, 15.072965008948287], [76.86391484841765, 15.072366638913731], [76.86425806096985, 15.071915558852082], [76.86431526306188, 15.071777472927732], [76.86437246515392, 15.071694621330117], [76.86471567770614, 15.07154732952134], [76.86555464172265, 15.07165779838748], [76.86712769925363, 15.071805090119778], [76.86779505699404, 15.071841913036915], [76.86773785490199, 15.07534926667973], [76.86422945992385, 15.07508230478741]]]}, "properties": {"node": "mining", "role": "positive", "name": "mining", "ts": "2026-07-15T04:24:13.830625+00:00"}}, {"type": "Feature", "geometry": {"type": "Polygon", "coordinates": [[[84.92559189643623, 21.838713718500557], [84.92591585104451, 21.836726897824402], [84.92884301232625, 21.83714574339873], [84.92840335964362, 21.839121818788996], [84.92559189643623, 21.838713718500557]]]}, "properties": {"node": "mining", "role": "positive", "name": "mining", "ts": "2026-07-15T04:24:13.830694+00:00"}}, {"type": "Feature", "geometry": {"type": "Polygon", "coordinates": [[[86.24901211745733, 24.178008459677418], [86.24801965880131, 24.176197651650998], [86.24807330521514, 24.17512094280684], [86.24877070859503, 24.173334564916548], [86.24949493518186, 24.17176840482956], [86.25091656514856, 24.16956595969826], [86.25325018415049, 24.16807316972804], [86.25657626180845, 24.169027578442602], [86.25711272594681, 24.172111003990494], [86.25502051580715, 24.176613650362697], [86.25365253225429, 24.177665876345714], [86.25062150987246, 24.178644683425027], [86.24901211745733, 24.178008459677418]]]}, "properties": {"node": "mining", "role": "positive", "name": "mining", "ts": "2026-07-15T04:24:13.830764+00:00"}}, {"type": "Feature", "geometry": {"type": "Polygon", "coordinates": [[[68.58655017230494, 23.476738177229965], [68.58595272823241, 23.476318440474756], [68.58559680410409, 23.47609691220442], [68.58538070731188, 23.47577044881219], [68.5850502063356, 23.47505922219623], [68.58494851372751, 23.474791053788245], [68.58473241693531, 23.47446458716455], [68.5847069937833, 23.4744179490095], [68.58477055166335, 23.473123733630423], [68.58474512851133, 23.472715645067463], [68.58553324622405, 23.472272576055715], [68.58677898067315, 23.4720393812414], [68.58689338485723, 23.47221427739077], [68.58769421414598, 23.471946103200285], [68.58897808332313, 23.472319214969115], [68.58994416309997, 23.47245913161042], [68.59030008722831, 23.472820582247063], [68.5905034724445, 23.473193691543052], [68.5905034724445, 23.47322867048546], [68.58980433576386, 23.473217010839022], [68.58920689169133, 23.47299547736093], [68.58871114022689, 23.47299547736093], [68.58843148555464, 23.47299547736093], [68.58857131289075, 23.473275309060902], [68.58902892962718, 23.473438543945147], [68.5895246810916, 23.473846630272188], [68.58968993157976, 23.47426637489174], [68.58980433576386, 23.47448790623589], [68.58985518206791, 23.47465113961987], [68.58977891261185, 23.4750009247626], [68.58955010424364, 23.475327390059107], [68.5894992579396, 23.475397346803263], [68.58920689169133, 23.47567717340888], [68.5886348707708, 23.476003637031933], [68.58812640773037, 23.476318440474756], [68.58766879099396, 23.476528309019308], [68.58665186491302, 23.47681979255505], [68.58633407551275, 23.4768897485078], [68.58562222725611, 23.476330099847107], [68.58555866937606, 23.47617852792625], [68.58553324622405, 23.476143549765933], [68.58549511149599, 23.476003637031933], [68.58655017230494, 23.476738177229965]]]}, "properties": {"node": "mining", "role": "positive", "name": "mining", "ts": "2026-07-15T04:24:13.830848+00:00"}}, {"type": "Feature", "geometry": {"type": "Polygon", "coordinates": [[[74.27929506410267, 25.590951439096447], [74.27893913997433, 25.590550178124232], [74.2787866010622, 25.59034381481447], [74.2787866010622, 25.5903094208949], [74.27868490845411, 25.590183309771895], [74.27857050427001, 25.590148915806186], [74.27839254220585, 25.589277598710126], [74.2784561000859, 25.58860117711562], [74.27921879464658, 25.58824576762666], [74.279689122959, 25.588257232465363], [74.27970183453502, 25.5878559624571], [74.27951116089486, 25.587615199806187], [74.2794476030148, 25.587282717253718], [74.27951116089486, 25.58715660294041], [74.27954929562289, 25.58715660294041], [74.27961285350294, 25.58713367305098], [74.27958743035092, 25.586835584088547], [74.27949844931884, 25.58635405419593], [74.27949844931884, 25.586308194105094], [74.27961285350294, 25.586033033190976], [74.27996877763127, 25.585849592230034], [74.28022300915148, 25.585838127160642], [74.28062977958383, 25.585987172977106], [74.28083316480004, 25.58611328852295], [74.28096028056014, 25.58611328852295], [74.28103655001622, 25.58611328852295], [74.28141789729656, 25.586365519215892], [74.28179924457692, 25.586606284381357], [74.281900937185, 25.586652144357952], [74.28191364876099, 25.587328576971053], [74.28141789729656, 25.588566782695093], [74.28106197316825, 25.58875021949035], [74.28098570371218, 25.58849799382435], [74.28061706800784, 25.588681430725085], [74.28056622170381, 25.588715825112658], [74.28014673969541, 25.589151486499482], [74.28022300915148, 25.589403710787828], [74.28013402811939, 25.58980497560526], [74.28003233551131, 25.590355279452126], [74.27929506410267, 25.590951439096447]]]}, "properties": {"node": "mining", "role": "positive", "name": "mining", "ts": "2026-07-15T04:24:13.830929+00:00"}}, {"type": "Feature", "geometry": {"type": "Polygon", "coordinates": [[[85.38812768703063, 21.916213232499377], [85.38801113193348, 21.916149625580193], [85.38796999484038, 21.916041493752385], [85.38801798811566, 21.91595244395018], [85.38868303778764, 21.915717097776326], [85.38891614798194, 21.915469029766648], [85.3887995928848, 21.915093746571735], [85.38893671652849, 21.91492836722277], [85.38936179982399, 21.91480115220828], [85.3901091236822, 21.914826595220273], [85.39020511023278, 21.915017417665307], [85.39023253496153, 21.91513827174825], [85.39025310350809, 21.91525912572865], [85.39020511023278, 21.915392701061357], [85.39006798658909, 21.915538997710566], [85.38988972585226, 21.91581886914248], [85.38984173257697, 21.91586975479828], [85.38927952563778, 21.916047854450415], [85.38892300416413, 21.9159206404359], [85.38876531197386, 21.91602877235548], [85.38868303778764, 21.916117822109957], [85.38827852303868, 21.916264118014272], [85.38812768703063, 21.916213232499377]]]}, "properties": {"node": "mining", "role": "positive", "name": "mining", "ts": "2026-07-15T04:24:13.831003+00:00"}}, {"type": "Feature", "geometry": {"type": "Polygon", "coordinates": [[[72.12147675290242, 24.896806007876716], [72.12175640757468, 24.896367857323], [72.1218771675468, 24.896033478222634], [72.12191530227481, 24.89589511419205], [72.12205512961093, 24.895664507129812], [72.12223309167511, 24.895520377497164], [72.12250003477135, 24.89539930847571], [72.12275426629158, 24.89531283053055], [72.1228877378397, 24.89531283053055], [72.12301485359983, 24.895318595728785], [72.12309112305587, 24.895353186912498], [72.12314832514794, 24.895560733811262], [72.12315468093594, 24.895681802674417], [72.12284960311167, 24.895722158935758], [72.12256994843942, 24.895802871418848], [72.12261443895547, 24.89595276589031], [72.12267799683549, 24.89601618272729], [72.12269706419951, 24.896021947892677], [72.12271613156355, 24.896102660179782], [72.12258901580343, 24.896321736121628], [72.12258901580343, 24.89640821336007], [72.12257630422741, 24.8965465768156], [72.12240469795127, 24.89670223551769], [72.12227758219116, 24.896731061181725], [72.12200428330691, 24.896817538133448], [72.12183267703075, 24.896863659149588], [72.12155937814651, 24.896834833516525], [72.12154031078248, 24.896834833516525], [72.12147675290242, 24.896806007876716]]]}, "properties": {"node": "mining", "role": "positive", "name": "mining", "ts": "2026-07-15T04:24:13.831078+00:00"}}, {"type": "Feature", "geometry": {"type": "Polygon", "coordinates": [[[74.43085454930853, 26.176854531983942], [74.43129945446893, 26.176398217723463], [74.4316935133253, 26.17607879667824], [74.4320494374536, 26.175428543988648], [74.43229095739781, 26.174812511778796], [74.43279942043829, 26.174470270255487], [74.43349855711891, 26.17451590251665], [74.43385448124725, 26.17431055720075], [74.43390532755129, 26.1740595791012], [74.43343499923886, 26.17351198864479], [74.4332443255987, 26.173318049741326], [74.4332697487507, 26.173101294114478], [74.4333587297828, 26.172690598137326], [74.43342228766284, 26.17263355691496], [74.43309178668653, 26.17215440954522], [74.4328248435903, 26.171892018484453], [74.43253247734205, 26.17162962683313], [74.43207486060564, 26.171686668546702], [74.43166809017326, 26.17208595976021], [74.43156639756518, 26.1713900513314], [74.43141385865304, 26.171082024962917], [74.43118505028484, 26.17064850499158], [74.43113420398079, 26.170100898513187], [74.43095624191663, 26.16955328946284], [74.43026981681201, 26.169530472363256], [74.42963423801143, 26.16939356967202], [74.42935458333919, 26.169153989575562], [74.42912577497098, 26.16913117239784], [74.42876985084264, 26.169861319870126], [74.42814698361808, 26.170089490017535], [74.4278419057938, 26.17016934946364], [74.42762580900163, 26.170123715501134], [74.42737157748138, 26.17007808152077], [74.42686311444093, 26.171082024962917], [74.42678684498487, 26.171675260206218], [74.42671057552879, 26.17227990071335], [74.42676142183284, 26.172907354527787], [74.42686311444093, 26.173272417011272], [74.42686311444093, 26.173318049741326], [74.42714276911319, 26.17370592722561], [74.42743513536143, 26.17402535477303], [74.42770207845768, 26.174561534759945], [74.42775292476172, 26.17474406355452], [74.42810884889006, 26.17483532784462], [74.42836308041029, 26.174766879633733], [74.42856646562646, 26.17477828767168], [74.42899865921083, 26.17474406355452], [74.4290495055149, 26.174766879633733], [74.42912577497096, 26.174858143905983], [74.42943085279522, 26.175006448195983], [74.42971050746749, 26.17517756829614], [74.43085454930853, 26.176854531983942]]]}, "properties": {"node": "mining", "role": "positive", "name": "mining", "ts": "2026-07-15T04:24:13.831162+00:00"}}, {"type": "Feature", "geometry": {"type": "Polygon", "coordinates": [[[69.31376363681692, 22.2327234061013], [69.31331860344191, 22.231128421942387], [69.3133300145541, 22.230811535511435], [69.31328437010536, 22.230484085446907], [69.31323872565666, 22.230156634617497], [69.31322731454448, 22.22972355331355], [69.31320449232012, 22.229543982624406], [69.31311320342267, 22.22933272269566], [69.31307897008614, 22.22904752128685], [69.31303332563739, 22.228825697567785], [69.31303332563739, 22.228688377946746], [69.31301050341305, 22.22849824286482], [69.31330719232972, 22.228339796766242], [69.31396903683617, 22.22849824286482], [69.31402609239706, 22.228804571480993], [69.31442548132337, 22.229005269176948], [69.31442548132337, 22.229744679261852], [69.314402659099, 22.229955938569816], [69.31479063691312, 22.23010381989597], [69.31476781468875, 22.23054746293844], [69.31481345913747, 22.230938290169778], [69.3148020480253, 22.231318553457125], [69.31474499246441, 22.23149812187314], [69.31455100355734, 22.231899509265414], [69.31449394799644, 22.23216357929142], [69.31443689243555, 22.232501588198787], [69.31443689243555, 22.23253327649207], [69.31443689243555, 22.232660029593536], [69.31376363681692, 22.2327234061013]]]}, "properties": {"node": "mining", "role": "positive", "name": "mining", "ts": "2026-07-15T04:24:13.831239+00:00"}}, {"type": "Feature", "geometry": {"type": "Polygon", "coordinates": [[[85.40380828990217, 21.969166144234613], [85.40319123350548, 21.968665425440932], [85.40302154299638, 21.968450831131833], [85.4028209996675, 21.96797872251059], [85.40289813171705, 21.96736354831631], [85.40385456913191, 21.967449386735918], [85.40491899141621, 21.96727770984483], [85.40615310420955, 21.967091726312], [85.40647705881783, 21.967034500560597], [85.40707868880456, 21.967091726312], [85.40791171494011, 21.967449386735918], [85.40817396390871, 21.96795010981645], [85.40826652236818, 21.968307768078986], [85.4077265980211, 21.968479443725112], [85.40758776033184, 21.9685795877562], [85.40809683185908, 21.968994469418494], [85.40851334492686, 21.968765569340885], [85.40876016748554, 21.96870834426384], [85.40888357876487, 21.969266287781533], [85.40982458976981, 21.96976700445695], [85.4098091633599, 21.970825656758972], [85.40896071081443, 21.97101163540252], [85.40857505056654, 21.97136928595556], [85.4077265980211, 21.971340673944464], [85.40703240957481, 21.971498039934172], [85.406631322917, 21.97109747161739], [85.40630736830872, 21.97051092311509], [85.4061222513897, 21.970167576526293], [85.40592170806082, 21.969852841424057], [85.4056440326823, 21.969509493244352], [85.40527379884429, 21.969223369127217], [85.40380828990217, 21.969166144234613]]]}, "properties": {"node": "mining", "role": "positive", "name": "mining", "ts": "2026-07-15T04:24:13.831380+00:00"}}, {"type": "Feature", "geometry": {"type": "Polygon", "coordinates": [[[86.35142099999996, 23.742794958242847], [86.35258199999994, 23.742664958242795], [86.35348399999997, 23.742589958242718], [86.35397599999995, 23.74212595824248], [86.35494599999997, 23.74112295824192], [86.35541899999997, 23.740881958241797], [86.35603399999991, 23.740167958241393], [86.35639399999995, 23.739489958240974], [86.35652100000003, 23.738838958240663], [86.35661899999998, 23.738517958240447], [86.35643299999995, 23.738141958240256], [86.35592099999998, 23.737441958239913], [86.35566299999998, 23.737013958239643], [86.35489299999993, 23.73741495823988], [86.35421999999991, 23.73809295824025], [86.35337599999998, 23.738462958240422], [86.35189399999996, 23.738725958240586], [86.35157299999995, 23.73887695824069], [86.3509579999999, 23.73919095824086], [86.35106499999996, 23.739716958241182], [86.35049899999999, 23.74007395824136], [86.35097199999993, 23.74063595824165], [86.35116699999996, 23.740617958241664], [86.35049899999996, 23.741364958242055], [86.34989499999995, 23.741743958242267], [86.35044099999998, 23.74217595824254], [86.350953, 23.742554958242692], [86.34971899999996, 23.743082958242997], [86.35013899999998, 23.743506958243252], [86.35142099999996, 23.742794958242847]]]}, "properties": {"node": "mining", "role": "positive", "name": "mining", "ts": "2026-07-15T04:24:13.831539+00:00"}}, {"type": "Feature", "geometry": {"type": "Polygon", "coordinates": [[[73.84236228638746, 26.558463385254335], [73.84158688025079, 26.557064838090756], [73.84123095612246, 26.557098949200192], [73.84084960884212, 26.55641672508278], [73.84130722557853, 26.556177945682474], [73.84153603394671, 26.55670098562513], [73.84190466965106, 26.55711031956776], [73.84252753687562, 26.557599244305827], [73.84265465263573, 26.55822461011727], [73.84236228638746, 26.558463385254335]]]}, "properties": {"node": "mining", "role": "positive", "name": "mining", "ts": "2026-07-15T04:24:13.831670+00:00"}}, {"type": "Feature", "geometry": {"type": "Polygon", "coordinates": [[[68.79459973422975, 23.819084943843308], [68.79432686823417, 23.818496541458156], [68.79413196395161, 23.818193424036902], [68.79410272830921, 23.818157763117274], [68.79401502138208, 23.817997288857704], [68.79397604052556, 23.817703085533193], [68.79368368410172, 23.817141422789206], [68.7936154676028, 23.81657975761484], [68.79350827024741, 23.815857613105283], [68.79491158108186, 23.81509980281861], [68.795301389647, 23.81559015115632], [68.79539884178827, 23.816642164976447], [68.79543782264477, 23.81695420133445], [68.79552552957193, 23.81722166047285], [68.79573017906861, 23.817542610711477], [68.79592508335116, 23.817703085533193], [68.79598355463595, 23.818077526012285], [68.79595431899357, 23.818639184705564], [68.79598355463595, 23.818942301085794], [68.79562298171321, 23.819058198338215], [68.79505775929378, 23.819272162224635], [68.79459973422975, 23.819084943843308]]]}, "properties": {"node": "mining", "role": "positive", "name": "mining", "ts": "2026-07-15T04:24:13.831810+00:00"}}, {"type": "Feature", "geometry": {"type": "Polygon", "coordinates": [[[79.84670099999994, 18.4536119579626], [79.85306021954219, 18.45877310117504], [79.86533960196572, 18.450597862305113], [79.8654540061498, 18.448499729388267], [79.86097699999998, 18.448283957965206], [79.859766, 18.446583957966034], [79.858001, 18.446542957966063], [79.85456800000001, 18.44682495796588], [79.853139, 18.446635957966027], [79.85119299999997, 18.44890995796492], [79.84670099999994, 18.4536119579626]]]}, "properties": {"node": "mining", "role": "positive", "name": "mining", "ts": "2026-07-15T04:24:13.831952+00:00"}}, {"type": "Feature", "geometry": {"type": "Polygon", "coordinates": [[[74.15833454803445, 15.283321874669193], [74.15703796728167, 15.282880441455736], [74.15650408108935, 15.282512579734638], [74.15577952125689, 15.28186882016984], [74.15549351079672, 15.28133541789043], [74.15520750033654, 15.279827169620667], [74.15551257816072, 15.27925697537619], [74.15642781163329, 15.27866838614303], [74.15699983255364, 15.277859073250507], [74.15713330410172, 15.277730318638785], [74.15730491037783, 15.277546383342088], [74.15795320075424, 15.277270480094625], [74.15923071414299, 15.277527989803545], [74.16014594761556, 15.277638351010603], [74.16067983380789, 15.277472809178247], [74.16125185472823, 15.277675138066714], [74.16146159573238, 15.277840679739386], [74.16155693255243, 15.278208549655353], [74.16157599991645, 15.278300517033538], [74.1614997304604, 15.278852320455822], [74.16130905682027, 15.279643236162789], [74.16159506728044, 15.28026860926141], [74.16207175138075, 15.280360575736282], [74.16237682920494, 15.280820407505692], [74.16231962711291, 15.281004339931142], [74.16231962711291, 15.28120666541282], [74.16201454928871, 15.2818320338493], [74.16161413464448, 15.282034358532409], [74.16130905682027, 15.281850427010372], [74.16128998945626, 15.2818320338493], [74.16085144008402, 15.281500956674059], [74.16058449698784, 15.281592922608503], [74.1601650149796, 15.282347041749588], [74.15993620661145, 15.282696510675853], [74.15944045514712, 15.283064372074284], [74.15833454803445, 15.283321874669193]]]}, "properties": {"node": "mining", "role": "positive", "name": "mining", "ts": "2026-07-15T04:24:13.832122+00:00"}}, {"type": "Feature", "geometry": {"type": "Polygon", "coordinates": [[[72.99871932188223, 27.89643212228038], [72.99954540025043, 27.896403303181582], [72.99995843943454, 27.89617275011498], [73.00028452300091, 27.89552912020475], [73.00080625670714, 27.89548108796842], [73.00123016534346, 27.896239994810138], [73.00180624631076, 27.896864407841395], [73.00255623851345, 27.896777950867325], [73.00315405838516, 27.89643212228038], [73.00319753619404, 27.89597101577883], [73.00300188605416, 27.89525053293733], [73.00278449700993, 27.89454925836568], [73.0023388494692, 27.894184209530213], [73.00144755438772, 27.893396468374636], [73.00058886766288, 27.892474227542074], [72.99949105298936, 27.891926643330088], [72.99774107118304, 27.891859395955187], [72.99741498761665, 27.892358946885537], [72.99676282048387, 27.893098662298097], [72.99652369253519, 27.893819159463565], [72.99659977870068, 27.89475099535183], [72.99744759597331, 27.895682823217758], [72.99875193023887, 27.896384090444798], [72.99871932188223, 27.89643212228038]]]}, "properties": {"node": "mining", "role": "positive", "name": "mining", "ts": "2026-07-15T04:24:13.832268+00:00"}}, {"type": "Feature", "geometry": {"type": "Polygon", "coordinates": [[[79.73343157773239, 21.669698009232434], [79.73237333902973, 21.66907338369377], [79.73194432333946, 21.668475335429907], [79.73184421967842, 21.668023475096774], [79.7316583128793, 21.667545033200863], [79.73194432333946, 21.66685394766013], [79.73208732856953, 21.66666788560257], [79.73245914216777, 21.66693368846845], [79.7326593494899, 21.667332391848735], [79.7326593494899, 21.667584903419485], [79.73268795053593, 21.668382305477063], [79.73285955681203, 21.668648105183106], [79.73377479028458, 21.669166413200788], [79.73373188871555, 21.669658139598035], [79.73363178505451, 21.66972458898257], [79.73343157773239, 21.669698009232434]]]}, "properties": {"node": "mining", "role": "positive", "name": "mining", "ts": "2026-07-15T04:24:13.832377+00:00"}}, {"type": "Feature", "geometry": {"type": "Polygon", "coordinates": [[[85.4776316740436, 23.740509878556434], [85.47658556897375, 23.73967506102288], [85.47638439492184, 23.73933131107183], [85.4762100440769, 23.739036667534734], [85.47646486454262, 23.738373717139925], [85.47675991981872, 23.73830005577671], [85.47781943649203, 23.738165009835974], [85.47859730949266, 23.73787036366125], [85.47937518249333, 23.737735317275146], [85.48007258587322, 23.73745294710641], [85.48102480971883, 23.737195130330953], [85.48168197828835, 23.737047806230212], [85.48184291752987, 23.736949590070505], [85.48203067997828, 23.736851373836764], [85.48221844242673, 23.736826819766755], [85.48221844242673, 23.736765434571495], [85.48250008609936, 23.73621296651285], [85.4827280833582, 23.735906038801417], [85.48361324918649, 23.735562278906293], [85.4845788846356, 23.735329012746686], [85.48504829075668, 23.735390398618648], [85.4852762880155, 23.73634801447684], [85.4851689951878, 23.73669177229902], [85.48491417472206, 23.737072360258555], [85.48475323548057, 23.73737928522262], [85.48492758632553, 23.737673932507903], [85.48539699244661, 23.738864791830373], [85.48597369139539, 23.739576846843697], [85.48712708929288, 23.740178407529047], [85.48815978275925, 23.741123711565223], [85.48877671651839, 23.741737541681616], [85.48951435470869, 23.74226543326835], [85.48978258677788, 23.74219177410561], [85.49035928572661, 23.742204050635618], [85.49084210345114, 23.742916087396974], [85.49062751779583, 23.743210722159706], [85.48974235196751, 23.74376316054355], [85.48944729669141, 23.74377543692548], [85.48846824963884, 23.743554461873924], [85.48767696503475, 23.74360356747333], [85.4871270892929, 23.744033240678473], [85.48689909203408, 23.744647057084194], [85.487247793724, 23.745653709727403], [85.48740873296552, 23.74609565233256], [85.48723438212055, 23.746586697912775], [85.48710026608596, 23.746967256963984], [85.48696615005136, 23.747323262811612], [85.48648333232681, 23.747568783518815], [85.48582616375731, 23.747617887604715], [85.48491417472204, 23.746770839528025], [85.48475323548055, 23.746684906806642], [85.48376077682455, 23.74643938443311], [85.48338525192767, 23.7467340112258], [85.4827146717547, 23.747335538857964], [85.48267443694434, 23.747360090947193], [85.48186974073674, 23.747004085200256], [85.48152103904681, 23.7467340112258], [85.4811589257534, 23.746463936691285], [85.48099798651188, 23.746071100004954], [85.48111869094303, 23.745653709727403], [85.481293041788, 23.74544501408701], [85.48203067997828, 23.744917135386295], [85.48229891204745, 23.744708438565667], [85.48256714411664, 23.744462912466204], [85.48294266901351, 23.74418055687966], [85.48306337344466, 23.743984135241053], [85.48288902259968, 23.7433089335992], [85.48282196458236, 23.743149339972437], [85.48282196458236, 23.743149339972437], [85.48251349770281, 23.74307568130952], [85.48223185403018, 23.742731940331826], [85.48196362196099, 23.742560069502822], [85.48105163292573, 23.74226543326836], [85.48056881520117, 23.74193396670799], [85.48048834558043, 23.74179892453418], [85.48038105275276, 23.741700711956206], [85.47965682616592, 23.74181120110122], [85.47916059683794, 23.741663882220376], [85.47878507194106, 23.741442903586726], [85.47869119071686, 23.741393797172787], [85.4776316740436, 23.740509878556434]]]}, "properties": {"node": "mining", "role": "positive", "name": "mining", "ts": "2026-07-15T04:24:13.832509+00:00"}}, {"type": "Feature", "geometry": {"type": "Polygon", "coordinates": [[[79.73255924582884, 21.6656312497449], [79.73152960817222, 21.665179380500827], [79.7315010071262, 21.664980025972504], [79.73148670660318, 21.664661058154078], [79.73144380503415, 21.664235766632252], [79.73152960817222, 21.663943377983596], [79.7316583128793, 21.66367756960687], [79.73188712124742, 21.663345308447134], [79.73208732856953, 21.663172532341605], [79.73240194007573, 21.662959884543024], [79.73278805419696, 21.66297317503962], [79.7331455672722, 21.663013046522057], [79.73348877982438, 21.663145951383925], [79.73376048976158, 21.66347821300287], [79.7336460855775, 21.664195895487797], [79.73280235472, 21.66383705469169], [79.73268795053592, 21.663690860037335], [79.73244484164478, 21.66391679716797], [79.73244484164478, 21.66428892814106], [79.73263074844388, 21.664541445040307], [79.73261644792088, 21.664860413123254], [79.73255924582884, 21.6656312497449]]]}, "properties": {"node": "mining", "role": "positive", "name": "mining", "ts": "2026-07-15T04:24:13.832620+00:00"}}, {"type": "Feature", "geometry": {"type": "Polygon", "coordinates": [[[81.76596205286542, 21.49683299272316], [81.76476080893268, 21.495183070674504], [81.76504681939286, 21.492761377007845], [81.76504681939286, 21.492069457128522], [81.76521842566895, 21.490978346018576], [81.76310194826367, 21.490552544341735], [81.76293034198756, 21.48962109883009], [81.76250132629728, 21.48789125563502], [81.76261573048136, 21.48674688652945], [81.76324495349375, 21.485522667757987], [81.76553303717513, 21.484537962578965], [81.76925117315743, 21.48288790113014], [81.77116744324063, 21.482142705958292], [81.7724544903114, 21.482195934311353], [81.77382734052026, 21.482701602694775], [81.77565780746535, 21.483952459044417], [81.77631563152377, 21.485017009173774], [81.77814609846891, 21.491058183694285], [81.77674464721402, 21.49204284475977], [81.77479977608483, 21.493320232969964], [81.77282630390964, 21.493958922869773], [81.77102443801051, 21.495103235262068], [81.77042381604416, 21.495582247079582], [81.76596205286542, 21.49683299272316]]]}, "properties": {"node": "mining", "role": "positive", "name": "mining", "ts": "2026-07-15T04:24:13.832732+00:00"}}, {"type": "Feature", "geometry": {"type": "Polygon", "coordinates": [[[73.80479576580072, 26.507900187928282], [73.80409662912008, 26.506734219502167], [73.80396951335997, 26.50622801489169], [73.8036962144757, 26.50557961471671], [73.80370257026372, 26.505556863766923], [73.80379155129582, 26.505454484437134], [73.80393137863196, 26.505511361853838], [73.80403307124004, 26.505232662242953], [73.80516440150505, 26.504919835343816], [73.80555846036141, 26.505238349996873], [73.80560295087746, 26.505517049593962], [73.80646098225822, 26.507149419371576], [73.80479576580072, 26.507900187928282]]]}, "properties": {"node": "mining", "role": "positive", "name": "mining", "ts": "2026-07-15T04:24:13.832823+00:00"}}, {"type": "Feature", "geometry": {"type": "Polygon", "coordinates": [[[73.83622656732949, 24.492088126744274], [73.83536218016094, 24.490885072945062], [73.83398932995212, 24.490607443511053], [73.833785944736, 24.490468628564255], [73.83271817235133, 24.48908047067024], [73.83276901865536, 24.488478930825234], [73.83327748169567, 24.48806247847819], [73.833785944736, 24.487692297456718], [73.8339384836481, 24.48764602475244], [73.83510794864078, 24.487877388103616], [73.83566725798514, 24.48801620591007], [73.83617572102547, 24.488201296080387], [73.83668418406577, 24.488664020314697], [73.837040108194, 24.49005218280463], [73.83622656732949, 24.49190304229341], [73.83622656732949, 24.49190304229341], [73.83622656732949, 24.492088126744274]]]}, "properties": {"node": "mining", "role": "positive", "name": "mining", "ts": "2026-07-15T04:24:13.832917+00:00"}}, {"type": "Feature", "geometry": {"type": "Polygon", "coordinates": [[[79.95304619092543, 29.907561561898095], [79.95243982204634, 29.90742640255428], [79.95243982204634, 29.90742640255428], [79.95237052274588, 29.906930816724504], [79.9521453000194, 29.906750603084184], [79.95193740211799, 29.906480282012414], [79.95150428149006, 29.906465264153578], [79.95119243463796, 29.906615442639993], [79.95100186156168, 29.90658540696083], [79.95082861331053, 29.90622497810438], [79.95084593813564, 29.90620996020706], [79.9512444091133, 29.90592461972781], [79.95108848568727, 29.905609242457743], [79.95096721191145, 29.90536895434371], [79.95079396366027, 29.905083611455506], [79.95079396366027, 29.904828303968], [79.95063804023424, 29.904302668845254], [79.9504821168082, 29.90358179330991], [79.9504821168082, 29.903266408622937], [79.95058606575887, 29.902890949360515], [79.95084593813564, 29.902560544039112], [79.950897912611, 29.902305230085748], [79.95077663883518, 29.90218508211659], [79.95075931401006, 29.902155045101658], [79.95112313533748, 29.901839655898176], [79.95167752974123, 29.90179460021618], [79.95216262484449, 29.901839655898176], [79.95230122344543, 29.902140026590796], [79.95243982204634, 29.902335267055395], [79.9524744716966, 29.902395340967537], [79.95280364337381, 29.903026114858], [79.95366988462963, 29.903491683501215], [79.95380848323055, 29.90358179330991], [79.95438020245942, 29.9039422317296], [79.95476134861195, 29.904107432236156], [79.95493459686314, 29.904242596083208], [79.9553157430157, 29.904813285860133], [79.9551944692399, 29.90563927843123], [79.95514249476453, 29.905744404267164], [79.95484797273755, 29.906420210563503], [79.95477867343709, 29.906615442639993], [79.95472669896174, 29.907050958970263], [79.95477867343709, 29.90742640255428], [79.954466826585, 29.907516508803877], [79.95413765490775, 29.907636650343214], [79.95389510735613, 29.907711738731717], [79.95349663637846, 29.907666685705404], [79.9532194391766, 29.907651668025427], [79.95304619092543, 29.907561561898095]]]}, "properties": {"node": "mining", "role": "positive", "name": "mining", "ts": "2026-07-15T04:24:13.833013+00:00"}}, {"type": "Feature", "geometry": {"type": "Polygon", "coordinates": [[[79.72506577177222, 21.684401178556932], [79.7240933362076, 21.68442775559603], [79.7232925069191, 21.68408225370549], [79.72287779175187, 21.683524133516958], [79.72287779175187, 21.682819835908248], [79.72309229959698, 21.682354731826642], [79.72340691110318, 21.681597273395038], [79.72363571947133, 21.681411230364223], [79.72417913934565, 21.681597273395038], [79.72442224823683, 21.682314865692664], [79.72457955398991, 21.682753392559924], [79.72506577177222, 21.684401178556932]]]}, "properties": {"node": "mining", "role": "positive", "name": "mining", "ts": "2026-07-15T04:24:13.833091+00:00"}}, {"type": "Feature", "geometry": {"type": "Polygon", "coordinates": [[[80.69023699999997, 17.65305695842782], [80.69288799999991, 17.657525958424795], [80.69772399999994, 17.662426958421534], [80.70451199999995, 17.651942958428602], [80.69655599999999, 17.64949195843022], [80.69452699999992, 17.643550958434204], [80.68696099999997, 17.647263958431633], [80.69023699999997, 17.65305695842782]]]}, "properties": {"node": "mining", "role": "positive", "name": "mining", "ts": "2026-07-15T04:24:13.833177+00:00"}}, {"type": "Feature", "geometry": {"type": "Polygon", "coordinates": [[[74.22485104738945, 15.357436806349961], [74.22475571056938, 15.357170201720509], [74.22470327531833, 15.357027706002988], [74.22457933745227, 15.356866823624289], [74.2244553995862, 15.356733520987945], [74.22432192803812, 15.356604814913432], [74.22421705753605, 15.356494495357781], [74.22407881914697, 15.356356595831194], [74.22393581391688, 15.356237082834422], [74.22386907814284, 15.356154343027324], [74.22381664289182, 15.356085393163008], [74.22387384498384, 15.355938300042972], [74.2239930160089, 15.355777416824196], [74.22418845649004, 15.355754433497106], [74.22434099540213, 15.355892333421693], [74.2244601664272, 15.355993459975142], [74.22459363797529, 15.356158939684134], [74.22472710952337, 15.35626925941721], [74.22500835314253, 15.356342805873526], [74.22511799048561, 15.356338209220768], [74.2252657625567, 15.356283049379751], [74.22532773148974, 15.356264662762827], [74.22545643619681, 15.356218696213464], [74.2255708403809, 15.35618192296667], [74.22582348295403, 15.35606700652867], [74.2260618250042, 15.355975073332706], [74.22610949341423, 15.355924510057658], [74.22620006339328, 15.355841770126595], [74.22627633284932, 15.355717660168484], [74.22634783546437, 15.355584356797909], [74.2264050375564, 15.355455650014472], [74.22647177333045, 15.355345329851193], [74.22652420858145, 15.355267186366909], [74.22658141067349, 15.355133882708516], [74.22681021904165, 15.355313153125909], [74.2270723952968, 15.3553958932666], [74.22724876841392, 15.355441859997248], [74.22725830209592, 15.355441859997248], [74.22727736945993, 15.355372909897476], [74.22719156632186, 15.355184446175175], [74.22711529686585, 15.35503735241997], [74.22709622950183, 15.354867275136247], [74.22711529686585, 15.354697197713902], [74.22726783577792, 15.35454091023059], [74.22737270628, 15.354425992888773], [74.22757291360212, 15.354320268878407], [74.2279027789995, 15.354383703291052], [74.22817925577766, 15.35450321734945], [74.22834132837176, 15.354705471753874], [74.22875127669802, 15.355054819808826], [74.22902775347619, 15.355174333482822], [74.22910402293223, 15.35504562644645], [74.22918029238826, 15.35492611269874], [74.22931376393635, 15.354558377661007], [74.22929469657235, 15.354374509899108], [74.22926609552634, 15.354199835375224], [74.22940910075643, 15.354034354112468], [74.22948537021249, 15.354015967297398], [74.2296951112166, 15.354218222174103], [74.22994298694876, 15.354650311481203], [74.23028619950097, 15.35485256574304], [74.23049594050508, 15.354935306066379], [74.23066754678119, 15.354880145854473], [74.23078195096528, 15.354898532593394], [74.23104889406143, 15.3551559467682], [74.23106796142542, 15.355597227471886], [74.23093448987737, 15.355652387494219], [74.23059127732515, 15.35606608719692], [74.23044827209507, 15.356194793603786], [74.23025759845495, 15.356461399479722], [74.22999065535879, 15.35670961843726], [74.23030526686497, 15.357022190037764], [74.23062941205318, 15.357206055466367], [74.23078195096528, 15.357288794856368], [74.23090588883134, 15.357371534213557], [74.23095355724138, 15.357481853305417], [74.23094402355936, 15.357684104822331], [74.23085822042133, 15.357794423748894], [74.23043873841306, 15.358401176802234], [74.23021946372694, 15.358585041015429], [74.2296951112166, 15.358612620633428], [74.22979044803667, 15.358180539532487], [74.22979044803667, 15.358171346307854], [74.2298285827647, 15.35814376663151], [74.22983811644669, 15.358042641120388], [74.22983811644669, 15.357932322325075], [74.22983811644669, 15.357923129089501], [74.22983811644669, 15.357794423748894], [74.22981904908266, 15.35759217233895], [74.2296951112166, 15.357408307250656], [74.22968557753461, 15.357389920732912], [74.22960930807855, 15.357399113991987], [74.22940910075643, 15.357720877804327], [74.22940910075643, 15.35773926429291], [74.2293423649824, 15.358254085314998], [74.22912309029626, 15.358290858196538], [74.2288942819281, 15.35803344788968], [74.22871314197002, 15.357923129089501], [74.22855106937591, 15.357831196711459], [74.22839853046382, 15.357702491314138], [74.22839853046382, 15.357702491314138], [74.22824599155172, 15.357628945337158], [74.2279027789995, 15.357518626323081], [74.22767397063137, 15.357288794856368], [74.22759770117531, 15.357114122772327], [74.22754049908328, 15.356967030377595], [74.22752143171928, 15.35684751773051], [74.22743562858122, 15.357003803486], [74.22717821916704, 15.35692106398297], [74.22704474761898, 15.35681993787915], [74.22701614657295, 15.356792358024148], [74.22686360766087, 15.356746391591034], [74.2266061982467, 15.356700425147798], [74.22652039510866, 15.35670961843726], [74.22631065410452, 15.35692106398297], [74.2262534520125, 15.356967030377595], [74.2261104467824, 15.35709573622865], [74.22602464364437, 15.35721524873354], [74.22589879904189, 15.35730442340413], [74.22573672644776, 15.357437725675679], [74.22557465385368, 15.357511271720067], [74.22535061232654, 15.357483691956462], [74.22506936870735, 15.357511271720067], [74.22485104738945, 15.357436806349961]]]}, "properties": {"node": "mining", "role": "positive", "name": "mining", "ts": "2026-07-15T04:24:13.833326+00:00"}}, {"type": "Feature", "geometry": {"type": "Polygon", "coordinates": [[[84.97969083105991, 20.908459647207096], [84.97644393235005, 20.90527229185774], [84.97611373926088, 20.90311307717202], [84.97605870707939, 20.90259897385656], [84.97600367489787, 20.902187689935726], [84.9758936105348, 20.9014165295452], [84.9758936105348, 20.90033689833935], [84.9758936105348, 20.898588907535228], [84.97611373926088, 20.896378184121797], [84.97633386798698, 20.894681560345195], [84.97837005870333, 20.894630147204076], [84.98007605633056, 20.894475907675012], [84.9801310885121, 20.89283067616922], [84.98029618505666, 20.890362795098053], [84.97655399671306, 20.891288255254423], [84.97484799908587, 20.88789487345537], [84.9736923232739, 20.887072223892595], [84.97303193709561, 20.88635240182772], [84.97237155091734, 20.885786824927276], [84.9801310885121, 20.88244473612125], [84.98161695741321, 20.87905115446355], [84.98932146282644, 20.877457172978215], [84.99278849026238, 20.873292173781113], [84.99152275008734, 20.872777968342167], [84.98888120537426, 20.87030975774074], [84.98579940320896, 20.86372766462006], [84.99229320062868, 20.86141357903121], [84.99994267386037, 20.86239064173568], [85.0005480278571, 20.863213426456383], [85.00098828530929, 20.864241901024673], [85.00175873585063, 20.86599029164191], [85.00280434729956, 20.86861283943582], [85.00362983002242, 20.872932230158618], [85.0035747978409, 20.87385779773145], [85.0016486714876, 20.878896898930012], [84.99790648314402, 20.882033396973878], [84.99708100042119, 20.887740627005687], [84.99708100042119, 20.8938075345508], [84.9966957751505, 20.898845966283524], [84.9966957751505, 20.89910302459146], [84.98189211832083, 20.899771374131078], [84.97969083105991, 20.908459647207096]]]}, "properties": {"node": "mining", "role": "positive", "name": "mining", "ts": "2026-07-15T04:24:13.833451+00:00"}}, {"type": "Feature", "geometry": {"type": "Polygon", "coordinates": [[[70.02956843997302, 21.815034270510356], [70.02970537331919, 21.814562839244015], [70.02940868440253, 21.81446749340588], [70.02907205659321, 21.814356256514454], [70.02867266766692, 21.81436155351125], [70.0283873898624, 21.81441452346836], [70.02825045651625, 21.814250316537496], [70.02851861765247, 21.814049030365275], [70.02850150098422, 21.813958981196595], [70.02846726764767, 21.813932496136207], [70.02835886208197, 21.813831852862016], [70.02825616207234, 21.81370472441454], [70.02827327874061, 21.81363056610138], [70.02837027319416, 21.813492843417865], [70.02845015097941, 21.813492843417865], [70.02855855654512, 21.81368353632899], [70.02858708432555, 21.81374710057625], [70.02870119544735, 21.813789476725407], [70.02890659546661, 21.813943090160947], [70.02898076769576, 21.813943090160947], [70.02908346770538, 21.81382125882904], [70.02908917326147, 21.81374710057625], [70.02908346770538, 21.813672942285038], [70.02908346770538, 21.81357759585417], [70.02908346770538, 21.81354581369644], [70.02906635103713, 21.813482249359794], [70.02906064548104, 21.81338160576906], [70.02918046215893, 21.813296853216723], [70.02930027883681, 21.813312744324104], [70.02938015662205, 21.813376308736014], [70.02945432885124, 21.81336571466932], [70.0295285010804, 21.813312744324104], [70.0295855566413, 21.813265070996653], [70.02979095666053, 21.813227991731004], [70.02987083444582, 21.813249179883986], [70.02996212334324, 21.813402793899314], [70.03008194002113, 21.813280962107566], [70.03014470113813, 21.81316972429413], [70.03029304559645, 21.813074377528096], [70.03046421227916, 21.813127347961515], [70.03056120673268, 21.813227991731004], [70.03056120673268, 21.813227991731004], [70.0306182622936, 21.8134292790577], [70.03069814007885, 21.813529922614922], [70.03092636232246, 21.81365705121763], [70.03100053455162, 21.813641160148464], [70.03105188455643, 21.81354581369644], [70.03100624010771, 21.8134292790577], [70.03108041233688, 21.813318041359516], [70.03108611789297, 21.8132121006142], [70.03122305123911, 21.813042595258644], [70.03127440124393, 21.812963139554125], [70.03139421792183, 21.81291546611025], [70.031405629034, 21.81291546611025], [70.03154826793626, 21.81292076316036], [70.03169090683849, 21.813037298213043], [70.03161673460934, 21.8131061597905], [70.03155397349235, 21.81320680357489], [70.03154826793626, 21.813302150252714], [70.0315825012728, 21.813498140446605], [70.03173655128722, 21.813328635429738], [70.03174796239941, 21.813265070996653], [70.0317993124042, 21.813243882846027], [70.03183925129683, 21.81323328876954], [70.03193054019428, 21.813227991731004], [70.03215305688177, 21.81314323908772], [70.03244974579847, 21.81314323908772], [70.03250680135938, 21.813159130212156], [70.03259238470072, 21.813217397653336], [70.03265514581769, 21.813302150252714], [70.03265514581769, 21.813302150252714], [70.03261520692507, 21.813514031531646], [70.03261520692507, 21.81360937800485], [70.032421218018, 21.81385304092562], [70.03230710689623, 21.81391130808436], [70.03221011244268, 21.813996060272913], [70.03206176798435, 21.814245019536596], [70.03187348463338, 21.81443041445168], [70.03169090683849, 21.814313880533085], [70.03155967904843, 21.814292692537695], [70.03141133459009, 21.81417615850698], [70.03127440124393, 21.814186752513688], [70.03116599567822, 21.814446305433226], [70.03109752900514, 21.814509869341784], [70.03096630121507, 21.814631700087617], [70.03088642342982, 21.814689966929404], [70.03081225120066, 21.81470585788214], [70.0307152567471, 21.81471115486599], [70.03068672896666, 21.81470585788214], [70.03062967340577, 21.81477471865693], [70.03068672896666, 21.81484357939861], [70.03059544006922, 21.81492833103519], [70.03036721782563, 21.814848876377372], [70.0302074622551, 21.814679372959933], [70.03019034558686, 21.814610512139264], [70.02989936222625, 21.814515166332885], [70.02985371777753, 21.814509869341784], [70.02983089555318, 21.81454165128547], [70.02981377888491, 21.814573433222108], [70.02956843997302, 21.815034270510356]]]}, "properties": {"node": "mining", "role": "positive", "name": "mining", "ts": "2026-07-15T04:24:13.833601+00:00"}}, {"type": "Feature", "geometry": {"type": "Polygon", "coordinates": [[[84.61487782200867, 23.54933537532239], [84.61453111926508, 23.547163532128412], [84.61510895717107, 23.5468854276648], [84.61551344370525, 23.547282719575595], [84.61655355193602, 23.546911913829543], [84.61742030879502, 23.5487262034128], [84.61655355193602, 23.549110246902025], [84.61658244383133, 23.549891573296314], [84.61704471415612, 23.55059343880969], [84.61737697095207, 23.550672895046777], [84.61766588990507, 23.550686137748283], [84.61794036291042, 23.550699380448467], [84.61807037643926, 23.550752351235833], [84.61890824140293, 23.55133502848808], [84.61990501179078, 23.552579830328423], [84.61994834963373, 23.552990347499364], [84.62028060642967, 23.553506802764222], [84.61978944420957, 23.554142437227462], [84.62013614695319, 23.55465888796533], [84.62013614695319, 23.554751584036797], [84.61934161983241, 23.555413696931687], [84.61883601166468, 23.554407284013212], [84.61922605225124, 23.55403649836373], [84.61919716035594, 23.553771650830818], [84.61879267382174, 23.5538246203801], [84.61830151160164, 23.553414105814834], [84.61807037643926, 23.55330816636405], [84.61746364663796, 23.55431458769891], [84.61603349782061, 23.55411595251953], [84.61614906540181, 23.55310952966368], [84.6163657546166, 23.552579830328423], [84.61648132219777, 23.552209039523618], [84.61649576814543, 23.551745549546716], [84.6163657546166, 23.55133502848808], [84.61630797082597, 23.55117611676634], [84.61642353840718, 23.551017204852492], [84.61616351134948, 23.550461011641165], [84.61584570050118, 23.549944544409186], [84.61571568697234, 23.54978563100652], [84.61487782200867, 23.54933537532239]]]}, "properties": {"node": "mining", "role": "positive", "name": "mining", "ts": "2026-07-15T04:24:13.833730+00:00"}}, {"type": "Feature", "geometry": {"type": "Polygon", "coordinates": [[[79.82061099999991, 16.65803295920471], [79.81807499999995, 16.652525959209633], [79.81360899999999, 16.65276895920939], [79.81292699999997, 16.654187959208134], [79.81440899999993, 16.659133959203714], [79.82061099999991, 16.65803295920471]]]}, "properties": {"node": "mining", "role": "positive", "name": "mining", "ts": "2026-07-15T04:24:13.833831+00:00"}}, {"type": "Feature", "geometry": {"type": "Polygon", "coordinates": [[[76.85255260620309, 15.054889809543642], [76.85227612942492, 15.054880603081886], [76.85088421185205, 15.054641234936469], [76.85078887503202, 15.053775824782033], [76.8517613105966, 15.052643421078635], [76.85681416205968, 15.05182403578382], [76.85691903256178, 15.054484724849809], [76.85255260620309, 15.054889809543642]]]}, "properties": {"node": "mining", "role": "positive", "name": "mining", "ts": "2026-07-15T04:24:13.833926+00:00"}}, {"type": "Feature", "geometry": {"type": "Polygon", "coordinates": [[[69.24340328967129, 22.13203170594323], [69.24311801186681, 22.132021135622455], [69.24279850072578, 22.13186258071569], [69.24263874515523, 22.13149261857257], [69.24244475624818, 22.131080373897234], [69.2422051228924, 22.13077383220281], [69.24207960065843, 22.130604705465203], [69.24205677843408, 22.13037215586949], [69.24202254509754, 22.13024531047368], [69.24190843397574, 22.129949337439328], [69.2418742006392, 22.12978020971198], [69.241862789527, 22.129357389505376], [69.241862789527, 22.129304536890334], [69.24183996730267, 22.129103696772358], [69.24177150062957, 22.1286703039634], [69.24174867840522, 22.128437751174875], [69.24162315617124, 22.128110062503236], [69.24156610061034, 22.127962073821084], [69.24155468949817, 22.127676666637996], [69.2416345672834, 22.127518106842043], [69.24211383399498, 22.127454682873704], [69.24238770068729, 22.12741240021229], [69.24275285627705, 22.127422970878833], [69.2436315119149, 22.127866938157617], [69.2437456230367, 22.12790922068264], [69.24419065641173, 22.12818405678602], [69.24453298977711, 22.1284483217645], [69.24501225648868, 22.12861745109062], [69.2457882121169, 22.128839433023064], [69.2458452676778, 22.128871144699147], [69.24579962322909, 22.129272825311794], [69.24567410099512, 22.129759068731783], [69.24566268988293, 22.13001276028475], [69.2456284565464, 22.13021359910688], [69.24559422320985, 22.130425008084035], [69.24558281209765, 22.130530712453663], [69.24544587875151, 22.13083725467707], [69.24542305652714, 22.131006381135503], [69.24540023430279, 22.131101514679155], [69.24540023430279, 22.131323492697845], [69.24540023430279, 22.13140805566059], [69.24540023430279, 22.13142919639335], [69.24540023430279, 22.131513759292638], [69.24542305652714, 22.131746307003972], [69.24542305652714, 22.131830869712925], [69.24542305652714, 22.131830869712925], [69.24542305652714, 22.131852010382218], [69.24542305652714, 22.131968284006696], [69.24546870097588, 22.13231710430431], [69.24540023430279, 22.132528510124942], [69.24520624539574, 22.13273991562831], [69.24471556757199, 22.132835048001326], [69.24436182309442, 22.132993601813585], [69.24429335642134, 22.133014742308397], [69.24406513417775, 22.132930180310087], [69.24389396749504, 22.132771626426457], [69.24354022301748, 22.132708204823025], [69.24341470078349, 22.132454518123804], [69.24340328967129, 22.13203170594323]]]}, "properties": {"node": "mining", "role": "positive", "name": "mining", "ts": "2026-07-15T04:24:13.834071+00:00"}}, {"type": "Feature", "geometry": {"type": "Polygon", "coordinates": [[[81.16305152613307, 24.586484263248412], [81.16404302906166, 24.586388900869412], [81.16410499799471, 24.586094143966086], [81.16437670793186, 24.586046462637114], [81.16460074945901, 24.58758092538714], [81.16607847016992, 24.58744221766301], [81.16626914381004, 24.587663283025645], [81.166853558517, 24.587474293837875], [81.16731117525327, 24.58732691675039], [81.16768298885151, 24.58725756276684], [81.16813107190579, 24.58719687799973], [81.16831221186389, 24.58725756276684], [81.16891283383028, 24.58750030154119], [81.16917024324445, 24.587456955365997], [81.16932278215654, 24.587318247504548], [81.16939905161256, 24.587049500585735], [81.16924651270048, 24.58690212299827], [81.16918931060846, 24.586884784447175], [81.16897003592231, 24.58663337518638], [81.16891283383028, 24.58638196542082], [81.16866495809813, 24.586191240434392], [81.16858868864206, 24.58619990975826], [81.16769252253353, 24.586217248404186], [81.16723490579726, 24.586286602963916], [81.16730164157129, 24.586009184494543], [81.16736837734534, 24.585801120239193], [81.16736837734534, 24.58579245088772], [81.16705376583913, 24.58560172500342], [81.16697749638307, 24.585610394368103], [81.166805890107, 24.58566241054357], [81.16651034596481, 24.585913821753753], [81.16594785872647, 24.58597450714266], [81.1653663041241, 24.583711789177077], [81.16477521583974, 24.583824492571914], [81.1645654748356, 24.5833216612579], [81.16458454219962, 24.582992218957532], [81.1645654748356, 24.582766810568508], [81.1645273401076, 24.582524062618937], [81.16449873906159, 24.58240268846772], [81.16441293592354, 24.58227264460376], [81.16284941207456, 24.58277548012943], [81.16311635517074, 24.583772475633047], [81.16414599282736, 24.583659772191396], [81.16426993069342, 24.58418861053902], [81.1632688940828, 24.584440024707988], [81.1632688940828, 24.58509023142507], [81.16300195098664, 24.585298296861552], [81.16305152613307, 24.586484263248412]]]}, "properties": {"node": "mining", "role": "positive", "name": "mining", "ts": "2026-07-15T04:24:13.834342+00:00"}}, {"type": "Feature", "geometry": {"type": "Polygon", "coordinates": [[[70.52585996034638, 20.963029470940732], [70.52856439393302, 20.957946554871704], [70.52856439393302, 20.957946554871704], [70.52986526072152, 20.955559549359492], [70.53401890555503, 20.954206185566168], [70.53409878334028, 20.955463642092138], [70.53497743897815, 20.955708738319828], [70.53525130567044, 20.95647599348012], [70.53525130567044, 20.95647599348012], [70.53387056109669, 20.95685961958465], [70.534144427789, 20.958767079219744], [70.531417171978, 20.95815967851168], [70.53138293864146, 20.959065450594018], [70.53422430557426, 20.959587599066875], [70.5348290945198, 20.9637220981216], [70.5313601164171, 20.963519638200534], [70.52585996034638, 20.963029470940732]]]}, "properties": {"node": "mining", "role": "positive", "name": "mining", "ts": "2026-07-15T04:24:13.834572+00:00"}}, {"type": "Feature", "geometry": {"type": "Polygon", "coordinates": [[[77.82359339312283, 11.816840160093914], [77.82345038789275, 11.81668152221917], [77.82339795264171, 11.816536881723874], [77.82333598370867, 11.816438899409466], [77.82311194218153, 11.816289592958192], [77.82279733067533, 11.816070298960318], [77.82272106121928, 11.816014308975275], [77.82268292649125, 11.815934989810204], [77.82263525808123, 11.815823009773345], [77.82261619071724, 11.815645707954681], [77.82264955860425, 11.815449742653154], [77.82266385912725, 11.815337762417903], [77.82271629437827, 11.815183789519674], [77.82293080222342, 11.81502515068551], [77.82316437743255, 11.815043814082538], [77.82323588004759, 11.815113801810048], [77.82335028423168, 11.815300435662643], [77.82344562105173, 11.81548706938807], [77.82356002523582, 11.815566388682862], [77.82376976623995, 11.81571569552839], [77.823869869901, 11.81583234144483], [77.82402717565407, 11.816032972304892], [77.82411774563316, 11.816214939702036], [77.82417971456617, 11.81641090445605], [77.82418448140719, 11.816597537424753], [77.82413681299717, 11.816928810630953], [77.82399857460808, 11.817036124400554], [77.82383650201398, 11.81704079021567], [77.82359339312283, 11.816840160093914]]]}, "properties": {"node": "mining", "role": "positive", "name": "mining", "ts": "2026-07-15T04:24:13.834727+00:00"}}, {"type": "Feature", "geometry": {"type": "Polygon", "coordinates": [[[79.47033399999998, 18.818484957797256], [79.48577099999996, 18.80764295780174], [79.48994599999996, 18.79870495780547], [79.497238, 18.78892095780955], [79.49224599999994, 18.78541595781109], [79.48775999999994, 18.785378957811073], [79.48214199999998, 18.78795895781002], [79.47749999999998, 18.78408495781162], [79.47473099999992, 18.78563495781095], [79.46720299999998, 18.78519195781116], [79.46299099999996, 18.78829095780987], [79.46077299999997, 18.793523957807633], [79.46268399999994, 18.800643957804684], [79.46053799999999, 18.80522595780277], [79.46311199999998, 18.812942957799528], [79.46244899999998, 18.819028957797038], [79.47033399999998, 18.818484957797256]]]}, "properties": {"node": "mining", "role": "positive", "name": "mining", "ts": "2026-07-15T04:24:13.834805+00:00"}}, {"type": "Feature", "geometry": {"type": "Polygon", "coordinates": [[[85.75745069804151, 23.738988174055276], [85.75761163728303, 23.736189026177232], [85.7577189301107, 23.73491220191116], [85.75800057378333, 23.734126457682674], [85.75911373687048, 23.73447022136561], [85.76065607126833, 23.73364764247022], [85.76233252170077, 23.732996942053816], [85.76388826770207, 23.73280050355379], [85.76454543627156, 23.73255495501237], [85.76467955230616, 23.73163414386151], [85.7658597734106, 23.7316832539538], [85.76686564367007, 23.732211186277098], [85.76742893101535, 23.732702284192737], [85.76752281223959, 23.73292327765101], [85.76678517404929, 23.73365991980533], [85.76607435906598, 23.73331615398483], [85.76545742530683, 23.733107438579967], [85.76450520146119, 23.73324248976246], [85.76407603015048, 23.7339177435756], [85.76345909639137, 23.734764875229217], [85.76226546368346, 23.735378735305087], [85.76146076747591, 23.735869821283664], [85.76042807400951, 23.736176749080403], [85.75934173412932, 23.735980315373777], [85.75877844678402, 23.736090809370197], [85.75828221745601, 23.737760485021234], [85.75820174783527, 23.738533930461], [85.75745069804151, 23.738988174055276]]]}, "properties": {"node": "mining", "role": "positive", "name": "mining", "ts": "2026-07-15T04:24:13.834872+00:00"}}, {"type": "Feature", "geometry": {"type": "Polygon", "coordinates": [[[75.23926389054148, 16.229969100761224], [75.23922575581348, 16.229969100761224], [75.23918762108545, 16.229950793276092], [75.23914948635743, 16.22993248578926], [75.2391113516294, 16.229859255824902], [75.23903508217334, 16.229804333333757], [75.23897788008131, 16.229749410827292], [75.23890161062526, 16.22967618079481], [75.23886347589723, 16.229584643215915], [75.23882534116923, 16.229529720648138], [75.23874907171317, 16.22940156793041], [75.2386156001651, 16.229328337768532], [75.23850119598103, 16.229236800027866], [75.23840585916096, 16.229163569804687], [75.23831052234091, 16.229072031987403], [75.23821518552086, 16.228980494127548], [75.2381389160648, 16.228888956225127], [75.23808171397276, 16.22881572587254], [75.23802451188072, 16.228724187893494], [75.2379673097887, 16.228669265085635], [75.23787197296863, 16.228614342262453], [75.23783383824062, 16.22857772703848], [75.2377766361486, 16.22855941942394], [75.23773850142057, 16.22852280418976], [75.23770036669254, 16.22850449657011], [75.2377766361486, 16.22850449657011], [75.23779570351259, 16.228541111807704], [75.2379482424247, 16.228541111807704], [75.2379863771527, 16.228541111807704], [75.23802451188072, 16.22852280418976], [75.23840585916096, 16.228321420279997], [75.238463061253, 16.228284805001547], [75.23852026334504, 16.228248189716282], [75.2389588127173, 16.228028497861665], [75.23901601480934, 16.228010190196045], [75.2391113516294, 16.227991882528727], [75.23916855372143, 16.227991882528727], [75.23935922736156, 16.227918651842415], [75.23941642945358, 16.227918651842415], [75.23977870936982, 16.227863728809808], [75.23981684409783, 16.227863728809808], [75.240083787194, 16.227863728809808], [75.24014098928602, 16.227863728809808], [75.24033166292615, 16.227863728809808], [75.24038886501819, 16.227863728809808], [75.24042699974622, 16.227863728809808], [75.24046513447423, 16.227863728809808], [75.24057953865831, 16.227900344166574], [75.24061767338632, 16.227900344166574], [75.24065580811435, 16.227900344166574], [75.24077021229843, 16.227900344166574], [75.24080834702644, 16.227900344166574], [75.24088461648249, 16.227900344166574], [75.24096088593853, 16.227900344166574], [75.24099902066656, 16.227900344166574], [75.24115155957864, 16.227827113446217], [75.24118969430667, 16.227827113446217], [75.2414185026748, 16.22773557500745], [75.24145663740283, 16.22771726731459], [75.24149477213086, 16.22771726731459], [75.2415329068589, 16.22769895962003], [75.24162824367893, 16.22762572882475], [75.24166637840696, 16.227589113416897], [75.24179984995504, 16.227515882580757], [75.2418951867751, 16.22747926715247], [75.24193332150313, 16.227460959435778], [75.24199052359516, 16.227406036275468], [75.24202865832318, 16.227406036275468], [75.24309643070784, 16.227259574439746], [75.24324896961994, 16.227259574439746], [75.24363031690018, 16.227259574439746], [75.24385912526832, 16.227241266702617], [75.24389725999634, 16.227222958963786], [75.24397352945236, 16.22720465122325], [75.24403073154443, 16.227186343481012], [75.24429767464059, 16.227168035737076], [75.24439301146063, 16.227168035737076], [75.24446928091669, 16.22714972799143], [75.24485062819691, 16.227113112495047], [75.24492689765297, 16.227113112495047], [75.24559425539337, 16.227039881481836], [75.24565145748542, 16.227021573724283], [75.24570865957745, 16.227021573724283], [75.24588026585357, 16.227003265965024], [75.24591840058157, 16.227003265965024], [75.2461281415857, 16.227003265965024], [75.2462806804978, 16.226966650441394], [75.24635694995385, 16.22694834267702], [75.24652855622995, 16.22689341937371], [75.24656669095798, 16.226875111602528], [75.24670016250604, 16.226801880500787], [75.24675736459808, 16.226765264939704], [75.24694803823822, 16.226746957156607], [75.24700524033024, 16.226746957156607], [75.24713871187832, 16.226746957156607], [75.24719591397037, 16.226728649371804], [75.24723404869839, 16.226710341585306], [75.24736752024646, 16.2266920337971], [75.24740565497449, 16.2266920337971], [75.24746285706652, 16.226673726007192], [75.24750099179455, 16.226673726007192], [75.24753912652257, 16.226655418215586], [75.24767259807064, 16.226655418215586], [75.24771073279867, 16.226655418215586], [75.2477488675267, 16.226655418215586], [75.2479014064388, 16.226655418215586], [75.24797767589483, 16.226618802627264], [75.24801581062286, 16.226600494830546], [75.248206484263, 16.226600494830546], [75.248244618991, 16.226600494830546], [75.24843529263113, 16.226545571430186], [75.24849249472317, 16.226545571430186], [75.24853062945118, 16.226545571430186], [75.24860689890721, 16.226545571430186], [75.2490454482795, 16.226508955821423], [75.24910265037154, 16.226508955821423], [75.24914078509957, 16.226508955821423], [75.24925518928362, 16.226508955821423], [75.2493505261037, 16.226508955821423], [75.2493505261037, 16.22647234020586], [75.24940772819572, 16.22647234020586], [75.24948399765175, 16.22647234020586], [75.24952213237978, 16.22647234020586], [75.24967467129188, 16.22647234020586], [75.24973187338392, 16.226454032395523], [75.24982721020397, 16.226454032395523], [75.24986534493199, 16.226454032395523], [75.2500369512081, 16.226454032395523], [75.25011322066416, 16.226454032395523], [75.25015135539218, 16.226454032395523], [75.2501894901202, 16.226454032395523], [75.25032296166829, 16.226454032395523], [75.25038016376033, 16.226454032395523], [75.25057083740043, 16.226454032395523], [75.25060897212846, 16.226454032395523], [75.25070430894851, 16.22647234020586], [75.25079964576857, 16.226527263626654], [75.25079964576857, 16.226563879232], [75.25079964576857, 16.226728649371804], [75.25078057840456, 16.226765264939704], [75.25076151104054, 16.226801880500787], [75.25070430894851, 16.22689341937371], [75.25064710685649, 16.227113112495047], [75.25064710685649, 16.227168035737076], [75.25060897212846, 16.227332805371223], [75.25060897212846, 16.227369420826754], [75.25058990476445, 16.227406036275468], [75.25055177003642, 16.22762572882475], [75.25055177003642, 16.227680651923766], [75.25053270267242, 16.227790498075823], [75.25053270267242, 16.227827113446217], [75.25053270267242, 16.227863728809808], [75.25053270267242, 16.228101728507106], [75.25053270267242, 16.228138343819616], [75.25053270267242, 16.228174959125315], [75.25053270267242, 16.22835803555164], [75.25053270267242, 16.228394650816476], [75.25055177003642, 16.228431266074494], [75.25060897212846, 16.228650957479605], [75.25060897212846, 16.228705880292576], [75.25066617422048, 16.228888956225127], [75.25066617422048, 16.228980494127548], [75.25068524158449, 16.229017109276597], [75.25072337631254, 16.229200184919684], [75.25074244367653, 16.229255107579412], [75.25074244367653, 16.229291722677374], [75.25095218468067, 16.22987756331855], [75.2509903194087, 16.229969100761224], [75.2510284541367, 16.230042330684714], [75.2510284541367, 16.230243712833825], [75.2510284541367, 16.23028032774789], [75.2510284541367, 16.230371865003264], [75.2510284541367, 16.23050001708925], [75.2510284541367, 16.23053663195563], [75.2510093867727, 16.230591554242427], [75.2510093867727, 16.23062816909179], [75.25097125204466, 16.23062816909179], [75.25085684786062, 16.230738013598987], [75.25070430894851, 16.230774628421106], [75.25066617422048, 16.230774628421106], [75.25062803949248, 16.230774628421106], [75.25058990476445, 16.230774628421106], [75.25045643321637, 16.230811243236403], [75.2503420290323, 16.230811243236403], [75.25030389430427, 16.230811243236403], [75.25015135539218, 16.230811243236403], [75.25011322066416, 16.230811243236403], [75.24977000811195, 16.230811243236403], [75.24971280601991, 16.230811243236403], [75.24965560392788, 16.230811243236403], [75.24957933447183, 16.230811243236403], [75.24925518928362, 16.230811243236403], [75.24919798719158, 16.230811243236403], [75.24914078509957, 16.230811243236403], [75.24881663991134, 16.230811243236403], [75.2487213030913, 16.230811243236403], [75.24864503363524, 16.230811243236403], [75.24835902317507, 16.230774628421106], [75.248244618991, 16.230774628421106], [75.248206484263, 16.230774628421106], [75.24797767589483, 16.230756321010894], [75.2479395411668, 16.230738013598987], [75.2479014064388, 16.230738013598987], [75.24771073279867, 16.230701398770073], [75.24767259807064, 16.23068309135305], [75.24755819388659, 16.230664783934337], [75.24752005915856, 16.23062816909179], [75.24746285706652, 16.23062816909179], [75.24732938551846, 16.230591554242427], [75.24729125079043, 16.230591554242427], [75.24723404869839, 16.2305732468152], [75.24683363405413, 16.23055493938627], [75.24675736459808, 16.23055493938627], [75.24671922987008, 16.23055493938627], [75.24666202777804, 16.23055493938627], [75.24637601731786, 16.23055493938627], [75.24629974786181, 16.23055493938627], [75.24624254576977, 16.23055493938627], [75.24603280476565, 16.23055493938627], [75.24597560267361, 16.23055493938627], [75.2458230637615, 16.2305732468152], [75.24576586166948, 16.230591554242427], [75.24572772694145, 16.230591554242427], [75.24568959221344, 16.230591554242427], [75.24565145748542, 16.230591554242427], [75.24538451438926, 16.23062816909179], [75.24530824493321, 16.23062816909179], [75.24515570602111, 16.23062816909179], [75.24507943656506, 16.23062816909179], [75.24502223447304, 16.23062816909179], [75.24471715664883, 16.230609861667965], [75.24465995455681, 16.230591554242427], [75.24460275246477, 16.230591554242427], [75.24433580936862, 16.23055493938627], [75.24429767464059, 16.23055493938627], [75.24424047254855, 16.23055493938627], [75.24416420309248, 16.23055493938627], [75.24364938426419, 16.230481709653493], [75.24357311480813, 16.230481709653493], [75.24347777798808, 16.2304450947769], [75.24309643070784, 16.230371865003264], [75.24303922861581, 16.23035355755559], [75.24298202652378, 16.23033525010622], [75.24294389179575, 16.23033525010622], [75.24260067924354, 16.230316942655147], [75.24246720769546, 16.230298635202374], [75.24239093823942, 16.230298635202374], [75.24212399514326, 16.230262020291715], [75.24208586041523, 16.230262020291715], [75.2420477256872, 16.230262020291715], [75.24200959095917, 16.230262020291715], [75.241723580499, 16.230262020291715], [75.24164731104297, 16.230262020291715], [75.24160917631494, 16.230262020291715], [75.2414185026748, 16.230262020291715], [75.24136130058277, 16.230262020291715], [75.24120876167069, 16.230262020291715], [75.24117062694266, 16.230262020291715], [75.24096088593853, 16.230262020291715], [75.2409227512105, 16.230262020291715], [75.24077021229843, 16.230262020291715], [75.2407320775704, 16.230262020291715], [75.24067487547835, 16.230262020291715], [75.24059860602232, 16.230243712833825], [75.24050326920225, 16.230243712833825], [75.24040793238218, 16.23022540537424], [75.24036979765418, 16.23022540537424], [75.24019819137808, 16.230188790449958], [75.24012192192203, 16.23017048298526], [75.24006471982999, 16.230152175518867], [75.23981684409783, 16.230097253109456], [75.23977870936982, 16.23006063816133], [75.23974057464179, 16.23006063816133], [75.23968337254975, 16.230042330684714], [75.23956896836567, 16.229969100761224], [75.23926389054148, 16.229969100761224]]]}, "properties": {"node": "mining", "role": "positive", "name": "mining", "ts": "2026-07-15T04:24:13.835002+00:00"}}, {"type": "Feature", "geometry": {"type": "Polygon", "coordinates": [[[82.64917727665647, 22.343435813567798], [82.64620141144063, 22.34220656194947], [82.64559468163932, 22.341244531383044], [82.64495905994275, 22.33969457928497], [82.6474726548338, 22.337984267318376], [82.6472126277761, 22.336968759662277], [82.64695260071842, 22.336006692955685], [82.6476460062056, 22.33421616224738], [82.64776157378681, 22.332291984218873], [82.6483971954834, 22.3306083066682], [82.64949508750476, 22.329539294500695], [82.64952397940007, 22.329512569091538], [82.65004403351547, 22.328844432198682], [82.65108414174625, 22.32796248660024], [82.65128638501332, 22.326091674449565], [82.65114192553683, 22.324595006667174], [82.65099746606032, 22.323980299177062], [82.65082411468853, 22.323071596187734], [82.65059297952615, 22.322136160458708], [82.65044852004965, 22.32125417245657], [82.65111303364154, 22.320799812825477], [82.651835331024, 22.320158361416176], [82.65278876356888, 22.320078179782712], [82.65374219611377, 22.320960175217127], [82.65403111506676, 22.32136108039008], [82.65512900708816, 22.321494715191797], [82.65518679087876, 22.32144126128647], [82.65660249374842, 22.32066617735834], [82.658104872304, 22.320826539903543], [82.66024287255617, 22.320265270189132], [82.66385435946862, 22.320853266976503], [82.66486557580409, 22.320291997369576], [82.66720581932337, 22.319650543626246], [82.66824592755415, 22.320104906998992], [82.66856373840243, 22.32058599601663], [82.66983498179562, 22.320986902264487], [82.67174184688538, 22.322510335502802], [82.67272417132554, 22.322216340909762], [82.67347536060332, 22.322216340909762], [82.67555557706488, 22.321949072560432], [82.67780914489823, 22.322029253118977], [82.679716009988, 22.322243067716542], [82.6808716858, 22.322456881986497], [82.68546549715262, 22.322055979961593], [82.68662117296458, 22.321655076784943], [82.68789241635777, 22.32106708337587], [82.68887474079796, 22.32085326697651], [82.68988595713344, 22.324327742873788], [82.68925033543687, 22.324995901397383], [82.68927922733216, 22.326492564879437], [82.68939479491334, 22.327133987171244], [82.69060825451595, 22.328336646019928], [82.69193728169971, 22.328496999749742], [82.69205284928088, 22.329325491084113], [82.692255092548, 22.330421230130284], [82.69029044366765, 22.331837660532727], [82.68901920027444, 22.331116084577822], [82.68731457845178, 22.33090228357802], [82.68575441610562, 22.33186438549641], [82.6852054700949, 22.333147177731107], [82.68274965899445, 22.333708395623773], [82.68064055063762, 22.334216162247383], [82.67864700986195, 22.335285138570022], [82.67786692868886, 22.336033417120497], [82.67679792856276, 22.336835139683277], [82.67627787444736, 22.337423066633168], [82.67668236098156, 22.338117886196244], [82.67679792856276, 22.338679084084998], [82.67622009065677, 22.340122153998575], [82.67465992831058, 22.34071006708875], [82.6739954147187, 22.341030745911194], [82.67324422544091, 22.341618655169945], [82.67344646870801, 22.34453144174348], [82.67101954950287, 22.34573395056009], [82.64917727665647, 22.343435813567798]]]}, "properties": {"node": "mining", "role": "positive", "name": "mining", "ts": "2026-07-15T04:24:13.835070+00:00"}}, {"type": "Feature", "geometry": {"type": "Polygon", "coordinates": [[[73.7997324272858, 26.490191834305783], [73.79848669283668, 26.489668491255618], [73.7980926339803, 26.489338556369194], [73.79696130371528, 26.490021179225096], [73.79657995643495, 26.48970262239672], [73.79631301333872, 26.489019997649418], [73.79635114806675, 26.488735569475185], [73.79668164904305, 26.48838287756194], [73.79717740050751, 26.488269105746223], [73.7974189204517, 26.488200842602758], [73.79762230566789, 26.48788228073071], [73.79777484458003, 26.487290663483858], [73.79787653718813, 26.4869152124983], [73.79767315197195, 26.486812816562203], [73.79781297930806, 26.486403231905935], [73.79816890343639, 26.48583436190744], [73.79816890343639, 26.48583436190744], [73.79856296229275, 26.48577747475281], [73.79882990538898, 26.485561303308522], [73.79890617484504, 26.48543615123398], [73.7987282127809, 26.485242734123585], [73.79869007805284, 26.485185846676256], [73.79842313495661, 26.48498105163288], [73.79834686550053, 26.48486727645118], [73.7983087307725, 26.484685235926307], [73.79867736647685, 26.484434929734075], [73.7987282127809, 26.48404809181988], [73.79950361891758, 26.483979826170525], [73.7997451388618, 26.48395707094507], [73.79989767777396, 26.484104979830043], [73.80045698711845, 26.484412174598663], [73.80059681445458, 26.48491278653736], [73.80035529451037, 26.486369099785392], [73.80053325657451, 26.486471496116636], [73.80064766075863, 26.486471496116636], [73.80088918070284, 26.486528382927922], [73.80106714276701, 26.486687665849797], [73.8011688353751, 26.486767307228], [73.80186797205572, 26.486608024416444], [73.80190610678376, 26.48659664706431], [73.80242728140021, 26.486403231905935], [73.80279591710455, 26.486403231905935], [73.80279591710455, 26.486403231905935], [73.80280862868057, 26.486778684563234], [73.8025035508563, 26.486881080529734], [73.80174085629562, 26.486949344456733], [73.80142306689531, 26.48706311757835], [73.80127052798318, 26.48712000409695], [73.80127052798318, 26.48712000409695], [73.80115612379907, 26.487176890587396], [73.80102900803898, 26.487700244978985], [73.80109256591902, 26.48781401735759], [73.80120697010312, 26.48781401735759], [73.80167729841556, 26.487996052929198], [73.80208406884792, 26.488542157914793], [73.80325353384097, 26.490624159376445], [73.80255439716034, 26.491079236641845], [73.80255439716034, 26.491079236641845], [73.80312641808086, 26.49216003792741], [73.80144849004735, 26.493036048355716], [73.8011688353751, 26.492899527689122], [73.80040614081442, 26.491943878483195], [73.80003750511007, 26.49144329715715], [73.79966886940574, 26.49101097516687], [73.79955446522163, 26.490772059685295], [73.79955446522163, 26.49073792886168], [73.79955446522163, 26.490407997044336], [73.7997324272858, 26.490191834305783]]]}, "properties": {"node": "mining", "role": "positive", "name": "mining", "ts": "2026-07-15T04:24:13.835135+00:00"}}, {"type": "Feature", "geometry": {"type": "Polygon", "coordinates": [[[85.29401973035445, 21.95730244937085], [85.29275819283234, 21.954580833952367], [85.29445852601432, 21.953639702475623], [85.29639196939058, 21.954110268992917], [85.296666216678, 21.954784321019897], [85.29650166830555, 21.955140422687087], [85.29635083229748, 21.955420216228283], [85.29401973035445, 21.95730244937085]]]}, "properties": {"node": "mining", "role": "positive", "name": "mining", "ts": "2026-07-15T04:24:13.835260+00:00"}}, {"type": "Feature", "geometry": {"type": "Polygon", "coordinates": [[[79.70377324638116, 16.71700809928986], [79.7025529350844, 16.714962797764294], [79.7017521057959, 16.7141958040394], [79.70152329742776, 16.712698331214494], [79.70121821960359, 16.710945177365403], [79.70118008487556, 16.70930158100511], [79.70118008487556, 16.708461515177333], [79.70121821960359, 16.708169317501003], [79.70773925809559, 16.708534564526524], [79.70865449156815, 16.70944767903251], [79.70869262629616, 16.70977639918528], [79.70907397357638, 16.709739874751822], [79.70930278194453, 16.708680663141035], [79.71113324888965, 16.707657970491123], [79.7134976020271, 16.706343071890107], [79.71433656604363, 16.70586824516946], [79.71498485642003, 16.70718314704111], [79.71502299114805, 16.708132792760008], [79.71525179951617, 16.708680663141028], [79.71548060788433, 16.709739874751822], [79.71563314679642, 16.710105118771885], [79.71715853591735, 16.71036078917005], [79.71856952085423, 16.7106164592257], [79.7193322154147, 16.712223520304025], [79.71952288905482, 16.7141958040394], [79.71959915851085, 16.715729788405913], [79.71651024554095, 16.716825483973714], [79.71422216185955, 16.717263760438808], [79.71273490746663, 16.717336806418423], [79.71197221290618, 16.717921173248477], [79.71082817106547, 16.71795769611592], [79.70972226395278, 16.717848127492616], [79.7094171861286, 16.71671591470011], [79.7089214346643, 16.716387206501732], [79.70800620119174, 16.716350683333623], [79.7070909677192, 16.716168067388168], [79.70663335098291, 16.716533299104267], [79.70590879115046, 16.717555944189474], [79.70438340202953, 16.718213355992212], [79.70438340202953, 16.718213355992212], [79.70377324638116, 16.71700809928986]]]}, "properties": {"node": "mining", "role": "positive", "name": "mining", "ts": "2026-07-15T04:24:13.835353+00:00"}}, {"type": "Feature", "geometry": {"type": "Polygon", "coordinates": [[[80.51174850622091, 23.671217200197088], [80.51174850622091, 23.671208468636863], [80.51174850622091, 23.671186639733758], [80.51174850622091, 23.671156079263266], [80.5117532730619, 23.671121153002545], [80.51176280674392, 23.671090592516748], [80.51176757358489, 23.671055666238523], [80.51177710726691, 23.671029471523724], [80.51178187410792, 23.670998911016493], [80.51179140778991, 23.670968350502125], [80.51179617463093, 23.670950887347843], [80.51180094147193, 23.670937789980602], [80.51180094147193, 23.670920326822237], [80.51180094147193, 23.670902863661542], [80.51180094147193, 23.67088540049852], [80.51180570831293, 23.670872303124714], [80.51181047515392, 23.67085483995759], [80.51182000883595, 23.670841742580734], [80.51183430935896, 23.670824279409537], [80.51184384304094, 23.670815547823064], [80.51184860988195, 23.67080681623601], [80.51185337672297, 23.670798084648375], [80.51186291040494, 23.670784987265815], [80.51187244408698, 23.670780621471337], [80.51187244408698, 23.67077188988196], [80.51187244408698, 23.670763158291987], [80.51187244408698, 23.67075442670143], [80.51187721092798, 23.670745695110288], [80.51187721092798, 23.670732597722488], [80.51187721092798, 23.67072386612989], [80.51188197776897, 23.670710768739895], [80.511891511451, 23.6706933055512], [80.511891511451, 23.670675842360176], [80.511891511451, 23.670662744965373], [80.511891511451, 23.670640915971113], [80.51189627829197, 23.670619086973215], [80.51190104513297, 23.67058852637004], [80.511905811974, 23.67055796575971], [80.511915345656, 23.670536136747955], [80.51192487933801, 23.670514307732553], [80.51192964617901, 23.670496844517608], [80.51193441301999, 23.670475015495647], [80.51193441301999, 23.670466283885848], [80.51193441301999, 23.670448820664486], [80.51193441301999, 23.67043135744079], [80.51193441301999, 23.670422625828074], [80.51193441301999, 23.670413894214764], [80.51193441301999, 23.67040516260088], [80.51193441301999, 23.670396430986408], [80.51193441301999, 23.670378967755717], [80.51193441301999, 23.6703702361395], [80.51193441301999, 23.670361504522685], [80.51193441301999, 23.670348407096395], [80.51193917986102, 23.670339675478136], [80.51194394670202, 23.670330943859287], [80.51194394670202, 23.670322212239856], [80.51194394670202, 23.670309114809612], [80.51195348038404, 23.670296017378067], [80.51195348038404, 23.670282919945205], [80.51195824722502, 23.67027418832257], [80.511967780907, 23.670261090887514], [80.51197731458905, 23.67024362763874], [80.51198208143003, 23.670234896013476], [80.51198208143003, 23.67022179857449], [80.51198684827105, 23.670213066947767], [80.51198684827105, 23.670204335320467], [80.51198208143003, 23.67019560369258], [80.51197254774802, 23.67019560369258], [80.51196301406603, 23.670186872064118], [80.51195348038404, 23.670186872064118], [80.51194394670202, 23.670186872064118], [80.51193441301999, 23.670186872064118], [80.51192487933801, 23.670191237878417], [80.511915345656, 23.67019560369258], [80.51189627829197, 23.670204335320467], [80.51188197776897, 23.67020870113419], [80.51186767724597, 23.670217432761202], [80.51185337672297, 23.670226164387632], [80.51183907619996, 23.670234896013476], [80.51182000883595, 23.67024362763874], [80.51181047515392, 23.670256725075543], [80.51180094147193, 23.670256725075543], [80.51179140778991, 23.670265456699347], [80.51178187410792, 23.67027418832257], [80.51176757358489, 23.670282919945205], [80.5117580399029, 23.670291651567258], [80.5117437393799, 23.67030038318873], [80.51172943885686, 23.670309114809612], [80.51171990517487, 23.670313480619836], [80.51170560465187, 23.670326578049643], [80.51169607096985, 23.670330943859287], [80.51168653728786, 23.670335309668776], [80.51167700360584, 23.670344041287333], [80.51166746992385, 23.670348407096395], [80.51165316940084, 23.670357138714074], [80.51164363571883, 23.670361504522685], [80.51162933519583, 23.670365870331167], [80.51161026783181, 23.6703702361395], [80.5115912004678, 23.6703702361395], [80.5115816667858, 23.670374601947675], [80.5115721331038, 23.670378967755717], [80.51156259942177, 23.670378967755717], [80.51155306573978, 23.670378967755717], [80.51153876521677, 23.67038333356361], [80.51152923153474, 23.67038333356361], [80.51151493101175, 23.67038769937135], [80.51150539732976, 23.670396430986408], [80.51149586364774, 23.670396430986408], [80.51148156312473, 23.670396430986408], [80.51147202944273, 23.670396430986408], [80.51146249576072, 23.670396430986408], [80.51144819523772, 23.670396430986408], [80.5114386615557, 23.670396430986408], [80.51142912787371, 23.67039206517896], [80.5114195941917, 23.67038333356361], [80.51140529366869, 23.670378967755717], [80.51139575998666, 23.670378967755717], [80.51138145946366, 23.670378967755717], [80.51137669262268, 23.6703702361395], [80.51136715894066, 23.670365870331167], [80.51135762525867, 23.670361504522685], [80.51134332473563, 23.670361504522685], [80.51132425737161, 23.670352772905296], [80.51130995684862, 23.670344041287333], [80.51130042316662, 23.670330943859287], [80.51129088948461, 23.670326578049643], [80.51128135580261, 23.670326578049643], [80.51127182212059, 23.670322212239856], [80.5112622884386, 23.670313480619836], [80.51125275475658, 23.670309114809612], [80.51123845423359, 23.670304748999246], [80.51122892055156, 23.670296017378067], [80.51121938686957, 23.670287285756306], [80.51121462002855, 23.670278554133958], [80.51120508634656, 23.670269822511028], [80.51119555266453, 23.670256725075543], [80.51117648530052, 23.67024362763874], [80.51116218477753, 23.67023053020063], [80.51115265109554, 23.67022179857449], [80.51113835057251, 23.670217432761202], [80.51113358373152, 23.670204335320467], [80.51112881689052, 23.67019560369258], [80.51111451636751, 23.670186872064118], [80.5111049826855, 23.67017377462031], [80.5110954490035, 23.670165042990384], [80.51109068216249, 23.67015631135987], [80.5110811484805, 23.6701519455444], [80.51107638163948, 23.6701388480971], [80.51106684795747, 23.670125750648488], [80.51106208111645, 23.670112653198558], [80.51106208111645, 23.67010392156455], [80.51105254743446, 23.67009082411244], [80.51104301375247, 23.67008209247697], [80.51103824691145, 23.670073360840913], [80.51103824691145, 23.670064629204276], [80.51103824691145, 23.670055897567064], [80.51103824691145, 23.670047165929258], [80.51103824691145, 23.67003843429087], [80.51103824691145, 23.670029702651902], [80.51103824691145, 23.670020971012352], [80.51103824691145, 23.670012239372213], [80.51103824691145, 23.66999477609019], [80.51103824691145, 23.669986044448304], [80.51103824691145, 23.66997731280583], [80.51103824691145, 23.66996421534104], [80.51103824691145, 23.669946752052603], [80.51103824691145, 23.66993802040751], [80.51103824691145, 23.669929288761825], [80.51103824691145, 23.669920557115567], [80.51103824691145, 23.669911825468724], [80.51103824691145, 23.669903093821297], [80.51103824691145, 23.669894362173288], [80.51103824691145, 23.669885630524693], [80.51103824691145, 23.66987689887551], [80.51103824691145, 23.669863801400655], [80.51103824691145, 23.669855069750017], [80.51103824691145, 23.6698463380988], [80.51103824691145, 23.669837606447], [80.51104778059349, 23.66982887479461], [80.51105254743446, 23.66982014314164], [80.51105731427548, 23.669811411488087], [80.51106684795747, 23.66980267983395], [80.51107638163948, 23.66980267983395], [80.51108591532149, 23.669798314006666], [80.5110954490035, 23.669789582351655], [80.5111049826855, 23.669785216523934], [80.51111451636751, 23.66978085069606], [80.5111240500495, 23.669776484868052], [80.51113358373152, 23.669767753211584], [80.51114311741351, 23.669763387383135], [80.51115265109554, 23.669763387383135], [80.51116218477753, 23.66975902155453], [80.51117171845955, 23.66975902155453], [80.51119078582354, 23.66975902155453], [80.51119555266453, 23.669767753211584], [80.51120031950556, 23.669776484868052], [80.51120508634656, 23.669785216523934], [80.51120985318757, 23.669793948179244], [80.51121462002855, 23.66980267983395], [80.51122415371059, 23.669807045661088], [80.51122892055156, 23.669815777314938], [80.51123845423359, 23.669815777314938], [80.5112479879156, 23.669815777314938], [80.51126705527957, 23.669815777314938], [80.51128135580261, 23.669815777314938], [80.51129565632563, 23.669815777314938], [80.5113051900076, 23.669811411488087], [80.5113051900076, 23.66980267983395], [80.51131472368962, 23.66980267983395], [80.51132425737161, 23.669798314006666], [80.51133379105364, 23.669793948179244], [80.51134809157665, 23.669785216523934], [80.51136239209964, 23.669785216523934], [80.51137669262268, 23.66978085069606], [80.51138145946366, 23.669767753211584], [80.51139099314568, 23.66975902155453], [80.51139099314568, 23.6697502898969], [80.51139099314568, 23.66973719240935], [80.51139099314568, 23.66972846075026], [80.51139099314568, 23.669719729090577], [80.51138622630467, 23.66971099743032], [80.5114148273507, 23.669732826579878], [80.5114434283967, 23.669767753211584], [80.51145772891971, 23.669776484868052], [80.51144819523772, 23.669776484868045], [80.5114386615557, 23.669776484868045], [80.51142912787371, 23.669767753211577], [80.5114195941917, 23.669763387383124], [80.51141006050969, 23.669763387383124], [80.51140052682767, 23.66975465572578], [80.51139099314568, 23.669750289896893], [80.51138145946366, 23.669745924067854], [80.51137192578166, 23.669737192409343], [80.51137192578166, 23.66972846075025], [80.51136715894066, 23.669719729090573], [80.51136239209964, 23.66971099743031], [80.51136239209964, 23.669702265769477], [80.51136239209964, 23.66969353410805], [80.51136239209964, 23.66968480244604], [80.51136239209964, 23.66967607078345], [80.51136239209964, 23.669667339120274], [80.51134809157665, 23.66965860745651], [80.51133855789465, 23.66965860745651], [80.51132902421264, 23.66965424162441], [80.51131949053064, 23.669645509959782], [80.51130995684862, 23.669645509959782], [80.51130042316662, 23.669641144127237], [80.51130042316662, 23.669632412461734], [80.51129565632563, 23.669623680795638], [80.51129088948461, 23.66961494912896], [80.51128612264363, 23.6696062174617], [80.51128612264363, 23.669593119959725], [80.5112765889616, 23.66958002245643], [80.5112765889616, 23.669571290786838], [80.51127182212059, 23.669553827445903], [80.51126705527957, 23.66954509577456], [80.5112622884386, 23.669536364102637], [80.5112575215976, 23.66952763243013], [80.5112575215976, 23.669518900757033], [80.51125275475658, 23.66951016908336], [80.51125275475658, 23.6695014374091], [80.51125275475658, 23.669492705734257], [80.5112479879156, 23.669483974058828], [80.5112479879156, 23.66947524238282], [80.5112479879156, 23.66946651070623], [80.5112479879156, 23.669457779029052], [80.5112479879156, 23.669449047351296], [80.5112479879156, 23.66943594983357], [80.5112479879156, 23.669422852314526], [80.5112479879156, 23.66941412063443], [80.5112479879156, 23.669405388953756], [80.5112479879156, 23.669396657272504], [80.5112479879156, 23.66938355974952], [80.5112479879156, 23.669374828066807], [80.5112575215976, 23.669366096383502], [80.51126705527957, 23.669357364699618], [80.51126705527957, 23.669348633015154], [80.51126705527957, 23.669339901330112], [80.51126705527957, 23.669326803801436], [80.51127182212059, 23.669318072114937], [80.5112765889616, 23.669309340427848], [80.51128612264363, 23.66930497458408], [80.51128612264363, 23.669296242896117], [80.51129565632563, 23.669291877051915], [80.5113051900076, 23.66928314536307], [80.5113051900076, 23.66927441367365], [80.51131472368962, 23.669261316138417], [80.51132425737161, 23.66925695029305], [80.51132425737161, 23.669248218601872], [80.51133855789465, 23.66923948691012], [80.51134809157665, 23.669235121064027], [80.51135762525867, 23.66922638937139], [80.51137192578166, 23.66921765767818], [80.51138145946366, 23.669208925984375], [80.51139099314568, 23.669204560137256], [80.51140052682767, 23.669204560137256], [80.51141006050969, 23.669191462595027], [80.5114195941917, 23.669187096747326], [80.51143389471468, 23.66917399920335], [80.5114434283967, 23.669169633355068], [80.5114529620787, 23.669165267506642], [80.51146249576072, 23.669156535809343], [80.51147202944273, 23.669152169960476], [80.51148156312473, 23.669147804111454], [80.51149109680674, 23.669134706563543], [80.51150539732976, 23.669125974864205], [80.51151493101175, 23.669121609014315], [80.51152446469376, 23.669121609014315], [80.51153876521677, 23.66911724316428], [80.51155306573978, 23.6691128773141], [80.51156259942177, 23.669108511463772], [80.5115721331038, 23.669099779762686], [80.5115816667858, 23.66909541391192], [80.5115912004678, 23.66909541391192], [80.5116055009908, 23.66909541391192], [80.51161980151383, 23.66909541391192], [80.51164840255983, 23.669091048061016], [80.51167700360584, 23.669082316358757], [80.51170560465187, 23.66907795050741], [80.51172467201589, 23.669073584655916], [80.5117389725389, 23.66906921880428], [80.51174850622091, 23.66906485295249], [80.51176280674392, 23.66906485295249], [80.51176757358489, 23.669056121248495], [80.51178187410792, 23.669051755396268], [80.51179617463093, 23.669051755396268], [80.51180570831293, 23.669051755396268], [80.51183430935896, 23.669047389543906], [80.51185337672297, 23.669047389543906], [80.51187244408698, 23.669047389543906], [80.51189627829197, 23.669047389543906], [80.511905811974, 23.669043023691383], [80.511920112497, 23.669043023691383], [80.51192964617901, 23.669043023691383], [80.51194871354302, 23.669043023691383], [80.51195824722502, 23.669043023691383], [80.51197254774802, 23.669043023691383], [80.51198684827105, 23.669043023691383], [80.51201068247605, 23.669047389543906], [80.51202974984007, 23.669047389543906], [80.51204881720408, 23.669047389543906], [80.51206311772707, 23.669051755396268], [80.5120726514091, 23.669056121248495], [80.51208695193209, 23.66906048710056], [80.51209648561412, 23.66906485295249], [80.51210601929611, 23.66906485295249], [80.51212031981913, 23.66906485295249], [80.51213462034211, 23.66906921880428], [80.51214415402414, 23.66907795050741], [80.51216322138815, 23.669082316358757], [80.51217752191114, 23.669086682209954], [80.51219182243418, 23.669091048061016], [80.51220135611618, 23.66909541391192], [80.51221088979817, 23.669099779762686], [80.51222042348019, 23.669099779762686], [80.51223472400319, 23.6691041456133], [80.51225855820822, 23.66911724316428], [80.51226809189019, 23.66911724316428], [80.51227762557222, 23.669125974864205], [80.51229669293623, 23.669134706563543], [80.51232052714126, 23.669143438262303], [80.51234436134625, 23.669152169960476], [80.51236342871027, 23.669160901658067], [80.5123920297563, 23.669169633355068], [80.5124110971203, 23.669178365051494], [80.51243969816632, 23.66918273089948], [80.51245876553033, 23.66918273089948], [80.51247306605333, 23.669187096747326], [80.51249690025836, 23.669187096747326], [80.51251120078135, 23.669191462595027], [80.51252550130438, 23.669195828442582], [80.51253503498639, 23.669195828442582], [80.51254456866836, 23.669200194289996], [80.51256363603237, 23.669204560137256], [80.51258270339639, 23.669208925984375], [80.51259700391942, 23.669222023524856], [80.51261130444243, 23.669222023524856], [80.51262560496544, 23.66922638937139], [80.51263990548843, 23.66922638937139], [80.51265420601146, 23.669230755217782], [80.51266850653447, 23.66923948691012], [80.51267804021646, 23.66923948691012], [80.51268757389848, 23.669243852756072], [80.51269710758048, 23.669248218601872], [80.51271140810347, 23.66925695029305], [80.5127257086265, 23.66925695029305], [80.51274000914951, 23.669265681983646], [80.5127543096725, 23.669265681983646], [80.51277337703652, 23.66927441367365], [80.51279244440053, 23.669278779518432], [80.51282104544654, 23.669291877051915], [80.51284487965157, 23.66930497458408], [80.51285441333359, 23.669309340427848], [80.51286394701557, 23.669313706271467], [80.51287824753857, 23.669318072114937], [80.5128877812206, 23.669326803801436], [80.51289731490259, 23.66933553548736], [80.51290684858462, 23.669339901330112], [80.5129163822666, 23.669352998857462], [80.51292591594863, 23.669357364699618], [80.51293068278963, 23.669366096383502], [80.51294498331264, 23.669374828066807], [80.51296405067664, 23.66938355974952], [80.51297358435865, 23.669396657272504], [80.51298311804065, 23.66940975479417], [80.51300218540467, 23.669422852314526], [80.51302601960967, 23.66943594983357], [80.51303555329169, 23.669449047351296], [80.51304508697368, 23.669453413190254], [80.5130546206557, 23.66946214486772], [80.51305938749671, 23.669470876544597], [80.5130641543377, 23.6694796082209], [80.51307368801972, 23.669483974058828], [80.51308798854271, 23.669497071571747], [80.51309752222474, 23.6695014374091], [80.51311182274773, 23.66951016908336], [80.51311658958872, 23.669518900757033], [80.51312135642974, 23.66952763243013], [80.51313089011175, 23.669536364102637], [80.51314042379374, 23.66954509577456], [80.51314519063476, 23.669553827445903], [80.51315472431675, 23.669553827445903], [80.51315472431675, 23.669566924951823], [80.51316425799877, 23.669571290786838], [80.51317379168077, 23.669575656621706], [80.51317379168077, 23.669588754125428], [80.51318809220379, 23.669593119959725], [80.51319285904476, 23.66960185162786], [80.51320715956777, 23.6696062174617], [80.51321192640877, 23.669619314962375], [80.5132214600908, 23.669623680795638], [80.5132309937728, 23.66962804662876], [80.51323576061381, 23.669641144127237], [80.51324052745483, 23.66965424162441], [80.5132452942958, 23.66966297328846], [80.5132500611368, 23.66967170495193], [80.5132500611368, 23.66968043661481], [80.51325482797782, 23.669689168277117], [80.51325482797782, 23.66969789993884], [80.51325482797782, 23.66971099743031], [80.51325482797782, 23.66972846075025], [80.51325482797782, 23.669737192409343], [80.51325482797782, 23.669745924067854], [80.51325482797782, 23.66975465572578], [80.51325482797782, 23.669763387383124], [80.51325482797782, 23.669776484868045], [80.51325482797782, 23.669793948179233], [80.51325482797782, 23.66980267983395], [80.51325482797782, 23.669811411488084], [80.51325482797782, 23.66982014314164], [80.51325482797782, 23.669833240620875], [80.51325482797782, 23.6698463380988], [80.51325482797782, 23.669855069750014], [80.51325482797782, 23.669863801400655], [80.5132500611368, 23.66987689887551], [80.5132452942958, 23.66988563052469], [80.51323576061381, 23.669894362173277], [80.5132309937728, 23.669903093821286], [80.5132214600908, 23.669916191292213], [80.5132166932498, 23.669924922938762], [80.51320715956777, 23.669929288761825], [80.51319762588578, 23.669938020407503], [80.51319285904476, 23.669955483697105], [80.51319285904476, 23.669968581162774], [80.51319285904476, 23.669977312805823], [80.51319285904476, 23.6699860444483], [80.51319762588578, 23.66999477609019], [80.51321192640877, 23.670003507731494], [80.5132214600908, 23.670007873551924], [80.5132309937728, 23.67001223937221], [80.5132452942958, 23.670020971012338], [80.51325482797782, 23.670025336832197], [80.51326436165984, 23.67003406847145], [80.51327866218281, 23.670038434290866], [80.51328819586483, 23.670042800110128], [80.51329772954685, 23.670042800110128], [80.51330249638782, 23.67005153174823], [80.51331679691086, 23.67005589756705], [80.51332633059286, 23.670060263385743], [80.51333586427488, 23.67006899502267], [80.51334539795688, 23.67006899502267], [80.51335493163889, 23.67007772665901], [80.51336446532089, 23.67007772665901], [80.51337876584388, 23.670082092476967], [80.5133882995259, 23.670082092476967], [80.5133978332079, 23.670086458294776], [80.51340736688992, 23.67009082411244], [80.51342166741291, 23.670095189929953], [80.51344073477694, 23.67009955574732], [80.51345026845893, 23.67010392156455], [80.51345980214094, 23.670108287381616], [80.51346933582295, 23.670108287381616], [80.51347886950497, 23.670108287381616], [80.51349317002796, 23.670112653198558], [80.51350270370999, 23.670112653198558], [80.51351700423298, 23.670117019015347], [80.51352653791497, 23.670117019015347], [80.51354083843798, 23.670121384831987], [80.51355513896101, 23.670130116464833], [80.51356943948402, 23.670130116464833], [80.513578973166, 23.670130116464833], [80.51359327368901, 23.67013448228104], [80.51361234105303, 23.67013448228104], [80.51362187473505, 23.67013448228104], [80.51363140841706, 23.670138848097096], [80.51364094209906, 23.670143213913], [80.51365047578103, 23.670147579728773], [80.51366477630407, 23.670147579728773], [80.51367430998607, 23.670147579728773], [80.51368384366808, 23.670147579728773], [80.51369337735007, 23.670147579728777], [80.51370291103207, 23.6701519455444], [80.51371244471409, 23.6701519455444], [80.51372197839606, 23.67015631135987], [80.51373627891908, 23.67015631135987], [80.5137458126011, 23.67015631135987], [80.5137553462831, 23.67015631135987], [80.51376487996511, 23.670147579728777], [80.5137744136471, 23.670147579728777], [80.5137934810111, 23.670147579728777], [80.51380778153414, 23.670147579728777], [80.51381731521614, 23.670143213913015], [80.51382208205715, 23.670134482281043], [80.51383161573914, 23.670134482281043], [80.51384114942117, 23.670134482281043], [80.51385068310314, 23.670134482281043], [80.51386021678515, 23.67013011646484], [80.51386975046717, 23.67013011646484], [80.51388881783117, 23.670125750648488], [80.51390311835421, 23.670125750648488], [80.5139174188772, 23.670125750648488], [80.5139269525592, 23.670125750648488], [80.51393648624122, 23.670125750648488], [80.51394601992322, 23.670125750648488], [80.51395555360523, 23.670125750648488], [80.51396985412823, 23.670125750648488], [80.51398415465124, 23.670125750648488], [80.51399845517425, 23.67013011646484], [80.51400798885626, 23.670134482281043], [80.51402228937927, 23.670134482281043], [80.51403182306129, 23.670134482281043], [80.51404135674328, 23.670143213913015], [80.51405565726627, 23.670147579728777], [80.51406042410729, 23.67015631135987], [80.51407472463029, 23.670160677175204], [80.51407472463029, 23.67016940880542], [80.5140890251533, 23.670182506249663], [80.51409855883531, 23.670182506249663], [80.51411285935832, 23.67019560369258], [80.51412715988131, 23.670204335320467], [80.51413192672233, 23.670213066947767], [80.51414146040435, 23.670213066947767], [80.51415576092735, 23.670217432761202], [80.51416529460934, 23.670217432761202], [80.51417482829137, 23.670217432761202], [80.51418912881438, 23.67022179857449], [80.51419866249636, 23.67022616438764], [80.51421296301939, 23.670234896013476], [80.5142320303834, 23.670234896013476], [80.5142415640654, 23.670239261826183], [80.51425109774738, 23.670239261826183], [80.51426063142942, 23.67024362763874], [80.51427016511143, 23.67024362763874], [80.51427969879343, 23.67024799345115], [80.5142892324754, 23.67025235926342], [80.51430353299844, 23.670265456699347], [80.51432260036245, 23.67027418832257], [80.51433213404445, 23.670282919945205], [80.51434166772647, 23.670287285756306], [80.51436073509048, 23.67030038318873], [80.51438456929547, 23.670304748999246], [80.5144036366595, 23.670322212239856], [80.51441793718249, 23.670326578049643], [80.51443700454654, 23.670339675478136], [80.51444653822853, 23.670348407096395], [80.51445130506954, 23.670357138714074], [80.51446083875152, 23.670361504522685], [80.51446560559253, 23.6703702361395], [80.51447513927455, 23.670378967755717], [80.51448467295656, 23.67038769937135], [80.51449897347955, 23.670396430986408], [80.51450850716155, 23.6704095284079], [80.51451804084357, 23.670418260021492], [80.51452757452557, 23.670426991634507], [80.51453710820758, 23.67043572324694], [80.51453710820758, 23.670444454858778], [80.5145418750486, 23.67045318647005], [80.5145466418896, 23.670461918080722], [80.5145561755716, 23.670470649690827], [80.5145657092536, 23.670479381300346], [80.51457047609459, 23.670488112909272], [80.5145752429356, 23.670496844517608], [80.5145752429356, 23.67050557612537], [80.5145752429356, 23.670514307732553], [80.5145752429356, 23.67052303933915], [80.51458000977661, 23.67053177094517], [80.51458000977661, 23.67054486835309], [80.51458477661758, 23.67055359995765], [80.51458477661758, 23.670562331561623], [80.51459431029963, 23.670575428966487], [80.51459431029963, 23.670584160569003], [80.51459431029963, 23.670592892170923], [80.51459431029963, 23.67060162377228], [80.51459431029963, 23.670610355373043], [80.51459431029963, 23.670619086973222], [80.51459431029963, 23.67062781857282], [80.51459431029963, 23.670636550171825], [80.51458477661758, 23.670636550171825], [80.5145752429356, 23.67064528177026], [80.51457047609459, 23.670654013368104], [80.5145561755716, 23.670654013368104], [80.5145466418896, 23.67065837916681], [80.51453234136656, 23.670662744965373], [80.51451804084357, 23.670671476562056], [80.51449897347955, 23.670671476562056], [80.51449420663853, 23.67068020815815], [80.51447990611554, 23.670684573955977], [80.51446560559253, 23.67068893975366], [80.51445130506954, 23.67068893975366], [80.51444177138751, 23.67068893975366], [80.51442747086452, 23.67068893975366], [80.51441317034151, 23.67069767134859], [80.5144036366595, 23.67069767134859], [80.51439410297749, 23.67070203714584], [80.51438456929547, 23.670706402942944], [80.51437503561348, 23.670706402942944], [80.51436550193147, 23.670706402942944], [80.51435596824948, 23.670706402942944], [80.51434643456744, 23.670710768739895], [80.51433213404445, 23.67071513453671], [80.51432260036245, 23.670719500333366], [80.51430829983946, 23.67072386612989], [80.51429876615744, 23.67072823192626], [80.5142892324754, 23.670736963518564], [80.51427969879343, 23.67074132931449], [80.51426063142942, 23.670758792496773], [80.5142463309064, 23.670763158291987], [80.5142320303834, 23.670776255676717], [80.51421772986036, 23.670784987265815], [80.51420819617839, 23.67079371885433], [80.51419389565535, 23.67080681623601], [80.51418436197336, 23.670815547823064], [80.51417482829137, 23.67082864520256], [80.51415576092735, 23.670837376788157], [80.51415099408635, 23.67084610837317], [80.51413669356334, 23.670850474165455], [80.51413192672233, 23.670863571541442], [80.51412239304031, 23.67087666891612], [80.51411762619934, 23.67088540049852], [80.5141080925173, 23.670898497871004], [80.51409855883531, 23.670902863661542], [80.51409855883531, 23.670911595242192], [80.5140937919943, 23.670920326822237], [80.51408425831228, 23.670933424191233], [80.5140794914713, 23.670942155769826], [80.5140699577893, 23.670946521558907], [80.5140651909483, 23.670955253136633], [80.51406042410729, 23.670968350502125], [80.51405565726627, 23.67097708207839], [80.51404135674328, 23.67098581365407], [80.51404135674328, 23.67099454522917], [80.51403658990226, 23.671003276803685], [80.51402228937927, 23.671020739950965], [80.51400798885626, 23.671038203095907], [80.51399845517425, 23.671046934667512], [80.51398892149224, 23.671055666238523], [80.51397938781022, 23.671064397808962], [80.51396985412823, 23.6710731293788], [80.51396985412823, 23.67108186094807], [80.51396508728723, 23.671090592516748], [80.51396032044622, 23.67110368986868], [80.51395078676423, 23.671108055652365], [80.5139412530822, 23.671121153002545], [80.51393648624122, 23.671129884568604], [80.5139269525592, 23.671138616134076], [80.5139174188772, 23.671151713481194], [80.5139078851952, 23.671156079263266], [80.51390311835421, 23.67116481082699], [80.51389358467219, 23.671177908171483], [80.51387928414918, 23.671182273952688], [80.51386975046717, 23.671191005514668], [80.51386021678515, 23.67119973707605], [80.51385068310314, 23.67120410285653], [80.51384114942117, 23.671208468636863], [80.51383161573914, 23.671212834417048], [80.51381731521614, 23.67122156597698], [80.51380778153414, 23.67122593175673], [80.51379824785212, 23.671230297536326], [80.51378871417013, 23.671234663315786], [80.51377918048811, 23.671234663315786], [80.51376964680613, 23.67124339487426], [80.51376011312409, 23.67124776065328], [80.5137458126011, 23.67124776065328], [80.51373627891908, 23.671256492210876], [80.51372674523708, 23.671256492210876], [80.51371721155506, 23.671260857989456], [80.51370767787307, 23.671265223767893], [80.51369814419108, 23.671269589546185], [80.51368861050906, 23.671273955324327], [80.51367907682703, 23.671273955324327], [80.51366954314504, 23.671282686880176], [80.51366000946305, 23.671282686880176], [80.51364570894002, 23.671282686880176], [80.51363617525803, 23.67129141843544], [80.51362187473502, 23.67129141843544], [80.51361234105302, 23.67129578421285], [80.51360280737102, 23.671300149990117], [80.513593273689, 23.671300149990117], [80.513583740007, 23.671304515767254], [80.513583740007, 23.671313247321056], [80.51357420632499, 23.671313247321056], [80.51356467264299, 23.671317613097735], [80.51355513896097, 23.671317613097735], [80.51354560527898, 23.671321978874268], [80.51353607159696, 23.671326344650673], [80.51352653791497, 23.67133507620302], [80.51351223739194, 23.67133507620302], [80.51350270370995, 23.67133507620302], [80.51349317002794, 23.67133507620302], [80.51348363634594, 23.67133944197897], [80.51347410266393, 23.67133944197897], [80.5134598021409, 23.671343807754784], [80.51345026845893, 23.671343807754784], [80.51343596793592, 23.671352539305964], [80.51342643425389, 23.671352539305964], [80.5134121337309, 23.671352539305964], [80.51340260004888, 23.671352539305964], [80.51339306636687, 23.671352539305964], [80.51337876584388, 23.67135690508134], [80.51336923216186, 23.67136127085656], [80.51335969847986, 23.67136563663165], [80.51334539795683, 23.67137000240658], [80.51333586427484, 23.671374368181368], [80.51333109743383, 23.671383099730512], [80.51332156375183, 23.671383099730512], [80.51331203006981, 23.67138746550486], [80.51330249638782, 23.67138746550486], [80.51328819586482, 23.67138746550486], [80.51327866218281, 23.67138746550486], [80.51326912850081, 23.671391831279074], [80.51325959481879, 23.671391831279074], [80.51325006113679, 23.671391831279074], [80.51324052745478, 23.671391831279074], [80.51323099377278, 23.671391831279074], [80.51322146009076, 23.671391831279074], [80.51321192640877, 23.671391831279074], [80.51320239272675, 23.67138746550486], [80.51319285904476, 23.67138746550486], [80.51318332536273, 23.67138746550486], [80.51316902483974, 23.671374368181368], [80.51315949115774, 23.671374368181368], [80.5131451906347, 23.67137000240658], [80.51313089011171, 23.67137000240658], [80.51311658958872, 23.67135690508134], [80.5131070559067, 23.671352539305964], [80.51309275538368, 23.671348173530447], [80.51308798854268, 23.67133944197897], [80.51307368801967, 23.67133507620302], [80.5130689211787, 23.671326344650673], [80.51305938749667, 23.671317613097735], [80.51304985381468, 23.671313247321056], [80.51303555329164, 23.67130888154422], [80.51302601960965, 23.671304515767254], [80.51301648592764, 23.671300149990117], [80.51300218540463, 23.67129141843544], [80.51299265172264, 23.67128705265788], [80.51298311804064, 23.671282686880176], [80.51297358435863, 23.671273955324327], [80.51296405067662, 23.671273955324327], [80.51295928383563, 23.671265223767893], [80.51294975015361, 23.671265223767893], [80.5129354496306, 23.671265223767893], [80.5129211491076, 23.671265223767893], [80.5129116154256, 23.671265223767893], [80.51290208174359, 23.671265223767893], [80.51288301437957, 23.671265223767893], [80.51286394701556, 23.671265223767893], [80.51284964649253, 23.671265223767893], [80.51284011281055, 23.671265223767893], [80.51283057912855, 23.671265223767893], [80.51282104544653, 23.671269589546185], [80.5128115117645, 23.671269589546185], [80.51280197808252, 23.671269589546185], [80.51278767755952, 23.671269589546185], [80.51277337703648, 23.671269589546185], [80.51276384335449, 23.671269589546185], [80.51274477599048, 23.671273955324327], [80.5127352423085, 23.671278321102324], [80.51272570862646, 23.671278321102324], [80.51271617494447, 23.671278321102324], [80.51270664126245, 23.671278321102324], [80.51269710758046, 23.671278321102324], [80.51268757389843, 23.671278321102324], [80.51267327337544, 23.671278321102324], [80.51265897285244, 23.671278321102324], [80.51264943917042, 23.671278321102324], [80.51263513864741, 23.671278321102324], [80.51262560496542, 23.671278321102324], [80.5126160712834, 23.671278321102324], [80.5125970039194, 23.671278321102324], [80.51258747023739, 23.671278321102324], [80.51257793655539, 23.671278321102324], [80.51256840287338, 23.671282686880176], [80.51255886919137, 23.671282686880176], [80.51254933550936, 23.671282686880176], [80.51253980182736, 23.671282686880176], [80.51251120078133, 23.67128705265788], [80.51250166709933, 23.67128705265788], [80.51249213341731, 23.67128705265788], [80.5124778328943, 23.67128705265788], [80.51245876553031, 23.67129578421285], [80.5124492318483, 23.67129578421285], [80.5124349313253, 23.67129578421285], [80.5124206308023, 23.671300149990117], [80.51240633027926, 23.671300149990117], [80.51238249607427, 23.671300149990117], [80.51236819555123, 23.671300149990117], [80.51235389502823, 23.671304515767254], [80.51234436134624, 23.671304515767254], [80.51233482766423, 23.67130888154422], [80.51232529398223, 23.67130888154422], [80.51231576030021, 23.671313247321056], [80.51230622661821, 23.671317613097735], [80.51229192609522, 23.671317613097735], [80.5122823924132, 23.671317613097735], [80.5122728587312, 23.671317613097735], [80.51226332504919, 23.671317613097735], [80.51225379136719, 23.671317613097735], [80.51224425768517, 23.671317613097735], [80.51222995716216, 23.671321978874268], [80.51221088979815, 23.671326344650673], [80.51220135611612, 23.671326344650673], [80.51219182243415, 23.671330710426915], [80.51217752191111, 23.67133507620302], [80.5121632213881, 23.67133507620302], [80.51215368770612, 23.67133507620302], [80.51213938718311, 23.67133507620302], [80.5121250866601, 23.671343807754784], [80.51211555297809, 23.671343807754784], [80.5121012524551, 23.671343807754784], [80.51209171877306, 23.671343807754784], [80.51208218509107, 23.671343807754784], [80.51207265140907, 23.671343807754784], [80.51206311772707, 23.671343807754784], [80.51204881720406, 23.671343807754784], [80.51203928352203, 23.671343807754784], [80.51202974984005, 23.671343807754784], [80.51201544931705, 23.671343807754784], [80.51200114879401, 23.671343807754784], [80.51198208143, 23.671343807754784], [80.511972547748, 23.671343807754784], [80.51196301406598, 23.67133944197897], [80.511953480384, 23.67133507620302], [80.51194394670198, 23.67133507620302], [80.51193441301999, 23.67133507620302], [80.51192487933795, 23.671330710426915], [80.51191057881496, 23.671330710426915], [80.51189627829197, 23.671326344650673], [80.51188197776895, 23.671321978874268], [80.51186291040494, 23.671317613097735], [80.51185337672293, 23.671317613097735], [80.51184384304094, 23.671313247321056], [80.5118343093589, 23.671304515767254], [80.51182000883591, 23.671300149990117], [80.51181047515391, 23.671300149990117], [80.5118009414719, 23.67129578421285], [80.5117866409489, 23.67128705265788], [80.51177710726687, 23.671282686880176], [80.51176757358489, 23.671278321102324], [80.51175327306188, 23.671265223767893], [80.51174373937985, 23.671260857989456], [80.51173897253886, 23.671252126432147], [80.51172943885686, 23.67124776065328], [80.51172467201584, 23.671239029095094], [80.51171990517484, 23.671230297536326], [80.51171513833386, 23.671217200197088], [80.51170560465184, 23.671208468636863], [80.51170560465184, 23.67119973707605], [80.51170083781082, 23.671191005514668], [80.51170083781082, 23.671182273952688], [80.51174850622091, 23.671217200197088]]]}, "properties": {"node": "mining", "role": "positive", "name": "mining", "ts": "2026-07-15T04:24:13.835846+00:00"}}, {"type": "Feature", "geometry": {"type": "Polygon", "coordinates": [[[74.06997161636407, 15.522881284598432], [74.0695330669918, 15.522495475256626], [74.06932332598767, 15.522183152879993], [74.06925659021363, 15.521953503771982], [74.06930425862366, 15.521650366557962], [74.0693709943977, 15.521549320720966], [74.0694186628077, 15.521383972880956], [74.06943773017173, 15.521117578859956], [74.06957120171981, 15.520897114582445], [74.06993348163604, 15.52067665006934], [74.07004788582012, 15.520612347875309], [74.07035296364431, 15.520603161845953], [74.07071524356051, 15.520777696333761], [74.07083918142659, 15.520988974726704], [74.07090591720062, 15.521209438906055], [74.07096311929266, 15.52142071685685], [74.0709917203387, 15.521558506708196], [74.07094405192865, 15.521815714184466], [74.07088684983663, 15.521925945861843], [74.07079151301657, 15.522146409039895], [74.07066757515048, 15.522293384361035], [74.07060083937644, 15.522394429833577], [74.07040063205432, 15.522734309696164], [74.07028622787027, 15.522844540882687], [74.07011462159414, 15.522954772010296], [74.06997161636407, 15.522881284598432]]]}, "properties": {"node": "mining", "role": "positive", "name": "mining", "ts": "2026-07-15T04:24:13.835988+00:00"}}, {"type": "Feature", "geometry": {"type": "Polygon", "coordinates": [[[73.87371316409327, 26.325015194052742], [73.87280746430245, 26.324619276362814], [73.87388477036943, 26.323653687255828], [73.87466653229413, 26.324536674659726], [73.87422162713374, 26.325003800756836], [73.8739578619315, 26.32483574951208], [73.87380850091334, 26.324935440957884], [73.87371316409327, 26.325015194052742]]]}, "properties": {"node": "mining", "role": "positive", "name": "mining", "ts": "2026-07-15T04:24:13.836050+00:00"}}, {"type": "Feature", "geometry": {"type": "Polygon", "coordinates": [[[85.39074366334346, 21.990957146029306], [85.38981807874845, 21.98998446864898], [85.38846055467573, 21.989469519100982], [85.38816745288733, 21.989011784600454], [85.38793605673858, 21.98858265716512], [85.38795148314848, 21.988053398207512], [85.38801318878815, 21.987652876603047], [85.38875365646417, 21.987681485326572], [85.38875365646417, 21.987681485326572], [85.38896962620301, 21.987652876603047], [85.39031172386578, 21.986994874370083], [85.39078994257322, 21.98720944065087], [85.39190064408724, 21.987252353868097], [85.3927028174029, 21.98709500534149], [85.39385979814669, 21.987352484657812], [85.39444600172355, 21.98752413727582], [85.39467739787229, 21.987667180965527], [85.39535615990866, 21.989812819007305], [85.39543329195824, 21.990899929897413], [85.39490879402106, 21.991028666161732], [85.39419917916487, 21.9913147463309], [85.39406034147562, 21.991615129887673], [85.3939523566062, 21.992115767735633], [85.39375181327728, 21.99238754182754], [85.39254855330374, 21.992645011539604], [85.39240971561449, 21.992630707678973], [85.39160754229881, 21.99284526543705], [85.39035800309556, 21.991958424602352], [85.39048141437489, 21.99181538523886], [85.39082079539304, 21.991872601001564], [85.39117560282115, 21.992201591189318], [85.39166924793848, 21.992258806796272], [85.39190064408724, 21.99218728728398], [85.39202405536658, 21.992058552070993], [85.39202405536658, 21.99190120887426], [85.39197777613683, 21.9918296891817], [85.39074366334346, 21.990957146029306]]]}, "properties": {"node": "mining", "role": "positive", "name": "mining", "ts": "2026-07-15T04:24:13.836112+00:00"}}, {"type": "Feature", "geometry": {"type": "Polygon", "coordinates": [[[85.3633041250635, 23.69096218268407], [85.3616813210449, 23.69042180199922], [85.36160085142416, 23.690323550725363], [85.36166790944144, 23.689242781833872], [85.361480146993, 23.688739238727653], [85.36142650057916, 23.688383072919212], [85.36142650057916, 23.688125159141208], [85.36158743982067, 23.68763389339306], [85.36174837906219, 23.68733913305715], [85.36271401451131, 23.68657766577693], [85.36266036809747, 23.68619693047199], [85.36237872442481, 23.68588988506278], [85.36240554763171, 23.6854108927831], [85.36284813054587, 23.68466169620786], [85.36284813054587, 23.684526594728766], [85.36291518856319, 23.68419498141491], [85.36455140418525, 23.683679136808898], [85.36514151473743, 23.68392477735154], [85.36551703963431, 23.684944180667138], [85.36535610039279, 23.686614511070122], [85.36492692908212, 23.68764617505927], [85.36473916663368, 23.688137440761217], [85.3633041250635, 23.69096218268407]]]}, "properties": {"node": "mining", "role": "positive", "name": "mining", "ts": "2026-07-15T04:24:13.836168+00:00"}}, {"type": "Feature", "geometry": {"type": "Polygon", "coordinates": [[[77.16828068400045, 26.99837467656018], [77.16824254927246, 26.997887646288735], [77.16814085666438, 26.997944277824015], [77.16805187563234, 26.997615814522405], [77.16814085666438, 26.997411940266474], [77.16825526084847, 26.997242044770882], [77.16849678079261, 26.99704949623226], [77.16882728176881, 26.99714010735032], [77.16892897437685, 26.99723071839537], [77.16910693644098, 26.997423266623727], [77.16905609013692, 26.99762714085912], [77.16903066698494, 26.997729077838223], [77.16892897437685, 26.99792162521332], [77.16890355122486, 26.998000909330774], [77.16889083964882, 26.998159477398], [77.16886541649683, 26.998272740166264], [77.16885270492084, 26.998318045241632], [77.16875101231275, 26.998363350298746], [77.16861118497668, 26.99840865533761], [77.16854762709663, 26.99840865533761], [77.16828068400045, 26.99837467656018]]]}, "properties": {"node": "mining", "role": "positive", "name": "mining", "ts": "2026-07-15T04:24:13.836224+00:00"}}, {"type": "Feature", "geometry": {"type": "Polygon", "coordinates": [[[81.79346052855914, 21.51608513502059], [81.78979959466889, 21.514541864460423], [81.78919897270252, 21.513690397826515], [81.78908456851845, 21.512998577513727], [81.78825513818396, 21.51235997122557], [81.78699669215918, 21.511481882998428], [81.78642467123882, 21.51063039844003], [81.78582404927245, 21.509858736251076], [81.78530923044413, 21.509246725395684], [81.78493741684589, 21.5083952277459], [81.78476581056978, 21.507038143059233], [81.78453700220166, 21.505920534394807], [81.78450840115565, 21.505494776453627], [81.78782612249368, 21.504536816528134], [81.7881979360919, 21.507517115571478], [81.78839814341404, 21.508421837122945], [81.7896565894388, 21.507384067809674], [81.78939918002465, 21.50655916896919], [81.78942778107066, 21.505947144224745], [81.78994259989896, 21.505601216055794], [81.79062902500338, 21.506239852032618], [81.79100083860162, 21.50711797192085], [81.79134405115383, 21.50794286759109], [81.7919160720742, 21.50884758649329], [81.79234508776446, 21.509539426561], [81.79374653901932, 21.51110935911782], [81.79466177249186, 21.51329127112484], [81.79514799027419, 21.51379683142853], [81.79569141014849, 21.51448864794193], [81.79580581433257, 21.514914379544255], [81.79592021851666, 21.51534010989955], [81.79614902688479, 21.515606190738335], [81.79506218713612, 21.51656407772449], [81.79346052855914, 21.51608513502059]]]}, "properties": {"node": "mining", "role": "positive", "name": "mining", "ts": "2026-07-15T04:24:13.836287+00:00"}}, {"type": "Feature", "geometry": {"type": "Polygon", "coordinates": [[[73.8227263971325, 26.34340536034291], [73.82172218262757, 26.342915525433117], [73.82298062865272, 26.340454928005197], [73.82317130229288, 26.339611933520217], [73.82380688109346, 26.33856387775985], [73.82340011066108, 26.338290470348397], [73.82334926435705, 26.338039846320495], [73.82403568946168, 26.337493028375786], [73.82403568946168, 26.337493028375786], [73.82477296087032, 26.33826768636828], [73.82490007663044, 26.33832464631014], [73.82525600075877, 26.338814500652944], [73.82549752070298, 26.33899677150704], [73.82493821135849, 26.339657500946668], [73.82575175222321, 26.34055745394263], [73.82549752070298, 26.340865031209958], [73.82576446379923, 26.341366266486517], [73.82604411847149, 26.341787758106804], [73.82741696868071, 26.3408308559984], [73.82797627802522, 26.341206782770378], [73.82577717537525, 26.343018049190473], [73.8251670197267, 26.34317753041025], [73.82434076728593, 26.3432003134237], [73.82401026630966, 26.343302836928732], [73.8235018032692, 26.343359794392267], [73.82294249392469, 26.343473709235234], [73.82281537816456, 26.343655972750714], [73.82298062865272, 26.343655972750714], [73.82309503283682, 26.343576232498016], [73.82314587914087, 26.34356484102886], [73.8227263971325, 26.34340536034291]]]}, "properties": {"node": "mining", "role": "positive", "name": "mining", "ts": "2026-07-15T04:24:13.836343+00:00"}}, {"type": "Feature", "geometry": {"type": "Polygon", "coordinates": [[[74.19827972227094, 15.351932730659007], [74.19755516243852, 15.351325958795421], [74.19749796034648, 15.351325958795421], [74.19852759800311, 15.346986569203505], [74.19869920427921, 15.346434945420167], [74.19913775365148, 15.345938482768991], [74.19953816829573, 15.34557073189588], [74.19993858293998, 15.345313305899296], [74.20049153649632, 15.345202980375017], [74.20106355741667, 15.345055879585312], [74.20119702896476, 15.344945553925017], [74.20266521599365, 15.34485361583024], [74.20424780720663, 15.344761677694986], [74.20451475030279, 15.344688127157625], [74.20495329967507, 15.344688127157625], [74.20523931013521, 15.344890391073012], [74.20548718586738, 15.345276530731015], [74.20556345532344, 15.345423631365268], [74.20558252268744, 15.34604880790461], [74.20556345532344, 15.34628784549845], [74.20565879214348, 15.34702334407057], [74.20602107205971, 15.347979488340426], [74.20624988042785, 15.348108199734622], [74.20632614988389, 15.348328847654306], [74.20609734151576, 15.349321760406678], [74.2051821080432, 15.349248211475876], [74.20441941348274, 15.348770142794004], [74.20369485365026, 15.34902756452799], [74.20327537164202, 15.349211437000761], [74.20264614862964, 15.349671117474056], [74.20236013816947, 15.350002086787974], [74.20203599298127, 15.350351442716647], [74.20091101850457, 15.350994991580816], [74.2004534017683, 15.35112370111553], [74.2003008628562, 15.351785634611653], [74.20041526704027, 15.352134987554846], [74.19976697666387, 15.35233724425466], [74.19948096620371, 15.3522636963865], [74.19932842729159, 15.351895956656891], [74.19932842729159, 15.351895956656891], [74.19921402310754, 15.351767247598442], [74.19921402310754, 15.351767247598442], [74.19827972227094, 15.351932730659007]]]}, "properties": {"node": "mining", "role": "positive", "name": "mining", "ts": "2026-07-15T04:24:13.836404+00:00"}}, {"type": "Feature", "geometry": {"type": "Polygon", "coordinates": [[[76.42179415886913, 15.225305688043521], [76.42147001368096, 15.224762943070182], [76.42187996200721, 15.224459373237611], [76.4220420346013, 15.22430298860758], [76.42210877037533, 15.2240822101086], [76.42215643878538, 15.223760241049234], [76.42231851137947, 15.223355479247472], [76.42312887434997, 15.222821928410776], [76.4233386153541, 15.222610347532184], [76.42388203522842, 15.222214782710589], [76.42469239819891, 15.22183761556071], [76.42520721702725, 15.221488045403923], [76.42579830531162, 15.22154324073041], [76.42626545572988, 15.222067595610529], [76.42626545572988, 15.22222398190093], [76.42616058522783, 15.222720737582325], [76.4259413105417, 15.22307950484558], [76.42505467811516, 15.223594656769842], [76.42494027393109, 15.223567059377277], [76.424825869747, 15.22350266544724], [76.42468286451692, 15.223613055029544], [76.42433965196473, 15.224146603861382], [76.42429198355468, 15.224201798490952], [76.42451125824081, 15.224266192207162], [76.42449219087679, 15.22457896140572], [76.42467333083493, 15.224670952258046], [76.42478773501897, 15.224790540305978], [76.42489260552105, 15.224946924573834], [76.42421571409862, 15.225600057613287], [76.42392970363846, 15.22583923258561], [76.42346255322018, 15.226133601409286], [76.42322421117004, 15.226087606307718], [76.42330048062608, 15.225682848980615], [76.4233386153541, 15.2254436738306], [76.42329094694406, 15.225314887098806], [76.4233481490361, 15.22499291992464], [76.42346255322018, 15.224864132917086], [76.42331001430807, 15.22474454491096], [76.42289053229983, 15.224919327358544], [76.4228428638898, 15.225002118993585], [76.42276659443375, 15.225094109661006], [76.42179415886913, 15.225305688043521]]]}, "properties": {"node": "mining", "role": "positive", "name": "mining", "ts": "2026-07-15T04:24:13.836476+00:00"}}, {"type": "Feature", "geometry": {"type": "Polygon", "coordinates": [[[80.11727799999994, 16.88007495901211], [80.13194399999993, 16.877165959014558], [80.12523499999993, 16.865978959024005], [80.12336299999997, 16.86866395902174], [80.116342, 16.872839959018243], [80.11727799999994, 16.88007495901211]]]}, "properties": {"node": "mining", "role": "positive", "name": "mining", "ts": "2026-07-15T04:24:13.836528+00:00"}}, {"type": "Feature", "geometry": {"type": "Polygon", "coordinates": [[[78.9308561953827, 10.960054340477052], [78.92658510584408, 10.956347841454132], [78.92689018366829, 10.95601088469553], [78.92791982132492, 10.956104483833624], [78.92879119986024, 10.956042708405802], [78.92930601868855, 10.956033348491369], [78.92985897224489, 10.956033348491369], [78.93015451638708, 10.956108227798529], [78.9303642573912, 10.95624862644839], [78.93075513835345, 10.956454544347716], [78.93097441303959, 10.956557503243657], [78.93226146011035, 10.956641742313687], [78.93242353270445, 10.956660462103773], [78.93242353270445, 10.956660462103773], [78.93314809253691, 10.956857019828178], [78.93362477663719, 10.957100376829906], [78.93390125341536, 10.957334373758233], [78.93438747119767, 10.957680688872607], [78.93460674588381, 10.957849166349273], [78.93496902580003, 10.958055083134946], [78.93578892245252, 10.958204840707252], [78.93595099504664, 10.958354598203764], [78.93677089169913, 10.958626033473015], [78.93763845676166, 10.958841309544], [78.93812467454397, 10.958972347075738], [78.93822001136402, 10.959047225639251], [78.93854415655221, 10.959824089617532], [78.93859182496226, 10.96044183542147], [78.93866809441828, 10.960675829707345], [78.9387062291463, 10.960760067604955], [78.93972633312094, 10.961022140910801], [78.94037462349735, 10.961097018955542], [78.94071783604956, 10.961312293228602], [78.94087037496166, 10.961621164738059], [78.94105151491974, 10.961995554014122], [78.94098477914572, 10.962360583102056], [78.94064156659351, 10.962828568453276], [78.94033648876932, 10.963380790215357], [78.94023161826726, 10.963979809266057], [78.93858229128024, 10.964419713108773], [78.93760032203363, 10.96430739729624], [78.93678995906313, 10.963465027342671], [78.93658975174102, 10.963156157758567], [78.93629420759885, 10.962706892333184], [78.93591286031862, 10.962304424810156], [78.9357221866785, 10.962192108194367], [78.93515016575815, 10.961995554014116], [78.93420633123957, 10.961845798360551], [78.93407285969147, 10.96169604263117], [78.9346258132478, 10.960741348074224], [78.93215658960831, 10.960395036542081], [78.93147016450388, 10.960310798540535], [78.9308561953827, 10.960054340477052]]]}, "properties": {"node": "mining", "role": "positive", "name": "mining", "ts": "2026-07-15T04:24:13.836588+00:00"}}, {"type": "Feature", "geometry": {"type": "Polygon", "coordinates": [[[86.40057499999993, 23.777245958262075], [86.4005899999999, 23.77691295826196], [86.40056499999997, 23.773192958259806], [86.40064299999995, 23.771320958258777], [86.40273999999992, 23.76850195825724], [86.40188199999996, 23.76514995825535], [86.40126199999996, 23.762884958254052], [86.40313399999997, 23.76174395825342], [86.40440199999996, 23.759475958252143], [86.40681999999995, 23.758775958251757], [86.40748299999996, 23.756867958250727], [86.40695699999995, 23.754852958249582], [86.40465599999995, 23.75392595824905], [86.40233499999995, 23.752979958248556], [86.40122299999993, 23.7516959582478], [86.40016999999999, 23.751642958247764], [86.39940999999999, 23.75246295824825], [86.397947, 23.752052958248036], [86.39718599999999, 23.752355958248206], [86.39781000000002, 23.753479958248814], [86.39667899999996, 23.75524495824976], [86.39568399999996, 23.757566958251108], [86.39445499999998, 23.757976958251355], [86.39254299999995, 23.758995958251894], [86.39096299999991, 23.76108295825304], [86.38961699999989, 23.763797958254585], [86.38830999999999, 23.765689958255642], [86.38696399999996, 23.766922958256323], [86.38581399999995, 23.767279958256513], [86.38555999999996, 23.7692069582576], [86.38489699999991, 23.770009958258008], [86.38468199999993, 23.771830958259052], [86.3841749999999, 23.773292958259912], [86.38436899999999, 23.774098958260343], [86.38520199999992, 23.774992958260846], [86.38526999999999, 23.77580095826129], [86.38493899999993, 23.776210958261593], [86.38535799999995, 23.776630958261777], [86.38603099999996, 23.776635958261778], [86.38644499999994, 23.776858958261883], [86.38695699999995, 23.77693495826194], [86.38697199999991, 23.7774209582622], [86.38641799999996, 23.77838095826272], [86.38720299999999, 23.778991958263116], [86.38801699999998, 23.7797829582636], [86.38828499999997, 23.780335958263795], [86.38842199999989, 23.780808958264075], [86.38810999999994, 23.781219958264323], [86.38860199999996, 23.781909958264738], [86.38909999999993, 23.782772958265227], [86.38974799999993, 23.783182958265467], [86.39062999999993, 23.782909958265304], [86.39238499999998, 23.782268958264954], [86.39515499999995, 23.783462958265623], [86.39710499999998, 23.783016958265343], [86.397617, 23.783612958265707], [86.397393, 23.784503958266214], [86.39844499999995, 23.78411695826598], [86.39930299999999, 23.78327895826552], [86.399126, 23.78211995826479], [86.39914500000002, 23.78172695826463], [86.39985199999995, 23.78140995826445], [86.39993499999993, 23.781203958264353], [86.39944299999999, 23.780753958264093], [86.39944299999992, 23.780079958263734], [86.39992899999991, 23.779125958263162], [86.40031899999993, 23.77826995826268], [86.40057499999993, 23.777245958262075]]]}, "properties": {"node": "mining", "role": "positive", "name": "mining", "ts": "2026-07-15T04:24:13.836673+00:00"}}, {"type": "Feature", "geometry": {"type": "Polygon", "coordinates": [[[73.97413618473674, 15.589056413482755], [73.97432924179738, 15.588645474933493], [73.97460571857552, 15.588714347373411], [73.97466053724708, 15.588608742956094], [73.97514913844986, 15.588806177257368], [73.97508240267582, 15.588996724135589], [73.97490126271772, 15.589102328353391], [73.97474395696462, 15.589164313412468], [73.97449131439147, 15.589127581527869], [73.9742410552388, 15.589077075175815], [73.9742339049773, 15.589077075175815], [73.97413618473674, 15.589056413482755]]]}, "properties": {"node": "mining", "role": "positive", "name": "mining", "ts": "2026-07-15T04:24:13.836729+00:00"}}, {"type": "Feature", "geometry": {"type": "Polygon", "coordinates": [[[73.78965838149207, 26.559754617674567], [73.78942468826948, 26.559370582905526], [73.78925077703407, 26.55915182834795], [73.78916925614247, 26.558996269297438], [73.78916925614247, 26.55889904478367], [73.78916925614247, 26.55882612634422], [73.78927251593849, 26.55874834662434], [73.78950620916106, 26.558704595508722], [73.78966925094429, 26.558651121900272], [73.78975620656198, 26.558602509507324], [73.78979968437083, 26.55855389709374], [73.78983229272747, 26.55851500714804], [73.78990294416687, 26.558466394697355], [73.78999533451066, 26.558466394697355], [73.79020185410272, 26.558466394697355], [73.79034315698149, 26.558466394697355], [73.7906094585607, 26.558495562170236], [73.79077793507001, 26.558558758336034], [73.7910224977448, 26.558665705614143], [73.79071815308282, 26.558860154955067], [73.7904409820514, 26.55905460396612], [73.7900170734151, 26.55938030532062], [73.78969098984871, 26.559681699779414], [73.78966925094429, 26.55972058932927], [73.78965838149207, 26.559754617674567]]]}, "properties": {"node": "mining", "role": "positive", "name": "mining", "ts": "2026-07-15T04:24:13.836788+00:00"}}, {"type": "Feature", "geometry": {"type": "Polygon", "coordinates": [[[74.06098599812492, 21.998386050316302], [74.0595710202146, 21.99665086732288], [74.06114575369544, 21.995994877978635], [74.06205864266983, 21.995381207780998], [74.06408982063786, 21.995127274508825], [74.06488859849044, 21.99497914655679], [74.0648657762661, 21.995762106836903], [74.06507117628533, 21.996016038972588], [74.06525375408022, 21.996566223707003], [74.06525375408022, 21.996968280432526], [74.0652081096315, 21.99739149680707], [74.06454626512505, 21.99813212242377], [74.06420393175966, 21.998216765105134], [74.06379313172118, 21.998280247082995], [74.0633138650096, 21.99893622585711], [74.06308564276604, 21.998957386412215], [74.06290306497115, 21.998724620132464], [74.06251508715702, 21.998216765105134], [74.06235533158652, 21.99813212242377], [74.0620814648942, 21.998068640379593], [74.06203582044549, 21.998068640379593], [74.06148808706084, 21.998110961745528], [74.06098599812492, 21.998386050316302]]]}, "properties": {"node": "mining", "role": "positive", "name": "mining", "ts": "2026-07-15T04:24:13.836883+00:00"}}, {"type": "Feature", "geometry": {"type": "Polygon", "coordinates": [[[73.76042171938612, 24.29785115459139], [73.7607395087863, 24.297016990939436], [73.7605996814502, 24.29649563587275], [73.76072679721031, 24.296113307462708], [73.76091747085042, 24.29580049245238], [73.76118441394658, 24.295522434018178], [73.76127339497862, 24.295429747738076], [73.7614005107387, 24.29531388979277], [73.76148949177076, 24.295198031741695], [73.76159118437883, 24.29495472949022], [73.76146406861875, 24.294711426772356], [73.76151491492277, 24.294305921206185], [73.76180728117097, 24.2939235862001], [73.76237930209132, 24.293564421963495], [73.7630148808917, 24.293297944615116], [73.7636504596921, 24.29333270256184], [73.76385384490821, 24.293518078117007], [73.7643114616445, 24.29383089875246], [73.76457840474066, 24.293935172126293], [73.76466738577273, 24.294213234037734], [73.76474365522876, 24.29458398230544], [73.76465467419672, 24.295035830292534], [73.7645021352846, 24.29537181877864], [73.76415892273239, 24.295580362908872], [73.76413349958038, 24.29562670600239], [73.76424790376446, 24.29577732093946], [73.76422248061246, 24.296020621614097], [73.76396824909229, 24.296298678956862], [73.7638284217562, 24.296518807254525], [73.76354876708405, 24.296657835456333], [73.76338351659592, 24.296565150005385], [73.76312928507578, 24.296692592482984], [73.76287505355563, 24.29708650478651], [73.76232845578727, 24.29766578536478], [73.7617437232909, 24.297943839103166], [73.76159118437883, 24.29797859577763], [73.76075222036232, 24.297920667981575], [73.76042171938612, 24.29785115459139]]]}, "properties": {"node": "mining", "role": "positive", "name": "mining", "ts": "2026-07-15T04:24:13.836968+00:00"}}, {"type": "Feature", "geometry": {"type": "Polygon", "coordinates": [[[87.20487499999994, 23.69690595821751], [87.20325099999995, 23.695496958216726], [87.201125, 23.691928958214795], [87.20328999999995, 23.69101895821432], [87.20568899999996, 23.690447958213987], [87.20428499999996, 23.69028695821389], [87.20424599999994, 23.688426958212883], [87.203329, 23.684281958210534], [87.20432399999993, 23.681284958209], [87.20217799999999, 23.681679958209156], [87.20071599999993, 23.68499895821098], [87.20161299999995, 23.68750195821238], [87.20137899999997, 23.68994595821371], [87.20034499999997, 23.690980958214247], [87.19964299999995, 23.691894958214704], [87.20001399999994, 23.694037958215933], [87.20352399999994, 23.697713958217992], [87.2044919999999, 23.697325958217746], [87.20465099999994, 23.696972958217536], [87.20487499999994, 23.69690595821751]]]}, "properties": {"node": "mining", "role": "positive", "name": "mining", "ts": "2026-07-15T04:24:13.837023+00:00"}}, {"type": "Feature", "geometry": {"type": "Polygon", "coordinates": [[[76.82141560077193, 15.116720624410037], [76.82045746573036, 15.11616839665853], [76.8202048231572, 15.114115937580614], [76.82028109261321, 15.1139732771308], [76.8223689689725, 15.114253995989092], [76.82267786026951, 15.116640551475184], [76.82141560077193, 15.116720624410037]]]}, "properties": {"node": "mining", "role": "positive", "name": "mining", "ts": "2026-07-15T04:24:13.837069+00:00"}}, {"type": "Feature", "geometry": {"type": "Polygon", "coordinates": [[[85.46677195329902, 22.096219996760446], [85.4666562552246, 22.094461898431206], [85.46903963555678, 22.092403609145453], [85.46947928823946, 22.091846150632012], [85.47031231437495, 22.091353012419635], [85.47033545398982, 22.090645463279767], [85.4702428955303, 22.090323848862035], [85.47010405784106, 22.08867288331682], [85.47045115206421, 22.08796532074442], [85.47146929511874, 22.08710766438751], [85.47153871396335, 22.086678834255398], [85.47123789896999, 22.086121353136548], [85.47128417819974, 22.085735403380287], [85.47355186045753, 22.08513503499598], [85.47440802620791, 22.08472764071003], [85.4751947731137, 22.08440601281195], [85.47602779924922, 22.083827080749387], [85.47743931575663, 22.084620431492063], [85.47790210805411, 22.085435219507215], [85.478480598426, 22.08695757398942], [85.47769385152024, 22.08805108609358], [85.4756807050261, 22.089873587446263], [85.47142301588899, 22.092853862491435], [85.46677195329902, 22.096219996760446]]]}, "properties": {"node": "mining", "role": "positive", "name": "mining", "ts": "2026-07-15T04:24:13.837665+00:00"}}, {"type": "Feature", "geometry": {"type": "Polygon", "coordinates": [[[74.31062909897094, 25.63107302937809], [74.31146806298769, 25.63069482461333], [74.31181127553998, 25.63032807945515], [74.31252312379662, 25.630190549730457], [74.31254854694866, 25.629915489805953], [74.31253583537264, 25.629640429247914], [74.31247227749257, 25.62911322807427], [74.3122688922764, 25.628769399968082], [74.31195110287612, 25.628494336770448], [74.3117095829319, 25.62848287579013], [74.31149348613971, 25.628540180680712], [74.31092146521918, 25.628769399968082], [74.31043842533076, 25.629262219946213], [74.31026046326659, 25.629330985362888], [74.30999352017037, 25.629663350985282], [74.31008250120244, 25.629938411490524], [74.31020961696254, 25.630247853801656], [74.31019690538653, 25.63045414823031], [74.3102731748426, 25.63060313842937], [74.31051469478683, 25.630912579018116], [74.31062909897094, 25.63107302937809]]]}, "properties": {"node": "mining", "role": "positive", "name": "mining", "ts": "2026-07-15T04:24:13.837761+00:00"}}, {"type": "Feature", "geometry": {"type": "Polygon", "coordinates": [[[76.52139825499387, 9.004934819352133], [76.52137918762986, 9.004934819352133], [76.52135058658385, 9.004934819352133], [76.52133151921983, 9.004934819352133], [76.52131245185582, 9.004934819352133], [76.5212743171278, 9.004944235530086], [76.5212552497638, 9.004953651707789], [76.52123618239978, 9.004953651707789], [76.52121711503577, 9.004963067885248], [76.52119804767175, 9.004972484062465], [76.52117898030774, 9.00498190023943], [76.52116944662572, 9.005000732592636], [76.52115991294373, 9.005028981120605], [76.52115991294373, 9.005057229646361], [76.52115991294373, 9.005085478169907], [76.52114084557971, 9.005104310517721], [76.52114084557971, 9.005123142864543], [76.5211217782157, 9.005123142864543], [76.5211217782157, 9.00514197521039], [76.5211217782157, 9.00517022372732], [76.52110271085168, 9.005198472242045], [76.52108364348767, 9.005226720754559], [76.52108364348767, 9.005245553095008], [76.52107410980568, 9.00526438543448], [76.52105504244166, 9.005273801603844], [76.52104550875966, 9.005302050110476], [76.52102644139563, 9.005320882447004], [76.52101690771364, 9.005339714782547], [76.52101690771364, 9.00536796328403], [76.52100737403163, 9.00538679561712], [76.52100737403163, 9.005405627949235], [76.52099784034962, 9.005424460280363], [76.52097877298561, 9.005433876445567], [76.5209692393036, 9.00545270877522], [76.5209406382576, 9.005462124939681], [76.52092157089359, 9.005462124939681], [76.52090250352957, 9.005471541103903], [76.52089296984754, 9.005490373431599], [76.52087390248356, 9.00549978959508], [76.52085483511952, 9.00549978959508], [76.52084530143753, 9.005518621921304], [76.52083576775554, 9.005537454246552], [76.52081670039149, 9.005546870408809], [76.5208071667095, 9.00556570273258], [76.5207880993455, 9.0055751188941], [76.52076903198147, 9.005584535055373], [76.52075949829948, 9.005603367377185], [76.52074043093548, 9.005612783537725], [76.52072136357145, 9.005612783537725], [76.52070229620745, 9.005612783537725], [76.52067369516142, 9.005622199698013], [76.52066416147942, 9.005641032017866], [76.52064509411541, 9.005641032017866], [76.5206260267514, 9.005650448177423], [76.5206069593874, 9.005659864336735], [76.52059742570539, 9.005678696654623], [76.52057835834134, 9.005697528971528], [76.52057835834134, 9.00572577744505], [76.52057835834134, 9.005744609759503], [76.52056882465936, 9.005763442072976], [76.52055929097736, 9.00579169054135], [76.52055929097736, 9.005810522852368], [76.52055929097736, 9.00582935516241], [76.52055929097736, 9.005848187471466], [76.52056882465936, 9.005876435933214], [76.52057835834134, 9.005895268239822], [76.52057835834134, 9.005914100545448], [76.52057835834134, 9.005932932850088], [76.52057835834134, 9.005951765153753], [76.52057835834134, 9.005970597456434], [76.52057835834134, 9.005989429758136], [76.52055929097736, 9.006008262058854], [76.52054975729536, 9.006027094358593], [76.52054022361335, 9.006045926657352], [76.52054022361335, 9.00606475895513], [76.52052115624934, 9.00606475895513], [76.52052115624934, 9.006083591251924], [76.52051162256733, 9.00610242354774], [76.52051162256733, 9.006121255842572], [76.52050208888534, 9.006140088136426], [76.5204925552033, 9.006158920429293], [76.52048302152131, 9.006177752721184], [76.5204734878393, 9.006206001157183], [76.52045442047528, 9.006224833446618], [76.5204448867933, 9.006243665735076], [76.52043535311127, 9.006262498022553], [76.52043535311127, 9.006281330309047], [76.52043535311127, 9.00630016259456], [76.52043535311127, 9.006318994879093], [76.52042581942928, 9.006337827162639], [76.52041628574727, 9.006356659445215], [76.52041628574727, 9.006384907867226], [76.52041628574727, 9.006403740147345], [76.52040675206527, 9.006422572426478], [76.52039721838325, 9.006441404704638], [76.52039721838325, 9.00646965312003], [76.52038768470125, 9.006497901533216], [76.52038768470125, 9.006516733807446], [76.52037815101923, 9.00654498221695], [76.52037815101923, 9.006573230624253], [76.52037815101923, 9.00659206289456], [76.52035908365522, 9.006601479029342], [76.52035908365522, 9.006629727432228], [76.52034954997323, 9.006648559699588], [76.5203400162912, 9.006667391965973], [76.52033048260921, 9.006686224231371], [76.52033048260921, 9.00670505649579], [76.52033048260921, 9.006742721021686], [76.52032094892719, 9.006761553283164], [76.52032094892719, 9.006780385543662], [76.5203114152452, 9.00680863393256], [76.52030188156321, 9.006827466190604], [76.52030188156321, 9.006846298447666], [76.5202923478812, 9.006865130703746], [76.5202923478812, 9.006883962958844], [76.52028281419916, 9.00690279521296], [76.52027328051719, 9.0069310435923], [76.52026374683518, 9.006968708094647], [76.52026374683518, 9.006987540344351], [76.52025421315318, 9.007006372593072], [76.52024467947113, 9.007034620964312], [76.52024467947113, 9.007053453210583], [76.52022561210715, 9.007081701578144], [76.52021607842515, 9.007100533821962], [76.52020654474315, 9.007119366064796], [76.52020654474315, 9.007147614427208], [76.52017794369712, 9.00715703054752], [76.5201588763331, 9.007166446667586], [76.5201588763331, 9.007194695026318], [76.52014934265112, 9.007222943382848], [76.52013980896909, 9.007241775619303], [76.52013027528712, 9.007260607854777], [76.52012074160511, 9.007279440089272], [76.5201112079231, 9.007307688439173], [76.52009214055909, 9.007345352902272], [76.52008260687708, 9.007364185132353], [76.52006353951305, 9.007383017361448], [76.52004447214907, 9.007401849589568], [76.52004447214907, 9.007420681816706], [76.52002540478506, 9.007448930155567], [76.52001587110303, 9.00746776238025], [76.52000633742104, 9.007486594603948], [76.52000633742104, 9.007505426826667], [76.51998727005703, 9.007533675158912], [76.51996820269301, 9.007543091269167], [76.519958669011, 9.007571339598462], [76.51993960164698, 9.00759017181677], [76.51993006796499, 9.007609004034094], [76.51992053428297, 9.007627836250435], [76.51990146691895, 9.007646668465794], [76.51989193323696, 9.007674916786996], [76.51987286587294, 9.007712581211834], [76.51986333219092, 9.007731413422782], [76.51985379850893, 9.007759661737357], [76.51983473114494, 9.007797326153357], [76.51981566378092, 9.007825574462789], [76.51979659641691, 9.007844406667845], [76.51979659641691, 9.007872654973593], [76.51977752905289, 9.007882071075018], [76.51976799537088, 9.00790090327713], [76.51975846168888, 9.007919735478266], [76.51974892800688, 9.007947983778124], [76.51973939432486, 9.007966815976802], [76.51972032696085, 9.007985648174504], [76.51971079327886, 9.008013896469212], [76.51970125959683, 9.008042144761712], [76.51970125959683, 9.008060976955482], [76.51967265855083, 9.008089225244301], [76.51965359118682, 9.008108057435624], [76.51965359118682, 9.008126889625965], [76.5196345238228, 9.008136305720763], [76.5196345238228, 9.008155137909634], [76.51962499014078, 9.008173970097522], [76.5196154564588, 9.008192802284421], [76.51960592277678, 9.008211634470344], [76.51958685541275, 9.008239882747395], [76.51957732173076, 9.008258714930863], [76.51956778804875, 9.008277547113353], [76.51955825436676, 9.008296379294858], [76.51954872068477, 9.008315211475386], [76.51952965332072, 9.008324627565283], [76.51952965332072, 9.008352875833493], [76.51951058595674, 9.008390540187678], [76.51950105227473, 9.0084093723633], [76.51950105227473, 9.008428204537937], [76.51948198491071, 9.008437620624889], [76.51947245122871, 9.008456452798056], [76.51947245122871, 9.008475284970242], [76.5194629175467, 9.00849411714144], [76.51944385018268, 9.008512949311669], [76.51943431650068, 9.008541197565162], [76.51942478281867, 9.008560029732932], [76.51942478281867, 9.008588277982746], [76.51940571545465, 9.008607110148061], [76.51940571545465, 9.008625942312394], [76.51939618177266, 9.008644774475748], [76.51939618177266, 9.008663606638118], [76.51939618177266, 9.00868243879951], [76.51939618177266, 9.008701270959923], [76.51939618177266, 9.008729519198695], [76.51939618177266, 9.008748351356646], [76.51939618177266, 9.008776599591748], [76.51939618177266, 9.008795431747249], [76.51939618177266, 9.008814263901767], [76.51939618177266, 9.008842512131709], [76.51939618177266, 9.008861344283778], [76.51939618177266, 9.008880176434866], [76.51939618177266, 9.00889900858497], [76.51939618177266, 9.008917840734096], [76.51939618177266, 9.00893667288224], [76.51939618177266, 9.0089555050294], [76.51939618177266, 9.008974337175582], [76.51939618177266, 9.008993169320776], [76.51939618177266, 9.009012001464994], [76.51939618177266, 9.009030833608232], [76.51939618177266, 9.009049665750483], [76.51938664809065, 9.009068497891759], [76.51937711440866, 9.009096746101827], [76.51936758072662, 9.009115578240648], [76.51936758072662, 9.009134410378483], [76.51936758072662, 9.00915324251534], [76.51935804704465, 9.009181490718788], [76.51935804704465, 9.00920032285319], [76.51934851336262, 9.009228571052958], [76.51934851336262, 9.009247403184908], [76.51934851336262, 9.009266235315874], [76.51933897968063, 9.00928506744586], [76.51932944599861, 9.009303899574867], [76.51932944599861, 9.009322731702888], [76.51932944599861, 9.009341563829933], [76.51932944599861, 9.009369812018658], [76.51932944599861, 9.009398060205172], [76.51932944599861, 9.009416892328293], [76.51932944599861, 9.009445140511126], [76.51932944599861, 9.009473388691756], [76.51932944599861, 9.009492220810948], [76.51932944599861, 9.009520468987896], [76.51932944599861, 9.009539301104635], [76.51932944599861, 9.00955813322039], [76.51932944599861, 9.009586381392186], [76.51932944599861, 9.00961462956177], [76.51932944599861, 9.00964287772915], [76.51932944599861, 9.00966170983951], [76.51933897968063, 9.009680541948885], [76.51933897968063, 9.009699374057282], [76.51933897968063, 9.009718206164695], [76.51934851336262, 9.009737038271128], [76.51934851336262, 9.009755870376582], [76.51934851336262, 9.009774702481051], [76.51935804704465, 9.009793534584539], [76.51935804704465, 9.009812366687049], [76.51935804704465, 9.009831198788573], [76.51936758072662, 9.009850030889119], [76.51936758072662, 9.00986886298868], [76.51937711440866, 9.009897111136185], [76.51939618177266, 9.009906527184862], [76.51941524913667, 9.009934775329421], [76.51943431650068, 9.009934775329421], [76.5194533838647, 9.00995360742457], [76.51947245122871, 9.009963023471773], [76.51948198491071, 9.00998185556545], [76.51950105227473, 9.00998185556545], [76.51952965332072, 9.00998185556545], [76.51954872068477, 9.00998185556545], [76.51956778804875, 9.009972439518734], [76.51958685541275, 9.009972439518734], [76.51960592277678, 9.009963023471773], [76.5196154564588, 9.009944191377118], [76.5196345238228, 9.009944191377118], [76.5196631248688, 9.009944191377118], [76.51968219223282, 9.00992535928148], [76.51970125959683, 9.00992535928148], [76.51972986064287, 9.00992535928148], [76.51974892800688, 9.00992535928148], [76.51977752905289, 9.00992535928148], [76.5198251974629, 9.009934775329421], [76.51985379850893, 9.009944191377118], [76.51989193323696, 9.009944191377118], [76.51993006796499, 9.009944191377118], [76.519949135329, 9.009944191377118], [76.51996820269301, 9.009944191377118], [76.51998727005703, 9.00995360742457], [76.52000633742104, 9.00995360742457], [76.52003493846705, 9.00995360742457], [76.52005400583106, 9.009963023471773], [76.52007307319508, 9.009972439518734], [76.52009214055909, 9.009972439518734], [76.5201112079231, 9.009972439518734], [76.52013980896909, 9.009972439518734], [76.5201588763331, 9.009972439518734], [76.52017794369712, 9.009972439518734], [76.52019701106113, 9.009972439518734], [76.52021607842515, 9.009972439518734], [76.52023514578916, 9.009972439518734], [76.52025421315318, 9.009972439518734], [76.52027328051719, 9.009972439518734], [76.52029234788121, 9.009972439518734], [76.5203114152452, 9.009963023471773], [76.52033048260922, 9.009944191377118], [76.52034954997323, 9.009944191377118], [76.52036861733725, 9.009934775329421], [76.52038768470126, 9.00992535928148], [76.52038768470126, 9.009906527184862], [76.52040675206528, 9.009906527184862], [76.52043535311127, 9.009887695087265], [76.5204448867933, 9.00986886298868], [76.52046395415732, 9.00986886298868], [76.52048302152133, 9.009859446939025], [76.52050208888534, 9.009850030889119], [76.52053068993133, 9.009831198788573], [76.52054975729536, 9.009831198788573], [76.52056882465936, 9.009831198788573], [76.5205974257054, 9.009821782737937], [76.52061649306941, 9.009812366687049], [76.52063556043342, 9.009812366687049], [76.52065462779744, 9.009812366687049], [76.52067369516145, 9.009802950635917], [76.52069276252547, 9.009802950635917], [76.52072136357147, 9.009802950635917], [76.52074043093549, 9.009802950635917], [76.5207594982995, 9.009793534584539], [76.5207785656635, 9.009793534584539], [76.52079763302753, 9.009793534584539], [76.52082623407352, 9.009793534584539], [76.52084530143753, 9.009793534584539], [76.52086436880155, 9.009784118532917], [76.52088343616556, 9.009774702481051], [76.52090250352958, 9.009774702481051], [76.52092157089359, 9.009765286428935], [76.5209406382576, 9.009755870376582], [76.5209597056216, 9.009746454323977], [76.52097877298563, 9.009746454323977], [76.52099784034964, 9.009737038271128], [76.52100737403163, 9.009718206164695], [76.52102644139568, 9.009718206164695], [76.52104550875966, 9.009699374057282], [76.52106457612368, 9.009680541948885], [76.5210741098057, 9.00966170983951], [76.5210931771697, 9.009652293784452], [76.52110271085168, 9.0096334616736], [76.52111224453371, 9.009605213505488], [76.5211217782157, 9.009586381392186], [76.52114084557971, 9.009576965335166], [76.52115037926174, 9.009548717162634], [76.52115991294373, 9.009529885046389], [76.52117898030774, 9.009511052929156], [76.52118851398976, 9.009492220810948], [76.52119804767176, 9.009473388691756], [76.52121711503577, 9.009454556571583], [76.52122664871779, 9.00943572445043], [76.5212457160818, 9.009426308389482], [76.52126478344582, 9.009407476266858], [76.52128385080982, 9.009398060205172], [76.5213029181738, 9.009388644143248], [76.52131245185583, 9.009369812018658], [76.52133151921984, 9.009350979893089], [76.52134105290183, 9.009332147766534], [76.52136012026585, 9.009322731702888], [76.52136965394787, 9.009303899574867], [76.52138872131188, 9.00928506744586], [76.5214077886759, 9.009266235315874], [76.5214077886759, 9.009247403184908], [76.5214077886759, 9.009228571052958], [76.5214077886759, 9.00920032285319], [76.5214077886759, 9.009181490718788], [76.5214077886759, 9.009162658583403], [76.5214077886759, 9.009134410378483], [76.5214077886759, 9.009115578240648], [76.5214077886759, 9.009096746101827], [76.5214077886759, 9.009077913962026], [76.5214077886759, 9.009049665750483], [76.5214077886759, 9.009030833608232], [76.5214077886759, 9.009012001464994], [76.5214077886759, 9.0089837532483], [76.5214077886759, 9.008964921102612], [76.5214077886759, 9.008946088955943], [76.5214077886759, 9.00892725680829], [76.5214077886759, 9.00889900858497], [76.5214077886759, 9.008870760359446], [76.5214077886759, 9.008851928207866], [76.5214077886759, 9.008823679978658], [76.5214077886759, 9.008804847824628], [76.5214077886759, 9.008786015669616], [76.5214077886759, 9.008767183513626], [76.5214077886759, 9.008748351356646], [76.5214077886759, 9.008710687039757], [76.5214077886759, 9.00868243879951], [76.5214077886759, 9.008663606638118], [76.5214077886759, 9.008644774475748], [76.52138872131188, 9.008625942312394], [76.52137918762988, 9.008607110148061], [76.52137918762988, 9.008578861899718], [76.52137918762988, 9.008560029732932], [76.52136965394787, 9.008541197565162], [76.52136965394787, 9.008522365396407], [76.52136012026585, 9.008503533226676], [76.52136012026585, 9.008484701055963], [76.52135058658385, 9.00846586888427], [76.52134105290183, 9.008437620624889], [76.52132198553785, 9.00839995627561], [76.52131245185583, 9.0083811240995], [76.52131245185583, 9.008362291922408], [76.52131245185583, 9.008343459744337], [76.5213029181738, 9.008324627565283], [76.5213029181738, 9.008305795385246], [76.5213029181738, 9.00828696320423], [76.5213029181738, 9.008268131022229], [76.5213029181738, 9.008249298839248], [76.5213029181738, 9.008211634470344], [76.5213029181738, 9.008192802284421], [76.5213029181738, 9.008173970097522], [76.5213029181738, 9.008136305720763], [76.52132198553785, 9.008126889625965], [76.52132198553785, 9.008108057435624], [76.52134105290183, 9.008070393052003], [76.52135058658385, 9.008032728664455], [76.52136965394787, 9.008032728664455], [76.52136965394787, 9.008013896469212], [76.52137918762988, 9.007985648174504], [76.52138872131188, 9.007966815976802], [76.52136965394787, 9.007966815976802], [76.52135058658385, 9.007966815976802], [76.52132198553785, 9.007947983778124], [76.5213029181738, 9.007938567678417], [76.5212743171278, 9.007938567678417], [76.5212552497638, 9.007919735478266], [76.52123618239979, 9.007910319377821], [76.52120758135376, 9.007891487176195], [76.52119804767176, 9.007872654973593], [76.52118851398976, 9.007853822770008], [76.52118851398976, 9.007834990565438], [76.52118851398976, 9.007797326153357], [76.52119804767176, 9.007769077841727], [76.52120758135376, 9.00775024563274], [76.52121711503577, 9.007731413422782], [76.52122664871779, 9.007712581211834], [76.52122664871779, 9.007693748999907], [76.52123618239979, 9.007665500680174], [76.5212552497638, 9.007646668465794], [76.5212552497638, 9.007627836250435], [76.52126478344582, 9.007609004034094], [76.52126478344582, 9.00759017181677], [76.52126478344582, 9.007571339598462], [76.5212743171278, 9.007543091269167], [76.52128385080982, 9.00751484293766], [76.52129338449181, 9.007496010715432], [76.52129338449181, 9.007477178492222], [76.52129338449181, 9.00745834626803], [76.52129338449181, 9.007439514042858], [76.5213029181738, 9.007411265703258], [76.5213029181738, 9.00739243347563], [76.5213029181738, 9.007364185132353], [76.5213029181738, 9.007345352902272], [76.5213029181738, 9.007317104555318], [76.5213029181738, 9.007298272322783], [76.5213029181738, 9.007270023972147], [76.52131245185583, 9.007241775619303], [76.52132198553785, 9.007222943382848], [76.52133151921984, 9.007204111145406], [76.52134105290183, 9.007185278906988], [76.52135058658385, 9.007166446667586], [76.52136965394787, 9.00715703054752], [76.52138872131188, 9.007138198306649], [76.5214077886759, 9.007119366064796], [76.52142685603991, 9.007109949943498], [76.52144592340392, 9.007081701578144], [76.52146499076794, 9.007081701578144], [76.52149359181394, 9.007081701578144], [76.52151265917796, 9.007072285455868], [76.52153172654197, 9.007062869333346], [76.52156032758795, 9.007053453210583], [76.52157939495197, 9.007053453210583], [76.521588928634, 9.007034620964312], [76.52161752968, 9.00702520484081], [76.52163659704401, 9.00701578871706], [76.52165566440803, 9.00701578871706], [76.52167473177204, 9.00699695646883], [76.52170333281806, 9.006987540344348], [76.52171286650007, 9.006968708094647], [76.52173193386407, 9.006949875843961], [76.52175100122808, 9.006921627466097], [76.52176053491007, 9.00690279521296], [76.52177960227412, 9.006865130703746], [76.52178913595611, 9.006827466190604], [76.52180820332012, 9.006818050061705], [76.52180820332012, 9.006799217803174], [76.52181773700212, 9.006780385543662], [76.52181773700212, 9.006761553283164], [76.52181773700212, 9.006733304890579], [76.52181773700212, 9.006714472627634], [76.52181773700212, 9.00667680809879], [76.52181773700212, 9.006639143566032], [76.52181773700212, 9.006620311298178], [76.5217986696381, 9.00661089516388], [76.5217986696381, 9.00659206289456], [76.52178913595611, 9.006573230624252], [76.52178913595611, 9.006554398352964], [76.52178913595611, 9.006535566080695], [76.52178913595611, 9.00650731767045], [76.52178913595611, 9.006488485395732], [76.52178913595611, 9.00646965312003], [76.52178913595611, 9.006450820843346], [76.52178913595611, 9.006431988565678], [76.52178913595611, 9.006413156287035], [76.52178913595611, 9.006394324007406], [76.5217986696381, 9.006375491726802], [76.52180820332012, 9.006356659445212], [76.52181773700212, 9.006337827162639], [76.52182727068414, 9.00630016259456], [76.52184633804815, 9.006281330309047], [76.52186540541217, 9.006262498022553], [76.52189400645815, 9.006243665735076], [76.52189400645815, 9.006224833446618], [76.52190354014019, 9.006196585012097], [76.52190354014019, 9.006168336575364], [76.52189400645815, 9.006149504282982], [76.52187493909415, 9.006149504282982], [76.52186540541217, 9.006130671989622], [76.52183680436615, 9.006111839695276], [76.52180820332012, 9.006093007399954], [76.52178913595611, 9.006074175103649], [76.52176053491007, 9.006074175103649], [76.5217414675461, 9.00606475895513], [76.52172240018209, 9.006055342806363], [76.52169379913606, 9.006036510508096], [76.52167473177204, 9.006027094358593], [76.52166519809003, 9.006008262058852], [76.52165566440803, 9.005989429758136], [76.52164613072603, 9.005970597456434], [76.52163659704401, 9.005951765153753], [76.52162706336202, 9.005932932850088], [76.52160799599801, 9.005904684392753], [76.521588928634, 9.005895268239822], [76.52156986126998, 9.00588585208664], [76.52155079390597, 9.005876435933214], [76.52153172654197, 9.005867019779542], [76.52150312549594, 9.005848187471466], [76.52148405813192, 9.005838771317059], [76.5214649907679, 9.00582935516241], [76.5214649907679, 9.005810522852368], [76.52144592340392, 9.005801106696978], [76.5214363897219, 9.005782274385469], [76.52141732235788, 9.005772858229346], [76.52140778867589, 9.005754025916364], [76.52139825499387, 9.005735193602398], [76.52138872131188, 9.005716361287455], [76.52137918762986, 9.005697528971528], [76.52136965394786, 9.005669280495802], [76.52136965394786, 9.005650448177423], [76.52136012026585, 9.005631615858064], [76.52134105290183, 9.005622199698013], [76.52134105290183, 9.005603367377185], [76.52133151921983, 9.005584535055373], [76.52133151921983, 9.00556570273258], [76.52133151921983, 9.005537454246552], [76.52132198553782, 9.005509205758317], [76.52132198553782, 9.005490373431599], [76.52132198553782, 9.005471541103901], [76.52131245185582, 9.005443292610515], [76.52131245185582, 9.005424460280363], [76.52131245185582, 9.005405627949235], [76.52131245185582, 9.005377379450696], [76.52131245185582, 9.005358547117112], [76.52131245185582, 9.005339714782547], [76.52131245185582, 9.005320882447004], [76.52131245185582, 9.005292633941844], [76.52131245185582, 9.005273801603844], [76.52131245185582, 9.005254969264866], [76.52131245185582, 9.005226720754559], [76.52131245185582, 9.00520788841313], [76.52133151921983, 9.00520788841313], [76.52133151921983, 9.005189056070716], [76.52133151921983, 9.00517022372732], [76.52135058658385, 9.005160807555258], [76.52136012026585, 9.00513255903759], [76.52136965394786, 9.005113726691254], [76.52139825499387, 9.005094894343936], [76.52139825499387, 9.004934819352133]]]}, "properties": {"node": "mining", "role": "positive", "name": "mining", "ts": "2026-07-15T04:24:13.838067+00:00"}}, {"type": "Feature", "geometry": {"type": "Polygon", "coordinates": [[[73.78623450404501, 26.514842999991973], [73.78644102363705, 26.514891630929338], [73.78653341398085, 26.514818684515564], [73.78657689178972, 26.514770053547306], [73.78666384740743, 26.514799232130734], [73.78671275994238, 26.514818684515564], [73.78686493227337, 26.514852726181093], [73.78707688659152, 26.514886767836526], [73.78716384220922, 26.514901357114336], [73.78753340358445, 26.514915946390303], [73.78758775084552, 26.514886767836526], [73.78745731741897, 26.514643612933458], [73.78744101324065, 26.514400457515574], [73.78743557851455, 26.51430805832179], [73.78742470906232, 26.51421565905366], [73.7873975354318, 26.513991955254557], [73.78737036180127, 26.51386065064779], [73.78733775344462, 26.51371961960665], [73.78737579652737, 26.513549409498772], [73.7873866659796, 26.51343269385043], [73.78738123125349, 26.51339865176399], [73.78731601454021, 26.51344728331296], [73.7872290589225, 26.513598040983908], [73.78709319076984, 26.51371961960665], [73.78686493227337, 26.513831471825906], [73.78675080302513, 26.513987092123646], [73.78663667377688, 26.51403572342345], [73.78648993617202, 26.51414757533485], [73.786386676376, 26.514201069688745], [73.78626167767554, 26.51425456401773], [73.78616385260561, 26.51430805832179], [73.78607689698791, 26.514385868174124], [73.78607146226182, 26.51447826730531], [73.78618015678394, 26.514633886726635], [73.78620733041447, 26.514770053547306], [73.78625624294942, 26.514828410706745], [73.78623450404501, 26.514842999991973]]]}, "properties": {"node": "mining", "role": "positive", "name": "mining", "ts": "2026-07-15T04:24:13.838154+00:00"}}, {"type": "Feature", "geometry": {"type": "Polygon", "coordinates": [[[82.43265563489275, 24.097872164315042], [82.43405895552162, 24.087573351813205], [82.43760853122983, 24.08797527221236], [82.43892930358638, 24.08556373091099], [82.439204464494, 24.084332822548088], [82.43906688404019, 24.08332799063149], [82.44041517248752, 24.083101902364724], [82.44110307475654, 24.085161802949383], [82.44080039775817, 24.086669026306613], [82.44066281730436, 24.087271910686667], [82.4406353012136, 24.088025512173626], [82.44058026903208, 24.089055427039323], [82.44058026903208, 24.08988437689481], [82.44146078393645, 24.08880422905478], [82.44159836439026, 24.08867862987787], [82.44170842875329, 24.08867862987787], [82.44206613793321, 24.08867862987787], [82.44319429765441, 24.09066308248051], [82.44355200683432, 24.092270717752545], [82.44357952292508, 24.09320012269309], [82.44368958728813, 24.093752738650945], [82.4438546838327, 24.094606776806668], [82.44368958728813, 24.09581246804051], [82.44396474819575, 24.096264599327842], [82.44267149192996, 24.097168857115385], [82.44143326784568, 24.098349406287117], [82.44096549430272, 24.099128060424455], [82.4406353012136, 24.099781121535084], [82.44038765639674, 24.09993182747237], [82.4399198828538, 24.100333709104937], [82.439204464494, 24.100660237002923], [82.43873669095106, 24.100685354499053], [82.4384064978619, 24.100459296856524], [82.43788369213745, 24.100132768446276], [82.43741591859451, 24.099454591395972], [82.43697566114233, 24.099102942622945], [82.43637030714557, 24.098223816466852], [82.43634279105481, 24.09804799051161], [82.43623272669174, 24.097369802423582], [82.43612266232871, 24.09591294179782], [82.43595756578415, 24.09533521661724], [82.43590253360263, 24.09531009807203], [82.43579246923956, 24.096264599327842], [82.43535221178739, 24.097520511197875], [82.43507705087977, 24.098123344521973], [82.43482940606293, 24.09832428833292], [82.43265563489275, 24.097872164315042]]]}, "properties": {"node": "mining", "role": "positive", "name": "mining", "ts": "2026-07-15T04:24:13.838243+00:00"}}, {"type": "Feature", "geometry": {"type": "Polygon", "coordinates": [[[76.44838931819251, 15.13767292336996], [76.44869439601673, 15.137019518302946], [76.44888506965685, 15.13653176391078], [76.44905667593294, 15.136136037823913], [76.44931408534711, 15.135712702121793], [76.44972403367335, 15.135473425046348], [76.45041045877778, 15.135602266582097], [76.45103014810817, 15.1355562517569], [76.45151636589046, 15.135298568551057], [76.45206931944678, 15.135206538758721], [76.4522695267689, 15.135178929813216], [76.45266040773114, 15.135151320864129], [76.45307988973943, 15.135206538758721], [76.45290828346332, 15.135519439889542], [76.45248880145506, 15.135629875472427], [76.4518977131707, 15.13567589028163], [76.45166890480255, 15.136108428999565], [76.45146869748044, 15.136550169757296], [76.45130662488634, 15.136844663083968], [76.4512494227943, 15.136964300880964], [76.45117315333825, 15.137093141509856], [76.45102061442616, 15.13727719941517], [76.45099201338014, 15.137314010977034], [76.45068693555595, 15.137718937735318], [76.45034372300375, 15.137847777905147], [76.45014351568159, 15.137902995096793], [76.44838931819251, 15.13767292336996]]]}, "properties": {"node": "mining", "role": "positive", "name": "mining", "ts": "2026-07-15T04:24:13.838324+00:00"}}, {"type": "Feature", "geometry": {"type": "Polygon", "coordinates": [[[74.1648956279911, 15.366945175544483], [74.16542951418343, 15.36438955089801], [74.16504816690319, 15.36359895563475], [74.16485749326307, 15.363304779887905], [74.1644380112548, 15.3624957944443], [74.1643998765268, 15.362183231046055], [74.16447614598283, 15.361263924218491], [74.16447614598283, 15.36124553804061], [74.16464775225894, 15.361024903779576], [74.16495283008314, 15.360657179492515], [74.1655439183675, 15.360105591846308], [74.1658489961917, 15.35988495637939], [74.16621127610792, 15.359554002741419], [74.16758412631675, 15.359149503137456], [74.16790827150494, 15.359020798553514], [74.16825148405717, 15.359094344039777], [74.1684612250613, 15.359131116773181], [74.16886163970554, 15.359186275861134], [74.16943366062588, 15.35992172897342], [74.16947179535391, 15.360142364401442], [74.16809894514506, 15.362072914440711], [74.16731718322059, 15.36271642714925], [74.16624941083595, 15.363084147805434], [74.16594433301175, 15.36350702575844], [74.16617314137989, 15.364113762193126], [74.16645915184004, 15.364628567480533], [74.16672609493624, 15.365308843946538], [74.16674516230024, 15.365658174242249], [74.16672609493624, 15.365878803601143], [74.16626847819994, 15.36654069027701], [74.16617314137989, 15.366577461697386], [74.16579179409965, 15.366816475771774], [74.16544858154745, 15.366981946893526], [74.1648956279911, 15.366945175544483]]]}, "properties": {"node": "mining", "role": "positive", "name": "mining", "ts": "2026-07-15T04:24:13.838406+00:00"}}, {"type": "Feature", "geometry": {"type": "Polygon", "coordinates": [[[75.0120487300788, 34.05855240503758], [75.01182350735229, 34.05840169816141], [75.0117628704644, 34.05838734511161], [75.01173688322672, 34.05838734511161], [75.01148567326253, 34.05828687369497], [75.01145968602485, 34.0582294614034], [75.01160694703833, 34.05810746015471], [75.01187548182763, 34.05803569463226], [75.01193611871554, 34.05803569463226], [75.012299940043, 34.05792804623467], [75.01219599109228, 34.05779886797709], [75.01214401661694, 34.05769839586285], [75.01190146906532, 34.05758357044362], [75.0117195584016, 34.05746874486884], [75.0117195584016, 34.057368272363284], [75.01168490875135, 34.057224740005914], [75.0117195584016, 34.05713144384329], [75.01184949458995, 34.057095560676466], [75.01184949458995, 34.05700944101413], [75.01199675560346, 34.05689461466158], [75.01223064074253, 34.05674390483778], [75.01224796556764, 34.05666496148979], [75.01235191451835, 34.05660754809962], [75.01243853864393, 34.05657166471102], [75.01268108619557, 34.05657884138996], [75.01270707343323, 34.05661472477553], [75.01276771032114, 34.05669366817029], [75.01280235997136, 34.05675108150212], [75.01284567203416, 34.056765434828996], [75.01294095857232, 34.05683720142695], [75.01295828339742, 34.05699508772857], [75.01288898409695, 34.05712426721114], [75.01281102238394, 34.05723191662956], [75.01277637273371, 34.057346742525176], [75.0128370096216, 34.05750462787767], [75.0128803216844, 34.057612276813025], [75.01294095857232, 34.05781322112654], [75.01295828339742, 34.057913693104666], [75.01295828339742, 34.057935222798754], [75.01277637273371, 34.058093107055086], [75.01262911172022, 34.058164872528906], [75.0125684748323, 34.0582294614034], [75.01245586346903, 34.058502169441965], [75.01236923934346, 34.058545228525745], [75.01231726486812, 34.058559581548806], [75.01224796556764, 34.05856675805943], [75.01220465350484, 34.05857393456944], [75.0120487300788, 34.05855240503758]]]}, "properties": {"node": "mining", "role": "positive", "name": "mining", "ts": "2026-07-15T04:24:13.838492+00:00"}}, {"type": "Feature", "geometry": {"type": "Polygon", "coordinates": [[[79.26942299999996, 19.24814995763956], [79.27278199999995, 19.249747957639055], [79.27777399999997, 19.24753995763983], [79.28112799999994, 19.25136595763856], [79.296886, 19.249673957639125], [79.29844600000004, 19.243934957640946], [79.29688599999994, 19.23252895764463], [79.27286000000001, 19.238415957642705], [79.2682569999999, 19.242683957641336], [79.26942299999996, 19.24814995763956]]]}, "properties": {"node": "mining", "role": "positive", "name": "mining", "ts": "2026-07-15T04:24:13.838563+00:00"}}, {"type": "Feature", "geometry": {"type": "Polygon", "coordinates": [[[74.19062991468644, 26.286347303797402], [74.18877402458875, 26.285116410776883], [74.18798590687605, 26.283885504695615], [74.1874774438356, 26.2828141498832], [74.18717236601132, 26.282130301212977], [74.18699440394715, 26.28169719497036], [74.1866893261229, 26.28069420588542], [74.18658763351478, 26.280078731017948], [74.18656221036275, 26.27841465299323], [74.18663847981882, 26.277799166034363], [74.18679101873099, 26.277092491796502], [74.18701982709919, 26.27661377454519], [74.18757913644369, 26.27606666669702], [74.1885960625246, 26.27574751926112], [74.18943502654136, 26.275656334118235], [74.19001975903788, 26.275359981909038], [74.1907061841425, 26.275223203711096], [74.19129091663905, 26.275154814551684], [74.19174853337545, 26.27545116728478], [74.19248580478411, 26.27661377454519], [74.1938078086893, 26.27640860940438], [74.19416373281761, 26.27640860940438], [74.1947993116182, 26.276545386205218], [74.19490100422628, 26.277206471803357], [74.19424000227369, 26.278483040231585], [74.19355357716907, 26.278505835968744], [74.19296884467255, 26.27873379309407], [74.19246038163209, 26.27923529719344], [74.19218072695983, 26.27955443503724], [74.191240070335, 26.27955443503724], [74.19035026001418, 26.27960002608613], [74.18940960338935, 26.27955443503724], [74.189028256109, 26.27955443503724], [74.18839267730843, 26.27975959461617], [74.187935060572, 26.279850776534822], [74.18727405861942, 26.279941958381816], [74.18719778916335, 26.28021550349286], [74.18717236601132, 26.281013339716573], [74.18717236601132, 26.281332472669934], [74.18745202068357, 26.28146924366695], [74.18826556154832, 26.2817427851773], [74.18844352361246, 26.2817427851773], [74.18920621817314, 26.282358251217588], [74.1894858728454, 26.282996508847834], [74.1894858728454, 26.283133277883206], [74.18984179697374, 26.283520789274476], [74.18996891273385, 26.283520789274476], [74.19009602849394, 26.28493405514452], [74.19068076099049, 26.285116410776883], [74.19108753142285, 26.28534435491422], [74.19131633979106, 26.28566347595402], [74.19134176294307, 26.285959801847753], [74.19131633979106, 26.285982596115925], [74.19118922403095, 26.28630171539991], [74.19062991468644, 26.286347303797402]]]}, "properties": {"node": "mining", "role": "positive", "name": "mining", "ts": "2026-07-15T04:24:13.838652+00:00"}}, {"type": "Feature", "geometry": {"type": "Polygon", "coordinates": [[[70.56150371035159, 20.868762874645483], [70.56160641036121, 20.865009617285686], [70.5702446222814, 20.864956303295823], [70.56989087780383, 20.86672631765157], [70.56828191098646, 20.86671565497689], [70.56805368874285, 20.868784199703608], [70.56805368874285, 20.868784199703608], [70.56150371035159, 20.868762874645483]]]}, "properties": {"node": "mining", "role": "positive", "name": "mining", "ts": "2026-07-15T04:24:13.838721+00:00"}}, {"type": "Feature", "geometry": {"type": "Polygon", "coordinates": [[[86.23564217989868, 23.800350029446697], [86.23384031399958, 23.799319631496274], [86.2335024641435, 23.799039950642374], [86.23314852619903, 23.79876026918635], [86.23398510679502, 23.798289225373136], [86.23409772341374, 23.798200904468022], [86.23425860429758, 23.797332412369656], [86.2342103400324, 23.796611117908864], [86.2339368425299, 23.796081184732934], [86.23337375943642, 23.79552180848017], [86.23310026193386, 23.79496242981925], [86.23330940708288, 23.79418223977059], [86.23282676443134, 23.79378478266174], [86.23271414781263, 23.79303402702815], [86.23271414781263, 23.79303402702815], [86.23234412177979, 23.792548241659855], [86.23232803369139, 23.792312708706405], [86.23227976942624, 23.791797478882454], [86.23266588354748, 23.791311688891795], [86.23284285251972, 23.791031990800697], [86.23308417384548, 23.790855339064603], [86.23367943311571, 23.790722850104952], [86.2346608065072, 23.790634524056824], [86.23498256827487, 23.790398987634997], [86.23506300871684, 23.78986902912517], [86.2346608065072, 23.7894862799686], [86.23411381150211, 23.7890888084976], [86.23427469238595, 23.788573565892783], [86.23427469238595, 23.78829386190911], [86.23424251620922, 23.78810248515242], [86.23961593772975, 23.78627703115757], [86.23988943523231, 23.786188702088253], [86.24027554935356, 23.786144537531076], [86.24098342524248, 23.786085651431502], [86.24133736318696, 23.785967879152338], [86.24161086068949, 23.785953157609946], [86.24243135319713, 23.78665978976445], [86.2427852911416, 23.78718976135948], [86.24326793379313, 23.787675566756747], [86.2439436335053, 23.78861772962466], [86.24410451438915, 23.788838548058937], [86.24420104291946, 23.789029923731853], [86.24399189777043, 23.7891771355962], [86.24312314099767, 23.789574606797085], [86.24273702687643, 23.7894862799686], [86.24296226011381, 23.790163450786302], [86.24289790776028, 23.79087006005178], [86.24381492879822, 23.790413708673867], [86.24450671659878, 23.790413708673867], [86.24576158749278, 23.791031990800708], [86.24606726117207, 23.79135585169325], [86.24613161352565, 23.791561944568308], [86.24632467058622, 23.791561944568308], [86.24661425617715, 23.79245991685234], [86.24597073264177, 23.79322539652311], [86.24540764954828, 23.79374062068571], [86.24540764954828, 23.793976151051087], [86.24743796630248, 23.79495654161002], [86.24798496130758, 23.795604243026617], [86.24872501337329, 23.796870195563788], [86.2489180704339, 23.7974001255216], [86.2500764127976, 23.797606208810354], [86.25068776015625, 23.79790061294151], [86.25137954795679, 23.79851297139736], [86.25160478119416, 23.798733773017197], [86.25170130972447, 23.79891041404286], [86.25187827869672, 23.799278415408267], [86.25192654296188, 23.799675855712035], [86.25192654296188, 23.799764175614417], [86.25173348590127, 23.799248975337395], [86.25173348590127, 23.800029134961292], [86.25162086928258, 23.800264653927055], [86.25150825266385, 23.800617931575076], [86.25031773412339, 23.801574720380493], [86.24801713748435, 23.80222238880272], [86.24684270703226, 23.802295987282726], [86.24470299127708, 23.802163509988688], [86.24314244670374, 23.80207519171759], [86.24172669492587, 23.802016312836848], [86.23564217989868, 23.800350029446697]]]}, "properties": {"node": "mining", "role": "positive", "name": "mining", "ts": "2026-07-15T04:24:13.838821+00:00"}}, {"type": "Feature", "geometry": {"type": "Polygon", "coordinates": [[[76.61822709628585, 15.022867331171256], [76.61788388373363, 15.02167030807841], [76.61776947954958, 15.021596644899649], [76.61761694063748, 15.020860011714177], [76.6181317594658, 15.020454862378905], [76.61931393603452, 15.020565357728408], [76.62019103477907, 15.02027070333602], [76.62028637159911, 15.020178623755013], [76.6197715527708, 15.019000001611282], [76.62112533561563, 15.01872376110534], [76.6214494808038, 15.019791889081189], [76.62383290130528, 15.01872376110534], [76.62471000004983, 15.018005534117586], [76.6253201556982, 15.01763721164843], [76.62570150297843, 15.0176924600593], [76.62623538917074, 15.018079198535192], [76.6261591197147, 15.018742177150193], [76.62591124398257, 15.01901841763231], [76.62488160632594, 15.019736641213472], [76.6240045075814, 15.020307535157302], [76.62377569921324, 15.020546941840795], [76.62371849712123, 15.020786348255854], [76.62364222766517, 15.021154665293341], [76.62356595820914, 15.021522981695467], [76.62343248666105, 15.02167030807841], [76.62312740883684, 15.022057039349988], [76.6225363205525, 15.02231485980852], [76.62249818582447, 15.022333275543648], [76.62186896281209, 15.022756837013091], [76.62156388498789, 15.023290891581162], [76.62156388498789, 15.023622373054886], [76.62150668289586, 15.024064347552528], [76.62152575025986, 15.024506321135103], [76.62152575025986, 15.024837800721505], [76.62104906615959, 15.025169279793158], [76.62032450632714, 15.025298188182013], [76.6199431590469, 15.025169279793158], [76.61954274440266, 15.02535343461055], [76.61929486867051, 15.025574420181691], [76.61919953185046, 15.025795405524038], [76.61870378038614, 15.026458360178346], [76.61822709628585, 15.026716175321138], [76.61708305444515, 15.026900328803892], [76.6165491682528, 15.026937159481378], [76.61628222515665, 15.027268635292716], [76.61584367578439, 15.027563280026156], [76.61532885695605, 15.027784263309286], [76.61494750967583, 15.028005246363605], [76.61479497076373, 15.028078907330853], [76.61410854565933, 15.028078907330853], [76.613574659467, 15.027857924352816], [76.61321237955077, 15.027452788298781], [76.61326958164281, 15.026237375522372], [76.6145661623956, 15.026016390637599], [76.61483310549175, 15.025721743768681], [76.61511911595194, 15.025592835635624], [76.61525258750004, 15.025335019135962], [76.61551953059619, 15.02494829380259], [76.61822709628585, 15.022867331171256]]]}, "properties": {"node": "mining", "role": "positive", "name": "mining", "ts": "2026-07-15T04:24:13.838914+00:00"}}, {"type": "Feature", "geometry": {"type": "Polygon", "coordinates": [[[73.63623136963095, 24.772776135569174], [73.63709575679948, 24.77289155366096], [73.63745168092771, 24.772395255105003], [73.63823979864017, 24.77244142249623], [73.63879910798454, 24.77221058536844], [73.63906605108069, 24.77177199364326], [73.63933299417685, 24.771402652041424], [73.6393965520569, 24.771287232565538], [73.63972705303308, 24.770894805544973], [73.63998128455326, 24.77059471345709], [73.6400448424333, 24.770329246774764], [73.64005755400929, 24.770075321591023], [73.64005755400929, 24.76999452710549], [73.64033720868147, 24.769775227522587], [73.64079482541774, 24.7699599008813], [73.64116346112199, 24.770190742193464], [73.64146853894616, 24.770156116023994], [73.64176090519435, 24.7699599008813], [73.64179903992238, 24.77010994778302], [73.64249817660281, 24.770329246774764], [73.64289223545904, 24.770202284247805], [73.64294308176306, 24.770202284247805], [73.64310833225119, 24.770190742193464], [73.64334985219531, 24.770052237457662], [73.6436549300195, 24.769844480064286], [73.6436549300195, 24.769590553889213], [73.64347696795541, 24.76926737436993], [73.64262529236288, 24.769232747942976], [73.64204055986653, 24.769371253592855], [73.6420024251385, 24.76940587998119], [73.64186259780242, 24.769809853798268], [73.64162107785828, 24.769879106320666], [73.64129057688206, 24.770052237457662], [73.64093465275383, 24.770075321591023], [73.64071855596171, 24.77001761124957], [73.64027365080143, 24.76994835880443], [73.64014653504135, 24.7699599008813], [73.64000670770527, 24.7699599008813], [73.63999399612925, 24.7699599008813], [73.63965078357704, 24.76971751704166], [73.63954909096897, 24.76961363810841], [73.63918045526475, 24.769475132728882], [73.63915503211274, 24.769475132728882], [73.63895164689661, 24.76925583222869], [73.63887537744056, 24.76885185660921], [73.6387736848325, 24.76869026599343], [73.63830335652021, 24.768436337458088], [73.63755337353577, 24.768470964107124], [73.63737541147165, 24.768470964107124], [73.63719744940755, 24.768470964107124], [73.63704491049546, 24.76848250632132], [73.63682881370333, 24.76858638620083], [73.63668898636723, 24.768667181602584], [73.63698135261542, 24.76918657935868], [73.63708304522348, 24.769359711461266], [73.6371211799515, 24.76954438543796], [73.63714660310352, 24.769821395888012], [73.63734998831964, 24.770190742193464], [73.63714660310352, 24.77038695697137], [73.63699406419143, 24.77062933950425], [73.63703219891944, 24.770940973494117], [73.63704491049546, 24.771067935265762], [73.63701948734345, 24.77107947723856], [73.6369559294634, 24.77127569061205], [73.63709575679948, 24.771402652041424], [73.63728643043962, 24.771541155270864], [73.63718473783155, 24.77189895456515], [73.63714660310352, 24.77192203835517], [73.6369686410394, 24.771991289699514], [73.63671440951926, 24.772037457240952], [73.63643475484707, 24.77189895456515], [73.63612967702288, 24.771910496460695], [73.63596442653478, 24.77233754584184], [73.63611696544689, 24.772614550060418], [73.63623136963095, 24.772776135569174]]]}, "properties": {"node": "mining", "role": "positive", "name": "mining", "ts": "2026-07-15T04:24:13.839014+00:00"}}, {"type": "Feature", "geometry": {"type": "Polygon", "coordinates": [[[73.82208827601676, 26.32299685419444], [73.8193552871743, 26.323817182850707], [73.81753753180462, 26.32223348758659], [73.8171561845243, 26.321743563082947], [73.81686381827603, 26.32141314771265], [73.81672399093992, 26.321094125081387], [73.81709262664425, 26.32063837694098], [73.81716889610031, 26.32029656465882], [73.81713076137228, 26.31981802576916], [73.8174739739246, 26.319442029540298], [73.8178044749009, 26.31940784800442], [73.81803328326912, 26.31921415244395], [73.81877055467778, 26.3187811847258], [73.81888495886189, 26.318667245583622], [73.81901207462198, 26.318393791185123], [73.81827480321333, 26.317938032419743], [73.81807141799715, 26.317698758350094], [73.81794430223702, 26.317470877824256], [73.8177154938688, 26.317106268050487], [73.81763922441276, 26.317049297669676], [73.81746126234859, 26.316901174548427], [73.81713076137228, 26.31639983334809], [73.81652060572374, 26.316046614381413], [73.81640620153964, 26.315795942203327], [73.81597400795525, 26.31518065364841], [73.81603756583532, 26.314929979596595], [73.8165841636038, 26.31502113386001], [73.81694008773212, 26.31527180771461], [73.81739770446852, 26.31555666370917], [73.81772820544482, 26.315852913200523], [73.81774091702084, 26.31611497942676], [73.81779176332489, 26.31625170939641], [73.81767735914077, 26.31675305123778], [73.81765193598875, 26.316775839451743], [73.81763922441276, 26.316935356823993], [73.81812226430118, 26.31692396273325], [73.81871970837373, 26.31646819818499], [73.8191391903821, 26.316422621631528], [73.81924088299017, 26.31639983334809], [73.81941884505436, 26.31684420406675], [73.81967307657457, 26.317151844334976], [73.82000357755086, 26.317448089747014], [73.820143404887, 26.317425301665295], [73.82043577113528, 26.317744334401464], [73.82053746374336, 26.318097548191595], [73.82055017531935, 26.3181089421669], [73.82119846569596, 26.318154518056886], [73.82126202357601, 26.318154518056886], [73.82177048661649, 26.318325427484634], [73.82180862134452, 26.31837100328944], [73.82196116025665, 26.318484942723018], [73.82262216220923, 26.31834821538928], [73.82287639372947, 26.31790385044005], [73.82290181688148, 26.317949426410728], [73.82419839763466, 26.31902045655957], [73.82577463306009, 26.32080928270379], [73.82600344142827, 26.321641020482698], [73.82633394240459, 26.321994222390238], [73.82643563501267, 26.32210815825967], [73.82647376974072, 26.322176519727527], [73.82649919289274, 26.322381603889003], [73.82644834658869, 26.3228601321868], [73.82666444338089, 26.323236117319432], [73.82727459902942, 26.32345259305419], [73.8276813694618, 26.323771609188917], [73.82792288940603, 26.323919723524174], [73.82827881353433, 26.3241020178306], [73.82853304505457, 26.324272918482254], [73.82853304505457, 26.324637505696202], [73.8282406788063, 26.325093238099484], [73.82774492734185, 26.325662901081465], [73.82740171478954, 26.32605027030848], [73.82721104114938, 26.326243954436045], [73.82718561799734, 26.326278133954336], [73.82718561799734, 26.326619928582392], [73.82691867490111, 26.32705286699628], [73.82670257810892, 26.32730351481183], [73.82638478870865, 26.32761112729845], [73.8262195382205, 26.327656699449186], [73.82572378675604, 26.327690878550474], [73.82470686067512, 26.327804808815213], [73.82418568605864, 26.327656699449186], [73.8239187429624, 26.32738326627572], [73.82360095356213, 26.327132618632813], [73.82313062524969, 26.32742883851614], [73.82273656639333, 26.32673385990089], [73.82227894965693, 26.3260046975255], [73.82198658340867, 26.32569708077127], [73.82166879400837, 26.325446429478436], [73.82137642776013, 26.325138811241168], [73.82149083194422, 26.325184384364917], [73.82255860432917, 26.32382857626336], [73.82208827601676, 26.32299685419444]]]}, "properties": {"node": "mining", "role": "positive", "name": "mining", "ts": "2026-07-15T04:24:13.839126+00:00"}}, {"type": "Feature", "geometry": {"type": "Polygon", "coordinates": [[[77.47232440293212, 17.322105857012296], [77.47030326234686, 17.320795266383456], [77.46877787322593, 17.31952107208651], [77.46740502301708, 17.317627967099973], [77.46702367573683, 17.316353750838953], [77.46652792427253, 17.314824679663413], [77.46744315774511, 17.313768884998566], [77.4695787025144, 17.313040747213332], [77.47167611255571, 17.31336840957365], [77.47301082803651, 17.31322278193007], [77.47411673514921, 17.313404816466512], [77.47457435188548, 17.313586850822684], [77.47609974100641, 17.317263906212688], [77.47629041464654, 17.31875655126676], [77.47640481883062, 17.319885128501628], [77.47640481883062, 17.32075886095475], [77.47575652845421, 17.321741804997693], [77.4739641962371, 17.322469908305454], [77.47388792678107, 17.322506313395095], [77.47232440293212, 17.322105857012296]]]}, "properties": {"node": "mining", "role": "positive", "name": "mining", "ts": "2026-07-15T04:24:13.839201+00:00"}}, {"type": "Feature", "geometry": {"type": "Polygon", "coordinates": [[[74.41149164114898, 25.595983137425694], [74.41111347176265, 25.595215040410476], [74.41032535404993, 25.59534114622901], [74.40994400676959, 25.594501393614085], [74.41070670133028, 25.594429742094096], [74.41108804861062, 25.5943638226578], [74.41154884324104, 25.594309367443895], [74.41183167580729, 25.594372420847204], [74.41201281576546, 25.594934167882258], [74.4122956483317, 25.595567563160458], [74.41149164114898, 25.595983137425694]]]}, "properties": {"node": "mining", "role": "positive", "name": "mining", "ts": "2026-07-15T04:24:13.839272+00:00"}}, {"type": "Feature", "geometry": {"type": "Polygon", "coordinates": [[[86.40086099999998, 23.693488958215625], [86.40376699999996, 23.691668958214645], [86.4049569999999, 23.69081295821419], [86.40372799999996, 23.689706958213566], [86.40205099999991, 23.69024195821382], [86.40086099999998, 23.69102695821432], [86.40050999999998, 23.692364958215027], [86.40072499999992, 23.69364995821571], [86.40086099999998, 23.693488958215625]]]}, "properties": {"node": "mining", "role": "positive", "name": "mining", "ts": "2026-07-15T04:24:13.839341+00:00"}}, {"type": "Feature", "geometry": {"type": "Polygon", "coordinates": [[[86.28919599999998, 23.640011958186573], [86.29027169722262, 23.63984165104868], [86.29085086840448, 23.63889839810549], [86.29426154314207, 23.638986841806485], [86.30201600174357, 23.63766040081562], [86.3100922221128, 23.632531377984066], [86.30861211798137, 23.630969048949982], [86.30738942326413, 23.629878355368255], [86.30545885265794, 23.63085113656829], [86.3015655352688, 23.63211868910742], [86.2991201458343, 23.630084703499367], [86.2963529946321, 23.62964252853457], [86.29227699999996, 23.62652195817933], [86.28888399999998, 23.626557958179387], [86.28650399999997, 23.6264509581793], [86.28675799999996, 23.62957895818099], [86.28665999999993, 23.63283095818274], [86.28523699999981, 23.63541895818415], [86.28480799999993, 23.639154958186094], [86.28919599999998, 23.640011958186573]]]}, "properties": {"node": "mining", "role": "positive", "name": "mining", "ts": "2026-07-15T04:24:13.839414+00:00"}}, {"type": "Feature", "geometry": {"type": "Polygon", "coordinates": [[[80.78540712798963, 24.12903554513702], [80.78460629870115, 24.128435195644347], [80.78483034022825, 24.12785224488992], [80.78526412275956, 24.127908799930218], [80.78546909692268, 24.127647776458677], [80.78574557370085, 24.12772608355606], [80.78599344943301, 24.1277347843417], [80.78607925257106, 24.1277347843417], [80.78610785361705, 24.128748421818152], [80.78540712798963, 24.12903554513702]]]}, "properties": {"node": "mining", "role": "positive", "name": "mining", "ts": "2026-07-15T04:24:13.839483+00:00"}}, {"type": "Feature", "geometry": {"type": "Polygon", "coordinates": [[[82.6381402974817, 24.204373530478204], [82.63849800666159, 24.203369641771477], [82.6399838755627, 24.20246613517558], [82.64122209964697, 24.201738305760614], [82.64191000191602, 24.200960276618307], [82.64229522718668, 24.200257536537514], [82.64290058118344, 24.199579890648103], [82.64408377308615, 24.19978067499084], [82.64609244771177, 24.20068420061998], [82.6477158970667, 24.200960276618307], [82.65043999005208, 24.2010606677422], [82.65192585895319, 24.201211254279805], [82.652641277313, 24.201487329136754], [82.65272382558527, 24.202591622585743], [82.65297147040215, 24.20319396043494], [82.65420969448641, 24.204323336230647], [82.65423721057716, 24.20490056888418], [82.65409963012335, 24.205678573976698], [82.65409963012335, 24.206381284171922], [82.6527788577668, 24.206782831115373], [82.65178827849941, 24.207159280225863], [82.65057757050589, 24.206933410893], [82.65032992568905, 24.206958507505316], [82.6499997325999, 24.20710908707538], [82.64876150851565, 24.20869016181952], [82.64768838097592, 24.208865835580266], [82.64634009252862, 24.207861982257022], [82.64537702935195, 24.20630599397918], [82.64320325818179, 24.206682444498117], [82.64083687437632, 24.20708399049272], [82.64012145601652, 24.20680792775733], [82.63907584456759, 24.206406380892947], [82.6381402974817, 24.204373530478204]]]}, "properties": {"node": "mining", "role": "positive", "name": "mining", "ts": "2026-07-15T04:24:13.839562+00:00"}}, {"type": "Feature", "geometry": {"type": "Polygon", "coordinates": [[[74.06209679502724, 15.52342325364553], [74.06087648373045, 15.522995190075678], [74.06053327117824, 15.522591009065632], [74.06011378917, 15.522297058742723], [74.05950363352163, 15.521856132473019], [74.05925575778949, 15.521580553075879], [74.05912228624139, 15.520974277106381], [74.0591604209694, 15.520625208315728], [74.05944643142959, 15.520257766845413], [74.05973244188976, 15.519890324720707], [74.05986591343785, 15.51955962624898], [74.06104809000658, 15.519063577547575], [74.06251627703548, 15.518953344340863], [74.0636793862402, 15.519100321936723], [74.06404166615641, 15.519100321936723], [74.06453741762071, 15.519192182880966], [74.06556705527736, 15.51939427681436], [74.06636788456584, 15.519522881941628], [74.0671115117623, 15.520129162176199], [74.06766446531863, 15.520221022662394], [74.06781700423073, 15.520221022662394], [74.06870935686648, 15.51914074075723], [74.06778840318472, 15.520254092427402], [74.06815068310095, 15.520153045906541], [74.06850342933517, 15.520088743549323], [74.06866550192926, 15.520042813281888], [74.06894197870743, 15.519840719983739], [74.06899918079947, 15.519748859328233], [74.06894197870743, 15.519583510045253], [74.06897057975347, 15.519335485872327], [74.06875130506732, 15.51917932235123], [74.06857016510921, 15.519170136258085], [74.06842715987914, 15.518977228207312], [74.06837949146909, 15.518720017192406], [74.0685510977452, 15.51834338619926], [74.06878943979535, 15.518159663514117], [74.06939006176172, 15.517828962268636], [74.06917078707556, 15.517948382223977], [74.06926612389563, 15.517562563657696], [74.06973327431393, 15.517388026450254], [74.06997161636407, 15.517222675275454], [74.0700192847741, 15.51719511673344], [74.07012415527618, 15.517103254900144], [74.0703148289163, 15.51703895159251], [74.07069617619652, 15.516836855352349], [74.07102032138471, 15.516689876144286], [74.07110612452277, 15.51669906234786], [74.07127773079885, 15.516561269251358], [74.07149700548499, 15.516662317531123], [74.07167814544312, 15.517029765404068], [74.07196415590329, 15.516993020646215], [74.07200229063132, 15.516983834455733], [74.07234550318353, 15.517084882528577], [74.07253617682363, 15.517222675275454], [74.07284125464783, 15.517397212622747], [74.07303192828793, 15.5176911699266], [74.07304146196995, 15.517884079179689], [74.07304146196995, 15.518113732817264], [74.07307006301596, 15.518288269410892], [74.07265058100772, 15.51874757553077], [74.07204995904134, 15.518683272735535], [74.07175441489916, 15.51874757553077], [74.07119192766082, 15.519087461401265], [74.07086778247262, 15.519335485872327], [74.06994301531805, 15.519592696120007], [74.06982861113397, 15.5196202543418], [74.06934239335168, 15.519684556845037], [74.06895151238946, 15.519684556845037], [74.06836042410507, 15.520134673806528], [74.06796954314285, 15.520217348243726], [74.06767399900065, 15.520254092427402], [74.06740705590451, 15.520336766816754], [74.06714011280835, 15.52044699928435], [74.06701617494227, 15.520676650069348], [74.06698757389624, 15.520851184494978], [74.06698757389624, 15.52095223067391], [74.06698757389624, 15.521062462812656], [74.06697804021424, 15.521200252903284], [74.06681596762013, 15.521282926913482], [74.06620581197177, 15.52136560089055], [74.06598653728562, 15.521420716856854], [74.06542405004728, 15.52184327210933], [74.06500456803901, 15.521999433614045], [74.06498550067502, 15.521999433614045], [74.06486156280894, 15.52225664054057], [74.06443254711866, 15.522550590921067], [74.06440394607264, 15.522587334689176], [74.06434674398062, 15.522651636267616], [74.06409886824846, 15.522890470526361], [74.0639749303824, 15.52300070162943], [74.06331710632399, 15.52339569593173], [74.06209679502724, 15.52342325364553]]]}, "properties": {"node": "mining", "role": "positive", "name": "mining", "ts": "2026-07-15T04:24:13.839665+00:00"}}, {"type": "Feature", "geometry": {"type": "Polygon", "coordinates": [[[76.77737380337764, 15.123670287740513], [76.77710686028149, 15.122805158644745], [76.779547482875, 15.122731530473585], [76.78013857115936, 15.122529052871045], [76.78044364898354, 15.122271353824521], [76.78132074772809, 15.121314183195178], [76.78124447827203, 15.120798781835799], [76.78124447827203, 15.120504266210814], [76.78154955609624, 15.119804789962071], [76.78160675818826, 15.119086904044488], [76.78174022973633, 15.118387423120604], [76.78246478956879, 15.118369015696713], [76.78322748412926, 15.1189580524687], [76.78320841676525, 15.119694346132931], [76.78315121467321, 15.120449044485593], [76.78305587785316, 15.12100126109067], [76.7829986757611, 15.121700733392567], [76.7823313180207, 15.122087282885234], [76.78175929710035, 15.122510645806688], [76.78139701718413, 15.12291560085354], [76.78071059207971, 15.123357369113402], [76.78050085107559, 15.123486218015792], [76.77964281969506, 15.123835950356119], [76.77737380337764, 15.123670287740513]]]}, "properties": {"node": "mining", "role": "positive", "name": "mining", "ts": "2026-07-15T04:24:13.839741+00:00"}}, {"type": "Feature", "geometry": {"type": "Polygon", "coordinates": [[[79.87380720516924, 29.866736609248544], [79.87389382929483, 29.866582614709838], [79.8740194342769, 29.86646242368521], [79.87417102649668, 29.866417352013663], [79.8744179052546, 29.866436131879272], [79.87462147194972, 29.866447399796954], [79.87470809607531, 29.86645115576923], [79.87518885997228, 29.866605150510843], [79.87511089825925, 29.8666539780622], [79.87511089825925, 29.8666539780622], [79.87527548409787, 29.86686806781304], [79.87536643942973, 29.866916895235743], [79.87553102526833, 29.866995770252714], [79.87562631180649, 29.86705962141125], [79.87564796783788, 29.86720610332643], [79.87563064301273, 29.867318781576394], [79.8755396876809, 29.86746150717699], [79.87546172596785, 29.86761550035917], [79.87545306355531, 29.867641791854336], [79.87542274511132, 29.86771916392846], [79.8753447833983, 29.867846865278782], [79.87528414651041, 29.868019637433743], [79.87524949686015, 29.868184897475917], [79.87525815927272, 29.86841025163774], [79.87527548409786, 29.868530440315915], [79.87539675787367, 29.868583022817077], [79.87550070682434, 29.868650628849277], [79.8755700061248, 29.86876330546782], [79.87564796783786, 29.868800864312387], [79.87539675787367, 29.868875981959107], [79.87531879616064, 29.86883091137787], [79.87521484720993, 29.86877832900735], [79.8751801975597, 29.86877832900735], [79.87505026137133, 29.86891354076126], [79.87505026137133, 29.869131381534878], [79.87508491102155, 29.86931166319471], [79.87508491102155, 29.869409315624434], [79.87497229965831, 29.869537014811385], [79.8748077138197, 29.869537014811385], [79.87451319179272, 29.869461897662386], [79.8743919180169, 29.869409315624434], [79.87421866976572, 29.869274104542452], [79.8741407080527, 29.8691013345599], [79.8740973959899, 29.868951099549268], [79.873958797389, 29.868785840776255], [79.8738548484383, 29.86863560529053], [79.87371624983737, 29.868477857787017], [79.87365561294945, 29.868380204445575], [79.87362096329922, 29.86826001558642], [79.87362096329922, 29.86811729112812], [79.8736036384741, 29.86792949547718], [79.87365561294945, 29.86769662837909], [79.87363828812433, 29.867531367528127], [79.87351701434851, 29.867313523260904], [79.87350835193594, 29.86714826177537], [79.8736469505369, 29.866855297560093], [79.87369892501223, 29.86673510686395], [79.87380720516924, 29.866736609248544]]]}, "properties": {"node": "mining", "role": "positive", "name": "mining", "ts": "2026-07-15T04:24:13.839831+00:00"}}, {"type": "Feature", "geometry": {"type": "Polygon", "coordinates": [[[85.3337938144483, 22.12724219530579], [85.33306248834853, 22.126209059418063], [85.3324774274687, 22.125192852794985], [85.33207519811383, 22.12461699912245], [85.33170953506392, 22.123820962229985], [85.33136215516654, 22.12275392700223], [85.33117932364159, 22.122042565695754], [85.33094164265918, 22.121415887284503], [85.33086851004921, 22.120975517004325], [85.33081366059172, 22.120704519224986], [85.3315449866915, 22.120027022497233], [85.3321117644188, 22.119688272912263], [85.33273339160361, 22.119637460404306], [85.33370239868582, 22.119908460235095], [85.33421432695566, 22.120247209290927], [85.33441544163308, 22.12111101569861], [85.33434230902311, 22.121636071908664], [85.33505535197038, 22.12241518397073], [85.33585981068013, 22.123651592098284], [85.33587809383265, 22.123973395174463], [85.33607920851009, 22.124633936028754], [85.336262040035, 22.125209789632077], [85.33646315471246, 22.12619212270106], [85.33673740199988, 22.12707282928592], [85.3337938144483, 22.12724219530579]]]}, "properties": {"node": "mining", "role": "positive", "name": "mining", "ts": "2026-07-15T04:24:13.839907+00:00"}}, {"type": "Feature", "geometry": {"type": "Polygon", "coordinates": [[[73.80257505347139, 26.480418294151267], [73.80323605542397, 26.4800769547263], [73.80375723004047, 26.479951796683324], [73.80448178987312, 26.479530809539305], [73.80510465709767, 26.479143955129526], [73.80511736867369, 26.47915533321897], [73.80629954524275, 26.48074825463248], [73.8063376799708, 26.480759632563228], [73.8062359873627, 26.481191993097465], [73.80585464008234, 26.48121474887003], [73.80585464008234, 26.48121474887003], [73.80557498541009, 26.481817775202536], [73.80565125486618, 26.48205670928988], [73.80510465709767, 26.4824094206068], [73.80500296448959, 26.48248906494801], [73.80496482976154, 26.48248906494801], [73.80488856030547, 26.48248906494801], [73.8037826531925, 26.48223875397561], [73.80288013129568, 26.481578840618802], [73.80262589977544, 26.481226126754624], [73.80268945765549, 26.48071412083349], [73.80257505347139, 26.480418294151267]]]}, "properties": {"node": "mining", "role": "positive", "name": "mining", "ts": "2026-07-15T04:24:13.840034+00:00"}}, {"type": "Feature", "geometry": {"type": "Polygon", "coordinates": [[[80.76035642515106, 24.130340643008964], [80.76130979335163, 24.130827876134035], [80.76296865402067, 24.13015793010854], [80.76294005297464, 24.12964459246775], [80.76259684042242, 24.12927916441731], [80.76244430151034, 24.12892243602774], [80.76233943100829, 24.128356888981052], [80.76231082996225, 24.128182874002096], [80.76228222891622, 24.128121968703542], [80.76130979335163, 24.128356888981052], [80.76096658079943, 24.12866141462459], [80.76058523351921, 24.12910515069302], [80.76030875674104, 24.12929656577672], [80.76015621782895, 24.12971419769232], [80.76005134732685, 24.12992301313877], [80.76035642515106, 24.130340643008964]]]}, "properties": {"node": "mining", "role": "positive", "name": "mining", "ts": "2026-07-15T04:24:13.840162+00:00"}}, {"type": "Feature", "geometry": {"type": "Polygon", "coordinates": [[[76.85848255641066, 15.057274269741344], [76.85782473235228, 15.057421571426346], [76.85753872189211, 15.05729268245754], [76.85744338507205, 15.057200618860634], [76.85746245243607, 15.056961253322449], [76.85747198611806, 15.056933634204574], [76.85750058716408, 15.056685061982558], [76.85766265975819, 15.056464108652781], [76.85789146812634, 15.056381251095026], [76.85816794490451, 15.056464108652781], [76.85840628695465, 15.056629823671603], [76.85855882586672, 15.056740300279195], [76.8586732300508, 15.056906015083113], [76.85868276373282, 15.057126967954463], [76.85857789323073, 15.057283476099636], [76.85848255641066, 15.057274269741344]]]}, "properties": {"node": "mining", "role": "positive", "name": "mining", "ts": "2026-07-15T04:24:13.840263+00:00"}}, {"type": "Feature", "geometry": {"type": "Polygon", "coordinates": [[[80.90488323088567, 20.483845546069716], [80.90473307539408, 20.48355752505471], [80.90473307539408, 20.48341686343221], [80.90474737591707, 20.483316390765726], [80.90489753140866, 20.483236012585156], [80.90506198742325, 20.483242710768476], [80.9051406402998, 20.483229314401537], [80.90520499265334, 20.4831623325493], [80.90525504448388, 20.48310874704644], [80.90549100311354, 20.482988179596568], [80.90569121043565, 20.4828140264461], [80.90581276488122, 20.48268006234965], [80.90595577011133, 20.482626476678316], [80.90606302403388, 20.48261977846808], [80.90629898266353, 20.482626476678316], [80.90639908632457, 20.4828140264461], [80.90642768737061, 20.48296138681706], [80.90651349050864, 20.483175728922088], [80.90647058893961, 20.483410165256487], [80.9064133868476, 20.48375177184515], [80.90635618475557, 20.48391922577738], [80.90622748004847, 20.484019698048964], [80.9059629203728, 20.484126868399446], [80.90565545912814, 20.48417375540423], [80.9054195004985, 20.483986207299086], [80.90534084762194, 20.483879036850315], [80.90531224657592, 20.483872338694784], [80.90488323088567, 20.483845546069716]]]}, "properties": {"node": "mining", "role": "positive", "name": "mining", "ts": "2026-07-15T04:24:13.840341+00:00"}}, {"type": "Feature", "geometry": {"type": "Polygon", "coordinates": [[[73.19555803631518, 27.853149921949697], [73.18903636498727, 27.84442350565777], [73.19194937818041, 27.84250129316918], [73.18994939897318, 27.84115572415988], [73.19247111188665, 27.839156562241715], [73.19412326862304, 27.841386394318256], [73.19477543575586, 27.84219373600997], [73.20055798433327, 27.838848995599896], [73.20512315426281, 27.844846387833915], [73.21151439216418, 27.84115572415988], [73.21338393794484, 27.843539292143685], [73.20490576521856, 27.84819094332086], [73.20507967645396, 27.85015149686083], [73.20268839696706, 27.85161227841523], [73.20012320624474, 27.85118942262057], [73.19555803631518, 27.853149921949697]]]}, "properties": {"node": "mining", "role": "positive", "name": "mining", "ts": "2026-07-15T04:24:13.840414+00:00"}}, {"type": "Feature", "geometry": {"type": "Polygon", "coordinates": [[[87.7606467887635, 25.100128031952156], [87.76052010097983, 25.100057432310855], [87.76045188448093, 25.10001330751434], [87.76013029241471, 25.099951532772486], [87.76008156634407, 25.099942707806814], [87.7600230950593, 25.09989858296892], [87.75995000595334, 25.09970443349306], [87.75995000595334, 25.09959853364907], [87.75991589770389, 25.09950587121036], [87.75988666206152, 25.099360258664856], [87.75981357295554, 25.09921464594599], [87.75979408252728, 25.09905579550955], [87.75980870034847, 25.098963132659684], [87.76011567459352, 25.098874882261217], [87.76028621584074, 25.098795456848162], [87.76045188448093, 25.098742506544145], [87.7608075847966, 25.09871603138353], [87.76098299865092, 25.098839582084004], [87.76100736168621, 25.099046970479254], [87.76112430425579, 25.099245533506913], [87.76113404946987, 25.09943085870857], [87.7611486672911, 25.09951469620755], [87.76123150161118, 25.09966913355526], [87.76118277554053, 25.099880933029304], [87.76116328511229, 25.09993388284051], [87.76101710690037, 25.10015450680714], [87.76062729833525, 25.10019863155272], [87.7606467887635, 25.100128031952156]]]}, "properties": {"node": "mining", "role": "positive", "name": "mining", "ts": "2026-07-15T04:24:13.840491+00:00"}}, {"type": "Feature", "geometry": {"type": "Polygon", "coordinates": [[[81.14166938413034, 24.58761300152647], [81.14163124940232, 24.587604332300433], [81.14157404731029, 24.587578324618725], [81.14153591258226, 24.587569655390283], [81.14149777785423, 24.587534978470543], [81.14145964312621, 24.587517640007068], [81.14142150839818, 24.58750030154119], [81.14137383998816, 24.587465624602235], [81.14134523894216, 24.587448286129153], [81.14130710421414, 24.587430947653672], [81.14128803685011, 24.587404939935958], [81.1412689694861, 24.587378932212836], [81.1412499021221, 24.587361593727753], [81.14120223371208, 24.58732691675039], [81.14116409898405, 24.587292239763418], [81.14111643057402, 24.58725756276684], [81.14109736321, 24.587240224264956], [81.14107829584599, 24.58722288576066], [81.14105922848196, 24.587205547253973], [81.14104016111796, 24.587196877999723], [81.14102109375395, 24.587179539489433], [81.14100202638994, 24.587170870233386], [81.14099249270794, 24.587153531719494], [81.14096389166191, 24.587153531719494], [81.14094482429789, 24.587144862461653], [81.14091622325189, 24.58712752394416], [81.14088762220585, 24.58710151616342], [81.14086855484187, 24.587092846901967], [81.14084948747782, 24.587084177639916], [81.14082088643184, 24.587058169850177], [81.14080181906782, 24.587049500585724], [81.14077321802179, 24.587032162055024], [81.1407541506578, 24.58701482352194], [81.14073508329379, 24.586997484986433], [81.14071601592977, 24.586980146448536], [81.14069694856576, 24.586971477178682], [81.14066834751974, 24.586962807908233], [81.14065881383773, 24.586945469365528], [81.14064928015571, 24.58692813082043], [81.1406206791097, 24.586919461546973], [81.14061114542768, 24.586902122998268], [81.14059207806368, 24.586893453723018], [81.14058254438169, 24.586876115170714], [81.14056347701768, 24.58686744589366], [81.14054440965367, 24.586858776616015], [81.14054440965367, 24.586841438058908], [81.14052534228965, 24.586832768779455], [81.14050627492564, 24.5868240994994], [81.14048720756162, 24.586806760937492], [81.14046814019761, 24.58678942237318], [81.14046814019761, 24.58677208380647], [81.14044907283359, 24.586763414522213], [81.14044907283359, 24.586746075951908], [81.14043000546958, 24.58673740666585], [81.14041093810556, 24.586728737379193], [81.14040140442359, 24.586711398804088], [81.14039187074155, 24.586694060226574], [81.14038233705956, 24.58667672164666], [81.14035373601354, 24.586659383064344], [81.14035373601354, 24.586642044479632], [81.14034420233155, 24.58661603659806], [81.14033466864952, 24.58659869800734], [81.14031560128551, 24.586581359414225], [81.14031560128551, 24.586564020818706], [81.14029653392153, 24.586555351520044], [81.1402870002395, 24.586538012920926], [81.1402870002395, 24.586520674319406], [81.14027746655748, 24.58650333571548], [81.14027746655748, 24.58648599710916], [81.14026793287549, 24.586459989195177], [81.14026793287549, 24.586433981275796], [81.1402583991935, 24.586416642659874], [81.1402583991935, 24.58639930404154], [81.1402583991935, 24.58638196542082], [81.1402583991935, 24.58636462679769], [81.1402583991935, 24.586347288172163], [81.1402583991935, 24.586329949544233], [81.1402583991935, 24.586303941597844], [81.14024886551148, 24.58627793364605], [81.14023933182945, 24.58626059500852], [81.14023933182945, 24.58623458704772], [81.14023933182945, 24.586217248404186], [81.14023933182945, 24.586191240434392], [81.14023933182945, 24.586173901784854], [81.14023933182945, 24.58614789380605], [81.14022979814747, 24.586130555150515], [81.14022026446547, 24.586113216492574], [81.14022026446547, 24.586078539169495], [81.14022026446547, 24.586052531170893], [81.14021073078347, 24.586026523166883], [81.14021073078347, 24.586009184494543], [81.14021073078347, 24.585983176481523], [81.14020119710146, 24.585965837803176], [81.14020119710146, 24.585948499122434], [81.14020119710146, 24.585922491096817], [81.14019166341944, 24.585905152410074], [81.14018212973744, 24.585879144375454], [81.14017259605544, 24.58586180568271], [81.14017259605544, 24.58583579763908], [81.14016306237343, 24.58581845894033], [81.14016306237343, 24.585801120239186], [81.14016306237343, 24.585775112182954], [81.14016306237343, 24.5857577734758], [81.14016306237343, 24.585731765410582], [81.14015352869141, 24.585714426697425], [81.14014399500941, 24.585697087981874], [81.14014399500941, 24.58566241054356], [81.14014399500941, 24.585645071820803], [81.14014399500941, 24.585627733095645], [81.14014399500941, 24.585610394368096], [81.14014399500941, 24.58559305563814], [81.1401344613274, 24.5855670475387], [81.1401344613274, 24.585549708802738], [81.1401344613274, 24.5855237006943], [81.14012492764539, 24.585506361952334], [81.14012492764539, 24.58548902320798], [81.14012492764539, 24.58547168446122], [81.14012492764539, 24.58545434571205], [81.14012492764539, 24.585428337583803], [81.14011539396338, 24.585410998828635], [81.14011539396338, 24.585384990691388], [81.14011539396338, 24.58535031316666], [81.14011539396338, 24.585324305016798], [81.14011539396338, 24.585306966247238], [81.14010586028141, 24.585280958088383], [81.14009632659938, 24.58526361931281], [81.14009632659938, 24.585246280534832], [81.14009632659938, 24.585220272363383], [81.14009632659938, 24.585185594793035], [81.14009632659938, 24.58516825600426], [81.14009632659938, 24.585150917213088], [81.14009632659938, 24.58511623962353], [81.14009632659938, 24.58509890082515], [81.14009632659938, 24.585072892623085], [81.14009632659938, 24.585046884415625], [81.14009632659938, 24.585020876202755], [81.14009632659938, 24.58500353739117], [81.14009632659938, 24.58498619857719], [81.14009632659938, 24.584968859760814], [81.14011539396338, 24.584951520942038], [81.14012492764539, 24.584934182120847], [81.14014399500941, 24.584925512709358], [81.14016306237343, 24.584899504471277], [81.14018212973744, 24.5848821656429], [81.14020119710146, 24.5848734962278], [81.14022026446547, 24.58484748797892], [81.14023933182945, 24.584830149143343], [81.1402583991935, 24.584821479724642], [81.14027746655748, 24.58480414088546], [81.1402870002395, 24.584786802043872], [81.14030606760352, 24.584769463199883], [81.14032513496753, 24.584760793776987], [81.14034420233155, 24.5847347855047], [81.14038233705956, 24.58471744665351], [81.14040140442359, 24.584700107799918], [81.14042047178759, 24.584691438372225], [81.14043000546958, 24.584674099515034], [81.14044907283359, 24.584665430085533], [81.14046814019761, 24.584656760655434], [81.14048720756162, 24.584656760655434], [81.14049674124364, 24.58463942179345], [81.14051580860762, 24.58463942179345], [81.14054440965367, 24.584622082929055], [81.14057301069965, 24.584613413495955], [81.1406016117457, 24.58460474406226], [81.1406206791097, 24.58460474406226], [81.14063974647372, 24.584596074627964], [81.14065881383773, 24.584587405193066], [81.14068741488374, 24.584587405193066], [81.14070648224775, 24.584587405193066], [81.14072554961176, 24.584587405193066], [81.14074461697578, 24.584587405193066], [81.14077321802179, 24.584587405193066], [81.14079228538581, 24.58457873575757], [81.14081135274981, 24.58457873575757], [81.14084948747782, 24.58457873575757], [81.14086855484187, 24.58457873575757], [81.14088762220585, 24.58457873575757], [81.14090668956986, 24.584570066321465], [81.14092575693388, 24.584570066321465], [81.14094482429789, 24.584570066321465], [81.14096389166191, 24.584570066321465], [81.14099249270794, 24.58456139688478], [81.14101156007196, 24.584552727447473], [81.14104016111796, 24.584552727447473], [81.14105922848196, 24.584552727447473], [81.14107829584599, 24.584552727447473], [81.14110689689201, 24.584552727447473], [81.14113549793802, 24.584552727447473], [81.14115456530205, 24.584535388571073], [81.14117363266605, 24.584535388571073], [81.14119270003006, 24.58452671913197], [81.14121176739407, 24.584518049692278], [81.14123083475808, 24.584509380251983], [81.1412499021221, 24.58449204136958], [81.1412689694861, 24.584474702484787], [81.1412689694861, 24.584457363597586], [81.1412689694861, 24.584440024707988], [81.1412689694861, 24.58442268581598], [81.1412689694861, 24.584405346921578], [81.14125943580409, 24.58437933857548], [81.1412499021221, 24.58436199967508], [81.14124036844007, 24.584344660772274], [81.14123083475808, 24.584318652413568], [81.14122130107606, 24.584301313504763], [81.14122130107606, 24.58428397459356], [81.14122130107606, 24.584257966222253], [81.14122130107606, 24.584240627305043], [81.14122130107606, 24.584223288385438], [81.14122130107606, 24.584205949463428], [81.14122130107606, 24.584179941075917], [81.14122130107606, 24.584153932682998], [81.14122130107606, 24.584127924284694], [81.14123083475808, 24.584110585349478], [81.14123083475808, 24.584093246411864], [81.14123083475808, 24.584075907471856], [81.14124036844007, 24.584058568529436], [81.14125943580409, 24.584032560111318], [81.1412785031681, 24.584006551687793], [81.14129757053212, 24.58398054325887], [81.14129757053212, 24.583963204303263], [81.14131663789614, 24.583945865345246], [81.14132617157814, 24.583928526384828], [81.14134523894216, 24.583902517939695], [81.14135477262415, 24.58388517897328], [81.14137383998816, 24.583859170519148], [81.1414024410342, 24.58385050103324], [81.14142150839818, 24.583841831546728], [81.14142150839818, 24.583824492571914], [81.14144057576222, 24.583824492571914], [81.14145964312621, 24.583824492571914], [81.14147871049025, 24.583824492571914], [81.14148824417225, 24.583841831546728], [81.14149777785423, 24.583859170519148], [81.14150731153626, 24.58388517897328], [81.14152637890028, 24.58389384845679], [81.14154544626427, 24.58391118742201], [81.14156451362828, 24.583919856903716], [81.1415931146743, 24.583928526384828], [81.14162171572033, 24.583928526384828], [81.14165985044835, 24.583928526384828], [81.14168845149436, 24.583928526384828], [81.14170751885837, 24.583937195865335], [81.14172658622239, 24.583954534824553], [81.1417456535864, 24.583954534824553], [81.14176472095042, 24.583963204303263], [81.14178378831443, 24.583963204303263], [81.14180285567843, 24.583963204303263], [81.14184099040646, 24.583971873781366], [81.14187912513448, 24.58398054325887], [81.14191725986251, 24.58398054325887], [81.14195539459054, 24.58398921273579], [81.14199352931855, 24.58398921273579], [81.14203166404658, 24.58399788221209], [81.14206979877461, 24.58399788221209], [81.1420888661386, 24.584006551687793], [81.14210793350263, 24.584015221162904], [81.14212700086661, 24.584023890637418], [81.14214606823066, 24.584032560111318], [81.14216513559464, 24.584032560111318], [81.14218420295866, 24.584041229584628], [81.14221280400469, 24.584041229584628], [81.1422318713687, 24.584032560111318], [81.14225093873272, 24.584015221162904], [81.14226047241472, 24.58399788221209], [81.14228907346074, 24.583971873781366], [81.14231767450674, 24.583937195865335], [81.14233674187076, 24.583919856903716], [81.14236534291676, 24.583902517939695], [81.14238441028081, 24.58389384845679], [81.14241301132681, 24.58388517897328], [81.14242254500881, 24.583867840004462], [81.1424416123728, 24.583867840004462], [81.14247021341885, 24.583859170519148], [81.14248928078287, 24.583859170519148], [81.14249881446484, 24.583841831546728], [81.14251788182887, 24.583841831546728], [81.14254648287489, 24.583824492571914], [81.1425655502389, 24.583824492571914], [81.14260368496693, 24.583824492571914], [81.14263228601294, 24.583815823083604], [81.14267995442299, 24.583807153594694], [81.14269902178697, 24.583798484105177], [81.14271808915099, 24.583798484105177], [81.142756223879, 24.583798484105177], [81.14278482492504, 24.583789814615074], [81.14282295965307, 24.583789814615074], [81.14285156069907, 24.583789814615074], [81.14287062806308, 24.583789814615074], [81.14289922910908, 24.583781145124362], [81.14291829647313, 24.583772475633047], [81.1429373638371, 24.583772475633047], [81.14295643120116, 24.583772475633047], [81.14298503224715, 24.583772475633047], [81.14302316697518, 24.58376380614114], [81.14306130170321, 24.58376380614114], [81.14308036906722, 24.58376380614114], [81.14309943643124, 24.58376380614114], [81.14311850379525, 24.58376380614114], [81.14313757115926, 24.58376380614114], [81.14316617220527, 24.58376380614114], [81.14318523956928, 24.58376380614114], [81.1432138406153, 24.58376380614114], [81.14325197534333, 24.58376380614114], [81.14327104270731, 24.58376380614114], [81.14329011007136, 24.58376380614114], [81.14332824479935, 24.58376380614114], [81.14336637952738, 24.58376380614114], [81.14339498057342, 24.58376380614114], [81.14343311530145, 24.58376380614114], [81.14349031739346, 24.58376380614114], [81.14356658684949, 24.58376380614114], [81.14362378894157, 24.58376380614114], [81.14367145735159, 24.583746467155514], [81.1437191257616, 24.5837377976618], [81.14374772680763, 24.5837377976618], [81.14377632785364, 24.5837377976618], [81.14381446258167, 24.583729128167494], [81.14383352994568, 24.583720458672587], [81.14385259730969, 24.583720458672587], [81.14387166467371, 24.583711789177073], [81.14389073203772, 24.583711789177073], [81.14390979940174, 24.58370311968096], [81.14393840044772, 24.58370311968096], [81.14395746781175, 24.58370311968096], [81.14397653517575, 24.58370311968096], [81.14399560253977, 24.58369445018424], [81.14401466990378, 24.583685780686938], [81.1440337372678, 24.583685780686938], [81.14405280463181, 24.583685780686938], [81.14408140567784, 24.583685780686938], [81.14412907408786, 24.583685780686938], [81.14415767513388, 24.583685780686938], [81.14419580986191, 24.583685780686938], [81.1442339445899, 24.583685780686938], [81.14427207931793, 24.583685780686938], [81.14431021404596, 24.583685780686938], [81.14434834877399, 24.583685780686938], [81.14437694982003, 24.583685780686938], [81.14440555086603, 24.583685780686938], [81.14443415191207, 24.583685780686938], [81.14446275295806, 24.583685780686938], [81.14448182032208, 24.583685780686938], [81.14450088768609, 24.583685780686938], [81.14451995505011, 24.583685780686938], [81.1445485560961, 24.583685780686938], [81.14456762346015, 24.583685780686938], [81.14460575818815, 24.583685780686938], [81.14463435923417, 24.583685780686938], [81.14466296028019, 24.583685780686938], [81.14469156132621, 24.583685780686938], [81.14471062869023, 24.583685780686938], [81.14473922973623, 24.583685780686938], [81.14475829710025, 24.583685780686938], [81.14477736446426, 24.583685780686938], [81.14479643182827, 24.583685780686938], [81.14481549919229, 24.583685780686938], [81.1448345665563, 24.58369445018424], [81.14485363392032, 24.58369445018424], [81.1448822349663, 24.58370311968096], [81.14490130233033, 24.583711789177073], [81.14492036969433, 24.583720458672587], [81.14493943705835, 24.583720458672587], [81.14496803810438, 24.583720458672587], [81.14498710546839, 24.583729128167494], [81.14500617283241, 24.583729128167494], [81.14503477387841, 24.583746467155514], [81.14504430756044, 24.583772475633047], [81.14504430756044, 24.583789814615074], [81.14506337492445, 24.583798484105177], [81.14507290860644, 24.583815823083604], [81.14508244228843, 24.58383316205962], [81.14508244228843, 24.58385050103324], [81.14508244228843, 24.583876509489173], [81.14509197597046, 24.58389384845679], [81.14510150965248, 24.58391118742201], [81.14510150965248, 24.583928526384828], [81.14510150965248, 24.583963204303263], [81.14510150965248, 24.58398921273579], [81.14510150965248, 24.584006551687793], [81.14510150965248, 24.584032560111318], [81.14510150965248, 24.584058568529436], [81.14510150965248, 24.584093246411864], [81.14510150965248, 24.584136593751385], [81.14508244228843, 24.584171271612213], [81.14508244228843, 24.584197280001522], [81.14507290860644, 24.584223288385438], [81.14505384124243, 24.58424929676395], [81.14504430756044, 24.58427530513705], [81.14503477387841, 24.584318652413568], [81.14501570651441, 24.584344660772274], [81.14500617283241, 24.58437933857548], [81.14500617283241, 24.584396677473478], [81.14498710546839, 24.58441401636908], [81.14497757178638, 24.584440024707988], [81.14496803810438, 24.584466033041483], [81.14495850442236, 24.584483371927487], [81.14494897074037, 24.584500710811085], [81.14493943705835, 24.584518049692278], [81.14492036969433, 24.584535388571073], [81.14490130233033, 24.58454405800957], [81.14489176864834, 24.58456139688478], [81.14487270128433, 24.58456139688478], [81.1448631676023, 24.58457873575757], [81.1448345665563, 24.584587405193066], [81.14481549919229, 24.584596074627964], [81.14478689814625, 24.584613413495955], [81.14475829710025, 24.584622082929055], [81.14473922973623, 24.58463942179345], [81.14472016237222, 24.584656760655434], [81.14470109500822, 24.584665430085533], [81.1446724939622, 24.584682768943924], [81.14465342659818, 24.584691438372225], [81.14463435923417, 24.584708777227014], [81.14462482555216, 24.584726116079406], [81.14460575818815, 24.584726116079406], [81.14459622450613, 24.5847434549294], [81.14457715714214, 24.584752124353493], [81.14455808977813, 24.584760793776987], [81.1445485560961, 24.584778132622176], [81.14451995505011, 24.584795471464965], [81.14450088768609, 24.58481281030535], [81.14448182032208, 24.584830149143343], [81.14446275295806, 24.584856157395816], [81.14444368559406, 24.584864826812108], [81.14442461823003, 24.5848821656429], [81.14440555086603, 24.584899504471277], [81.14438648350202, 24.584925512709358], [81.14436741613801, 24.584934182120847], [81.144338815092, 24.584968859760814], [81.14431974772798, 24.58498619857719], [81.14430068036397, 24.58500353739117], [81.14428161299996, 24.585038215011938], [81.14425301195392, 24.585055553818712], [81.14424347827195, 24.585072892623085], [81.14422441090792, 24.58509890082515], [81.14420534354392, 24.585107570224643], [81.1441862761799, 24.58513357841951], [81.14416720881589, 24.585159586608974], [81.14415767513388, 24.585176925398944], [81.14412907408786, 24.585211602971697], [81.14411000672385, 24.585237611144947], [81.14411000672385, 24.585254949924124], [81.14409093935983, 24.585254949924124], [81.14409093935983, 24.585272288700892], [81.14407187199582, 24.585280958088383], [81.14407187199582, 24.585306966247238], [81.14405280463181, 24.585324305016798], [81.1440337372678, 24.58535031316666], [81.1440242035858, 24.585367651930216], [81.14401466990378, 24.585384990691388], [81.14399560253977, 24.58541966820652], [81.14397653517575, 24.58545434571205], [81.14395746781175, 24.5854803538349], [81.14394793412973, 24.58549769258045], [81.14394793412973, 24.585515031323613], [81.14393840044772, 24.58553237006438], [81.14393840044772, 24.585549708802738], [81.14392886676575, 24.5855670475387], [81.14391933308372, 24.58558438627225], [81.14390979940174, 24.58560172500342], [81.1439002657197, 24.585619063732178], [81.14388119835569, 24.585645071820803], [81.1438621309917, 24.585671079904035], [81.14385259730969, 24.585697087981874], [81.14383352994568, 24.585714426697425], [81.14382399626366, 24.585731765410582], [81.14381446258167, 24.585749104121337], [81.14380492889964, 24.58576644282968], [81.14378586153566, 24.585783781535632], [81.14378586153566, 24.585801120239186], [81.14377632785364, 24.58581845894033], [81.14376679417165, 24.58583579763908], [81.14374772680763, 24.585853136335434], [81.14374772680763, 24.58587047502938], [81.14372865944362, 24.58588781372093], [81.1437095920796, 24.585905152410074], [81.1437095920796, 24.585922491096817], [81.1436905247156, 24.585939829781157], [81.14368099103358, 24.58597450714265], [81.14367145735159, 24.585991845819795], [81.14366192366955, 24.586009184494543], [81.14364285630555, 24.586035192502152], [81.14363332262356, 24.586052531170893], [81.14363332262356, 24.586069869837225], [81.14362378894157, 24.586087208501166], [81.14361425525955, 24.5861045471627], [81.14359518789554, 24.586113216492574], [81.14359518789554, 24.586130555150515], [81.14358565421354, 24.58614789380605], [81.14357612053153, 24.586165232459187], [81.14355705316751, 24.586182571109923], [81.14355705316751, 24.58620857908152], [81.1435379858035, 24.586217248404186], [81.14351891843948, 24.58623458704772], [81.14349985107548, 24.586251925688853], [81.14348078371145, 24.586251925688853], [81.14346171634745, 24.58627793364605], [81.14344264898342, 24.586286602963913], [81.14341404793743, 24.58629527228118], [81.14339498057342, 24.58631261091391], [81.14336637952738, 24.586321280229377], [81.14333777848138, 24.586329949544233], [81.14330917743534, 24.586347288172163], [81.14329011007136, 24.58636462679769], [81.14327104270731, 24.58636462679769], [81.14325197534333, 24.586373296109556], [81.14323290797928, 24.586373296109556], [81.1432138406153, 24.58638196542082], [81.1431947732513, 24.586390634731487], [81.14317570588726, 24.586390634731487], [81.14314710484125, 24.58639930404154], [81.14312803747724, 24.586416642659874], [81.14309943643124, 24.586425311968128], [81.14308036906722, 24.586433981275796], [81.14306130170321, 24.586451319889314], [81.1430517680212, 24.5864773278051], [81.1430517680212, 24.586494666412623], [81.14303270065717, 24.58651200501775], [81.14303270065717, 24.586529343620466], [81.14303270065717, 24.586546682220785], [81.14303270065717, 24.586564020818706], [81.14303270065717, 24.586590028711075], [81.14302316697518, 24.586607367302996], [81.14302316697518, 24.586624705892515], [81.14302316697518, 24.586642044479632], [81.14302316697518, 24.586668052355805], [81.14302316697518, 24.586685390936918], [81.14302316697518, 24.586702729515626], [81.14303270065717, 24.586728737379193], [81.14303270065717, 24.586746075951908], [81.14303270065717, 24.586763414522213], [81.14303270065717, 24.586780753090125], [81.14303270065717, 24.586806760937492], [81.1430517680212, 24.586832768779455], [81.14306130170321, 24.586858776616015], [81.14306130170321, 24.586876115170714], [81.14307083538522, 24.586893453723018], [81.14307083538522, 24.58691079227292], [81.14307083538522, 24.586936800093277], [81.14308036906722, 24.586954138637175], [81.14308990274921, 24.586971477178682], [81.14309943643124, 24.586988815717785], [81.14309943643124, 24.58701482352194], [81.14310897011322, 24.587032162055024], [81.14310897011322, 24.587049500585724], [81.14312803747724, 24.587066839114023], [81.14312803747724, 24.587084177639916], [81.14310897011322, 24.587084177639916], [81.14308990274921, 24.587084177639916], [81.14307083538522, 24.58710151616342], [81.14304223433919, 24.587110185424265], [81.14302316697518, 24.58711885468451], [81.14300409961118, 24.58711885468451], [81.14298503224715, 24.58711885468451], [81.14296596488315, 24.58712752394416], [81.14294689751914, 24.5871361932032], [81.14292783015513, 24.587144862461653], [81.14290876279111, 24.587153531719494], [81.1428801617451, 24.587153531719494], [81.14285156069907, 24.587162200976742], [81.14283249333505, 24.587162200976742], [81.14281342597104, 24.587170870233386], [81.14279435860702, 24.587170870233386], [81.14276575756104, 24.587179539489433], [81.14272762283301, 24.587188208744887], [81.14269902178697, 24.587188208744887], [81.14267995442299, 24.587188208744887], [81.14266088705894, 24.587205547253973], [81.14264181969496, 24.587205547253973], [81.14262275233095, 24.58721421650762], [81.14260368496693, 24.58722288576066], [81.14258461760292, 24.58722288576066], [81.1425655502389, 24.587231555013105], [81.14254648287489, 24.587240224264956], [81.14252741551088, 24.587248893516197], [81.14249881446484, 24.58725756276684], [81.14247974710084, 24.587266232016884], [81.14246067973681, 24.587283570515172], [81.14243207869083, 24.587283570515172], [81.14241301132681, 24.587300909011052], [81.1423939439628, 24.587309578258104], [81.14237487659878, 24.58731824750454], [81.14235580923477, 24.58731824750454], [81.14233674187076, 24.58732691675039], [81.14231767450674, 24.58733558599562], [81.14229860714275, 24.587344255240264], [81.14228907346074, 24.587361593727753], [81.14227000609672, 24.587361593727753], [81.14225093873272, 24.58737026297059], [81.1422318713687, 24.587387601454477], [81.14221280400469, 24.587396270695518], [81.14219373664068, 24.587396270695518], [81.14217466927667, 24.587413609175794], [81.14215560191266, 24.587430947653672], [81.14213653454864, 24.587430947653672], [81.14211746718463, 24.587448286129153], [81.14209839982063, 24.587456955365994], [81.1420793324566, 24.587465624602235], [81.1420602650926, 24.587465624602235], [81.1420507314106, 24.587482963072915], [81.14203166404658, 24.58749163230735], [81.14201259668258, 24.58750030154119], [81.14199352931855, 24.58750030154119], [81.14197446195455, 24.58750897077443], [81.14195539459054, 24.587517640007068], [81.14193632722652, 24.587526309239106], [81.14191725986251, 24.587534978470543], [81.14189819249849, 24.587534978470543], [81.14187912513448, 24.58755231693161], [81.14185052408844, 24.58756098616125], [81.14184099040646, 24.587578324618725], [81.14182192304246, 24.587595663073795], [81.14181238936045, 24.58761300152647], [81.14180285567843, 24.587630339976744], [81.14166938413034, 24.58761300152647]]]}, "properties": {"node": "mining", "role": "positive", "name": "mining", "ts": "2026-07-15T04:24:13.840946+00:00"}}]}