{"type": "FeatureCollection", "features": [{"type": "Feature", "properties": {"id": 151, "tea": true}, "geometry": {"type": "MultiPolygon", "coordinates": [[[[95.65119025723011, 27.248690029362244], [95.65250005097846, 27.24772491817925], [95.65247707214077, 27.240394668956053], [95.66109413627461, 27.24914960611605], [95.65960051182475, 27.250505357539776], [95.65946263879862, 27.25183813012581], [95.6578311413226, 27.251424511047386], [95.65362601402528, 27.251217701508175], [95.65119025723011, 27.248690029362244]]]]}}, {"type": "Feature", "properties": {"id": 1, "tea": true}, "geometry": {"type": "MultiPolygon", "coordinates": [[[[95.10791516465602, 27.355612633982094], [95.10791516465602, 27.35567374385085], [95.10894292153966, 27.355795963588367], [95.10921513822777, 27.355495969687194], [95.10947068858802, 27.35544041526105], [95.10842070993392, 27.352679360281737], [95.10717629078832, 27.352890467101084], [95.10791516465602, 27.355612633982094], [95.10791516465602, 27.355612633982094]]]]}}, {"type": "Feature", "properties": {"id": 2, "tea": true}, "geometry": {"type": "MultiPolygon", "coordinates": [[[[95.10485165536421, 27.347069626457476], [95.10366625309634, 27.34796855651062], [95.10336990252937, 27.347612935830252], [95.10229316213604, 27.348245150373124], [95.10224377037488, 27.348442717417768], [95.10292537667891, 27.34862052775795], [95.10300440349677, 27.349312012414217], [95.10341929429053, 27.349558971220024], [95.10417992741242, 27.35008252388834], [95.10479238525082, 27.3501319156495], [95.10575058541735, 27.349361404175376], [95.10689647427631, 27.348255028725355], [95.10719282484328, 27.346911572821757], [95.1073212434223, 27.3461608180521], [95.10495043888653, 27.346308993335583], [95.10485165536421, 27.347069626457476]]]]}}, {"type": "Feature", "properties": {"id": 3, "tea": true}, "geometry": {"type": "MultiPolygon", "coordinates": [[[[95.10135836041253, 27.35225892220195], [95.10206549815375, 27.353786339722973], [95.10404548382915, 27.353899481761566], [95.1031969185397, 27.351509356196264], [95.09995822768494, 27.349897082146292], [95.10135836041253, 27.35225892220195]]]]}}, {"type": "Feature", "properties": {"id": 4, "tea": true}, "geometry": {"type": "MultiPolygon", "coordinates": [[[[95.0846679902313, 27.36307228298486], [95.0846679902313, 27.36307228298486], [95.08890243214125, 27.36174570343913], [95.08687541859538, 27.356821440165383], [95.07879258449263, 27.359324268353514], [95.07902193942824, 27.3611489049848], [95.07681308722522, 27.361468257110534], [95.07655203110087, 27.36527105220021], [95.08295722365571, 27.362911244416853], [95.0846679902313, 27.36307228298486]]]]}}, {"type": "Feature", "properties": {"id": 5, "tea": true}, "geometry": {"type": "MultiPolygon", "coordinates": [[[[95.04417438010124, 27.370370958926266], [95.03849120834019, 27.366715585540053], [95.02965961278663, 27.37245212041623], [95.03067351197404, 27.37808192906215], [95.03256790256107, 27.38272452007822], [95.03213671036534, 27.384459702959827], [95.03609210429968, 27.38569171090659], [95.03682698623284, 27.383703206852168], [95.03911808873032, 27.38504328567145], [95.04017718328105, 27.384956828973433], [95.04052301007312, 27.385194584892982], [95.04112820695924, 27.385129742369468], [95.0418630888924, 27.38692371885335], [95.04288063538314, 27.389202442966425], [95.0419136027136, 27.386910708009857], [95.04292037645176, 27.389175948920684], [95.04408611446435, 27.389056725714852], [95.04425832576166, 27.391467683877252], [95.04613940300925, 27.39136170769429], [95.04623213216934, 27.39230224631808], [95.04693422438146, 27.392275752272344], [95.04710643567878, 27.392341987386693], [95.04711968270165, 27.392739398072806], [95.04779528086804, 27.392845374255767], [95.04849737308017, 27.392924856392987], [95.04880205460618, 27.39230224631808], [95.04949089979544, 27.392050552883546], [95.04943791170396, 27.390407922047626], [95.04918621826943, 27.38946738342383], [95.04855036117165, 27.38816917518254], [95.04791450407387, 27.38790423472513], [95.04719916483887, 27.386447062209395], [95.04700045949582, 27.38460572603042], [95.04726539995322, 27.38420831534431], [95.04726641619409, 27.383251640731533], [95.04896594648295, 27.383202378984027], [95.0489413156092, 27.38206935879146], [95.04926151696797, 27.381823050053942], [95.04857185250293, 27.379778687532568], [95.04869500687168, 27.377685063263687], [95.0482270202704, 27.37593627122733], [95.04842406726041, 27.375049559772275], [95.04758661755287, 27.374458418802238], [95.0448772214402, 27.376625935692374], [95.04417438010124, 27.370370958926266]]]]}}, {"type": "Feature", "properties": {"id": 6, "tea": true}, "geometry": {"type": "MultiPolygon", "coordinates": [[[[95.0635651273402, 27.37446122274394], [95.06409660523705, 27.376656457535304], [95.05922087322676, 27.377534551451852], [95.05931330416534, 27.37806602934871], [95.05880493400313, 27.378204675756585], [95.05905911908424, 27.37903655420384], [95.05792684008658, 27.379175200611716], [95.05707185390469, 27.379313847019592], [95.05734914672044, 27.38102381938339], [95.05815791743305, 27.383634993398385], [95.05940573510392, 27.384489979580284], [95.06525199196936, 27.384027824887365], [95.065275099704, 27.383288377378694], [95.06913409138987, 27.381855697830645], [95.06894922951271, 27.381532189545602], [95.07019704718358, 27.380538556955827], [95.07017393944895, 27.37919830834636], [95.07153729579305, 27.379082769673133], [95.07144486485447, 27.378366429899106], [95.07123689524266, 27.377465228247914], [95.07273889799464, 27.37737279730933], [95.07271579026, 27.37536242439513], [95.07199945048598, 27.373929744847082], [95.07008150851036, 27.373074758665183], [95.06913409138987, 27.37321340507306], [95.06883369083948, 27.37282057358408], [95.0635651273402, 27.37446122274394]]]]}}, {"type": "Feature", "properties": {"id": 8, "tea": true}, "geometry": {"type": "MultiPolygon", "coordinates": [[[[95.01799824388347, 27.30808977286869], [95.01697590710934, 27.307437388647042], [95.0146586181403, 27.30923141881662], [95.01328817842743, 27.307188217790156], [95.00979978643103, 27.307885896189436], [95.00905227386038, 27.308982247959733], [95.00865360048935, 27.310402521843983], [95.00963164629604, 27.31177428156798], [95.01030013745316, 27.311891267520476], [95.00999931643246, 27.312325786772597], [95.00859548500252, 27.31260989551437], [95.00811082891362, 27.314197562012513], [95.00628919051047, 27.31499975140105], [95.00121880936689, 27.31676383690133], [95.00253584684232, 27.319221737373404], [95.00285134302257, 27.319887784865063], [95.00344728025195, 27.31973003677493], [95.00342975268639, 27.32053630479115], [95.00378030399779, 27.320956966364832], [95.00467420984185, 27.321149769586103], [95.00637438370214, 27.32116729715167], [95.00665482475127, 27.320781690709133], [95.00784669921002, 27.320834273405843], [95.0089684634065, 27.321097186889393], [95.01016033786526, 27.32071158044685], [95.01154501554528, 27.320203281045323], [95.01273689000405, 27.318345359094906], [95.0139287644628, 27.316417326882206], [95.01428965346963, 27.31629362439022], [95.0157131528204, 27.31584409827945], [95.01799824388347, 27.30808977286869]]]]}}, {"type": "Feature", "properties": {"id": 9, "tea": true}, "geometry": {"type": "MultiPolygon", "coordinates": [[[[95.01896166792156, 27.308115918266136], [95.01952367290998, 27.308027690319285], [95.01950610144608, 27.30752960523972], [95.02118128152156, 27.30585442516424], [95.02333109595176, 27.30579858582839], [95.0267233356046, 27.306650135700092], [95.02666749626874, 27.307041011051037], [95.02711421095555, 27.307054970884998], [95.02717005029139, 27.305882344832167], [95.02698857244988, 27.30584046533028], [95.02698857244988, 27.305505429315186], [95.02669541593667, 27.3053518711416], [95.02675125527253, 27.30455616060575], [95.02620682174799, 27.304584080273674], [95.02577406689517, 27.304611999941596], [95.02567634805743, 27.303565012394426], [95.02321941728006, 27.30318809687744], [95.02225618873666, 27.304067566417068], [95.02154423720458, 27.303858168907635], [95.02166987571024, 27.302894940364233], [95.01739816651778, 27.30130351929253], [95.01643493797438, 27.300996402945362], [95.01566714710646, 27.300982443111398], [95.01587654461589, 27.30188983231895], [95.01529023158947, 27.301847952817063], [95.0149831152423, 27.3026855428548], [95.01522043241967, 27.304109445918954], [95.01533211109137, 27.304849317118958], [95.01642097814042, 27.306552416862356], [95.01862663190647, 27.30754356507368], [95.01896166792156, 27.308115918266136]]]]}}, {"type": "Feature", "properties": {"id": 10, "tea": true}, "geometry": {"type": "MultiPolygon", "coordinates": [[[[95.10875002738466, 27.36011956789529], [95.11139677234988, 27.362565294255546], [95.11360797700435, 27.362196760146468], [95.11404351731508, 27.363771405885263], [95.11585268475966, 27.364843505111676], [95.11739382739763, 27.36554707022901], [95.11977254755624, 27.36531254852323], [95.11983955375788, 27.364810002010852], [95.12071063437935, 27.364642486506725], [95.12071063437935, 27.363838412086913], [95.12225177701731, 27.36407293379269], [95.12292183903382, 27.364407964800947], [95.12382642275611, 27.363737902784436], [95.12436735669345, 27.362621544242796], [95.12473514843568, 27.36057780033918], [95.12501564209362, 27.360430372214328], [95.12373187674534, 27.359660113005372], [95.12084340471175, 27.35957452864882], [95.11992358127435, 27.358522204125567], [95.11746716035063, 27.357372390076165], [95.11569017500156, 27.356457765264143], [95.11472328591456, 27.355151158389827], [95.1142529074398, 27.354419458540207], [95.11218846857838, 27.3552034226648], [95.11062054032921, 27.35499436556491], [95.10913100849248, 27.355595404727094], [95.10771987306822, 27.356692954501522], [95.112920168428, 27.356431633126657], [95.11443583240221, 27.35841767557562], [95.11435743598976, 27.359044846875292], [95.10875002738466, 27.36011956789529]]]]}}, {"type": "Feature", "properties": {"id": 11, "tea": true}, "geometry": {"type": "MultiPolygon", "coordinates": [[[[95.03129050683522, 27.38844515891521], [95.02724619048364, 27.386586280592127], [95.02357867379214, 27.385631721453247], [95.02272459456263, 27.387138920093584], [95.02543755211524, 27.388847078552637], [95.02511099240982, 27.394976353023345], [95.02556315200194, 27.395704832366174], [95.02543755211524, 27.3984931498508], [95.02516123236451, 27.400628347924616], [95.02654283111815, 27.400954907630023], [95.0263167513221, 27.401808986859546], [95.02691963077824, 27.40200994667826], [95.02742203032501, 27.401331707290105], [95.02777371000776, 27.40022642828719], [95.02820074962253, 27.399950108536462], [95.02877850910131, 27.398995549397583], [95.0290297088747, 27.400326908196547], [95.03071274735642, 27.400427388105904], [95.03214458606475, 27.399648668808396], [95.03149146665393, 27.397739550530634], [95.03184314633667, 27.396282591844972], [95.03242090581547, 27.395478752570124], [95.03324986506766, 27.39517731284206], [95.0346314638213, 27.39633283179965], [95.03651546212173, 27.395076832932702], [95.03129050683522, 27.38844515891521]]]]}}, {"type": "Feature", "properties": {"id": 12, "tea": true}, "geometry": {"type": "MultiPolygon", "coordinates": [[[[95.24469632681631, 27.371523523193638], [95.24386557046988, 27.376463155523837], [95.24179990604088, 27.379696369412695], [95.24325934286571, 27.382390714320078], [95.24519029004934, 27.383872604019135], [95.24790708783094, 27.38232335569739], [95.24896866966363, 27.383504849175313], [95.24975151200208, 27.384076112503372], [95.24985730150726, 27.38352600707635], [95.25002656471558, 27.38352600707635], [95.24989961730935, 27.383102849055568], [95.24996309101246, 27.382658533133743], [95.25099982816339, 27.382510427826467], [95.25150761778833, 27.382848954243098], [95.25163456519456, 27.38314516485765], [95.25201540741327, 27.38301821745141], [95.25233277592886, 27.382679691034784], [95.25254435493925, 27.382827796342056], [95.2528405655538, 27.382510427826467], [95.25277709185069, 27.381854532894252], [95.25254435493925, 27.381452532774507], [95.25307330246524, 27.380140742910072], [95.25351761838706, 27.38026769031631], [95.25379267110057, 27.377538321082245], [95.25222698642366, 27.376649689238597], [95.25218467062159, 27.376163057514695], [95.25362340789225, 27.375803373197027], [95.25379406094785, 27.375039292847866], [95.25340334407493, 27.374346658391303], [95.25329678492776, 27.37363626407688], [95.25317246592273, 27.373103468341064], [95.25223119345613, 27.373192267630365], [95.25162735828886, 27.371576120565052], [95.25173391743603, 27.370510529093416], [95.24988689221853, 27.369942213641878], [95.2478267487067, 27.36967581577397], [95.24610404249422, 27.370510529093416], [95.24469632681631, 27.371523523193638]]]]}}, {"type": "Feature", "properties": {"id": 13, "tea": true}, "geometry": {"type": "MultiPolygon", "coordinates": [[[[95.24773092233683, 27.386693649623286], [95.24577638736005, 27.39167145545085], [95.24626742816703, 27.391892905226545], [95.24645999318936, 27.392903871593845], [95.24817013556766, 27.39479659082932], [95.24870203342806, 27.394811365769886], [95.24929303105073, 27.395697862203885], [95.25080073302858, 27.396875302000435], [95.25135504567336, 27.399002846049637], [95.25372925387488, 27.399117584735958], [95.25390960935601, 27.395280943720508], [95.25161748013797, 27.395079437855184], [95.25181898600329, 27.39213241457484], [95.25411111522133, 27.39208203810851], [95.25418667992083, 27.38865643839802], [95.24773092233683, 27.386693649623286]]]]}}, {"type": "Feature", "properties": {"id": 17, "tea": true}, "geometry": {"type": "MultiPolygon", "coordinates": [[[[95.2593376428127, 27.39089824566393], [95.2586576917708, 27.39127738350348], [95.25427582806894, 27.38864164602924], [95.2540102014754, 27.395002970778886], [95.25570791238177, 27.395337368381657], [95.25529634610143, 27.396520621437613], [95.25393303279783, 27.396623513007697], [95.25375297255019, 27.399144356474736], [95.25804869560116, 27.399144356474736], [95.26625429831529, 27.39924724804482], [95.26684592484327, 27.3987327901944], [95.26374925616662, 27.3958167682969], [95.26431118410409, 27.39535700907533], [95.26663577420616, 27.39658233274081], [95.2715760771528, 27.395575270986303], [95.27165208181351, 27.39536625816933], [95.27119605384921, 27.39481522437913], [95.2714810713269, 27.39443520107554], [95.27165208181351, 27.393637152138005], [95.27233612375997, 27.393010113687087], [95.27264014240285, 27.394017175441594], [95.27419823794756, 27.392858104365654], [95.27454025892078, 27.39302911485227], [95.27495828455473, 27.39293410902637], [95.27541431251903, 27.393048116017447], [95.27617007663154, 27.392788328274943], [95.27759655407381, 27.39343024312397], [95.27841677860313, 27.39389384829271], [95.27902303151609, 27.39375120054848], [95.27980759410934, 27.39132618889661], [95.28151936704008, 27.390826921791817], [95.28308849222658, 27.391754132129293], [95.2837304070756, 27.396140550264292], [95.2865477000241, 27.395890916711892], [95.288366458763, 27.396318859944575], [95.28893704973991, 27.395997902520065], [95.28843778263511, 27.394856720566242], [95.28925800716442, 27.392289061170146], [95.28868741618751, 27.391183541152383], [95.28693998132073, 27.387403375930354], [95.2854778419424, 27.38512101202271], [95.2593376428127, 27.39089824566393]]]]}}, {"type": "Feature", "properties": {"id": 14, "tea": true}, "geometry": {"type": "MultiPolygon", "coordinates": [[[[95.24150808653152, 27.384999099027976], [95.23966914818035, 27.38664100827009], [95.24027337078145, 27.38782318292441], [95.24010261222027, 27.388322323334013], [95.24090386393043, 27.38867697573031], [95.24100894612192, 27.389005357578732], [95.24169198036664, 27.38934687470109], [95.24493639302905, 27.390266343876675], [95.2451990985078, 27.391501059626744], [95.24582959165677, 27.391711224009732], [95.246197379327, 27.390515914081476], [95.24640754370999, 27.38957017435802], [95.24441098207159, 27.388952816482984], [95.24479190501575, 27.387941400389842], [95.24547493926048, 27.388190970594643], [95.24588213275251, 27.387284636692996], [95.24513342213811, 27.387113878131817], [95.24551434508228, 27.38544569834183], [95.24226993241986, 27.384381741152943], [95.24150808653152, 27.384999099027976]]]]}}, {"type": "Feature", "properties": {"id": 15, "tea": true}, "geometry": {"type": "MultiPolygon", "coordinates": [[[[95.22703187637268, 27.388170376110132], [95.22742558131688, 27.389351490942733], [95.22867231364019, 27.390663840756737], [95.22822939557796, 27.39138563315444], [95.2285246742861, 27.39154967688119], [95.22765524253434, 27.392091021179468], [95.22827860869599, 27.39294404855857], [95.22801613873318, 27.393600223465572], [95.22954174539197, 27.39409235464582], [95.22860669614948, 27.394814147043526], [95.22959587203813, 27.396850452757718], [95.2300273070395, 27.396580805881865], [95.23066097719776, 27.398913251358014], [95.23477309205455, 27.399048074795942], [95.2424095426442, 27.39912878966054], [95.24226756869838, 27.395013813004915], [95.23499787040066, 27.3883548304165], [95.22965903419129, 27.386061793006736], [95.22703187637268, 27.388170376110132]]]]}}, {"type": "Feature", "properties": {"id": 16, "tea": true}, "geometry": {"type": "MultiPolygon", "coordinates": [[[[95.2176593483873, 27.435181099842154], [95.21857422458328, 27.440063985585816], [95.21952101506517, 27.43987249987038], [95.22012738649738, 27.442595852267715], [95.22146778650544, 27.441319280831465], [95.22248904365445, 27.440574614160315], [95.22334009127862, 27.440000157014005], [95.22281882460881, 27.43862784272003], [95.22182948174571, 27.43841508081399], [95.22061673888128, 27.43740446176029], [95.21897847220475, 27.437064042710624], [95.21847848172555, 27.435095995079735], [95.2176593483873, 27.435181099842154]]]]}}, {"type": "Feature", "properties": {"id": 18, "tea": true}, "geometry": {"type": "MultiPolygon", "coordinates": [[[[95.32463769840982, 27.45512301295134], [95.32565950786632, 27.454443346115603], [95.32432048190984, 27.451095781224403], [95.32403354777631, 27.445452743264948], [95.32263890913045, 27.445066008721604], [95.3235564664474, 27.444854264725382], [95.32433286110022, 27.443019150091473], [95.32454460509643, 27.441925139444333], [95.32334472245118, 27.44118403545756], [95.3242269891021, 27.439878280814202], [95.3235564664474, 27.438431363506695], [95.32482693042472, 27.43793729418218], [95.32292123445875, 27.435925726218088], [95.32270949046253, 27.435502238225645], [95.32158018914934, 27.43589043555205], [95.31995681851166, 27.435219912897352], [95.31918042385885, 27.43243195028045], [95.31783937854945, 27.431302648967275], [95.31603955458158, 27.430314510318247], [95.31466321860614, 27.428691139680556], [95.31325159196467, 27.42830294235415], [95.31226345331565, 27.42713835037494], [95.31131060533265, 27.427208931707014], [95.31102828000436, 27.426361955722133], [95.30965194402893, 27.42615021172591], [95.30929903736856, 27.425373817073105], [95.30866380537991, 27.42509149174481], [95.30866380537991, 27.42452684108822], [95.30788741072709, 27.424138643761818], [95.30499357611208, 27.424385678424073], [95.3037584028008, 27.424879747748587], [95.30351136813854, 27.425903177063653], [95.30354665880458, 27.426644281050425], [95.30334397584623, 27.427090770589146], [95.30415259822206, 27.428815831657587], [95.303451792163, 27.430325260092474], [95.30431432269722, 27.431672964052197], [95.30598547560729, 27.43329020880386], [95.30997467932805, 27.430972157993143], [95.31083720986227, 27.433451933279027], [95.3107293935455, 27.435446535139416], [95.31002858748644, 27.437171596207858], [95.31002858748644, 27.437171596207858], [95.30857306720995, 27.440567810186355], [95.31525767885016, 27.446982881034625], [95.31994768863, 27.451834615289624], [95.32463769840982, 27.45512301295134]]]]}}, {"type": "Feature", "properties": {"id": 19, "tea": true}, "geometry": {"type": "MultiPolygon", "coordinates": [[[[95.4255387986825, 27.465573281690087], [95.42752319127985, 27.464982186022795], [95.42908537268626, 27.46582660840464], [95.43187196654635, 27.46595327176192], [95.43170308206999, 27.464686638189146], [95.43170308206999, 27.464686638189146], [95.43280083116639, 27.464433311474593], [95.4327586100473, 27.46228003440088], [95.43149197647452, 27.462364476639063], [95.43170308206999, 27.46033786292263], [95.43596741509832, 27.460126757327167], [95.43596741509832, 27.460126757327167], [95.43562964614559, 27.4532869360342], [95.43406746473916, 27.4532869360342], [95.43415190697735, 27.452104744699614], [95.43567186726467, 27.451809196865966], [95.43567186726467, 27.44378718423841], [95.43567186726467, 27.44378718423841], [95.42942314163899, 27.443744963119318], [95.4254543564443, 27.445771576835753], [95.4255387986825, 27.465573281690087]]]]}}, {"type": "Feature", "properties": {"id": 20, "tea": true}, "geometry": {"type": "MultiPolygon", "coordinates": [[[[95.46146990514768, 27.459835391338835], [95.46444614888607, 27.457317178110436], [95.46240962954398, 27.455280658768338], [95.461171745238, 27.455360522271953], [95.46013351969104, 27.454162569717777], [95.45865604487423, 27.451087824828733], [95.4597741339248, 27.449929804026365], [95.46093215472716, 27.45176666460943], [95.46213010728134, 27.451407278843178], [95.46157106275605, 27.449929804026365], [95.46232976604037, 27.44977007701914], [95.46572843535806, 27.457279594121086], [95.46944212141082, 27.45593726707382], [95.46471756823757, 27.445793373495974], [95.46492600440698, 27.442597352231722], [95.46430069589876, 27.43627478842635], [95.46318903632859, 27.43606635225694], [95.46124363208078, 27.436552703318892], [95.46107869404236, 27.441096379393752], [95.44992917754058, 27.44473464267328], [95.44977269309845, 27.452245895895526], [95.44985093531952, 27.453615134764163], [95.45082896308283, 27.4535368925431], [95.45153314307241, 27.455688553622387], [95.4538021674833, 27.455297342517063], [95.45654064522058, 27.45431931475375], [95.4584967007472, 27.4583487891386], [95.45943560739998, 27.457996699143806], [95.46146990514768, 27.459835391338835]]]]}}, {"type": "Feature", "properties": {"id": 21, "tea": true}, "geometry": {"type": "MultiPolygon", "coordinates": [[[[95.471568694557, 27.477471603849022], [95.47517946778171, 27.478055163158064], [95.48911194628509, 27.474991476785593], [95.48845544206243, 27.469812387917845], [95.48922136365555, 27.46744167822486], [95.48703301624664, 27.465618055384102], [95.48783541029657, 27.46361207025927], [95.49009670261911, 27.46426857448194], [95.49155560089172, 27.46142372285036], [95.49155560089172, 27.46142372285036], [95.49374394830062, 27.459053013157376], [95.48958608822369, 27.45730233523025], [95.48801777258065, 27.45832356402107], [95.48590237008537, 27.457047028032544], [95.47714898044973, 27.46390384991379], [95.47558066480669, 27.463466180432007], [95.47401234916363, 27.46638397697722], [95.47069335559345, 27.46704048119989], [95.4717875292979, 27.47440791747655], [95.471568694557, 27.477471603849022]]]]}}, {"type": "Feature", "properties": {"id": 22, "tea": true}, "geometry": {"type": "MultiPolygon", "coordinates": [[[[95.17729424612101, 27.532103676361825], [95.19214749852266, 27.534410082014254], [95.19214749852266, 27.528997716749885], [95.19171696946754, 27.524661674123315], [95.19030237400071, 27.519526077537236], [95.18110750346635, 27.51980284621553], [95.17680221291515, 27.52672206317282], [95.18575106684658, 27.52795214618745], [95.18575106684658, 27.52795214618745], [95.18307563628976, 27.53118111410085], [95.17840132083417, 27.530504568442804], [95.17729424612101, 27.532103676361825]]]]}}, {"type": "Feature", "properties": {"id": 23, "tea": true}, "geometry": {"type": "MultiPolygon", "coordinates": [[[[95.15122941447753, 27.5389659535164], [95.15187820967056, 27.53804652751298], [95.1551052750785, 27.539695393049886], [95.15628303617629, 27.5389416259473], [95.15664921944834, 27.539111932326133], [95.15753757127638, 27.53667059017029], [95.1569520563219, 27.53606677787347], [95.15665929884464, 27.535060424045433], [95.1542074549727, 27.53377961008248], [95.15448191510762, 27.53317579778566], [95.15170071907379, 27.52819892067247], [95.14838603260934, 27.52679538842042], [95.14575198212998, 27.529447244863665], [95.14535119439724, 27.53315453139157], [95.1458855780409, 27.534824480278015], [95.14725493612778, 27.5349246772112], [95.14849069830375, 27.536728222008563], [95.14962626354654, 27.537897186229074], [95.15122941447753, 27.5389659535164]]]]}}, {"type": "Feature", "properties": {"id": 24, "tea": true}, "geometry": {"type": "MultiPolygon", "coordinates": [[[[95.12747476891293, 27.4613853159666], [95.12931130182389, 27.458888779040766], [95.13040174323976, 27.458630516600163], [95.13040174323976, 27.457109637783276], [95.13476350890329, 27.45754007518428], [95.13490698803696, 27.456019196367397], [95.13513655465083, 27.454699188337646], [95.13286958433886, 27.453666138575233], [95.1327261052052, 27.451226993302868], [95.1310330514279, 27.451829605664276], [95.1311191389081, 27.448271323149296], [95.13275480103192, 27.448099148188895], [95.1327261052052, 27.446951315119545], [95.132640017725, 27.443651295045168], [95.1279625979674, 27.443507815911502], [95.12701563568518, 27.44459825732738], [95.1257530193089, 27.445717394569996], [95.12578171513564, 27.447266969213615], [95.12380170309102, 27.44746784000075], [95.12334256986327, 27.447582623307685], [95.12328517820981, 27.44792697322849], [95.12296952411573, 27.447640014961156], [95.1222521284474, 27.44838610645623], [95.12162082025925, 27.447726102441354], [95.12121907868499, 27.44807045236216], [95.11995646230869, 27.44821393149583], [95.11995646230869, 27.44838610645623], [95.11964080821463, 27.44838610645623], [95.11955472073443, 27.44807045236216], [95.11900950002648, 27.447496535827486], [95.11791905861061, 27.44715218590668], [95.11760340451653, 27.447496535827486], [95.11685731302146, 27.447525231654218], [95.11619730900658, 27.447238273386883], [95.11588165491251, 27.447209577560148], [95.11550860916498, 27.446951315119545], [95.11527904255111, 27.44706609842648], [95.11415990530848, 27.44643479023834], [95.11378685956095, 27.446865227639343], [95.11301207223914, 27.44692261929281], [95.1124668515312, 27.445545219609595], [95.11240945987774, 27.45194438897121], [95.12279734915533, 27.45776964179815], [95.12339996151674, 27.459089649827902], [95.12747476891293, 27.4613853159666]]]]}}, {"type": "Feature", "properties": {"id": 25, "tea": true}, "geometry": {"type": "MultiPolygon", "coordinates": [[[[95.12985361178922, 27.422972403754606], [95.12436580821797, 27.42565792465117], [95.12433661777345, 27.426446066653423], [95.12144676376519, 27.428460207325845], [95.11858610020145, 27.429160777994515], [95.12130081154255, 27.43721734068421], [95.12745999533793, 27.43552429490159], [95.12792704245038, 27.43432748667595], [95.13321051290993, 27.43292634533861], [95.12985361178922, 27.422972403754606]]]]}}, {"type": "Feature", "properties": {"id": 26, "tea": true}, "geometry": {"type": "MultiPolygon", "coordinates": [[[[95.19229696259143, 27.472036125519313], [95.19515235046055, 27.46595039985889], [95.19313338934097, 27.4642198617564], [95.18520175637123, 27.462547008257328], [95.18419227581144, 27.463239223498324], [95.18321163755336, 27.462547008257328], [95.18061583039963, 27.46297964278295], [95.18026972277913, 27.464017965644445], [95.17969287674497, 27.46396028104103], [95.17980824595179, 27.46502744620423], [95.18096193802012, 27.46482555009227], [95.18223099929529, 27.46580618835035], [95.18153878405428, 27.465892715255475], [95.18266363382091, 27.467046407323803], [95.1837307989841, 27.467479041849423], [95.1833270067602, 27.46782514946992], [95.18416343350972, 27.46923842225362], [95.18499986025927, 27.469844110589495], [95.18661502915492, 27.46929610685704], [95.19229696259143, 27.472036125519313]]]]}}, {"type": "Feature", "properties": {"id": 27, "tea": true}, "geometry": {"type": "MultiPolygon", "coordinates": [[[[95.15055559512811, 27.47495985750389], [95.16228724786743, 27.474544822619244], [95.16212123391357, 27.472524986180638], [95.16046109437498, 27.472635662149877], [95.16040575639036, 27.47133521951132], [95.16206589592895, 27.471224543542082], [95.16151251608275, 27.466742166787913], [95.1610698122058, 27.46021228460283], [95.1570854773132, 27.458552145064246], [95.15379286722835, 27.458718159018105], [95.15329482536677, 27.462398134995293], [95.15152400985896, 27.4627024939107], [95.15133032691278, 27.46167874119524], [95.14955951140497, 27.46076566444902], [95.14983620132806, 27.46001860165666], [95.14798237884331, 27.458801165995034], [95.14899278469282, 27.463568417542998], [95.14488137484837, 27.463477724678782], [95.14518368439575, 27.469342529898093], [95.14817654891488, 27.469947148992865], [95.14899278469282, 27.467165901156903], [95.14977878951603, 27.467377517840074], [95.15055559512811, 27.47495985750389]]]]}}, {"type": "Feature", "properties": {"id": 28, "tea": true}, "geometry": {"type": "MultiPolygon", "coordinates": [[[[95.06916835409726, 27.495776244093996], [95.07278061143452, 27.497561124190053], [95.07380054291798, 27.497858604206062], [95.0758404058849, 27.499006027124956], [95.07779527456154, 27.497986095641494], [95.07856022317414, 27.499133518560388], [95.08433983491375, 27.499515992866687], [95.08697465791268, 27.500238444334137], [95.08867454371845, 27.50117338152731], [95.09045942381451, 27.501003392946732], [95.09139436100767, 27.502575787317067], [95.0916068467334, 27.504870633154855], [95.09317924110374, 27.507802936169806], [95.09840638995648, 27.506613016105767], [95.10116870439084, 27.501640850123895], [95.10065873864912, 27.497986095641494], [95.09768393848903, 27.496881169867745], [95.09942632143994, 27.494033861143084], [95.09555908123181, 27.493226415385344], [95.09394418971634, 27.495266278352265], [95.08646469217095, 27.492121489611595], [95.08629470359037, 27.488764215145203], [95.08263994910797, 27.487191820774868], [95.06916835409726, 27.495776244093996]]]]}}, {"type": "Feature", "properties": {"id": 29, "tea": true}, "geometry": {"type": "MultiPolygon", "coordinates": [[[[95.09504911549008, 27.492418969627604], [95.09644716514099, 27.484231424432277], [95.09656307297976, 27.484481467007605], [95.09762000027744, 27.482180093052957], [95.09700456108347, 27.481132559098878], [95.0902190842368, 27.480236364043655], [95.08823465232881, 27.48183671235655], [95.08644226221836, 27.48196474022158], [95.08548205323062, 27.480492419773718], [95.08388170491773, 27.481132559098878], [95.07920868784407, 27.47850798786573], [95.07600799121828, 27.474411096184713], [95.07517581009557, 27.471210399558924], [95.07018272335934, 27.47095434382886], [95.07255123886243, 27.480812489436296], [95.07771726440635, 27.480712327260175], [95.07745529740038, 27.483154591986168], [95.08017511468961, 27.484259517759916], [95.08021761183475, 27.485364443533665], [95.08625220644524, 27.48850923227434], [95.08625220644524, 27.487956769387463], [95.08506228638119, 27.486851843613714], [95.08552975497778, 27.484811980646793], [95.09164934387854, 27.48578941498511], [95.0908418981208, 27.490719083821837], [95.09504911549008, 27.492418969627604]]]]}}, {"type": "Feature", "properties": {"id": 30, "tea": true}, "geometry": {"type": "MultiPolygon", "coordinates": [[[[95.03214130158112, 27.50319153472951], [95.04168049782777, 27.505359533876476], [95.0397292985955, 27.507672066299907], [95.03792263263969, 27.510707265105662], [95.05266502683907, 27.50998459872334], [95.05389355968902, 27.514681930208432], [95.05389355968902, 27.514681930208432], [95.05757915823885, 27.513092064167324], [95.06625115482672, 27.504203267664764], [95.06950315354716, 27.507238466470515], [95.07217701916176, 27.506949399917588], [95.0738391518411, 27.507816599576373], [95.0778860835821, 27.505937666982334], [95.07947594962322, 27.505865400344103], [95.08092128238785, 27.504347800941225], [95.08453461429946, 27.50550406715294], [95.08728074655228, 27.506588066726426], [95.08756981310522, 27.508250199405765], [95.08713621327583, 27.509912332085108], [95.08858154604047, 27.511574464764447], [95.09233941122854, 27.51200806459384], [95.09364021071673, 27.51099633165859], [95.09147221156975, 27.51005686536157], [95.09096634510213, 27.507888866214603], [95.08915967914632, 27.5040587343883], [95.08345061472598, 27.501023535582544], [95.07962048289967, 27.50116806885901], [95.07687435064685, 27.500734469029616], [95.0740559517558, 27.500879002306082], [95.07123755286474, 27.499289136264974], [95.06921408699424, 27.498277403329723], [95.06668475465611, 27.495964870906292], [95.06617888818849, 27.49430273822695], [95.06140929006516, 27.49133980605943], [95.05692875849476, 27.491917939165287], [95.05194236045674, 27.494519538141645], [95.04876262837452, 27.4955312710769], [95.04695596241872, 27.495169937885738], [95.04464342999529, 27.496759803926846], [95.04355943042181, 27.496832070565077], [95.04261996412478, 27.495459004438665], [95.04030743170135, 27.495748070991596], [95.03510423374864, 27.495097671247503], [95.03336983443107, 27.494808604694576], [95.03264716804874, 27.49365233848286], [95.03264716804874, 27.49365233848286], [95.03055143554, 27.494085938312253], [95.02787756992542, 27.493218738653468], [95.03214130158112, 27.50319153472951]]]]}}, {"type": "Feature", "properties": {"id": 31, "tea": true}, "geometry": {"type": "MultiPolygon", "coordinates": [[[[95.0552063821528, 27.491152372515238], [95.05453727077477, 27.48890888142419], [95.05619036947344, 27.48823977004616], [95.05579677454519, 27.4870589852614], [95.05249057714785, 27.486665390333144], [95.05190018475547, 27.487334501711175], [95.04918437975051, 27.48942055483092], [95.04524843046798, 27.489223757366794], [95.04453995959712, 27.48560268402686], [95.04095824575, 27.48513037011295], [95.04095824575, 27.48513037011295], [95.04166671662087, 27.487610018160954], [95.03867539516614, 27.4872164232327], [95.03875411415179, 27.484933572648828], [95.03670742052486, 27.484776134677524], [95.0367467800177, 27.486901547290095], [95.035998949654, 27.49052262063003], [95.03182684341452, 27.490247104180256], [95.03233851682124, 27.487688737146605], [95.0277728156535, 27.49012902570178], [95.02690690681133, 27.490916215558286], [95.02769409666784, 27.490994934543938], [95.02769409666784, 27.492057640850224], [95.02879616246696, 27.49225443831435], [95.02918975739522, 27.491191732008065], [95.03285019022798, 27.49276611172108], [95.03375545856296, 27.492529954764127], [95.03662870153921, 27.493553301577588], [95.03745525088854, 27.49319906614216], [95.03973810147242, 27.493317144620637], [95.04028913437197, 27.493907537013015], [95.04438252162582, 27.494340491434098], [95.04564202539623, 27.493907537013015], [95.0460749798173, 27.492529954764127], [95.0476100000375, 27.49335650411346], [95.05001092909986, 27.492884190199558], [95.05091619743483, 27.491939562371748], [95.05225442019089, 27.492569314256954], [95.0552063821528, 27.491152372515238]]]]}}, {"type": "Feature", "properties": {"id": 32, "tea": true}, "geometry": {"type": "MultiPolygon", "coordinates": [[[[95.03639633310553, 27.476894597959188], [95.04354785671805, 27.475534253793764], [95.04397539345575, 27.470015143179758], [95.04378105857498, 27.46760539065815], [95.04856169664204, 27.465156771160387], [95.04735682038124, 27.462164013996453], [95.04269278324264, 27.462241747948763], [95.03798987912789, 27.4621251470203], [95.03631859915322, 27.46449603256575], [95.03488052103549, 27.46760539065815], [95.03468618615472, 27.469121202728193], [95.03060515365844, 27.468032927395853], [95.02691279092372, 27.46651711532581], [95.0264075202337, 27.46869366599049], [95.02259855657051, 27.46744992275353], [95.02139368030971, 27.46776085856277], [95.02061634078662, 27.473513171033705], [95.02232648773743, 27.47324110220062], [95.02259855657051, 27.47565085472223], [95.02485284118751, 27.474445978461425], [95.02629091930524, 27.47487351519913], [95.02971121320688, 27.473979574747567], [95.03033308482536, 27.470675881774394], [95.03515258986857, 27.471025684559788], [95.03480278708318, 27.470947950607478], [95.03639633310553, 27.476894597959188]]]]}}, {"type": "Feature", "properties": {"id": 33, "tea": true}, "geometry": {"type": "MultiPolygon", "coordinates": [[[[94.94539877037523, 27.458738837014437], [94.94976758530156, 27.459002018636504], [94.95324158271286, 27.45242247808481], [94.95234676519783, 27.447632572563176], [94.94929385838184, 27.44663248239932], [94.95003076692363, 27.441842576877686], [94.94360913534518, 27.439000215359354], [94.94029304690713, 27.429630949613742], [94.93845077555265, 27.429894131235812], [94.93818759393058, 27.428788768423125], [94.9331871431113, 27.4286834957743], [94.93339768840895, 27.431157403021736], [94.92955523672676, 27.43194694788794], [94.92897623715821, 27.43505249102834], [94.93171332602772, 27.435578854272475], [94.931239599108, 27.433526037620346], [94.93239759824509, 27.433104947025036], [94.93629268625169, 27.438368579466392], [94.93881922982355, 27.446158755479598], [94.945240861402, 27.450422297757093], [94.94429340756255, 27.453369931924254], [94.94345122637193, 27.45405420414163], [94.94539877037523, 27.458738837014437]]]]}}, {"type": "Feature", "properties": {"id": 34, "tea": true}, "geometry": {"type": "MultiPolygon", "coordinates": [[[[94.917080970142, 27.445233501078146], [94.91907058458729, 27.441390719954985], [94.91691061735743, 27.44121072268583], [94.91702987608517, 27.439799769767696], [94.91944245440533, 27.43967089370229], [94.91938997697726, 27.43678463515821], [94.922748532374, 27.437204454582805], [94.92390303579162, 27.434003331470283], [94.92085934496333, 27.43305873776495], [94.92028209325451, 27.433163692621097], [94.9182879509877, 27.432743873196504], [94.91660867328933, 27.429857614652427], [94.90978660763969, 27.424347484704644], [94.90333188398657, 27.43725693201088], [94.9028595871339, 27.43841143542851], [94.89792670889494, 27.435944996309026], [94.89713954747383, 27.437309409438953], [94.89624743119657, 27.437361886867027], [94.89598504405619, 27.438621345140806], [94.89782175403879, 27.44009071312688], [94.90107535457939, 27.443029449099033], [94.90464381968843, 27.444236429944738], [94.90768751051672, 27.445076068793924], [94.90768751051672, 27.44439386222896], [94.90663796195524, 27.442557152246366], [94.917080970142, 27.445233501078146]]]]}}, {"type": "Feature", "properties": {"id": 35, "tea": true}, "geometry": {"type": "MultiPolygon", "coordinates": [[[[94.83221975559337, 27.408085833519117], [94.83623168227516, 27.411984748181695], [94.84120421112019, 27.41288884433534], [94.84210830727382, 27.414188482556195], [94.84561167986918, 27.41492306068103], [94.85086673876222, 27.41622269890189], [94.85205336496388, 27.413510410440963], [94.854596135396, 27.414640530633015], [94.85420059332877, 27.41735281909394], [94.86714046952777, 27.4230599260638], [94.86685793947976, 27.429275587120085], [94.87256504644961, 27.430631731350545], [94.87284757649762, 27.428427996976044], [94.87120890221915, 27.427523900822404], [94.87171745630557, 27.425320166447904], [94.87437323875689, 27.42611125058234], [94.87533384092013, 27.42808896091843], [94.87612492505457, 27.428936551062467], [94.87849817745789, 27.427523900822404], [94.87962829764993, 27.42633727462075], [94.88177552601483, 27.42701534673598], [94.88284914019728, 27.426393780630352], [94.88454432048536, 27.427749924860816], [94.88618299476383, 27.427749924860816], [94.88623950077343, 27.42724137077439], [94.8877086570231, 27.424698600342275], [94.88810419909032, 27.42396402221744], [94.88669154885025, 27.418708963324402], [94.88234058611086, 27.4208561916893], [94.87985432168834, 27.42057366164129], [94.87849817745789, 27.419669565487645], [94.87702902120822, 27.415262096738644], [94.8680445656814, 27.412606314287324], [94.86448468707644, 27.410233061884014], [94.85973818226982, 27.40944197774958], [94.85849505005856, 27.411250170056864], [94.8527314370791, 27.409159447701565], [94.8437469815523, 27.406051617173425], [94.84103469309137, 27.40424342486614], [94.83221975559337, 27.408085833519117]]]]}}, {"type": "Feature", "properties": {"id": 38, "tea": true}, "geometry": {"type": "MultiPolygon", "coordinates": [[[[95.16553774520958, 27.341911518782265], [95.16828352714973, 27.335968593487138], [95.163205711233, 27.332997130839576], [95.16015902168297, 27.33006328164325], [95.15880493743852, 27.328483516691378], [95.15745085319405, 27.329311012618547], [95.1577141473527, 27.330890777570417], [95.15767653390147, 27.331417365887706], [95.15658574381565, 27.33092839102165], [95.15353905426562, 27.329950441289544], [95.15500597886378, 27.33160543314388], [95.15587108824218, 27.33386224021798], [95.15613438240084, 27.3350658706575], [95.15797744151135, 27.339353804098288], [95.16158833282991, 27.341911518782265], [95.16203969424473, 27.3411968632088], [95.1639579802577, 27.34232526674585], [95.1639579802577, 27.34232526674585], [95.16553774520958, 27.341911518782265]]]]}}, {"type": "Feature", "properties": {"id": 39, "tea": true}, "geometry": {"type": "MultiPolygon", "coordinates": [[[[95.28795579790786, 27.265791744232732], [95.28849109540924, 27.26570939077098], [95.28844991867837, 27.26430938192121], [95.28857344887099, 27.262085838453924], [95.28919109983413, 27.259121113830876], [95.28725579348297, 27.255991682284325], [95.28379694808942, 27.254015199202293], [95.28214987885438, 27.253068134392155], [95.28107928385162, 27.253644608624413], [95.27910280076959, 27.253356371508282], [95.27860867999908, 27.25385049227879], [95.27753808499631, 27.25339754823916], [95.27564395537604, 27.25310931112303], [95.27539689499078, 27.253521078431785], [95.2741615930645, 27.255744621899073], [95.27152628228846, 27.25632109613133], [95.27057921747833, 27.257432867864974], [95.27086745459445, 27.261550540952538], [95.27288511440736, 27.262456429031804], [95.27243217036774, 27.263485847303695], [95.27469689056589, 27.264885856153466], [95.27564395537604, 27.262909373071437], [95.2777439686507, 27.264062321535956], [95.2799263353871, 27.2653388001931], [95.27943221461659, 27.266697632311995], [95.28021457250323, 27.267274106544257], [95.28334400404978, 27.267027046159], [95.28309694366453, 27.265379976923974], [95.28527931040094, 27.264638795768214], [95.2878734444461, 27.265091739807847], [95.28795579790786, 27.265791744232732]]]]}}, {"type": "Feature", "properties": {"id": 40, "tea": true}, "geometry": {"type": "MultiPolygon", "coordinates": [[[[95.22692698608228, 27.256431642154013], [95.25359479943657, 27.255357157027113], [95.26105758436101, 27.258291553041094], [95.26113003858359, 27.254632614801437], [95.26583956305046, 27.25336466590651], [95.26757846439209, 27.24684378587544], [95.2671075119454, 27.243945616972745], [95.26203571636567, 27.243655800082475], [95.2571218588541, 27.24566911324524], [95.2571218588541, 27.2432774401544], [95.26011145021766, 27.240661547711294], [95.26145676633126, 27.234831844552374], [95.25891561367224, 27.233486528438778], [95.25368382878604, 27.23341178865469], [95.24688250843396, 27.237821435915922], [95.2446403149113, 27.239316231597698], [95.24038014721825, 27.238269874620457], [95.24008118808189, 27.233112829518333], [95.23791373434331, 27.241782644472625], [95.24067910635459, 27.242380562745335], [95.24135176441139, 27.244024837995287], [95.23843691283193, 27.244846975620263], [95.2326819494571, 27.245071194972528], [95.22857126133222, 27.247761827199724], [95.22842178176404, 27.249929280938296], [95.22901970003676, 27.249929280938296], [95.22909443982084, 27.251349336835982], [95.22909443982084, 27.251349336835982], [95.22774912370724, 27.25142407662007], [95.22692698608228, 27.256431642154013]]]]}}, {"type": "Feature", "properties": {"id": 41, "tea": true}, "geometry": {"type": "MultiPolygon", "coordinates": [[[[95.2425753589485, 27.223391040245087], [95.24960029353349, 27.224029670661903], [95.25492221367362, 27.22119131325383], [95.2579024889521, 27.21892062732737], [95.26116659997139, 27.214308296539254], [95.26365016270344, 27.219914052420197], [95.27876441590143, 27.21693377714172], [95.27961592312386, 27.209412130010325], [95.27301674215009, 27.207780074500683], [95.27422304404853, 27.20260007223095], [95.26301153228663, 27.199974591628482], [95.261734271453, 27.2045159634814], [95.25953454446174, 27.205012676027813], [95.25655426918327, 27.204657881351803], [95.25343207603439, 27.205509388574225], [95.24378166084693, 27.209625006815934], [95.23810494603079, 27.219559257744187], [95.2425753589485, 27.223391040245087]]]]}}, {"type": "Feature", "properties": {"id": 42, "tea": true}, "geometry": {"type": "MultiPolygon", "coordinates": [[[[95.1448261102058, 27.244233495419014], [95.15681416804091, 27.240453477182715], [95.16156619096654, 27.242613487603457], [95.16421220373195, 27.23769946389627], [95.1594061805458, 27.23483745008879], [95.15875817741959, 27.229599424818492], [95.16021618445359, 27.22695341205308], [95.15962218158788, 27.220959383135526], [95.16037818523513, 27.217287365420262], [95.15632816569625, 27.21701736411767], [95.1558961636121, 27.219879377925153], [95.15206214511528, 27.22106738365656], [95.15287214902307, 27.224253399027155], [95.15406015475448, 27.223929397464044], [95.15557216204898, 27.230193427684195], [95.15227814615736, 27.23408144644153], [95.15049613756024, 27.23440544800464], [95.14817412635794, 27.237051460770047], [95.1460141159372, 27.23856346806457], [95.1448261102058, 27.244233495419014]]]]}}, {"type": "Feature", "properties": {"id": 43, "tea": true}, "geometry": {"type": "MultiPolygon", "coordinates": [[[[95.03639693844258, 27.187307895252708], [95.03167678364191, 27.190347994954838], [95.02983672329589, 27.19442812876559], [95.02991672591962, 27.19730822322024], [95.03143677577069, 27.206668530197852], [95.02879668918726, 27.211228679751045], [95.02559658423765, 27.21578882930424], [95.02519657111895, 27.220508984104917], [95.03015673379085, 27.220748991976137], [95.04095708799578, 27.21874892638263], [95.04295715358928, 27.214828797819358], [95.04071708012455, 27.214348782076915], [95.03983705126342, 27.209788632523722], [95.03871701453104, 27.207308551187772], [95.0391970302735, 27.205388488218006], [95.03903702502602, 27.195708170745437], [95.0374369725512, 27.192908078914527], [95.03639693844258, 27.187307895252708]]]]}}, {"type": "Feature", "properties": {"id": 44, "tea": true}, "geometry": {"type": "MultiPolygon", "coordinates": [[[[94.94281689460878, 27.476130098238258], [94.95290033046166, 27.49409565648318], [94.94835568331669, 27.49452171715302], [94.94665144063734, 27.49054515090118], [94.93869830813365, 27.49011909023134], [94.93869830813365, 27.48465131163506], [94.94217780360401, 27.4829470689557], [94.94203578338073, 27.48131383638798], [94.9405445710363, 27.4772662600245], [94.93912436880349, 27.47790535102926], [94.93827224746381, 27.47641413868482], [94.9330885093141, 27.4790415128155], [94.93457972165854, 27.48415424085358], [94.93230739808605, 27.48465131163506], [94.93315951942574, 27.48727868576574], [94.93571588344477, 27.48813080710542], [94.93599992389133, 27.49153929246414], [94.93365659020722, 27.49175232279906], [94.93358558009558, 27.49331454525514], [94.93401164076542, 27.49707808117206], [94.93571588344477, 27.49764616206518], [94.9373491160125, 27.49913737440962], [94.94026053058974, 27.50169373842866], [94.94231982382729, 27.5003445463075], [94.94231982382729, 27.5003445463075], [94.94516022829289, 27.50091262720062], [94.94878174398654, 27.50169373842866], [94.9536814416897, 27.50013151597258], [94.9533263911315, 27.49800121262338], [94.9568768967135, 27.49579989916254], [94.95424952258281, 27.49303050480858], [94.95382346191298, 27.49090020145938], [94.95978831129074, 27.4889829284451], [94.95886517983942, 27.48521939252818], [94.95588275515054, 27.483231109402258], [94.95361043157806, 27.48181090716946], [94.9526162900151, 27.48252100828586], [94.9526162900151, 27.48252100828586], [94.94991790577278, 27.481597876834538], [94.94934982487966, 27.47968060382026], [94.94665144063734, 27.479325553262058], [94.94430810695322, 27.47577504768006], [94.94281689460878, 27.476130098238258]]]]}}, {"type": "Feature", "properties": {"id": 45, "tea": true}, "geometry": {"type": "MultiPolygon", "coordinates": [[[[95.12569594337636, 27.318130903005947], [95.12429772245001, 27.314220110604868], [95.12275392685419, 27.313905633724236], [95.12172472979032, 27.312876436660357], [95.12112436483639, 27.31399140014623], [95.11978069089187, 27.314334465834186], [95.11978069089187, 27.314734709136808], [95.12026670061648, 27.316993224915873], [95.12286828208352, 27.315420840512726], [95.12198202905628, 27.317107580145194], [95.12195344024896, 27.318594198126352], [95.12098142079974, 27.317565001062473], [95.12289687089084, 27.317707945099123], [95.12312558134948, 27.315449429320054], [95.12515538666992, 27.313962811338897], [95.12441207767934, 27.31304796950434], [95.1226722496353, 27.31190441721113], [95.12102740563796, 27.311399564103038], [95.12065283720293, 27.310332858342388], [95.11991184312492, 27.310332858342388], [95.11849499730543, 27.31291412342732], [95.11812038175898, 27.314730669127403], [95.1173719431375, 27.315198443265828], [95.1156895885884, 27.32243731280005], [95.12328806873676, 27.32328462533458], [95.12530486165222, 27.31970500694559], [95.12518753713498, 27.31935303339387], [95.12569594337636, 27.318130903005947]]]]}}, {"type": "Feature", "properties": {"id": 46, "tea": true}, "geometry": {"type": "MultiPolygon", "coordinates": [[[[95.07281444941593, 27.315613202255282], [95.07765781664375, 27.31791174941425], [95.07971009089283, 27.318158022324138], [95.08102354641224, 27.316598293894838], [95.07831454440345, 27.31142656278716], [95.07659063403423, 27.310441471147605], [95.0822549109617, 27.299933826992326], [95.08299372969135, 27.29656809722384], [95.07971009089283, 27.29156054805609], [95.0744562688152, 27.291724729996016], [95.06690389957859, 27.304941376160077], [95.06944871964744, 27.306993650409154], [95.07281444941593, 27.315613202255282]]]]}}, {"type": "Feature", "properties": {"id": 47, "tea": true}, "geometry": {"type": "MultiPolygon", "coordinates": [[[[95.08162176346717, 27.317158765658533], [95.08573423820549, 27.316349754234597], [95.09186924150366, 27.318641953269076], [95.09186924150366, 27.318641953269076], [95.0938917700635, 27.296461556729565], [95.08732429327921, 27.294239425692176], [95.08748139276203, 27.297475675038406], [95.08499922093337, 27.30068050448807], [95.07793713278974, 27.310058669029132], [95.08162176346717, 27.317158765658533]]]]}}, {"type": "Feature", "properties": {"id": 48, "tea": true}, "geometry": {"type": "MultiPolygon", "coordinates": [[[[95.0584380954075, 27.30751803379216], [95.05263797541397, 27.31195341966956], [95.0507046020828, 27.312901151694646], [95.05028759999176, 27.315251527116857], [95.04843004522259, 27.31695744476201], [95.04528357489932, 27.319535275870244], [95.04190964889001, 27.320217642928302], [95.0395213641868, 27.31972482227526], [95.03645071242552, 27.320293461490312], [95.03667816811154, 27.321127465672387], [95.03576834536746, 27.321885651292455], [95.03273560288719, 27.32253010906951], [95.03125714092805, 27.323894843185634], [95.03277351216819, 27.326017762921825], [95.03758799085561, 27.323439931813592], [95.03906645281475, 27.324236026714665], [95.03986254771583, 27.324122298871654], [95.04327438300614, 27.32560076083079], [95.04505611921329, 27.325676579392795], [95.04933986796668, 27.32605567220283], [95.05328243319103, 27.325259577301757], [95.05601190142328, 27.320483007895326], [95.05601190142328, 27.320483007895326], [95.05767990978742, 27.31695744476201], [95.05866555109351, 27.31229460319859], [95.05934791815157, 27.308427856536245], [95.0584380954075, 27.30751803379216]]]]}}, {"type": "Feature", "properties": {"id": 50, "tea": true}, "geometry": {"type": "MultiPolygon", "coordinates": [[[[95.03701362332228, 27.33649887288593], [95.03438175474207, 27.334494308995087], [95.03187988790508, 27.33042877538498], [95.03250535461433, 27.32594626396871], [95.03099381006699, 27.324278352744052], [95.02904171801347, 27.328317180595313], [95.02710118843173, 27.329103881777105], [95.02369214997731, 27.329313668758914], [95.02117470619557, 27.329943029704346], [95.01708386005026, 27.330677284140684], [95.01231120621406, 27.332670260467886], [95.01100003757776, 27.334873023776897], [95.00932174172327, 27.335449937976875], [95.00937418846873, 27.338386955722225], [95.01037067663232, 27.340956846249405], [95.01168184526864, 27.344313437958377], [95.01231120621406, 27.346253967540125], [95.01299301390496, 27.350554600667245], [95.0139370553231, 27.351655982321752], [95.01692651981391, 27.352757363976256], [95.01750343401389, 27.355694381721605], [95.01944396359563, 27.35574682846706], [95.02143693992284, 27.354960127285267], [95.0228005553046, 27.35364895864895], [95.0228005553046, 27.352704917230803], [95.02133204643194, 27.350764387649054], [95.02038800501379, 27.348037156885518], [95.02054534525014, 27.344051204231114], [95.0226956618137, 27.34237290837663], [95.02736342215898, 27.341953334413006], [95.02961863221346, 27.341743547431197], [95.0325556499588, 27.34357918352204], [95.03428639255874, 27.343264503049323], [95.03622692214049, 27.34079950601305], [95.03848213219496, 27.338177168740415], [95.03701362332228, 27.33649887288593]]]]}}, {"type": "Feature", "properties": {"id": 51, "tea": true}, "geometry": {"type": "MultiPolygon", "coordinates": [[[[95.17538291851464, 27.404744682364544], [95.17544917714625, 27.403552026995815], [95.17273257325081, 27.401498009416336], [95.16935338303941, 27.398781405520896], [95.16822698630227, 27.400305354047607], [95.16173364040586, 27.400835423100375], [95.15530655314103, 27.40004031952122], [95.14993960398175, 27.401166716258356], [95.14907824177101, 27.400106578152815], [95.15020463850814, 27.397920043310148], [95.14967456945537, 27.39738997425738], [95.1474217759811, 27.397124939730993], [95.14450639619088, 27.398118819204935], [95.14251863724299, 27.397787526046955], [95.13880815387361, 27.397588750152167], [95.1355614809254, 27.396462353415032], [95.1305258249241, 27.398317595099723], [95.1288693591342, 27.39851637099451], [95.12535765165961, 27.399311474573665], [95.12496009987004, 27.401630526679526], [95.12668282429154, 27.40428087194337], [95.12741166923908, 27.407925096681154], [95.12741166923908, 27.408786458891903], [95.11734035723649, 27.40918401068148], [95.11575015007817, 27.412496942261285], [95.11084701134007, 27.41176809731373], [95.11073518920706, 27.410321073821713], [95.10561638031905, 27.407171037582934], [95.10489449701433, 27.40448038162898], [95.10738827570336, 27.403102240774512], [95.11198207855158, 27.409271061742118], [95.12477910077162, 27.40205222869492], [95.11972591763858, 27.400083456045685], [95.11716651319456, 27.403102240774512], [95.11211333006153, 27.404021001344155], [95.10784765598818, 27.40100221661533], [95.10791328174315, 27.396933419806906], [95.10528825154418, 27.392864622998484], [95.10779178008518, 27.391951077512086], [95.1058650944319, 27.386790312369417], [95.09568118455037, 27.390093202060726], [95.08646061749548, 27.389680340849313], [95.08350177881368, 27.392432748925405], [95.08405226042889, 27.398281616087097], [95.08728633991831, 27.404956205671613], [95.09230948465716, 27.409910540208575], [95.09375449889711, 27.409016007583848], [95.0963004763675, 27.414520823736027], [95.10392402313533, 27.41416653989451], [95.10081004077331, 27.417180071212606], [95.09588793962043, 27.42180081923368], [95.09242237860461, 27.423106682804857], [95.09332643800003, 27.42441254637603], [95.0868975711881, 27.429435098572853], [95.08212614660113, 27.42978667722663], [95.08212614660113, 27.430690736622058], [95.08393426539197, 27.4309418642319], [95.08388403987001, 27.434256748681804], [95.08508945239726, 27.434256748681804], [95.08508945239726, 27.4352110335992], [95.08579260970481, 27.435462161209042], [95.0868975711881, 27.434206523159837], [95.0891074941547, 27.432850434066694], [95.09392914426365, 27.430489834534185], [95.09699290110372, 27.42838036261152], [95.09860011780671, 27.426069988600982], [95.10201545330054, 27.42416141876619], [95.10332131687171, 27.42245375101927], [95.10578236744816, 27.42275510415108], [95.10703800549737, 27.420545181184476], [95.1114076259086, 27.418586385827716], [95.11562656975394, 27.417632100910318], [95.11743468854479, 27.41928954313527], [95.12044821986288, 27.419239317613304], [95.12466716370821, 27.41617556077324], [95.13201302272097, 27.417552132825122], [95.13479362391121, 27.4158528765422], [95.13726526941365, 27.416007354386103], [95.14359886101363, 27.411373019069035], [95.14653394004777, 27.41106406338123], [95.1480787184868, 27.411990930444645], [95.15363992086728, 27.41090958553733], [95.15750186696484, 27.41260884182025], [95.16043694599898, 27.41260884182025], [95.16661605975507, 27.410446152005623], [95.17538291851464, 27.404744682364544]]]]}}, {"type": "Feature", "properties": {"id": 52, "tea": true}, "geometry": {"type": "MultiPolygon", "coordinates": [[[[94.98865140634366, 27.391558093574325], [94.98537864834805, 27.389897291009383], [94.98581827255641, 27.388529571250018], [94.98362015151457, 27.38745493429623], [94.98215473748668, 27.385305660388656], [94.97560922149545, 27.385794131731288], [94.97546268009265, 27.38745493429623], [94.97165260362014, 27.38598952026834], [94.9726295463054, 27.383791399226503], [94.97121297941177, 27.383302927883875], [94.97018718959225, 27.385598743194237], [94.96789137428189, 27.38452410624045], [94.96740290293926, 27.38598952026834], [94.9658886417771, 27.3856475903285], [94.96613287744842, 27.384963730448817], [94.96398360354084, 27.384426411971923], [94.96305550798985, 27.385940673134076], [94.960857386948, 27.38535450752292], [94.96032006847112, 27.3892134311297], [94.96159009396196, 27.393218896139267], [94.9698452596524, 27.39556355858389], [94.9734111004536, 27.39556355858389], [94.97570691576396, 27.39536817004684], [94.97590230430102, 27.39649165413489], [94.97863774381975, 27.396735889806205], [94.98098240626437, 27.394049297421738], [94.98166626614406, 27.39580779425521], [94.98532980121378, 27.394586615898632], [94.98547634261658, 27.393218896139267], [94.98879794774646, 27.39326774327353], [94.98865140634366, 27.391558093574325]]]]}}, {"type": "Feature", "properties": {"id": 53, "tea": true}, "geometry": {"type": "MultiPolygon", "coordinates": [[[[95.04929437809167, 27.411293036098172], [95.0540877245892, 27.42625892905157], [95.05648439783796, 27.428602342894806], [95.05834847703144, 27.427963230028467], [95.06202337601289, 27.429241455761144], [95.06569827499432, 27.42988056862748], [95.06958621159788, 27.42902841813903], [95.07358066701248, 27.42737737656766], [95.07086443733054, 27.419335206332917], [95.06644390667172, 27.42034713503795], [95.0683079858652, 27.417897202383656], [95.0675623541878, 27.417950461789186], [95.06644390667172, 27.413050596480602], [95.06468634628929, 27.412677780641904], [95.06282226709581, 27.40740509949462], [95.05765610475957, 27.405594279706666], [95.05254320182888, 27.40575405792325], [95.04929437809167, 27.411293036098172]]]]}}, {"type": "Feature", "properties": {"id": 54, "tea": true}, "geometry": {"type": "MultiPolygon", "coordinates": [[[[95.04301085872349, 27.43082188779835], [95.04712121887837, 27.42893595784493], [95.04770150501788, 27.42424531155053], [95.04789493373106, 27.420086594217345], [95.04513857456837, 27.41694337762831], [95.0428657871886, 27.41670159173685], [95.0389488557469, 27.418249021442218], [95.03846528396396, 27.41655652020197], [95.03512863866176, 27.419409593721245], [95.02893891984027, 27.421392238031252], [95.02502198839856, 27.421972524170766], [95.0234745586932, 27.420957023426617], [95.0240064876544, 27.41844245015539], [95.02603748914271, 27.41742694941124], [95.02753656166979, 27.419361236542954], [95.02831027652248, 27.42003823703905], [95.03309763717346, 27.415831162527578], [95.03140513593321, 27.41471894742684], [95.03159856464639, 27.40819072835731], [95.02869713394881, 27.407417013504627], [95.02661777528222, 27.408577585783654], [95.02700463270857, 27.410947087520004], [95.02710134706516, 27.411817516729272], [95.02308770126685, 27.415057447674894], [95.02318441562343, 27.41592787688416], [95.01975105596465, 27.415250876388065], [95.02042805646074, 27.42003823703905], [95.01699469680194, 27.42202088134906], [95.01538492385812, 27.425860113471526], [95.01359213150671, 27.427768569845604], [95.01382345955206, 27.430313178344377], [95.01162886663654, 27.435591780019212], [95.01438299747284, 27.437524503413112], [95.01636403895158, 27.43844254702521], [95.01829676234549, 27.438152638516126], [95.0197463048909, 27.440665178928192], [95.02090593892724, 27.44032695233426], [95.02018116765453, 27.43810432043128], [95.02182398253935, 27.43791104809189], [95.02201725487873, 27.435640098104063], [95.02250043572721, 27.43414223747379], [95.0198429410606, 27.433900647049555], [95.01612244852734, 27.433514102370776], [95.017185446394, 27.426749570492134], [95.02346679742415, 27.427087797086067], [95.02539952081806, 27.42689452474668], [95.02752551655134, 27.42742602368], [95.02689738144832, 27.429793609837525], [95.02931328569069, 27.429552019413286], [95.03052123781188, 27.428440703461796], [95.03293714205425, 27.42839238537695], [95.03302181737556, 27.429007359591754], [95.03696242337857, 27.42962307927972], [95.03874801047368, 27.428607141794572], [95.03979473394322, 27.428884215654158], [95.04090302938157, 27.429192075498143], [95.04296569033627, 27.429715437232918], [95.04296569033627, 27.429715437232918], [95.04301085872349, 27.43082188779835]]]]}}, {"type": "Feature", "properties": {"id": 55, "tea": true}, "geometry": {"type": "MultiPolygon", "coordinates": [[[[95.1265718703536, 27.488502924221432], [95.12937783430405, 27.48952866935136], [95.13014078522714, 27.486468388426534], [95.12906417670234, 27.486137776359865], [95.12735177574164, 27.485722391968405], [95.12625821275188, 27.48535787097182], [95.12588521452282, 27.486273412079523], [95.12503749127495, 27.48603604957012], [95.12479165153306, 27.487494133556464], [95.1258513055929, 27.487655200973556], [95.12633450784419, 27.487926472412877], [95.12631755337924, 27.48845206082656], [95.1265718703536, 27.488502924221432]]]]}}, {"type": "Feature", "properties": {"id": 56, "tea": true}, "geometry": {"type": "MultiPolygon", "coordinates": [[[[95.10929515512991, 27.521929260521], [95.11425400278432, 27.523872929450867], [95.11682064252504, 27.521729909861524], [95.11799182764945, 27.519836078596523], [95.1173688568386, 27.5145034484556], [95.11143817471925, 27.511513188563494], [95.110964716903, 27.51298339967711], [95.11091487923814, 27.51427917896369], [95.10854759015687, 27.51674614337468], [95.10929515512991, 27.521929260521]]]]}}, {"type": "Feature", "properties": {"id": 57, "tea": true}, "geometry": {"type": "MultiPolygon", "coordinates": [[[[95.15219544542259, 27.54988625690065], [95.169882237729, 27.549440487861133], [95.1689944203676, 27.541302162048304], [95.16966647323463, 27.549497775599562], [95.18215778504602, 27.551282248715474], [95.18859740542082, 27.553377064981976], [95.18983877802319, 27.546433136987453], [95.18120155027434, 27.54386124995815], [95.1762524374287, 27.54196767634765], [95.17590815131771, 27.54506625134665], [95.17220707562446, 27.54523839440215], [95.17212100409671, 27.5422258909309], [95.17599422284546, 27.541709461764402], [95.17896369055283, 27.542096783639277], [95.17444493534596, 27.5398158881539], [95.17181975374959, 27.538912137112526], [95.17186278951345, 27.536975527738154], [95.17336904124909, 27.536803384682653], [95.17401457770721, 27.53512498989153], [95.1738424346517, 27.533876952739153], [95.17138939611084, 27.532585879822904], [95.16829082111184, 27.532327665239652], [95.16704278395946, 27.531251771142777], [95.16777439194533, 27.529917662462655], [95.16304045791908, 27.52789498156053], [95.15865081000383, 27.52815319614378], [95.15951152528133, 27.538352672182153], [95.15735973708759, 27.540332317320402], [95.15490669854671, 27.541752497528275], [95.15073222945084, 27.541666426000525], [95.15219544542259, 27.54988625690065]]]]}}, {"type": "Feature", "properties": {"id": 58, "tea": true}, "geometry": {"type": "MultiPolygon", "coordinates": [[[[95.38815716419961, 27.416637291733377], [95.38568132751222, 27.414631550619532], [95.38458443784059, 27.415634421176456], [95.37693754984404, 27.40917844196627], [95.3708263073878, 27.406859303803383], [95.36866386774943, 27.406984662623], [95.37120238384665, 27.417514803470684], [95.37104568532213, 27.41823561668347], [95.37938204682655, 27.425913844384908], [95.38815716419961, 27.416637291733377]]]]}}, {"type": "Feature", "properties": {"id": 59, "tea": true}, "geometry": {"type": "MultiPolygon", "coordinates": [[[[95.41834686486179, 27.43412460801569], [95.41884602768232, 27.4331574800509], [95.4191736032833, 27.433110683536476], [95.41934519050285, 27.432642718392227], [95.41820647531851, 27.432003166028416], [95.41772291133611, 27.431004840387345], [95.41772291133611, 27.430068910098843], [95.41890842303489, 27.42942935773503], [95.41872123697719, 27.428649415827948], [95.41840926021436, 27.428696212342373], [95.41817527764223, 27.427822677406436], [95.41714575432488, 27.427105130851917], [95.41123379466917, 27.425124078407922], [95.40653854438851, 27.42548285168518], [95.40711570139976, 27.430443282214245], [95.40830121309853, 27.429819328688577], [95.40878477708092, 27.42985052636486], [95.40945552712101, 27.430458881052385], [95.4091123526819, 27.432065561380984], [95.40720929442861, 27.432205950924256], [95.40727168978117, 27.432689514906652], [95.40672573044621, 27.43287670096435], [95.40688171882763, 27.43351625332816], [95.40636695716896, 27.43350065449002], [95.40636695716896, 27.43350065449002], [95.40550902107115, 27.43250232884895], [95.40510345127947, 27.432564724201516], [95.40491626522177, 27.430708462462654], [95.40694411418019, 27.430521276404953], [95.40649174787409, 27.425264467951198], [95.40583659667213, 27.426013212182], [95.40240485228097, 27.427151927366342], [95.40281042207265, 27.430708462462654], [95.4026856313675, 27.434264997558962], [95.40202627495705, 27.435611598362048], [95.4062734284799, 27.43583069755172], [95.40661050415632, 27.435156546198886], [95.41202056876281, 27.433825097277037], [95.41262730498038, 27.434313857007844], [95.41834686486179, 27.43412460801569]]]]}}, {"type": "Feature", "properties": {"id": 60, "tea": true}, "geometry": {"type": "MultiPolygon", "coordinates": [[[[95.38591510883323, 27.442964814604316], [95.38635390046782, 27.443326172421045], [95.38965774336363, 27.443197116057927], [95.39309064262254, 27.440254630978856], [95.39376173571075, 27.44082247897657], [95.39549109097652, 27.440228819706235], [95.39884655641757, 27.439712594253766], [95.40434435748635, 27.43870595462145], [95.40509288439243, 27.43573765826976], [95.40207296549549, 27.435479545543522], [95.39778829424, 27.436253883722227], [95.3931422651678, 27.435789280815005], [95.38725729500965, 27.436150638631734], [95.38741216264539, 27.439273802619166], [95.38653457937619, 27.440332064796728], [95.38591510883323, 27.442964814604316]]]]}}, {"type": "Feature", "properties": {"id": 61, "tea": true}, "geometry": {"type": "MultiPolygon", "coordinates": [[[[95.54417669102989, 27.533617216643353], [95.54473112834351, 27.530077347640965], [95.54592530101903, 27.53003469861684], [95.54592530101903, 27.531058275195843], [95.55053139562455, 27.529650857399716], [95.54780185808053, 27.526409531566205], [95.54532821468128, 27.519287144537305], [95.54366490274039, 27.517410587475798], [95.54302516737852, 27.515875222607292], [95.54208688884776, 27.516216414800294], [95.53991178861737, 27.51485164602829], [95.5399544376415, 27.512761843846157], [95.53662781375975, 27.512292704580783], [95.53449536255349, 27.513572175304535], [95.53300264670911, 27.514936944076542], [95.53240556037136, 27.51634436187267], [95.53210701720248, 27.518476813078927], [95.53291734866086, 27.521547542815938], [95.53884556301425, 27.52431972938407], [95.53846172179712, 27.52594039230083], [95.53372768011923, 27.52687867083158], [95.5314672818406, 27.528243439603585], [95.52873774429659, 27.528328737651837], [95.5253684713907, 27.529096420086088], [95.52208449653307, 27.53293483225735], [95.51987668794412, 27.53718584001376], [95.51920870950602, 27.538254605514734], [95.52839341303, 27.54212888045576], [95.52989636451575, 27.539356769937612], [95.533336453472, 27.541961885846234], [95.54041702491595, 27.538288004436637], [95.53881387666449, 27.535315500387057], [95.53924806264926, 27.534046341354653], [95.543222534356, 27.535115106855624], [95.54417669102989, 27.533617216643353]]]]}}, {"type": "Feature", "properties": {"id": 62, "tea": true}, "geometry": {"type": "MultiPolygon", "coordinates": [[[[95.50393890554662, 27.5790531690755], [95.51650577139057, 27.574864213794182], [95.5228802685578, 27.57468208530369], [95.52961902270602, 27.57304292888926], [95.53259378805072, 27.56946106857625], [95.53945396119259, 27.566061336753727], [95.5430358215056, 27.56302586191219], [95.54479639691368, 27.56132599600093], [95.54188234106581, 27.557015621725952], [95.53781480477815, 27.559626130089672], [95.53575068188592, 27.558290521159396], [95.53963608968307, 27.5543444038654], [95.52961902270602, 27.54918409663479], [95.52749419031693, 27.556712074241798], [95.52002692220675, 27.55707633122278], [95.51644506189375, 27.557440588203765], [95.5120132686251, 27.556590655248137], [95.50752076585962, 27.557197750216442], [95.50733863736913, 27.56041535354847], [95.50078201171142, 27.557926264178413], [95.49859646982551, 27.550398286571404], [95.4928290676266, 27.552219571476325], [95.49993207875579, 27.578567493100856], [95.5035139390688, 27.577474722157902], [95.50393890554662, 27.5790531690755]]]]}}, {"type": "Feature", "properties": {"id": 63, "tea": true}, "geometry": {"type": "MultiPolygon", "coordinates": [[[[95.49692566482203, 27.618891692227596], [95.50444589497356, 27.61709907922636], [95.506806897463, 27.61727396829965], [95.50676317519468, 27.619066581300885], [95.50794367643938, 27.619110303569208], [95.50803112097603, 27.62050941615554], [95.51358384905303, 27.620159638008957], [95.51358384905303, 27.618716803154303], [95.51056701253876, 27.61661813427481], [95.51157262471018, 27.61294546373569], [95.51345268224806, 27.61154635114936], [95.51358384905303, 27.610103516294707], [95.51249079234496, 27.608529514635084], [95.51235962554, 27.604988010900936], [95.50785623190274, 27.60525034451087], [95.50794367643938, 27.602976786558084], [95.51113540202695, 27.60275817521647], [95.5108293461487, 27.60118417355685], [95.50798739870771, 27.59965389416555], [95.5043147281686, 27.59654961311463], [95.50418356136362, 27.59921667148232], [95.49731916523695, 27.599260393750644], [95.49745033204191, 27.60131534036182], [95.49626983079719, 27.601490229435107], [95.49613866399223, 27.59965389416555], [95.4945646623326, 27.598254781579218], [95.48713187671773, 27.60044089499536], [95.48826865569411, 27.603807509656217], [95.48888076745064, 27.60678062390217], [95.4874816548643, 27.608966737318312], [95.4869132653761, 27.610628183514578], [95.4869132653761, 27.61250824105246], [95.48883704518231, 27.61521902168848], [95.49080454725684, 27.613164075077304], [95.49692566482203, 27.61740513510462], [95.49692566482203, 27.618891692227596]]]]}}, {"type": "Feature", "properties": {"id": 64, "tea": true}, "geometry": {"type": "MultiPolygon", "coordinates": [[[[95.45097130198961, 27.62334913171603], [95.46774253959208, 27.62283624983216], [95.47117884821398, 27.62396458997667], [95.47133271277914, 27.630016596206307], [95.47748729538556, 27.630939783597267], [95.48097489219586, 27.630529478090175], [95.48430862444098, 27.62929856156889], [95.48220580871714, 27.626272558454072], [95.48446248900615, 27.625451947439885], [95.48420604806422, 27.621656621499266], [95.48220580871714, 27.621707909687654], [95.4823083850939, 27.620425704977986], [95.48425733625261, 27.620476993166374], [95.48779622125129, 27.621297604180562], [95.48784750943967, 27.617297125486395], [95.48856554407709, 27.617091972732847], [95.48589855828098, 27.615143021574152], [95.48261611422423, 27.614527563313512], [95.47364068125655, 27.614322410559964], [95.47174301828625, 27.616989396356075], [95.45107387836639, 27.61293762947352], [95.45097130198961, 27.62334913171603]]]]}}, {"type": "Feature", "properties": {"id": 66, "tea": true}, "geometry": {"type": "MultiPolygon", "coordinates": [[[[95.4284336369476, 27.613473505103], [95.43215395209889, 27.611347610730835], [95.44007774021331, 27.615696031037533], [95.43998110865094, 27.61366676822774], [95.4378068984976, 27.61236224213573], [95.4374686880293, 27.60762729557955], [95.44075416114991, 27.608352032297333], [95.44259016083497, 27.609511611045786], [95.44336321333392, 27.60709582198651], [95.44341152911511, 27.60656434839347], [95.44804984410892, 27.607144137767694], [95.44872626504552, 27.605549716988573], [95.44790489676537, 27.6021192965244], [95.44577900239321, 27.600476559964093], [95.44123731896177, 27.5984472971543], [95.43915974037078, 27.598109086686], [95.43901479302723, 27.59414719262879], [95.43186405741177, 27.59260108763085], [95.43089774178806, 27.593664034816932], [95.4310910049128, 27.5951135082525], [95.42954489991487, 27.595693297626724], [95.42867521585353, 27.5977708762177], [95.42814374226049, 27.59955856012157], [95.42722574241796, 27.59801245512363], [95.42432679554683, 27.59922034965327], [95.42021995414606, 27.600379928401722], [95.41910869117879, 27.606129506362798], [95.42258742742415, 27.60463171714605], [95.42331216414193, 27.604583401364863], [95.42234584851822, 27.608980137452747], [95.41862553336694, 27.61086445291898], [95.41480858665328, 27.608980137452747], [95.41302090274942, 27.619126451501707], [95.4200750068025, 27.624006345401448], [95.42821202786699, 27.631404558009798], [95.43449223610787, 27.63633210601418], [95.43877149132672, 27.632096266309283], [95.43738211437098, 27.629864842713697], [95.43826626334281, 27.62460205121467], [95.43856097966676, 27.617107836120056], [95.42841431765663, 27.615044821852436], [95.4284336369476, 27.613473505103]]]]}}, {"type": "Feature", "properties": {"id": 67, "tea": true}, "geometry": {"type": "MultiPolygon", "coordinates": [[[[95.62641633108713, 27.563961119658725], [95.63478531412028, 27.56024157164399], [95.63363225423572, 27.55864216599765], [95.63861644857546, 27.556150068827776], [95.64002987682106, 27.552058566011567], [95.64069939546371, 27.55086831064685], [95.64322868811374, 27.549826837202726], [95.64025304970194, 27.547185958112262], [95.63448804689278, 27.543222632601594], [95.62541183499657, 27.545915242130807], [95.61860467607441, 27.549787759206524], [95.61815086547959, 27.55117944503061], [95.61957280534334, 27.552329098537463], [95.61730375236928, 27.553993070718438], [95.61927026494679, 27.5540838328374], [95.6222956689122, 27.55713949084246], [95.62641633108713, 27.563961119658725]]]]}}, {"type": "Feature", "properties": {"id": 68, "tea": true}, "geometry": {"type": "MultiPolygon", "coordinates": [[[[95.73011048379756, 27.62058757203896], [95.73532382545626, 27.62383075551268], [95.73980972409281, 27.621436255564795], [95.74496244549967, 27.618708344231756], [95.74617485053658, 27.614707407609966], [95.74641733154395, 27.61246445829169], [95.74602329990695, 27.608978793810586], [95.73762739502638, 27.60446258504811], [95.73747584439677, 27.605068787566562], [95.73902166081882, 27.607129876129303], [95.73841545830037, 27.608645382425436], [95.7380517367893, 27.61076709124002], [95.73914290132251, 27.614798337987732], [95.73744553427085, 27.616101673402408], [95.73614219885617, 27.617253458187466], [95.73011048379756, 27.62058757203896]]]]}}, {"type": "Feature", "properties": {"id": 68, "tea": true}, "geometry": {"type": "MultiPolygon", "coordinates": [[[[95.85350756884063, 27.68652568781238], [95.85349734158626, 27.68673576492913], [95.85224958221056, 27.687061672228754], [95.8521750891135, 27.68821631523314], [95.85359976959472, 27.68998552628825], [95.85406535145133, 27.689734112085684], [95.85387911870868, 27.688234938507406], [95.85458680313073, 27.68807664067616], [95.85496858025314, 27.689054362575035], [95.85597423706342, 27.687592435545287], [95.85674710294539, 27.68843048288718], [95.85671543467507, 27.685082148186886], [95.85527189504957, 27.685415272715844], [95.85500046024819, 27.684613306257237], [95.85533358477716, 27.684502264747582], [95.85554332985095, 27.683823677744147], [95.85634529630956, 27.683490553215186], [95.85559268163301, 27.6828489800483], [95.85503747408474, 27.682997035394504], [95.85459330804613, 27.682232082772448], [95.85249585730823, 27.683206780468293], [95.85182960825031, 27.684588630366203], [95.85221208456134, 27.685378258879293], [95.85358159651373, 27.68477369954896], [95.85350756884063, 27.68652568781238]]]]}}, {"type": "Feature", "properties": {"id": 69, "tea": true}, "geometry": {"type": "MultiPolygon", "coordinates": [[[[95.868566167547, 27.699654284668586], [95.8698788678973, 27.69935892708977], [95.87005115981827, 27.69876821193214], [95.87044496992335, 27.697619599125634], [95.86931276587123, 27.697381672187145], [95.86968196284475, 27.69660225635416], [95.86909124768712, 27.69645457756475], [95.86870564195922, 27.696323307529724], [95.8684923281523, 27.695125468460084], [95.86770470794212, 27.695461847924847], [95.86777034295964, 27.695092650951327], [95.86746678100364, 27.694994198425054], [95.8674995985124, 27.694625001451534], [95.86651507324967, 27.69442809639899], [95.86598178873237, 27.695798227389606], [95.86640841634622, 27.696577643222593], [95.86541568670631, 27.697660621011583], [95.86709758403012, 27.69909638701971], [95.86761445979305, 27.69935072271258], [95.86724956836079, 27.699954639128133], [95.86772039639898, 27.700392618698533], [95.86836641626532, 27.700644456951512], [95.86857445656126, 27.700294073295193], [95.86984459731542, 27.69989989168183], [95.86988839527245, 27.69941811415439], [95.868566167547, 27.699654284668586]]]]}}, {"type": "Feature", "properties": {"id": 70, "tea": true}, "geometry": {"type": "MultiPolygon", "coordinates": [[[[95.86769671666146, 27.70908067794088], [95.86683551228163, 27.70853414439214], [95.8658252532976, 27.709875635829953], [95.86729923771692, 27.71108463428625], [95.8690050848539, 27.709792827716505], [95.86993253572447, 27.710206868283734], [95.87090967146314, 27.70868319899634], [95.87021408331019, 27.708285720051805], [95.8706612471228, 27.70787167948458], [95.87013127519675, 27.706546749669457], [95.87074405523624, 27.705056203627443], [95.86922038594885, 27.704907149023242], [95.86915413945809, 27.703830643548454], [95.86787889451104, 27.703317233245095], [95.86605711601524, 27.706232078838365], [95.86627241711021, 27.707292022690464], [95.86609023926063, 27.707689501635], [95.86769671666146, 27.70908067794088], [95.86769671666146, 27.70908067794088]]]]}}, {"type": "Feature", "properties": {"id": 75, "tea": true}, "geometry": {"type": "MultiPolygon", "coordinates": [[[[95.82131869700648, 27.746361947749094], [95.8244762696552, 27.7433874147459], [95.8254737112436, 27.742961929698044], [95.82766672132867, 27.743475372535418], [95.82894597721162, 27.740438227616036], [95.8281130819052, 27.73994228487645], [95.82826309133294, 27.739505893813924], [95.827915342205, 27.739294516893015], [95.8281267191259, 27.738885400271897], [95.8273903092079, 27.73858538141641], [95.82753350002528, 27.738339911443738], [95.82958590174123, 27.73918541912738], [95.82976318561037, 27.738939949154712], [95.82931315732715, 27.738558106975002], [95.82971545533792, 27.738148990353885], [95.82902677569237, 27.73712619880109], [95.82832327596229, 27.73687038666824], [95.82577362099639, 27.735861148244236], [95.82441380501457, 27.735202487378043], [95.8242544515792, 27.736955375167103], [95.82318205630057, 27.73852298796013], [95.82193553318659, 27.73906271961773], [95.8215243090665, 27.73955104826032], [95.8212030402227, 27.740591959314266], [95.82111308494643, 27.741234497001887], [95.82053480102758, 27.743277766848518], [95.81984086032494, 27.743907453782388], [95.81922402414483, 27.74440863317873], [95.81928827791359, 27.74542384272517], [95.82131869700648, 27.746361947749094], [95.82131869700648, 27.746361947749094]]]]}}, {"type": "Feature", "properties": {"id": 76, "tea": true}, "geometry": {"type": "MultiPolygon", "coordinates": [[[[95.30056286229673, 27.521664270218356], [95.30863092666202, 27.51924006308512], [95.30863092666202, 27.51924006308512], [95.30222950470082, 27.50317969082744], [95.30071437524255, 27.503709986137835], [95.29916136754782, 27.502384247861848], [95.2960174739219, 27.50424028144823], [95.29972954109468, 27.513747718798886], [95.29817653339995, 27.513974988217626], [95.3004113493509, 27.519391576030948], [95.30007044522279, 27.520603679597567], [95.30056286229673, 27.521664270218356]]]]}}, {"type": "Feature", "properties": {"id": 77, "tea": true}, "geometry": {"type": "MultiPolygon", "coordinates": [[[[95.3419196008736, 27.552451005874037], [95.34434839144728, 27.551925861966215], [95.34365914006825, 27.546444672428322], [95.34500482133205, 27.544934883693333], [95.3456284297226, 27.53961780162663], [95.35261940799548, 27.539453694155437], [95.34966547351398, 27.534136612088737], [95.34182113639088, 27.53669668863937], [95.34014724018469, 27.536565402662415], [95.33952363179417, 27.541882484729115], [95.33637276834723, 27.54106194737314], [95.33666816179537, 27.54053680346532], [95.33463322915256, 27.539683444615108], [95.33256547501551, 27.541291697832815], [95.33099004329205, 27.54056962495956], [95.33174493765954, 27.54792163966907], [95.33594608892211, 27.548315497599937], [95.33663534030114, 27.55031760874851], [95.34182113639088, 27.552451005874037], [95.3419196008736, 27.552451005874037], [95.3419196008736, 27.552451005874037]]]]}}, {"type": "Feature", "properties": {"id": 78, "tea": true}, "geometry": {"type": "MultiPolygon", "coordinates": [[[[95.38138570439611, 27.534218606064783], [95.38138570439611, 27.534218606064783], [95.38138570439611, 27.534218606064783], [95.37636330411036, 27.537136381468883], [95.3802855595716, 27.54431123901995], [95.38195969300018, 27.54455040093832], [95.38200752538387, 27.545554880995468], [95.38114654247774, 27.545841875297512], [95.38315550259203, 27.549046645003653], [95.39047385729413, 27.545411383844446], [95.3877952438084, 27.540962972162784], [95.38535579224103, 27.53699288431786], [95.38138570439611, 27.534218606064783]]]]}}, {"type": "Feature", "properties": {"id": 79, "tea": true}, "geometry": {"type": "MultiPolygon", "coordinates": [[[[95.37113274611953, 27.556955905975027], [95.37930970154076, 27.556107576305966], [95.38211390239127, 27.556979470688056], [95.38284440849519, 27.558299094617706], [95.38776943351834, 27.558888212443442], [95.3917989994464, 27.55714442367926], [95.39217603485486, 27.55219583394307], [95.37959247809712, 27.55412814041149], [95.38072358432254, 27.552455045786395], [95.37961604281014, 27.55132393956098], [95.37987525465347, 27.550616998170096], [95.37341852328339, 27.550829080587363], [95.37240524062312, 27.548873209405915], [95.37049649886774, 27.549368068379533], [95.37205176992768, 27.55087621001342], [95.36912974551203, 27.551041163004626], [95.36844636883417, 27.552101575090955], [95.36788081572146, 27.55226652808216], [95.36696179191331, 27.552007316238836], [95.36748021559997, 27.551064727717655], [95.36594850925304, 27.551064727717655], [95.36594850925304, 27.553232681316366], [95.37125056968468, 27.557120858966233], [95.37113274611953, 27.556955905975027]]]]}}, {"type": "Feature", "properties": {"id": 80, "tea": true}, "geometry": {"type": "MultiPolygon", "coordinates": [[[[95.36762866288176, 27.567066203944876], [95.36931478558303, 27.56722184604038], [95.37109602289823, 27.566910561849372], [95.37095767436888, 27.565708659000773], [95.37014487675904, 27.564273293008917], [95.36864033650252, 27.563304853303567], [95.36732602547383, 27.563123270858814], [95.3668763927535, 27.564342467273583], [95.3668763927535, 27.564342467273583], [95.36762866288176, 27.567066203944876]]]]}}, {"type": "Feature", "properties": {"id": 81, "tea": true}, "geometry": {"type": "MultiPolygon", "coordinates": [[[[95.36770383978433, 27.567706763073943], [95.36664415590295, 27.564359125357743], [95.36714991411905, 27.56321514844034], [95.366270858172, 27.562986353056857], [95.36619860699827, 27.56246855297845], [95.36513892311689, 27.562432427391585], [95.36504258821857, 27.561986878486913], [95.36332060191133, 27.562035045936064], [95.362598090174, 27.560734524808908], [95.36120123414855, 27.56111986440214], [95.36098448062735, 27.564009911351377], [95.35807034995354, 27.565623520898036], [95.35717925214419, 27.56581619069465], [95.35714312655732, 27.567369590929868], [95.3591541175595, 27.567526135139616], [95.35934678735612, 27.56646645125823], [95.36274259252147, 27.568537651571848], [95.36274259252147, 27.568537651571848], [95.36770383978433, 27.567706763073943]]]]}}, {"type": "Feature", "properties": {"id": 82, "tea": true}, "geometry": {"type": "MultiPolygon", "coordinates": [[[[95.54605180123335, 27.64958296127084], [95.54743621876008, 27.64826607630638], [95.54743621876008, 27.64826607630638], [95.54804401182061, 27.64627386571912], [95.54811154438289, 27.64485568191124], [95.55003622240787, 27.64492321447352], [95.54733491991666, 27.63513099294291], [95.54554530701625, 27.63546865575431], [95.5431479010553, 27.637494632622712], [95.54514011164257, 27.634590732444668], [95.54203361377769, 27.630876441519266], [95.54149335327945, 27.632564755576265], [95.53771152979176, 27.633105016074506], [95.53531412383082, 27.63367904285389], [95.53345697836812, 27.634388134757828], [95.53173489802998, 27.634523199882388], [95.52943879091245, 27.639621908334533], [95.52910112810105, 27.641242689829255], [95.52700761867037, 27.644450486537558], [95.53501022730056, 27.6463413982814], [95.53558425407994, 27.64721932159104], [95.53794789375974, 27.64799594605726], [95.54024400087727, 27.647692049527002], [95.54254010799478, 27.648164777462963], [95.54605180123335, 27.64958296127084]]]]}}, {"type": "Feature", "properties": {"id": 84, "tea": true}, "geometry": {"type": "MultiPolygon", "coordinates": [[[[95.6639256511436, 27.626764259237518], [95.66400667888752, 27.631690979437074], [95.66856719244053, 27.63153638575731], [95.67015177765809, 27.62933342582069], [95.67339824493313, 27.6288696447814], [95.6728958154739, 27.62643479432513], [95.67741768060696, 27.62164239025248], [95.68066414788198, 27.620908070273604], [95.67695389956768, 27.61870511033698], [95.6661588389325, 27.61833769731409], [95.66487847793353, 27.614675269340303], [95.66490825377072, 27.607499292578655], [95.66300260019086, 27.607380189229914], [95.6629430485165, 27.608422343531398], [95.65835756958997, 27.608303240182657], [95.6546355899418, 27.60824368850829], [95.65395074568654, 27.60991113539066], [95.6542485040584, 27.614020200922226], [95.6546355899418, 27.622446762845655], [95.65674967438196, 27.622387211171286], [95.65844689710151, 27.62688336258626], [95.6639256511436, 27.626764259237518]]]]}}, {"type": "Feature", "properties": {"id": 85, "tea": true}, "geometry": {"type": "MultiPolygon", "coordinates": [[[[95.6912261406505, 27.618328265586157], [95.6991189786094, 27.618386088574866], [95.70183665907877, 27.61853064604664], [95.7041206671328, 27.613875895455497], [95.70637576369249, 27.610117401189353], [95.71071248784573, 27.60887420693209], [95.71221588555218, 27.608093596584506], [95.71068357635137, 27.60763101267483], [95.7091223556562, 27.608093596584506], [95.7090645326675, 27.607341897731278], [95.70952711657718, 27.606850402327243], [95.70750331197233, 27.606445641406275], [95.69215130846986, 27.606214349451434], [95.6912261406505, 27.618328265586157]]]]}}, {"type": "Feature", "properties": {"id": 87, "tea": true}, "geometry": {"type": "MultiPolygon", "coordinates": [[[[95.81872574119242, 27.620972442937994], [95.82176207978871, 27.621432037613857], [95.82176207978871, 27.621432037613857], [95.82173947677187, 27.62293137106463], [95.8250319828924, 27.62293137106463], [95.82513746363769, 27.622358761304536], [95.82516006665453, 27.622193005847667], [95.82573267641462, 27.622042319068694], [95.8258984318715, 27.619940238502036], [95.82414293089647, 27.61969913965568], [95.82396964110065, 27.620482710906334], [95.82318606985, 27.620422436194747], [95.82288469629205, 27.62003065056942], [95.82273400951308, 27.619578590232504], [95.82195043826242, 27.619638864944093], [95.82113672965598, 27.61915666725138], [95.82115933267282, 27.618704606914466], [95.82088809647067, 27.618478576746007], [95.81866546648084, 27.61810185979858], [95.81895930569983, 27.618757347287104], [95.81988602939052, 27.61879501898185], [95.81991616674631, 27.619623796266193], [95.8193887630199, 27.620203940365236], [95.81873327553137, 27.620271749415775], [95.81872574119242, 27.620972442937994]]]]}}, {"type": "Feature", "properties": {"id": 88, "tea": true}, "geometry": {"type": "MultiPolygon", "coordinates": [[[[95.83323244902284, 27.630057848708137], [95.83465108505543, 27.630084882947898], [95.83473486608857, 27.62958219674905], [95.83608678730516, 27.62943748405544], [95.83618580125342, 27.628740578188854], [95.83632670571825, 27.62861490663914], [95.83598015689935, 27.62851589269088], [95.8355155529883, 27.628721537044957], [95.83454826287839, 27.628961455458043], [95.83405225284771, 27.629093373620055], [95.83334497111645, 27.629401469828746], [95.83334497111645, 27.629401469828746], [95.83323244902284, 27.630057848708137]]]]}}, {"type": "Feature", "properties": {"id": 89, "tea": true}, "geometry": {"type": "MultiPolygon", "coordinates": [[[[95.86758286947996, 27.69145269813902], [95.86940949638657, 27.691764561269416], [95.86940949638657, 27.691764561269416], [95.8713074062944, 27.691702188643337], [95.87120939216771, 27.691087372757696], [95.8716014486745, 27.691185386884396], [95.87159253829934, 27.690552750248447], [95.87126285441863, 27.690508198372676], [95.87104900541493, 27.689501325980256], [95.87143215154656, 27.68900234497162], [95.8713875996708, 27.688717212966687], [95.87120048179256, 27.68872612334184], [95.87121830254286, 27.6884231705866], [95.87026489240137, 27.688458812087216], [95.87054111403114, 27.686453977677527], [95.86931148225987, 27.68605301079559], [95.86823332686622, 27.685322360032945], [95.86796601561159, 27.688735033716995], [95.86758286947996, 27.69145269813902]]]]}}, {"type": "Feature", "properties": {"id": 91, "tea": true}, "geometry": {"type": "MultiPolygon", "coordinates": [[[[95.88300352062467, 27.72116212309291], [95.88300352062467, 27.72116212309291], [95.88489466681825, 27.721396265002593], [95.88489466681825, 27.721396265002593], [95.89015385432806, 27.72350354218974], [95.89150467303777, 27.71793816910574], [95.8898116469216, 27.71660536131216], [95.8891992757732, 27.717686016279927], [95.88873099195384, 27.718478496589622], [95.8881006098893, 27.71822634376381], [95.8878484570635, 27.715128466189544], [95.8878484570635, 27.715128466189544], [95.88613742003119, 27.715416640847614], [95.8859032781215, 27.717019612383137], [95.88539897246989, 27.717505907118632], [95.88534493972149, 27.718442474757364], [95.88366992452146, 27.71790214727348], [95.88300352062467, 27.72116212309291]]]]}}, {"type": "Feature", "properties": {"id": 96, "tea": true}, "geometry": {"type": "MultiPolygon", "coordinates": [[[[95.5621514808259, 27.516930092045808], [95.56326003606391, 27.51686290687987], [95.56342799897877, 27.517198832709568], [95.56759347926705, 27.516728536547987], [95.56645133144606, 27.50952292750092], [95.56188274016213, 27.510144390285866], [95.5621514808259, 27.516930092045808]]]]}}, {"type": "Feature", "properties": {"id": 92, "tea": true}, "geometry": {"type": "MultiPolygon", "coordinates": [[[[95.55041626002459, 27.513041786000965], [95.55598039427001, 27.512335611285856], [95.55778656953674, 27.524202042036848], [95.56019972914662, 27.523002687260682], [95.56007690365749, 27.522417459930143], [95.55980957759292, 27.522453585074004], [95.5597879025066, 27.522323534556108], [95.55894979916904, 27.5224030098726], [95.55896862866169, 27.522092279612334], [95.5598737784194, 27.521793991623994], [95.55997663634642, 27.5210945577203], [95.55997663634642, 27.5210945577203], [95.5598634926267, 27.519891119974233], [95.5605320691523, 27.51991169155964], [95.5605732123231, 27.52023055113338], [95.56139607573921, 27.52024083692608], [95.56114890673487, 27.51743068215186], [95.56209240846793, 27.51692639674281], [95.56188093394157, 27.51377054611844], [95.55948632729837, 27.513616091570704], [95.55952593457904, 27.511734745738806], [95.56180335321766, 27.511279262011083], [95.56178354957731, 27.510011829029597], [95.56170433501597, 27.50822950139938], [95.55952593457904, 27.508447341443073], [95.55883280716729, 27.508625574206096], [95.55707028317741, 27.508467145083408], [95.55657519216902, 27.507734410390988], [95.55596127931861, 27.50781362495233], [95.55580285019592, 27.506070904602783], [95.5559018683976, 27.504625238858274], [95.54835668142968, 27.50478366798096], [95.54835668142968, 27.50864537784643], [95.54978254353385, 27.508526556004416], [95.54978254353385, 27.508526556004416], [95.55041626002459, 27.513041786000965], [95.55041626002459, 27.513041786000965]]]]}}, {"type": "Feature", "properties": {"id": 93, "tea": true}, "geometry": {"type": "MultiPolygon", "coordinates": [[[[95.6028114235995, 27.551831718086426], [95.60388146289192, 27.553550366770555], [95.60848234087399, 27.55404775898483], [95.61254437729059, 27.55197529142534], [95.61436814874294, 27.549073836842055], [95.61760119813574, 27.547084267984946], [95.62216062676663, 27.542690636758827], [95.62381860081422, 27.542649187407637], [95.62779773852843, 27.53962338477078], [95.62564237226657, 27.53178945739591], [95.61892217459251, 27.533136165285743], [95.6182140097137, 27.529382891428032], [95.60720204584815, 27.531755243772057], [95.60578571609052, 27.532180142699346], [95.60624602326175, 27.533808921920617], [95.60571489960265, 27.53398596314032], [95.60305928130708, 27.53458790328731], [95.60266979062374, 27.53242800040693], [95.5986332508145, 27.5331007570418], [95.59909355798574, 27.53557933411765], [95.59643793969018, 27.535366884654007], [95.59420722032192, 27.534233820847906], [95.59693365510535, 27.546201807299855], [95.59831457661903, 27.54751191232566], [95.6016783597934, 27.54630803203168], [95.60249274940404, 27.549211508034816], [95.60348418023437, 27.548538751399942], [95.60465265228441, 27.5515484521349], [95.60362581321014, 27.55161926862278], [95.60362581321014, 27.55161926862278], [95.6028114235995, 27.551831718086426]]]]}}, {"type": "Feature", "properties": {"id": 94, "tea": true}, "geometry": {"type": "MultiPolygon", "coordinates": [[[[95.5760412179059, 27.537022708563434], [95.57654358762467, 27.538295378517677], [95.57255812118902, 27.540405331336554], [95.57450061743496, 27.545228080636843], [95.57543837424335, 27.547371524770302], [95.57429966954746, 27.548510229466203], [95.57490251320999, 27.549146564443326], [95.5771464312872, 27.547840403174497], [95.57885448833106, 27.54904609049957], [95.58119888035203, 27.551156043318446], [95.58230409373334, 27.550653673599665], [95.58106491509369, 27.545663467726452], [95.5837777115751, 27.545127606693086], [95.58558624256271, 27.549414494960008], [95.5888014087629, 27.548510229466203], [95.59007407871714, 27.54653424190567], [95.59288734914232, 27.545228080636843], [95.59241847073811, 27.54201291443665], [95.59004058740256, 27.54070675316782], [95.59071041369427, 27.53950106584275], [95.58953821768378, 27.53461133391329], [95.5867584385732, 27.53491275574456], [95.58729429960655, 27.536587321473824], [95.58541878598979, 27.537424604338458], [95.58387818551886, 27.536151934384215], [95.5874617561795, 27.53176457217354], [95.5824045676771, 27.530357936960954], [95.57995970171237, 27.532199959263146], [95.57942384067901, 27.532199959263146], [95.57942384067901, 27.532199959263146], [95.5760412179059, 27.537022708563434]]]]}}, {"type": "Feature", "properties": {"id": 95, "tea": true}, "geometry": {"type": "MultiPolygon", "coordinates": [[[[95.62956459928233, 27.600519952580328], [95.63297832254759, 27.59952081406367], [95.63422724569341, 27.595440998453977], [95.6346435534087, 27.595191213824812], [95.6346435534087, 27.595107952281758], [95.63189592248787, 27.590611828956792], [95.63530964575313, 27.585616136373496], [95.64130447685308, 27.5822856746513], [95.6475490925822, 27.583784382426288], [95.65387696985438, 27.588030721122088], [95.65720743157657, 27.587447890320707], [95.66236964724598, 27.580703705333256], [95.64555081554889, 27.55572524241678], [95.62673370681847, 27.564384442894493], [95.62381955281155, 27.560054842655635], [95.61749167553937, 27.561387027344516], [95.62032256800325, 27.5704625355375], [95.61732515245326, 27.568714043133348], [95.61366164455885, 27.563551827463943], [95.60425309019364, 27.56638271992781], [95.60808312117418, 27.56996296627917], [95.60450287482281, 27.578372382127718], [95.61066422900888, 27.58470025939989], [95.61624275239355, 27.591444444387342], [95.61982299874491, 27.589695951983188], [95.62956459928233, 27.600519952580328], [95.62956459928233, 27.600519952580328], [95.62956459928233, 27.600519952580328]]]]}}, {"type": "Feature", "properties": {"id": 97, "tea": true}, "geometry": {"type": "MultiPolygon", "coordinates": [[[[95.81040388280617, 27.557460295421098], [95.81040388280617, 27.557460295421098], [95.81040388280617, 27.557460295421098], [95.8115209334722, 27.557225126859827], [95.8128555150574, 27.556160989120087], [95.81192659924038, 27.55510860980841], [95.8120970964473, 27.554896958103267], [95.81172082674927, 27.554309036700097], [95.81136807390736, 27.554203210847525], [95.81080366936033, 27.554508929977175], [95.80990414961347, 27.554638272685875], [95.80978656533283, 27.554849924391014], [95.8095572759856, 27.554761736180538], [95.80924567764191, 27.554920474959395], [95.80924567764191, 27.554920474959395], [95.81040388280617, 27.557460295421098]]]]}}, {"type": "Feature", "properties": {"id": 98, "tea": true}, "geometry": {"type": "MultiPolygon", "coordinates": [[[[95.80776870363334, 27.557669498430595], [95.80859023444263, 27.55767910697807], [95.80859023444263, 27.55767910697807], [95.80854219170526, 27.557448501838618], [95.80970002167626, 27.557294765078982], [95.80952226354793, 27.556727860777826], [95.80920037720745, 27.556660600945484], [95.80862866863255, 27.556766294967733], [95.80859984299012, 27.556026436811987], [95.80826834810215, 27.556141739381715], [95.80826834810215, 27.556141739381715], [95.80829236947085, 27.556482842817157], [95.80777350790707, 27.556602949660622], [95.80781194209699, 27.55615134792919], [95.80739397028172, 27.556218607761533], [95.80686069589673, 27.556276259046395], [95.80700001983516, 27.55705935566579], [95.8073171019019, 27.55706415993953], [95.80762937969492, 27.557016117202142], [95.80765820533735, 27.55739565482749], [95.80738916600798, 27.55740045910123], [95.80742279592415, 27.55781362664275], [95.807701443801, 27.557876082201354], [95.80776870363334, 27.557669498430595]]]]}}, {"type": "Feature", "properties": {"id": 99, "tea": true}, "geometry": {"type": "MultiPolygon", "coordinates": [[[[95.8080980709404, 27.56133134158971], [95.80893875278542, 27.560577327976134], [95.80904275466317, 27.56024798869664], [95.80933309323851, 27.56005298517589], [95.80957143087498, 27.560100652703184], [95.80981843533459, 27.559892648947717], [95.8098487692156, 27.559450640967345], [95.81001343885535, 27.558874297228233], [95.8092247579492, 27.55869662735377], [95.80857474621335, 27.558575291829747], [95.80847507774719, 27.558709627588488], [95.80815007187927, 27.55866196006119], [95.80802873635525, 27.558900297697665], [95.80795506835852, 27.559242637211877], [95.80805907023625, 27.55949397508307], [95.80790306741966, 27.55972797930797], [95.80787706695023, 27.55999665082545], [95.80789440059651, 27.56041265833639], [95.80779039871878, 27.560650995972864], [95.80755639449387, 27.561002002310218], [95.80755639449387, 27.561002002310218], [95.8080980709404, 27.56133134158971]]]]}}, {"type": "Feature", "properties": {"id": 100, "tea": true}, "geometry": {"type": "MultiPolygon", "coordinates": [[[[95.80914717703025, 27.5620318015274], [95.80922744849474, 27.562569620339413], [95.80922744849474, 27.562569620339413], [95.80993383738216, 27.562898733343783], [95.8099900274073, 27.563083357712085], [95.81063219912313, 27.563452606448692], [95.81078471490565, 27.56318771061591], [95.81108974647067, 27.56302716768695], [95.81124226225317, 27.562529484607175], [95.81093723068815, 27.562376968824662], [95.81104158359199, 27.562128127284776], [95.81145096806083, 27.562240507335048], [95.8117961353581, 27.56178295998751], [95.81137872374279, 27.561566227033413], [95.81119409937449, 27.56175085140172], [95.81099342071329, 27.561630444205], [95.81115396364225, 27.56142173839735], [95.81001410884663, 27.5608277295602], [95.80920336705539, 27.560875892438887], [95.80910704129802, 27.561132761125222], [95.80909901415157, 27.561823095719753], [95.80869765682917, 27.56207193725964], [95.80882609117234, 27.562256561627944], [95.80901071554064, 27.562489348874934], [95.8089545255155, 27.562714108975477], [95.80920336705539, 27.56270608182903], [95.80914717703025, 27.5620318015274]]]]}}, {"type": "Feature", "properties": {"id": 101, "tea": true}, "geometry": {"type": "MultiPolygon", "coordinates": [[[[95.82131191903675, 27.563847596222192], [95.82155789134917, 27.564339540847026], [95.82155789134917, 27.564339540847026], [95.82273596926653, 27.56405473080107], [95.82261945606591, 27.56360162390978], [95.82252883468765, 27.563381543419723], [95.82276186108889, 27.563226192485565], [95.82268418562181, 27.56296727426197], [95.82291721202304, 27.56282486923899], [95.82263240197709, 27.562449437814777], [95.82286542837832, 27.562112844124105], [95.82440599180872, 27.56083119891731], [95.82223107873051, 27.559316527309274], [95.82145432405973, 27.560093281980063], [95.82087175805664, 27.56015801153596], [95.82043159707652, 27.560611118427254], [95.81999143609642, 27.560611118427254], [95.81946065373805, 27.561090117140903], [95.81892987137968, 27.56127135989742], [95.81931824871506, 27.562281140969443], [95.81956422102748, 27.562229357324725], [95.81973251787282, 27.5625012214595], [95.8204445429877, 27.562294086880623], [95.82131191903675, 27.563847596222192]]]]}}, {"type": "Feature", "properties": {"id": 102, "tea": true}, "geometry": {"type": "MultiPolygon", "coordinates": [[[[95.42213920187257, 27.524804686188737], [95.42843725422517, 27.516299624037345], [95.4285179984861, 27.516138135515483], [95.42022825436386, 27.51323134212197], [95.42038974288572, 27.514765483079657], [95.42028208387114, 27.51530377815253], [95.41546434296893, 27.515734414210826], [95.41524902493978, 27.527065525494802], [95.42203154285798, 27.526419571407356], [95.42213920187257, 27.524804686188737]]]]}}, {"type": "Feature", "properties": {"id": 103, "tea": true}, "geometry": {"type": "MultiPolygon", "coordinates": [[[[95.39666550097377, 27.512265546302686], [95.40467219369482, 27.517421502413303], [95.40673569442575, 27.51655266000028], [95.40700720767983, 27.517312897111676], [95.40407486453587, 27.51807313422307], [95.40505231225052, 27.519865121699933], [95.40738732623552, 27.519865121699933], [95.40945082696645, 27.521385595922723], [95.40983094552215, 27.520353845557256], [95.41091699853843, 27.521439898573536], [95.41086269588762, 27.52230874098656], [95.41292619661854, 27.522471648939003], [95.41401224963482, 27.527033071607377], [95.41531551325436, 27.52725028221063], [95.41543248990087, 27.515701097202165], [95.41840061890925, 27.515373901878405], [95.4186343298548, 27.51441568700168], [95.41935883378598, 27.514181976056136], [95.41998985333895, 27.513340616652183], [95.41540911880631, 27.51163452674972], [95.41435741955137, 27.51327050336852], [95.41435741955137, 27.51327050336852], [95.4115295171103, 27.514392315907127], [95.40842116153458, 27.51212531973536], [95.4098935404915, 27.50976483918538], [95.4003815050079, 27.50616569062402], [95.39666550097377, 27.512265546302686]]]]}}, {"type": "Feature", "properties": {"id": 105, "tea": true}, "geometry": {"type": "MultiPolygon", "coordinates": [[[[95.61167914435161, 27.755894933661143], [95.61410163310923, 27.755693059598006], [95.6140119113034, 27.75454910657358], [95.61349601091983, 27.753764040772502], [95.61320441505086, 27.75242942891067], [95.61358573272567, 27.75139762814354], [95.61096136990491, 27.751835021947], [95.61167914435161, 27.755894933661143]]]]}}, {"type": "Feature", "properties": {"id": 106, "tea": true}, "geometry": {"type": "MultiPolygon", "coordinates": [[[[95.60515865941748, 27.753272680791056], [95.61097255093864, 27.751875914244906], [95.61060246749479, 27.749285330137944], [95.60487214320288, 27.749965806147607], [95.60515865941748, 27.753272680791056]]]]}}, {"type": "Feature", "properties": {"id": 112, "tea": true}, "geometry": {"type": "MultiPolygon", "coordinates": [[[[95.90222439938823, 27.671129046509446], [95.90306480015356, 27.669621523487116], [95.90321208688562, 27.669041040484267], [95.90247565322528, 27.66891108160303], [95.90255362855403, 27.668443229630583], [95.9044683560709, 27.668313270749348], [95.90449434784715, 27.667758779522742], [95.90264026780818, 27.667377566804454], [95.90112408086044, 27.666996354086162], [95.90017971299012, 27.669846785547925], [95.90191249807327, 27.670072047608734], [95.90147930180248, 27.67104240725529], [95.90222439938823, 27.671129046509446]]]]}}, {"type": "Feature", "properties": {"id": 117, "tea": true}, "geometry": {"type": "MultiPolygon", "coordinates": [[[[95.90449422693113, 27.66748834896702], [95.90572789298362, 27.667191886582312], [95.90665872111624, 27.667316209517836], [95.90682448503027, 27.666624463953525], [95.90639394805504, 27.665080611022606], [95.9049123667222, 27.663551995361736], [95.90419079133798, 27.662158051150456], [95.90201568430099, 27.662853438530313], [95.90220974589536, 27.664672765977617], [95.90383501174828, 27.66552987135279], [95.90361669245462, 27.665974595839906], [95.90449422693113, 27.66748834896702]]]]}}, {"type": "Feature", "properties": {"id": 120, "tea": true}, "geometry": {"type": "MultiPolygon", "coordinates": [[[[95.90450839851295, 27.611877029207744], [95.90524638675814, 27.612087882992082], [95.90676453400539, 27.610316711203623], [95.9021257507499, 27.60453931751269], [95.89986961525746, 27.604454975998955], [95.89961659071625, 27.606690026112965], [95.90010155442023, 27.60698522141104], [95.89997504214962, 27.609452210687827], [95.89875209020045, 27.609431125309392], [95.89858340717298, 27.610590821123264], [95.89951116382407, 27.61078058952917], [95.8993424807966, 27.611518577774365], [95.9000804690418, 27.611708346180272], [95.89982744450059, 27.61248850518233], [95.90450839851295, 27.611877029207744]]]]}}, {"type": "Feature", "properties": {"id": 122, "tea": true}, "geometry": {"type": "MultiPolygon", "coordinates": [[[[95.98240004017374, 27.58730716245171], [95.98474580328474, 27.586620339919214], [95.98474580328474, 27.586620339919214], [95.98386878374323, 27.584602138323724], [95.98430201026373, 27.58360888727673], [95.98544319231773, 27.58323905975923], [95.98436196991365, 27.580972106668728], [95.98369149125502, 27.580580994117852], [95.98325381768618, 27.580096759531056], [95.97939856539897, 27.58198713686029], [95.98240004017374, 27.58730716245171]]]]}}, {"type": "Feature", "properties": {"id": 123, "tea": true}, "geometry": {"type": "MultiPolygon", "coordinates": [[[[95.98659604180645, 27.60685269619491], [95.98570515105726, 27.60351563084622], [95.98298717928004, 27.604089424888077], [95.98345527441946, 27.605010515323688], [95.98256438367025, 27.605720207954406], [95.98167349292106, 27.604874616734826], [95.97670564450604, 27.606550699330775], [95.97658484576039, 27.60910257283271], [95.97934811706722, 27.609223371578366], [95.98084300154468, 27.60777378663052], [95.98259458335667, 27.60723019227508], [95.98659604180645, 27.60685269619491]]]]}}, {"type": "Feature", "properties": {"id": 127, "tea": true}, "geometry": {"type": "MultiPolygon", "coordinates": [[[[95.70254380847531, 27.495540077550494], [95.7061769481939, 27.495102349873555], [95.70695391482046, 27.49456613346931], [95.70698674439623, 27.494073689832756], [95.70733692653778, 27.494008030681215], [95.70675693736584, 27.492858995529254], [95.7075339039924, 27.49265107488271], [95.70719466504278, 27.490845448215346], [95.70241249017224, 27.495091406681635], [95.70254380847531, 27.495540077550494]]]]}}, {"type": "Feature", "properties": {"id": 138, "tea": true}, "geometry": {"type": "MultiPolygon", "coordinates": [[[[95.29090505826824, 27.373969395626602], [95.2982928652231, 27.373648186628564], [95.30371326706498, 27.372162595012643], [95.30423523168679, 27.370195189899665], [95.3043155339363, 27.36593917067567], [95.30134435070445, 27.36421267231122], [95.30082238608264, 27.361080884580353], [95.29813226072407, 27.358631665970318], [95.29488001961896, 27.35907332834262], [95.29488001961896, 27.35907332834262], [95.29496032186846, 27.360679373332808], [95.29094520939299, 27.361361942453637], [95.28990128014938, 27.363329347566616], [95.29090505826824, 27.373969395626602]]]]}}, {"type": "Feature", "properties": {"id": 133, "tea": true}, "geometry": {"type": "MultiPolygon", "coordinates": [[[[95.75981321406353, 27.476399861792526], [95.77585036108279, 27.47596836904761], [95.77541886833788, 27.472492455269148], [95.76225833961804, 27.473427356216458], [95.7595255522336, 27.475345101749404], [95.75981321406353, 27.476399861792526]]]]}}, {"type": "Feature", "properties": {"id": 140, "tea": true}, "geometry": {"type": "MultiPolygon", "coordinates": [[[[95.86312355423048, 27.454294889385405], [95.8655811986647, 27.45478641827225], [95.86543556047602, 27.45571486172518], [95.86687373758937, 27.455987933328984], [95.86705578532525, 27.455132308970402], [95.86720142351393, 27.45454975621562], [95.86747449511775, 27.45460437053638], [95.86789320491025, 27.453894384366492], [95.86720142351393, 27.45316619342302], [95.86288689217385, 27.45211031655498], [95.86312355423048, 27.454294889385405]]]]}}, {"type": "Feature", "properties": {"id": 141, "tea": true}, "geometry": {"type": "MultiPolygon", "coordinates": [[[[95.90368196720168, 27.472608341050655], [95.90668371917911, 27.472675948077175], [95.90673780480033, 27.47439316655075], [95.90967194975124, 27.474447252171966], [95.90992885645201, 27.47199987781199], [95.90992885645201, 27.47199987781199], [95.9120246742741, 27.47175649251652], [95.91193002443697, 27.469146861292895], [95.90792768846705, 27.468687133512567], [95.90580482783436, 27.468633047891352], [95.90319519661074, 27.46995814561112], [95.90368196720168, 27.472608341050655]]]]}}]}