{"type": "FeatureCollection", "features": [{"type": "Feature", "geometry": {"type": "Polygon", "coordinates": [[[77.19757431892798, 28.54328188096811], [77.19756063536924, 28.543279324919286], [77.19754735776037, 28.543266022243326], [77.19754537913555, 28.543241426226274], [77.19756452486433, 28.543224265466165], [77.19759786742954, 28.543224281132574], [77.19760460809606, 28.54323583791212], [77.19760473082242, 28.543261945363827], [77.19759453765032, 28.54327599840364], [77.19757431892798, 28.54328188096811]]]}, "properties": {"node": "acacia", "role": "positive", "name": "acacia", "ts": "2026-07-14T16:54:06.349836+00:00"}}, {"type": "Feature", "geometry": {"type": "Polygon", "coordinates": [[[77.17585980818671, 28.53208699981053], [77.17583046452648, 28.53208097392584], [77.1758171393552, 28.53206891694061], [77.17582103271067, 28.5320396217791], [77.17583100511519, 28.532027732759378], [77.17587129762951, 28.532029613286465], [77.1758894729336, 28.532048990948304], [77.17589265147957, 28.532064458632863], [77.17588700946732, 28.532078263194055], [77.17587854516361, 28.532083992775995], [77.17585980818671, 28.53208699981053]]]}, "properties": {"node": "acacia", "role": "positive", "name": "acacia", "ts": "2026-07-14T16:54:06.349917+00:00"}}, {"type": "Feature", "geometry": {"type": "Polygon", "coordinates": [[[77.17597518207793, 28.532083346182784], [77.17596491311133, 28.532080804033665], [77.17595213770554, 28.532065670615232], [77.17595506121435, 28.53204884198718], [77.17596489235872, 28.532040022857824], [77.17598268213196, 28.532040639973808], [77.17599701753109, 28.53205213940292], [77.17599487365557, 28.53207707574751], [77.17597518207793, 28.532083346182784]]]}, "properties": {"node": "acacia", "role": "positive", "name": "acacia", "ts": "2026-07-14T16:54:06.349968+00:00"}}, {"type": "Feature", "geometry": {"type": "Polygon", "coordinates": [[[77.17632881939905, 28.53221933027196], [77.17630752368112, 28.532217145361777], [77.17629899299187, 28.532209703247336], [77.1762955396666, 28.532190811446366], [77.1763005206265, 28.532174671628315], [77.1763224780158, 28.532159342367837], [77.17635800198231, 28.532157870655972], [77.17637052498578, 28.532170662240908], [77.1763707542071, 28.532201695815473], [77.1763558905575, 28.532214204630073], [77.17632881939905, 28.53221933027196]]]}, "properties": {"node": "acacia", "role": "positive", "name": "acacia", "ts": "2026-07-14T16:54:06.350015+00:00"}}, {"type": "Feature", "geometry": {"type": "Polygon", "coordinates": [[[77.17605338601788, 28.53210049853907], [77.17602063690157, 28.53208785066142], [77.17601216221924, 28.53207318966398], [77.17601842443048, 28.532059736055917], [77.17604817699167, 28.532055830642673], [77.17607237653979, 28.532070059143933], [77.17607466353496, 28.532091856833393], [77.17605338601788, 28.53210049853907]]]}, "properties": {"node": "acacia", "role": "positive", "name": "acacia", "ts": "2026-07-14T16:54:06.350064+00:00"}}, {"type": "Feature", "geometry": {"type": "Polygon", "coordinates": [[[77.17595898829981, 28.53191181813697], [77.1759393901794, 28.5319027488898], [77.17593956554157, 28.53188145307855], [77.1759538942489, 28.53187274231511], [77.17597968376268, 28.53187485525868], [77.17598962906956, 28.53189147762913], [77.17598779771114, 28.531901792583575], [77.17597448663014, 28.53191030659126], [77.17595898829981, 28.53191181813697]]]}, "properties": {"node": "acacia", "role": "positive", "name": "acacia", "ts": "2026-07-14T16:54:06.350111+00:00"}}, {"type": "Feature", "geometry": {"type": "Polygon", "coordinates": [[[77.17633549921439, 28.532265959514692], [77.1763198933139, 28.532262239803195], [77.17630900444424, 28.532249422018296], [77.17630436258867, 28.53223235376149], [77.17630994118053, 28.53222540726841], [77.17634214127355, 28.532221282105585], [77.17636249318689, 28.532237196273407], [77.17636105152283, 28.532256527440317], [77.17634853896242, 28.5322641264385], [77.17633549921439, 28.532265959514692]]]}, "properties": {"node": "acacia", "role": "positive", "name": "acacia", "ts": "2026-07-14T16:54:06.350157+00:00"}}, {"type": "Feature", "geometry": {"type": "Polygon", "coordinates": [[[77.17610916113303, 28.532229347477003], [77.17608871250415, 28.532218667844898], [77.17608697898525, 28.53219397409851], [77.17610580196036, 28.532175266578466], [77.17612950067878, 28.532175067164527], [77.17614117692894, 28.532186428751046], [77.17614299979509, 28.532205527140867], [77.17612440333417, 28.53222531373002], [77.17610916113303, 28.532229347477003]]]}, "properties": {"node": "acacia", "role": "positive", "name": "acacia", "ts": "2026-07-14T16:54:06.350203+00:00"}}, {"type": "Feature", "geometry": {"type": "Polygon", "coordinates": [[[77.17595043273012, 28.532171621594134], [77.17593202309338, 28.532160728807938], [77.17592907846213, 28.532146700968998], [77.17594496349295, 28.532134175829288], [77.17596212935875, 28.53213426159961], [77.17597024777754, 28.53214152989509], [77.17596961940373, 28.53216066757641], [77.175958599717, 28.532171310247453], [77.17595043273012, 28.532171621594134]]]}, "properties": {"node": "acacia", "role": "positive", "name": "acacia", "ts": "2026-07-14T16:54:06.350247+00:00"}}, {"type": "Feature", "geometry": {"type": "Polygon", "coordinates": [[[77.1760115709925, 28.532292986200755], [77.17599698272734, 28.532289069691885], [77.17598668815843, 28.532275340108562], [77.1759838999588, 28.532249039222158], [77.17599072271454, 28.5322429750458], [77.17600215798633, 28.532242611312405], [77.17601556883494, 28.532248892531637], [77.17603641451173, 28.53226894916624], [77.17603328674475, 28.53228578106923], [77.1760115709925, 28.532292986200755]]]}, "properties": {"node": "acacia", "role": "positive", "name": "acacia", "ts": "2026-07-14T16:54:06.350291+00:00"}}, {"type": "Feature", "geometry": {"type": "Polygon", "coordinates": [[[77.17603518228408, 28.53234818609015], [77.17601872965024, 28.532343036322622], [77.1760114953803, 28.532329077241414], [77.17602386746198, 28.532304698754544], [77.17603746070766, 28.532299969650037], [77.17605337838724, 28.532308917421982], [77.17605692065194, 28.532332138584163], [77.17604941428917, 28.532344709890047], [77.17603518228408, 28.53234818609015]]]}, "properties": {"node": "acacia", "role": "positive", "name": "acacia", "ts": "2026-07-14T16:54:06.350334+00:00"}}, {"type": "Feature", "geometry": {"type": "Polygon", "coordinates": [[[77.17620191648513, 28.532457391982174], [77.17618157903026, 28.53245212405826], [77.17617130666652, 28.53243947682962], [77.17617066154757, 28.532408089021704], [77.1761741233278, 28.532397567482082], [77.17618322268692, 28.532392910396773], [77.17619878781944, 28.53239464583647], [77.17621654764366, 28.532403744508482], [77.17622968312007, 28.532426450989803], [77.17622910334038, 28.53243800902764], [77.17622118104103, 28.532450226111482], [77.17620191648513, 28.532457391982174]]]}, "properties": {"node": "acacia", "role": "positive", "name": "acacia", "ts": "2026-07-14T16:54:06.350379+00:00"}}, {"type": "Feature", "geometry": {"type": "Polygon", "coordinates": [[[77.17583044562657, 28.532666712183055], [77.17581197621622, 28.532662857858856], [77.17580128050797, 28.53264949558984], [77.17579866656574, 28.532631673016773], [77.1758108081277, 28.532615959800705], [77.17583002416907, 28.532616373625398], [77.17585035384847, 28.532631205530837], [77.17584968059188, 28.53265810324401], [77.17584184758202, 28.532664724953055], [77.17583044562657, 28.532666712183055]]]}, "properties": {"node": "acacia", "role": "positive", "name": "acacia", "ts": "2026-07-14T16:54:06.350422+00:00"}}, {"type": "Feature", "geometry": {"type": "Polygon", "coordinates": [[[77.1761412392184, 28.532418124442476], [77.17612499454447, 28.532413151804224], [77.17610938527694, 28.532399326971504], [77.17610803361639, 28.532393213366475], [77.17612356573645, 28.53238340059939], [77.17615128312015, 28.53237988868037], [77.17616186761427, 28.53238783923028], [77.17616116141805, 28.53240318872629], [77.17615282316224, 28.5324150515756], [77.1761412392184, 28.532418124442476]]]}, "properties": {"node": "acacia", "role": "positive", "name": "acacia", "ts": "2026-07-14T16:54:06.350465+00:00"}}, {"type": "Feature", "geometry": {"type": "Polygon", "coordinates": [[[77.17585547197348, 28.532721167626015], [77.17584071683498, 28.53270913356552], [77.17583930995893, 28.53269038940231], [77.17585193790599, 28.532678457819426], [77.1758687175668, 28.532679632482782], [77.1758829677818, 28.532686982955145], [77.17588606108835, 28.532698301673786], [77.17587719894534, 28.53271450368373], [77.17585547197348, 28.532721167626015]]]}, "properties": {"node": "acacia", "role": "positive", "name": "acacia", "ts": "2026-07-14T16:54:06.350507+00:00"}}, {"type": "Feature", "geometry": {"type": "Polygon", "coordinates": [[[77.17592992223203, 28.53212810118276], [77.17590994890173, 28.532120661989065], [77.17589843655085, 28.53209738811017], [77.17591679540438, 28.532075981316762], [77.17594327599369, 28.532071947918016], [77.17595067780441, 28.532074175124116], [77.17596177829469, 28.532087350446965], [77.17596320741997, 28.532107176948106], [77.17594440296527, 28.53212678639794], [77.17592992223203, 28.53212810118276]]]}, "properties": {"node": "acacia", "role": "positive", "name": "acacia", "ts": "2026-07-14T16:54:06.350549+00:00"}}, {"type": "Feature", "geometry": {"type": "Polygon", "coordinates": [[[77.17620372578494, 28.53297290612122], [77.17618050992675, 28.53296678209579], [77.17614627236787, 28.53292149682905], [77.17614322051014, 28.532892312990544], [77.1761603238165, 28.532879407397115], [77.1761851889811, 28.532876302084034], [77.1762154800688, 28.53287870371264], [77.17623500019188, 28.532893909431156], [77.17624328924795, 28.532909475630596], [77.17624718821182, 28.53293016477817], [77.17624005295373, 28.532950850355736], [77.17622059111444, 28.532968304994096], [77.17620372578494, 28.53297290612122]]]}, "properties": {"node": "acacia", "role": "positive", "name": "acacia", "ts": "2026-07-14T16:54:06.350593+00:00"}}, {"type": "Feature", "geometry": {"type": "Polygon", "coordinates": [[[77.17580926810069, 28.532968582113586], [77.17579590536003, 28.532964645945384], [77.1757870257984, 28.53295017187504], [77.1757858602645, 28.53293322833512], [77.1757968985787, 28.532923487622625], [77.17582155911965, 28.53293031035774], [77.17583039419904, 28.53294261974897], [77.17582725897239, 28.532959090869074], [77.1758192402065, 28.532966617800295], [77.17580926810069, 28.532968582113586]]]}, "properties": {"node": "acacia", "role": "positive", "name": "acacia", "ts": "2026-07-14T16:54:06.350636+00:00"}}, {"type": "Feature", "geometry": {"type": "Polygon", "coordinates": [[[77.17578979007695, 28.532826159010106], [77.17576876932807, 28.53281747344352], [77.17576789703546, 28.53280485598294], [77.17578620413165, 28.532780923744827], [77.17579793308347, 28.532774961396164], [77.17580937582845, 28.53277495845534], [77.17582055831782, 28.53278217765046], [77.17582099945565, 28.53280364402868], [77.17580686338074, 28.532821735050607], [77.17578979007695, 28.532826159010106]]]}, "properties": {"node": "acacia", "role": "positive", "name": "acacia", "ts": "2026-07-14T16:54:06.350677+00:00"}}, {"type": "Feature", "geometry": {"type": "Polygon", "coordinates": [[[77.17582153583442, 28.53285957466693], [77.17581618407084, 28.53285767549847], [77.17580748283602, 28.53284193542699], [77.17580798481352, 28.532826589204564], [77.17581920922989, 28.532806018559295], [77.175836056018, 28.53280051553175], [77.17584436392323, 28.532807058999055], [77.17584159570242, 28.532841388702664], [77.17583435286316, 28.53285684296098], [77.17582153583442, 28.53285957466693]]]}, "properties": {"node": "acacia", "role": "positive", "name": "acacia", "ts": "2026-07-14T16:54:06.350720+00:00"}}, {"type": "Feature", "geometry": {"type": "Polygon", "coordinates": [[[77.1761274136079, 28.532898701633258], [77.176112324028, 28.532890281948035], [77.17611005924164, 28.53286956660113], [77.17612345605265, 28.53285527683079], [77.176141517319, 28.532849212951216], [77.17615216153351, 28.532850125026606], [77.1761567181236, 28.532863044324152], [77.17615396182617, 28.532878065782967], [77.17614141546012, 28.53289396596631], [77.1761274136079, 28.532898701633258]]]}, "properties": {"node": "acacia", "role": "positive", "name": "acacia", "ts": "2026-07-14T16:54:06.350763+00:00"}}, {"type": "Feature", "geometry": {"type": "Polygon", "coordinates": [[[77.17613228784695, 28.533066260736096], [77.17611481004231, 28.533060946968774], [77.17610248010155, 28.533047610922548], [77.17610417798855, 28.533030801938757], [77.17611888570742, 28.533020641485514], [77.1761414072002, 28.533022806770724], [77.17615102973865, 28.53303365992379], [77.1761500521878, 28.533055690385734], [77.17613228784695, 28.533066260736096]]]}, "properties": {"node": "acacia", "role": "positive", "name": "acacia", "ts": "2026-07-14T16:54:06.350804+00:00"}}, {"type": "Feature", "geometry": {"type": "Polygon", "coordinates": [[[77.1759618453669, 28.532478382674796], [77.17594911773185, 28.53247551903481], [77.1759434282591, 28.532467129114128], [77.17594422345951, 28.53245610897109], [77.17595554012375, 28.53244997276913], [77.17597192604161, 28.532451875528483], [77.17598111402086, 28.532461472518122], [77.17597792321804, 28.532475237794905], [77.1759618453669, 28.532478382674796]]]}, "properties": {"node": "acacia", "role": "positive", "name": "acacia", "ts": "2026-07-14T16:54:06.350846+00:00"}}, {"type": "Feature", "geometry": {"type": "Polygon", "coordinates": [[[77.175933365342, 28.532713242580016], [77.1759151932418, 28.532703970030937], [77.175907171915, 28.532681542450124], [77.17591207955687, 28.532641945430772], [77.17592731478341, 28.5326276262143], [77.17594553506497, 28.532639243828896], [77.17595578073416, 28.532670477763826], [77.17595156784247, 28.532704108827144], [77.17594497527551, 28.532711432456967], [77.175933365342, 28.532713242580016]]]}, "properties": {"node": "acacia", "role": "positive", "name": "acacia", "ts": "2026-07-14T16:54:06.350888+00:00"}}, {"type": "Feature", "geometry": {"type": "Polygon", "coordinates": [[[77.17627040844269, 28.533244676249577], [77.17625783306713, 28.533239283914458], [77.17625623295807, 28.533221084204826], [77.17626664732295, 28.53321081210966], [77.17628278459854, 28.53321055342306], [77.17629340626839, 28.533220307853394], [77.1762937029014, 28.533234739026565], [77.17628305089666, 28.533243390891304], [77.17627040844269, 28.533244676249577]]]}, "properties": {"node": "acacia", "role": "positive", "name": "acacia", "ts": "2026-07-14T16:54:06.350929+00:00"}}, {"type": "Feature", "geometry": {"type": "Polygon", "coordinates": [[[77.17641023856807, 28.533864081763472], [77.17640037795859, 28.53386153310834], [77.17639327701633, 28.53385406808567], [77.17639047688058, 28.533847075461697], [77.17639402396374, 28.533840702878795], [77.17641782380984, 28.533825524505104], [77.17644131120629, 28.533824967512185], [77.17644382888459, 28.533838099932076], [77.17643596214113, 28.533853022874947], [77.17642731571316, 28.53385983810846], [77.17641023856807, 28.533864081763472]]]}, "properties": {"node": "acacia", "role": "positive", "name": "acacia", "ts": "2026-07-14T16:54:06.350972+00:00"}}, {"type": "Feature", "geometry": {"type": "Polygon", "coordinates": [[[77.17649665159075, 28.532372006433764], [77.17647984972882, 28.53236974950774], [77.17646793578244, 28.53235676772145], [77.17646048235399, 28.532342090383537], [77.1764608355926, 28.53232945328265], [77.17646965650306, 28.532321191660444], [77.17649906022922, 28.532310254223155], [77.17652682207412, 28.53230890690504], [77.1765349813336, 28.532318159449968], [77.17653503229617, 28.532350459023426], [77.1765268464408, 28.532359793163252], [77.17649665159075, 28.532372006433764]]]}, "properties": {"node": "acacia", "role": "positive", "name": "acacia", "ts": "2026-07-14T16:54:06.351015+00:00"}}, {"type": "Feature", "geometry": {"type": "Polygon", "coordinates": [[[77.17661294605013, 28.532154685752992], [77.17660142921154, 28.532151080964812], [77.1765908076292, 28.532141326552864], [77.17658500317184, 28.532127344581074], [77.17658506683999, 28.53211056179305], [77.17658966888378, 28.532095871633818], [77.17660417247409, 28.532075789705075], [77.17661645105986, 28.53206675084301], [77.1766282800077, 28.53206565894954], [77.17664146064065, 28.53207068065361], [77.17664776294443, 28.53207906071876], [77.17664825924581, 28.532123082343748], [77.17663608418083, 28.53214709682493], [77.17661294605013, 28.532154685752992]]]}, "properties": {"node": "acacia", "role": "positive", "name": "acacia", "ts": "2026-07-14T16:54:06.351057+00:00"}}, {"type": "Feature", "geometry": {"type": "Polygon", "coordinates": [[[77.17645776292616, 28.53214021141894], [77.17643556487045, 28.53213389066427], [77.17641916820347, 28.532121522082615], [77.17641448892786, 28.53211257464014], [77.17641230939262, 28.532096008261043], [77.17641627270332, 28.532080065202432], [77.1764241541671, 28.532065863822837], [77.17643405572294, 28.532060472065453], [77.17646590284559, 28.532059059270566], [77.1764951235141, 28.532078981570333], [77.17649545691877, 28.53210514134729], [77.17648569965365, 28.532127493012958], [77.17647384812388, 28.532137427263077], [77.17645776292616, 28.53214021141894]]]}, "properties": {"node": "acacia", "role": "positive", "name": "acacia", "ts": "2026-07-14T16:54:06.351100+00:00"}}, {"type": "Feature", "geometry": {"type": "Polygon", "coordinates": [[[77.17614239119611, 28.531778233326932], [77.17613048812397, 28.53177571738215], [77.17610599910284, 28.53175734319786], [77.17610389042828, 28.531734279505702], [77.17614429811789, 28.531731827330145], [77.17616239185031, 28.531747236382422], [77.17616625031334, 28.531756016543152], [77.17616325640141, 28.531769417769514], [77.17614239119611, 28.531778233326932]]]}, "properties": {"node": "acacia", "role": "positive", "name": "acacia", "ts": "2026-07-14T16:54:06.351141+00:00"}}, {"type": "Feature", "geometry": {"type": "Polygon", "coordinates": [[[77.17633798015727, 28.533261457495026], [77.17632381140915, 28.533258075649496], [77.17631877916504, 28.533251840601505], [77.17632011330691, 28.533227278136327], [77.17633873584832, 28.533208754243088], [77.17635709042095, 28.533207016409673], [77.17636379357204, 28.533224953861414], [77.17636123382407, 28.533249535974374], [77.17635510170659, 28.533259378529774], [77.17633798015727, 28.533261457495026]]]}, "properties": {"node": "acacia", "role": "positive", "name": "acacia", "ts": "2026-07-14T16:54:06.351182+00:00"}}, {"type": "Feature", "geometry": {"type": "Polygon", "coordinates": [[[77.17601074198357, 28.533843418383366], [77.17599741990658, 28.53384146652842], [77.17598403886954, 28.533826703730305], [77.17598584429619, 28.533815126048985], [77.17600152528603, 28.533802604166393], [77.17601669320761, 28.533804887332895], [77.17602909367652, 28.533821650785267], [77.17602794926441, 28.533835563710113], [77.17601074198357, 28.533843418383366]]]}, "properties": {"node": "acacia", "role": "positive", "name": "acacia", "ts": "2026-07-14T16:54:06.351221+00:00"}}, {"type": "Feature", "geometry": {"type": "Polygon", "coordinates": [[[77.17667036545895, 28.531737288621517], [77.17665500499638, 28.531725625249724], [77.17664880377107, 28.531692341585217], [77.17665362489116, 28.53167836970818], [77.17666429525649, 28.53167061977103], [77.17667266275765, 28.531670124718968], [77.17668465853579, 28.531677150357634], [77.17670101715765, 28.531717489131704], [77.17669128252379, 28.531730998440874], [77.17667036545895, 28.531737288621517]]]}, "properties": {"node": "acacia", "role": "positive", "name": "acacia", "ts": "2026-07-14T16:54:06.351262+00:00"}}, {"type": "Feature", "geometry": {"type": "Polygon", "coordinates": [[[77.17671436763428, 28.53248616870859], [77.17670369378683, 28.532483813558454], [77.17669306474313, 28.532473698378016], [77.17669127143796, 28.532456043119033], [77.17670213531804, 28.53243782402656], [77.17672334949704, 28.532436040299938], [77.17673752155402, 28.532449527203955], [77.17673927036402, 28.532465017786343], [77.17672634526693, 28.53248236768455], [77.17671436763428, 28.53248616870859]]]}, "properties": {"node": "acacia", "role": "positive", "name": "acacia", "ts": "2026-07-14T16:54:06.351302+00:00"}}, {"type": "Feature", "geometry": {"type": "Polygon", "coordinates": [[[77.17680520673586, 28.53288927906696], [77.17679044747327, 28.532886989431592], [77.17678460927371, 28.532881308670962], [77.17678612503451, 28.532865585297248], [77.17679273238409, 28.53285898318781], [77.17682291591716, 28.532856153381587], [77.17684210204075, 28.53286504864727], [77.17684165584562, 28.532883100709405], [77.17680520673586, 28.53288927906696]]]}, "properties": {"node": "acacia", "role": "positive", "name": "acacia", "ts": "2026-07-14T16:54:06.351342+00:00"}}, {"type": "Feature", "geometry": {"type": "Polygon", "coordinates": [[[77.17682836811906, 28.53285299832496], [77.17680541586711, 28.532849757365412], [77.17678857000088, 28.53282548639867], [77.17678863762862, 28.53279895929936], [77.17680326365425, 28.532784830205397], [77.1768144984172, 28.532784650065395], [77.17683180902328, 28.532791770914763], [77.17685531758367, 28.532822070311767], [77.1768519890941, 28.53284901059488], [77.17682836811906, 28.53285299832496]]]}, "properties": {"node": "acacia", "role": "positive", "name": "acacia", "ts": "2026-07-14T16:54:06.351384+00:00"}}, {"type": "Feature", "geometry": {"type": "Polygon", "coordinates": [[[77.176635307313, 28.5338685935702], [77.17661046077922, 28.533862676221766], [77.17659649280613, 28.533849186041436], [77.17659480702471, 28.53383676208365], [77.17661514596713, 28.533802331114423], [77.17662975330481, 28.533797224787854], [77.17665286552806, 28.533798297815395], [77.17666140008511, 28.533805920287246], [77.1766595270902, 28.53384402507089], [77.17664813556163, 28.53386640295106], [77.176635307313, 28.5338685935702]]]}, "properties": {"node": "acacia", "role": "positive", "name": "acacia", "ts": "2026-07-14T16:54:06.351425+00:00"}}, {"type": "Feature", "geometry": {"type": "Polygon", "coordinates": [[[77.17689964705002, 28.53192705384213], [77.17687924662344, 28.531918719395073], [77.17687219799934, 28.53190385514012], [77.17687458273166, 28.5318906441185], [77.1768854351143, 28.53188180855085], [77.17692157176975, 28.53188032687099], [77.17693572522718, 28.53189291180988], [77.17693550556008, 28.531912042935993], [77.17691778228544, 28.53192459766199], [77.17689964705002, 28.53192705384213]]]}, "properties": {"node": "acacia", "role": "positive", "name": "acacia", "ts": "2026-07-14T16:54:06.351465+00:00"}}, {"type": "Feature", "geometry": {"type": "Polygon", "coordinates": [[[77.17694947574338, 28.532233740098906], [77.1769350843085, 28.532229459637662], [77.1769264348941, 28.53221624509746], [77.17692858568593, 28.532201594233914], [77.17694594868402, 28.53219139112034], [77.17695766980404, 28.532194992602943], [77.17696890765721, 28.532214842251253], [77.1769638377859, 28.532226652737645], [77.17694947574338, 28.532233740098906]]]}, "properties": {"node": "acacia", "role": "positive", "name": "acacia", "ts": "2026-07-14T16:54:06.351506+00:00"}}, {"type": "Feature", "geometry": {"type": "Polygon", "coordinates": [[[77.17694856374851, 28.531781910203307], [77.1769351862911, 28.53177725258232], [77.17692693803295, 28.53176367070935], [77.17692702047894, 28.53173786516656], [77.17693511724248, 28.53172420165528], [77.17695968112828, 28.531726334065628], [77.17698506495206, 28.53175840787312], [77.17697928188315, 28.531775282370653], [77.17694856374851, 28.531781910203307]]]}, "properties": {"node": "acacia", "role": "positive", "name": "acacia", "ts": "2026-07-14T16:54:06.351545+00:00"}}, {"type": "Feature", "geometry": {"type": "Polygon", "coordinates": [[[77.1762882816645, 28.53178798487936], [77.17627555039945, 28.531784940875987], [77.1762628346587, 28.53176276901374], [77.17626018023479, 28.53173303745537], [77.17626677272263, 28.531725713813753], [77.17629762437143, 28.531725580163325], [77.1763088512679, 28.531734963999888], [77.17630990460066, 28.53177626996718], [77.17630090911452, 28.531785977969843], [77.1762882816645, 28.53178798487936]]]}, "properties": {"node": "acacia", "role": "positive", "name": "acacia", "ts": "2026-07-14T16:54:06.351585+00:00"}}, {"type": "Feature", "geometry": {"type": "Polygon", "coordinates": [[[77.17688966454902, 28.532554635384614], [77.17687614206659, 28.532552867272646], [77.17686639312103, 28.532545805629187], [77.17685548561283, 28.532532085945768], [77.17685127815189, 28.532516273890494], [77.17685534154334, 28.532505201342364], [77.17686721903519, 28.532496529786435], [77.17688682161469, 28.532485929870013], [77.17690088271543, 28.532484080363034], [77.1769117942137, 28.53248805572851], [77.176926850132, 28.532504776522316], [77.17692749575684, 28.532526239610178], [77.17691322982225, 28.532547941803337], [77.17688966454902, 28.532554635384614]]]}, "properties": {"node": "acacia", "role": "positive", "name": "acacia", "ts": "2026-07-14T16:54:06.351626+00:00"}}, {"type": "Feature", "geometry": {"type": "Polygon", "coordinates": [[[77.17685606618203, 28.53249075379648], [77.17683550217475, 28.53248440691033], [77.17681193778087, 28.532461326364263], [77.17681005544821, 28.532439341756938], [77.17682291348008, 28.532428669542973], [77.17686744384417, 28.53242795552974], [77.17688331710161, 28.5324347385239], [77.17689043280963, 28.532442925084133], [77.17689408681039, 28.53246163319809], [77.17688963343288, 28.532473614245927], [77.17687273084307, 28.532486336258653], [77.17685606618203, 28.53249075379648]]]}, "properties": {"node": "acacia", "role": "positive", "name": "acacia", "ts": "2026-07-14T16:54:06.351667+00:00"}}, {"type": "Feature", "geometry": {"type": "Polygon", "coordinates": [[[77.17702068878272, 28.53257671456615], [77.17700552102521, 28.532574431503107], [77.17699111868723, 28.532559685178423], [77.17698869769042, 28.532541318194536], [77.17699346288762, 28.532534565166866], [77.17701830568254, 28.53253037736912], [77.17703319471535, 28.532538980618035], [77.17704165818091, 28.532563025075433], [77.17703368033425, 28.532572536358025], [77.17702068878272, 28.53257671456615]]]}, "properties": {"node": "acacia", "role": "positive", "name": "acacia", "ts": "2026-07-14T16:54:06.351707+00:00"}}, {"type": "Feature", "geometry": {"type": "Polygon", "coordinates": [[[77.17706219014829, 28.532935503595553], [77.17704430379004, 28.532930196500583], [77.17703989201267, 28.532914387730067], [77.17705235266445, 28.532904263213176], [77.17707010548789, 28.53290307628244], [77.17708128065176, 28.53290993458894], [77.17708402119365, 28.532923965667646], [77.1770762253395, 28.532932391340374], [77.17706219014829, 28.532935503595553]]]}, "properties": {"node": "acacia", "role": "positive", "name": "acacia", "ts": "2026-07-14T16:54:06.351748+00:00"}}, {"type": "Feature", "geometry": {"type": "Polygon", "coordinates": [[[77.17639386680874, 28.53229227165839], [77.1763793159438, 28.53228023438125], [77.17637703629528, 28.532258797480484], [77.17639120219495, 28.53223222481765], [77.17640542304653, 28.532228207412594], [77.17641677640844, 28.53223379977834], [77.17642581205, 28.53224592546706], [77.17642707069847, 28.53225745403303], [77.17641314986032, 28.532286007711015], [77.17639386680874, 28.53229227165839]]]}, "properties": {"node": "acacia", "role": "positive", "name": "acacia", "ts": "2026-07-14T16:54:06.351788+00:00"}}, {"type": "Feature", "geometry": {"type": "Polygon", "coordinates": [[[77.17660662266864, 28.532582631956604], [77.17657853411242, 28.53257802971139], [77.17657266998378, 28.532571086212318], [77.17657180130803, 28.532558649151234], [77.17658177366918, 28.532546760079107], [77.17660159539041, 28.532536878485587], [77.1766244696942, 28.532536331301294], [77.17662678617903, 28.532569496795748], [77.17662103669959, 28.53257807008314], [77.17660662266864, 28.532582631956604]]]}, "properties": {"node": "acacia", "role": "positive", "name": "acacia", "ts": "2026-07-14T16:54:06.351828+00:00"}}, {"type": "Feature", "geometry": {"type": "Polygon", "coordinates": [[[77.17677680566672, 28.53252161831901], [77.17676260363108, 28.532516613007683], [77.17676231436025, 28.53250254261675], [77.17677323756975, 28.53248720975314], [77.17678465060875, 28.532485763614755], [77.17679649785188, 28.53249549835688], [77.17679777138002, 28.532507748475137], [77.17679062542047, 28.532517968202058], [77.17677680566672, 28.53252161831901]]]}, "properties": {"node": "acacia", "role": "positive", "name": "acacia", "ts": "2026-07-14T16:54:06.351868+00:00"}}, {"type": "Feature", "geometry": {"type": "Polygon", "coordinates": [[[77.17691319622688, 28.533082973844003], [77.17690333939088, 28.53308060561144], [77.17688892957476, 28.533065498500704], [77.17688747058007, 28.53304422890527], [77.17691234372506, 28.533021634830824], [77.1769304791459, 28.53301917863916], [77.17694014626882, 28.533032196406992], [77.17693718553716, 28.533057145854094], [77.17692880254204, 28.533076768776063], [77.17691319622688, 28.533082973844003]]]}, "properties": {"node": "acacia", "role": "positive", "name": "acacia", "ts": "2026-07-14T16:54:06.351909+00:00"}}, {"type": "Feature", "geometry": {"type": "Polygon", "coordinates": [[[77.1768895395109, 28.53303553417495], [77.17687574593783, 28.533030522329025], [77.1768571320728, 28.53300970825485], [77.17685633410728, 28.532990773897268], [77.17686094327766, 28.532986369213305], [77.17689707289225, 28.532984526740442], [77.17691756625489, 28.532997370912234], [77.17691900698645, 28.533007813856013], [77.17691181251503, 28.53302561322829], [77.17690116058408, 28.533034265137914], [77.1768895395109, 28.53303553417495]]]}, "properties": {"node": "acacia", "role": "positive", "name": "acacia", "ts": "2026-07-14T16:54:06.351949+00:00"}}, {"type": "Feature", "geometry": {"type": "Polygon", "coordinates": [[[77.17687872992649, 28.53363281345612], [77.17686993147876, 28.53363223274255], [77.17685964407622, 28.53361886402044], [77.17685700822607, 28.533580109738157], [77.17688267632172, 28.533556420224375], [77.17690060014645, 28.533553606528148], [77.1769204363064, 28.53356429584399], [77.17692315432319, 28.533587169289866], [77.17690242552571, 28.53362250879748], [77.17689035848294, 28.53363190519569], [77.17687872992649, 28.53363281345612]]]}, "properties": {"node": "acacia", "role": "positive", "name": "acacia", "ts": "2026-07-14T16:54:06.351990+00:00"}}, {"type": "Feature", "geometry": {"type": "Polygon", "coordinates": [[[77.176942169249, 28.53347841449658], [77.17692124471917, 28.533474419250673], [77.1769128847706, 28.533465350402206], [77.17691383592255, 28.533451981919995], [77.17692811281977, 28.533440745594152], [77.17694735867697, 28.533442602368815], [77.17696013068948, 28.533457555284308], [77.17695902720085, 28.533473452496185], [77.176942169249, 28.53347841449658]]]}, "properties": {"node": "acacia", "role": "positive", "name": "acacia", "ts": "2026-07-14T16:54:06.352029+00:00"}}, {"type": "Feature", "geometry": {"type": "Polygon", "coordinates": [[[77.17692950504721, 28.533190440422153], [77.17691798808453, 28.53318683566808], [77.1769094238915, 28.53317777009328], [77.17690616327985, 28.533168258576815], [77.17690921275802, 28.53315756318348], [77.17694318104974, 28.533149980982984], [77.17695425608959, 28.533151968779883], [77.17695895029779, 28.533161637755832], [77.1769555590489, 28.533175586713636], [77.1769437593818, 28.533188046461586], [77.17692950504721, 28.533190440422153]]]}, "properties": {"node": "acacia", "role": "positive", "name": "acacia", "ts": "2026-07-14T16:54:06.352069+00:00"}}, {"type": "Feature", "geometry": {"type": "Polygon", "coordinates": [[[77.17717368560838, 28.53199790675302], [77.17715295821746, 28.531993547471654], [77.17713847434325, 28.531974832587146], [77.17713736822517, 28.53195085059782], [77.17715143348268, 28.531929332051504], [77.1771773976113, 28.531929998372895], [77.17720141128947, 28.5319550565932], [77.17720203470317, 28.531975437340982], [77.1771971431701, 28.531985981831536], [77.17718508004107, 28.531995558636076], [77.17717368560838, 28.53199790675302]]]}, "properties": {"node": "acacia", "role": "positive", "name": "acacia", "ts": "2026-07-14T16:54:06.352110+00:00"}}, {"type": "Feature", "geometry": {"type": "Polygon", "coordinates": [[[77.17715272878941, 28.532528943541813], [77.17713362801807, 28.532524197278143], [77.17712260894166, 28.532514990633256], [77.17711856464729, 28.53250711573009], [77.17712210819798, 28.53249063803938], [77.17715812290506, 28.532473278726606], [77.1771877306033, 28.53247226256867], [77.17720172838209, 28.53247727111058], [77.17720872887344, 28.5324897902782], [77.17720473574451, 28.532514214939216], [77.17718881743525, 28.532525116714577], [77.17715272878941, 28.532528943541813]]]}, "properties": {"node": "acacia", "role": "positive", "name": "acacia", "ts": "2026-07-14T16:54:06.352150+00:00"}}, {"type": "Feature", "geometry": {"type": "Polygon", "coordinates": [[[77.17712684768067, 28.53247269757762], [77.17711608480698, 28.53246601311028], [77.17710191667474, 28.532442781935153], [77.17709901320826, 28.532410889010322], [77.17710380435702, 28.53240539870648], [77.17712402314459, 28.532404894023415], [77.17713965505287, 28.532409876366753], [77.17715639335525, 28.532428915992615], [77.17715214772738, 28.532450998864025], [77.17713640375516, 28.53247037894352], [77.17712684768067, 28.53247269757762]]]}, "properties": {"node": "acacia", "role": "positive", "name": "acacia", "ts": "2026-07-14T16:54:06.352191+00:00"}}, {"type": "Feature", "geometry": {"type": "Polygon", "coordinates": [[[77.17711189049244, 28.53293777422157], [77.17710026598473, 28.532928938184003], [77.17709976126774, 28.53291432990408], [77.17711655235604, 28.53290612087669], [77.17713086599579, 28.532906613131853], [77.17713510344912, 28.53291394358885], [77.17713131482003, 28.53292844027009], [77.17712429895137, 28.53293504894657], [77.17711189049244, 28.53293777422157]]]}, "properties": {"node": "acacia", "role": "positive", "name": "acacia", "ts": "2026-07-14T16:54:06.352230+00:00"}}, {"type": "Feature", "geometry": {"type": "Polygon", "coordinates": [[[77.17730945455448, 28.53191290329566], [77.17728036708066, 28.531909399904457], [77.17726768054257, 28.53189859596864], [77.17726113363838, 28.53186838551863], [77.17727045596556, 28.531854702334247], [77.17728915575414, 28.53184989121341], [77.17732065360629, 28.53185137100696], [77.17733731789987, 28.531856878120855], [77.17735167195745, 28.531869279348335], [77.17735306795075, 28.531887482315256], [77.17734535750817, 28.5319000569595], [77.17732943559304, 28.53191077835687], [77.17730945455448, 28.53191290329566]]]}, "properties": {"node": "acacia", "role": "positive", "name": "acacia", "ts": "2026-07-14T16:54:06.352273+00:00"}}, {"type": "Feature", "geometry": {"type": "Polygon", "coordinates": [[[77.17733838173434, 28.53239550150646], [77.17732473314372, 28.532387600193324], [77.1773178478856, 28.532370748406368], [77.17732417695639, 28.532350617056796], [77.17734119817337, 28.532343667457727], [77.1773508580988, 28.53234639971709], [77.17736645267183, 28.53235950284044], [77.17736919694141, 28.53237371430271], [77.17735667678748, 28.53239087731325], [77.17733838173434, 28.53239550150646]]]}, "properties": {"node": "acacia", "role": "positive", "name": "acacia", "ts": "2026-07-14T16:54:06.352314+00:00"}}, {"type": "Feature", "geometry": {"type": "Polygon", "coordinates": [[[77.17728249328881, 28.53213203995451], [77.17727074620096, 28.532127175773127], [77.17726026947999, 28.532114531907645], [77.17726211580363, 28.532095013798497], [77.1772790405405, 28.532083374080003], [77.17729239950312, 28.532087129716086], [77.17731189340388, 28.532110997256233], [77.1773018170545, 28.53212776017044], [77.17728249328881, 28.53213203995451]]]}, "properties": {"node": "acacia", "role": "positive", "name": "acacia", "ts": "2026-07-14T16:54:06.352354+00:00"}}, {"type": "Feature", "geometry": {"type": "Polygon", "coordinates": [[[77.1772924180885, 28.532535184433517], [77.17726123954093, 28.532529368743152], [77.17724658443599, 28.532522205360824], [77.17722472111144, 28.53249242099465], [77.1772235036789, 28.53246302732189], [77.17723030411587, 28.53245588074905], [77.17725481649181, 28.532445562939948], [77.17726312865544, 28.532432437302575], [77.17727566342012, 28.532425920560136], [77.17729073100368, 28.532423333075574], [77.17732134494177, 28.53243150365319], [77.17734655171593, 28.532425144570574], [77.17735735145506, 28.532443557616403], [77.1773589282785, 28.53251029847629], [77.17734873319594, 28.532521288928933], [77.1773286813201, 28.532529911176784], [77.1772924180885, 28.532535184433517]]]}, "properties": {"node": "acacia", "role": "positive", "name": "acacia", "ts": "2026-07-14T16:54:06.352405+00:00"}}, {"type": "Feature", "geometry": {"type": "Polygon", "coordinates": [[[77.17732205853294, 28.532108488393497], [77.17730265711994, 28.532099055296722], [77.1772941862218, 28.532074650076133], [77.17731606578317, 28.53204560778011], [77.1773380524205, 28.532041646183426], [77.17734417994126, 28.53206139730822], [77.17734224411797, 28.532096435472642], [77.17733224220899, 28.532106881477873], [77.17732205853294, 28.532108488393497]]]}, "properties": {"node": "acacia", "role": "positive", "name": "acacia", "ts": "2026-07-14T16:54:06.352445+00:00"}}, {"type": "Feature", "geometry": {"type": "Polygon", "coordinates": [[[77.17760542796641, 28.532315068882184], [77.17758789457811, 28.532307049458375], [77.1775902314335, 28.53227164396382], [77.17760570031723, 28.532258764413292], [77.17763553447205, 28.53225882722187], [77.17764709194901, 28.532274340904944], [77.17764532360742, 28.532297647195225], [77.17762945360879, 28.53231089408222], [77.17760542796641, 28.532315068882184]]]}, "properties": {"node": "acacia", "role": "positive", "name": "acacia", "ts": "2026-07-14T16:54:06.352484+00:00"}}, {"type": "Feature", "geometry": {"type": "Polygon", "coordinates": [[[77.17756235149652, 28.53257524553428], [77.17754731380074, 28.532569351465416], [77.17752939105468, 28.532532466434628], [77.17752928020316, 28.532507205347084], [77.17754705172159, 28.532496995604784], [77.17756937626702, 28.532499524713], [77.1775859068981, 28.532508462467042], [77.17759824415255, 28.53253208385213], [77.17759759381616, 28.532550139186906], [77.17759039948714, 28.53256793858837], [77.17758418961274, 28.532573993011802], [77.17756235149652, 28.53257524553428]]]}, "properties": {"node": "acacia", "role": "positive", "name": "acacia", "ts": "2026-07-14T16:54:06.352524+00:00"}}, {"type": "Feature", "geometry": {"type": "Polygon", "coordinates": [[[77.17745173493545, 28.53225383549597], [77.17744041861981, 28.532250047115465], [77.17743205502336, 28.532240797905082], [77.17743028038483, 28.532214119907916], [77.17744711585395, 28.53220807552092], [77.17746203107056, 28.53220801674908], [77.17748130986475, 28.532221421667362], [77.17748611536632, 28.53223650231236], [77.17747495834197, 28.53225039538668], [77.17745173493545, 28.53225383549597]]]}, "properties": {"node": "acacia", "role": "positive", "name": "acacia", "ts": "2026-07-14T16:54:06.352563+00:00"}}, {"type": "Feature", "geometry": {"type": "Polygon", "coordinates": [[[77.17751189782449, 28.532884081287964], [77.17750039571914, 28.532881198140558], [77.17749245915043, 28.5328728443327], [77.17749095158734, 28.53285915438625], [77.17749762218223, 28.532845694166443], [77.17750832227222, 28.532839387277342], [77.17753883246702, 28.532842506891217], [77.17754598535286, 28.532852497307594], [77.177545498468, 28.53286856508078], [77.1775302226311, 28.532880900183674], [77.17751189782449, 28.532884081287964]]]}, "properties": {"node": "acacia", "role": "positive", "name": "acacia", "ts": "2026-07-14T16:54:06.352604+00:00"}}, {"type": "Feature", "geometry": {"type": "Polygon", "coordinates": [[[77.17388342352307, 28.52842108450658], [77.17386188118977, 28.528415635227272], [77.17384058979093, 28.5284011043588], [77.17383611188993, 28.52837471590785], [77.17386066106538, 28.52834554503534], [77.17389798328455, 28.528342050374615], [77.17391107526672, 28.528351304604314], [77.17392095492622, 28.528374516327375], [77.17392109303982, 28.52839189669259], [77.17390301486694, 28.528416714893243], [77.17388342352307, 28.52842108450658]]]}, "properties": {"node": "acacia", "role": "positive", "name": "acacia", "ts": "2026-07-14T16:54:06.352644+00:00"}}, {"type": "Feature", "geometry": {"type": "Polygon", "coordinates": [[[77.17326462223687, 28.528210811377328], [77.1732474164329, 28.52820355432702], [77.17323832350952, 28.528186703568604], [77.1732389483101, 28.528174525761], [77.17324995457379, 28.52816739655982], [77.17327857610904, 28.52816616587399], [77.1732936552843, 28.52817635405744], [77.17329318898521, 28.528196254919532], [77.1732837961739, 28.528207414234018], [77.17326462223687, 28.528210811377328]]]}, "properties": {"node": "acacia", "role": "positive", "name": "acacia", "ts": "2026-07-14T16:54:06.352688+00:00"}}, {"type": "Feature", "geometry": {"type": "Polygon", "coordinates": [[[77.1732080099581, 28.5281694199082], [77.1731417769902, 28.52816005046432], [77.1731166426492, 28.528139400510177], [77.17311667573226, 28.528119699720826], [77.17313725380531, 28.52809947696236], [77.17316680194494, 28.528090119598513], [77.17319017692141, 28.528088972906406], [77.1732121880693, 28.52809595991114], [77.17322608238479, 28.528112347541075], [77.17323105280289, 28.528141432093136], [77.17322171081577, 28.52816572409599], [77.1732080099581, 28.5281694199082]]]}, "properties": {"node": "acacia", "role": "positive", "name": "acacia", "ts": "2026-07-14T16:54:06.352729+00:00"}}, {"type": "Feature", "geometry": {"type": "Polygon", "coordinates": [[[77.17340356123714, 28.528257258620226], [77.17338973753591, 28.52825496908419], [77.17337753984557, 28.528246666185595], [77.17337539407615, 28.528238009243218], [77.17338266025712, 28.528229781060944], [77.17343222506264, 28.52821546787081], [77.17346162130494, 28.528220018937997], [77.1734620254996, 28.528239712724847], [77.17344671844971, 28.528250387304823], [77.17342977812494, 28.528256066393805], [77.17340356123714, 28.528257258620226]]]}, "properties": {"node": "acacia", "role": "positive", "name": "acacia", "ts": "2026-07-14T16:54:06.352770+00:00"}}, {"type": "Feature", "geometry": {"type": "Polygon", "coordinates": [[[77.17332788851425, 28.528246108978102], [77.17331731220825, 28.528242222335635], [77.1732987716591, 28.528223205130146], [77.1732954978796, 28.528202205295425], [77.17330154423799, 28.52818781616932], [77.17331891848238, 28.528171314322734], [77.17333591427517, 28.52816833831697], [77.17336910538599, 28.52818731414457], [77.17337380902465, 28.5282247079705], [77.17337027499725, 28.52823364897029], [77.17336207495282, 28.528238995003658], [77.17332788851425, 28.528246108978102]]]}, "properties": {"node": "acacia", "role": "positive", "name": "acacia", "ts": "2026-07-14T16:54:06.352811+00:00"}}, {"type": "Feature", "geometry": {"type": "Polygon", "coordinates": [[[77.17383620107466, 28.52854950594824], [77.17382609760573, 28.52854735003473], [77.17381960740255, 28.52854011463665], [77.17382113888895, 28.52851884474487], [77.1738381194829, 28.528504473673195], [77.17385691965055, 28.528504172667777], [77.17386849725806, 28.528514223706157], [77.17386745117149, 28.528527180817594], [77.17385184959716, 28.52854481318924], [77.17383620107466, 28.52854950594824]]]}, "properties": {"node": "acacia", "role": "positive", "name": "acacia", "ts": "2026-07-14T16:54:06.352851+00:00"}}, {"type": "Feature", "geometry": {"type": "Polygon", "coordinates": [[[77.17311289055704, 28.528627911108764], [77.17309670640941, 28.52861716117362], [77.17309569073075, 28.52858897902016], [77.17310872463047, 28.52857409178424], [77.1731347190348, 28.528572710032943], [77.1731517174869, 28.52859117252177], [77.17315544431818, 28.5286129376673], [77.17313948136274, 28.528623622713575], [77.17311289055704, 28.528627911108764]]]}, "properties": {"node": "acacia", "role": "positive", "name": "acacia", "ts": "2026-07-14T16:54:06.352891+00:00"}}, {"type": "Feature", "geometry": {"type": "Polygon", "coordinates": [[[77.17333317785999, 28.528386630074017], [77.1733137542587, 28.52837786341545], [77.17331073077519, 28.528358404693645], [77.1733183351205, 28.528345342606936], [77.1733383280299, 28.528339228389], [77.1733663248237, 28.528350175489276], [77.17337289753247, 28.52837208821337], [77.17337081053228, 28.52837695011492], [77.17335475649624, 28.528383194427693], [77.17333317785999, 28.528386630074017]]]}, "properties": {"node": "acacia", "role": "positive", "name": "acacia", "ts": "2026-07-14T16:54:06.352933+00:00"}}, {"type": "Feature", "geometry": {"type": "Polygon", "coordinates": [[[77.17343090617105, 28.528524126342933], [77.17340886321902, 28.528515594769008], [77.17339332761952, 28.528493825520833], [77.17339456529572, 28.52846889067791], [77.17340328644592, 28.52845696954818], [77.173415198853, 28.52845137094624], [77.17345116128325, 28.528456203183676], [77.17346705088372, 28.52847391082308], [77.17346730053657, 28.528486074632124], [77.17346037183495, 28.52850009160982], [77.17344306096675, 28.52851968269689], [77.17343090617105, 28.528524126342933]]]}, "properties": {"node": "acacia", "role": "positive", "name": "acacia", "ts": "2026-07-14T16:54:06.352973+00:00"}}, {"type": "Feature", "geometry": {"type": "Polygon", "coordinates": [[[77.17313105769261, 28.5282770716097], [77.1731097617602, 28.528272970242984], [77.17309285053457, 28.528258755425455], [77.17309007343655, 28.52824064473192], [77.17309728813457, 28.528229906570665], [77.17313066751854, 28.528226088947797], [77.17314836600131, 28.528236042084657], [77.1731547524365, 28.528248880232603], [77.17315374192175, 28.528263575031037], [77.17314542231011, 28.52827375146046], [77.17313105769261, 28.5282770716097]]]}, "properties": {"node": "acacia", "role": "positive", "name": "acacia", "ts": "2026-07-14T16:54:06.353013+00:00"}}, {"type": "Feature", "geometry": {"type": "Polygon", "coordinates": [[[77.17360755364037, 28.52889483078909], [77.17358623379056, 28.528889571047422], [77.17356833304434, 28.52886977108495], [77.17356813950072, 28.52884968764905], [77.17358576871847, 28.528824297256612], [77.17362403292132, 28.52882407096027], [77.17363223235799, 28.52882934760617], [77.17363885731402, 28.52884314760691], [77.17364437671047, 28.528867008573478], [77.17363988836112, 28.528882724748815], [77.17362564257444, 28.528891837242845], [77.17360755364037, 28.52889483078909]]]}, "properties": {"node": "acacia", "role": "positive", "name": "acacia", "ts": "2026-07-14T16:54:06.353501+00:00"}}, {"type": "Feature", "geometry": {"type": "Polygon", "coordinates": [[[77.17311545960769, 28.52842275552997], [77.17310096422092, 28.528419704156505], [77.17308773362383, 28.528403692171864], [77.17308196338506, 28.528388912760782], [77.17308092394462, 28.528359572147675], [77.17309646292964, 28.52832822793651], [77.17312669865169, 28.528320404692575], [77.1731337693342, 28.528323961179407], [77.17314285036834, 28.528340232715635], [77.17314783197679, 28.528380519199345], [77.17314422988049, 28.528396800595655], [77.17313256707703, 28.528414562986168], [77.17312462523383, 28.52842183627136], [77.17311545960769, 28.52842275552997]]]}, "properties": {"node": "acacia", "role": "positive", "name": "acacia", "ts": "2026-07-14T16:54:06.353559+00:00"}}, {"type": "Feature", "geometry": {"type": "Polygon", "coordinates": [[[77.17379661933876, 28.529060801142705], [77.17377308958974, 28.529054417975598], [77.1737439611444, 28.52902031231869], [77.17374257878264, 28.529006235249767], [77.17374776257671, 28.528992439334804], [77.1737695090226, 28.52897586742976], [77.17381453822081, 28.52897495334805], [77.17383598827732, 28.52899720726427], [77.17383575135592, 28.529038929239363], [77.17381251032589, 28.52905726334196], [77.17379661933876, 28.529060801142705]]]}, "properties": {"node": "acacia", "role": "positive", "name": "acacia", "ts": "2026-07-14T16:54:06.353604+00:00"}}, {"type": "Feature", "geometry": {"type": "Polygon", "coordinates": [[[77.17328485255962, 28.529036739534614], [77.17323329745922, 28.529028680328885], [77.17321953377105, 28.52901866422792], [77.17320715044822, 28.5289906640319], [77.17320506942791, 28.528963850912376], [77.17320638175228, 28.52895320721935], [77.17322164137657, 28.52894021574444], [77.17325293463512, 28.528930637281366], [77.1732782772627, 28.52892945907178], [77.17332970088542, 28.528941769441683], [77.17334037236564, 28.52895028991107], [77.1733466380015, 28.528989203848315], [77.17334003089043, 28.52900823730697], [77.17331228618824, 28.52903089249301], [77.17328485255962, 28.529036739534614]]]}, "properties": {"node": "acacia", "role": "positive", "name": "acacia", "ts": "2026-07-14T16:54:06.353651+00:00"}}, {"type": "Feature", "geometry": {"type": "Polygon", "coordinates": [[[77.17383548555068, 28.52848269105332], [77.17383021124945, 28.528481423520198], [77.17381805771774, 28.52846462180801], [77.17381654060382, 28.528443980145063], [77.17383129152526, 28.528427520235557], [77.17384654245173, 28.52842476524099], [77.17386073081973, 28.52844481774687], [77.17386175920424, 28.528462956417332], [77.17385438145412, 28.528476401183593], [77.17383548555068, 28.52848269105332]]]}, "properties": {"node": "acacia", "role": "positive", "name": "acacia", "ts": "2026-07-14T16:54:06.353692+00:00"}}, {"type": "Feature", "geometry": {"type": "Polygon", "coordinates": [[[77.17323860719766, 28.52922347336633], [77.17322009750161, 28.529216623470077], [77.17321504709135, 28.529194300095696], [77.17322961129867, 28.529179388352404], [77.1732521081187, 28.529178062556987], [77.173264802566, 28.5291892546072], [77.17326664585987, 28.529204483143587], [77.1732547009903, 28.529219159824123], [77.17323860719766, 28.52922347336633]]]}, "properties": {"node": "acacia", "role": "positive", "name": "acacia", "ts": "2026-07-14T16:54:06.353732+00:00"}}, {"type": "Feature", "geometry": {"type": "Polygon", "coordinates": [[[77.1732991425147, 28.529210916005226], [77.17327793819472, 28.529200632733954], [77.17325757332063, 28.529177975077378], [77.17325469246312, 28.529165467105425], [77.17325985255358, 28.529150512747464], [77.17327458384415, 28.52913308750831], [77.17329062214613, 28.529126070893877], [77.17330875471937, 28.529125201227046], [77.17332931112765, 28.52913588114483], [77.17334539498772, 28.529163049532603], [77.17334046540503, 28.52917857962283], [77.17332040364562, 28.529202656946488], [77.1732991425147, 28.529210916005226]]]}, "properties": {"node": "acacia", "role": "positive", "name": "acacia", "ts": "2026-07-14T16:54:06.353774+00:00"}}, {"type": "Feature", "geometry": {"type": "Polygon", "coordinates": [[[77.1736863266586, 28.529248753657917], [77.17366681108368, 28.52924616900216], [77.17365617917959, 28.529239579324724], [77.17365027739169, 28.529229051124485], [77.17364986918221, 28.52920916426668], [77.17365670214932, 28.529201136144287], [77.17367187789033, 28.529194712713874], [77.17370335744921, 28.52919420873074], [77.17371908867632, 28.529204193279273], [77.17372293914171, 28.529221321069215], [77.17370393087359, 28.529243450182598], [77.1736863266586, 28.529248753657917]]]}, "properties": {"node": "acacia", "role": "positive", "name": "acacia", "ts": "2026-07-14T16:54:06.353815+00:00"}}, {"type": "Feature", "geometry": {"type": "Polygon", "coordinates": [[[77.17340188043103, 28.529272814420498], [77.17338755267099, 28.52925662689606], [77.17338737500671, 28.529237315764426], [77.17340080256304, 28.52922029766131], [77.17341936444114, 28.52921903482739], [77.17342942768674, 28.529229882701713], [77.17342992699965, 28.52925421031766], [77.17341927002133, 28.529267707556897], [77.17340188043103, 28.529272814420498]]]}, "properties": {"node": "acacia", "role": "positive", "name": "acacia", "ts": "2026-07-14T16:54:06.353855+00:00"}}, {"type": "Feature", "geometry": {"type": "Polygon", "coordinates": [[[77.17352256203976, 28.529239400744068], [77.17350403647345, 28.529231778582492], [77.1734808534188, 28.529210324914956], [77.17347300860416, 28.529190363963007], [77.17347387972367, 28.529179534191794], [77.1734867273787, 28.529155572333014], [77.17349817093768, 28.529148436108905], [77.17351930061558, 28.52914442819883], [77.17353619287375, 28.52914705487269], [77.1735437404716, 28.529152535097783], [77.17355585441791, 28.529167406067998], [77.17356106406011, 28.52918682978173], [77.17356116249464, 28.529202279385522], [77.17354897860245, 28.529226616904214], [77.1735367517554, 28.529238207886362], [77.17352256203976, 28.529239400744068]]]}, "properties": {"node": "acacia", "role": "positive", "name": "acacia", "ts": "2026-07-14T16:54:06.353899+00:00"}}, {"type": "Feature", "geometry": {"type": "Polygon", "coordinates": [[[77.17360344459314, 28.529014256935824], [77.17359066230769, 28.52900943993554], [77.17358212139646, 28.528998181422168], [77.17358101378748, 28.52897618122249], [77.17358825225708, 28.528966601494023], [77.17360639732546, 28.528955688321567], [77.17365711031677, 28.52895468329951], [77.17366351271419, 28.528968293721718], [77.17365644466794, 28.52898617573454], [77.17363692390906, 28.5290046433877], [77.17360344459314, 28.529014256935824]]]}, "properties": {"node": "acacia", "role": "positive", "name": "acacia", "ts": "2026-07-14T16:54:06.353940+00:00"}}, {"type": "Feature", "geometry": {"type": "Polygon", "coordinates": [[[77.17371791870173, 28.529498750099812], [77.17370272769313, 28.52949377853719], [77.17368159524631, 28.52947634801242], [77.17368041626551, 28.52945087244336], [77.17368879535766, 28.52944359212471], [77.17370998453457, 28.529442480326438], [77.17373657885177, 28.529449007576112], [77.17374368926468, 28.529454494788098], [77.17374639121508, 28.529468937008314], [77.17374289681972, 28.52947980877953], [77.17372857503915, 28.529495875533275], [77.17371791870173, 28.529498750099812]]]}, "properties": {"node": "acacia", "role": "positive", "name": "acacia", "ts": "2026-07-14T16:54:06.353980+00:00"}}, {"type": "Feature", "geometry": {"type": "Polygon", "coordinates": [[[77.17383707257922, 28.528805015869082], [77.17381368222486, 28.528794767680154], [77.1738111796982, 28.528768733882565], [77.17383382429914, 28.528753306427294], [77.1738608879827, 28.528750748577032], [77.17386919840284, 28.528761431344012], [77.17386625223146, 28.528777702252924], [77.17385031645932, 28.52880036160923], [77.17383707257922, 28.528805015869082]]]}, "properties": {"node": "acacia", "role": "positive", "name": "acacia", "ts": "2026-07-14T16:54:06.354020+00:00"}}, {"type": "Feature", "geometry": {"type": "Polygon", "coordinates": [[[77.1735128031194, 28.52958431141301], [77.1734910617661, 28.529579830968665], [77.17347765990183, 28.529566139450907], [77.17348214101843, 28.529539414430726], [77.17348873955781, 28.52953061750969], [77.17350110514619, 28.529525784200697], [77.17351203558407, 28.52952560921927], [77.1735233114472, 28.529531609178818], [77.17353420889809, 28.52955113497702], [77.17352968420107, 28.52957573615895], [77.1735128031194, 28.52958431141301]]]}, "properties": {"node": "acacia", "role": "positive", "name": "acacia", "ts": "2026-07-14T16:54:06.354061+00:00"}}, {"type": "Feature", "geometry": {"type": "Polygon", "coordinates": [[[77.1732485821991, 28.529624271845837], [77.17323958356747, 28.529622677626765], [77.17323010876466, 28.5296085369447], [77.17322456100041, 28.529593947123907], [77.17322586540126, 28.529582917278617], [77.17324130409217, 28.529567991535302], [77.17327142060437, 28.52956499864921], [77.17328390045652, 28.529576387269994], [77.17328422076022, 28.52960264914959], [77.17326839636641, 28.529620091888432], [77.1732485821991, 28.529624271845837]]]}, "properties": {"node": "acacia", "role": "positive", "name": "acacia", "ts": "2026-07-14T16:54:06.354103+00:00"}}, {"type": "Feature", "geometry": {"type": "Polygon", "coordinates": [[[77.17334813780197, 28.529286035654323], [77.17332773590398, 28.52928288571813], [77.17331653603296, 28.52926993149289], [77.17330179551166, 28.529244286717645], [77.17330645101829, 28.529226057059088], [77.17334029169496, 28.529223390827937], [77.17337100713195, 28.52923892975305], [77.17338504098709, 28.529251452328804], [77.17338451857799, 28.52927927281622], [77.17337652121442, 28.529283843049367], [77.17334813780197, 28.529286035654323]]]}, "properties": {"node": "acacia", "role": "positive", "name": "acacia", "ts": "2026-07-14T16:54:06.354144+00:00"}}, {"type": "Feature", "geometry": {"type": "Polygon", "coordinates": [[[77.1733428338057, 28.529059567617423], [77.17332702734444, 28.529045914571597], [77.17332535906571, 28.529028558697036], [77.17333711699843, 28.529015430121582], [77.17335498735531, 28.52901244010924], [77.17336235199043, 28.52901966153187], [77.17336321320884, 28.529040313700676], [77.17335415782333, 28.529057261813033], [77.1733428338057, 28.529059567617423]]]}, "properties": {"node": "acacia", "role": "positive", "name": "acacia", "ts": "2026-07-14T16:54:06.354183+00:00"}}, {"type": "Feature", "geometry": {"type": "Polygon", "coordinates": [[[77.17380141111337, 28.528953338731764], [77.17378795715156, 28.528947759945115], [77.1737810699643, 28.528931839614177], [77.17378128522944, 28.528921020342437], [77.17379461297801, 28.52890979799365], [77.1738043070107, 28.528913312441567], [77.17382082420254, 28.528940280692662], [77.17381663437148, 28.52894923220266], [77.17380141111337, 28.528953338731764]]]}, "properties": {"node": "acacia", "role": "positive", "name": "acacia", "ts": "2026-07-14T16:54:06.354222+00:00"}}, {"type": "Feature", "geometry": {"type": "Polygon", "coordinates": [[[77.17350973241462, 28.529818252792058], [77.17349564234004, 28.52981364986268], [77.1734811909897, 28.52980209968479], [77.17347251924183, 28.529784469650828], [77.1734751953637, 28.529765692255644], [77.17349764935254, 28.529751619877985], [77.1735347013141, 28.5297562414937], [77.1735565523975, 28.529787373455765], [77.17355503338413, 28.5297985998782], [77.17354819244733, 28.529806241844764], [77.17352784132376, 28.529816224631954], [77.17350973241462, 28.529818252792058]]]}, "properties": {"node": "acacia", "role": "positive", "name": "acacia", "ts": "2026-07-14T16:54:06.354262+00:00"}}, {"type": "Feature", "geometry": {"type": "Polygon", "coordinates": [[[77.17389586450858, 28.52876081124967], [77.17388707662454, 28.52875882741718], [77.17387677892133, 28.52874721077126], [77.17387219732579, 28.528726425036158], [77.17389430621674, 28.528695554969946], [77.17391195789241, 28.52869256838807], [77.17393376188473, 28.528710760689673], [77.17393657420985, 28.528741231737538], [77.17391658065816, 28.528757968740496], [77.17389586450858, 28.52876081124967]]]}, "properties": {"node": "acacia", "role": "positive", "name": "acacia", "ts": "2026-07-14T16:54:06.354300+00:00"}}, {"type": "Feature", "geometry": {"type": "Polygon", "coordinates": [[[77.17327146439699, 28.528682735490765], [77.17325091204754, 28.528672248634802], [77.17324669453701, 28.528615919326093], [77.17328421896704, 28.528622271722117], [77.17329893628374, 28.528636135349792], [77.17330017525843, 28.528653884377274], [77.17329354834331, 28.5286719524521], [77.17328214840545, 28.528681212497236], [77.17327146439699, 28.528682735490765]]]}, "properties": {"node": "acacia", "role": "positive", "name": "acacia", "ts": "2026-07-14T16:54:06.354342+00:00"}}, {"type": "Feature", "geometry": {"type": "Polygon", "coordinates": [[[77.17404384169153, 28.52897050928407], [77.17402270870613, 28.528963701502633], [77.17401185483783, 28.528946299582465], [77.17400999222357, 28.528919482985792], [77.17401994966711, 28.528903872367923], [77.17405580128016, 28.528903298300026], [77.17406809026868, 28.528916041883516], [77.1740711127297, 28.52895674596622], [77.17406191080245, 28.528966550298446], [77.17404384169153, 28.52897050928407]]]}, "properties": {"node": "acacia", "role": "positive", "name": "acacia", "ts": "2026-07-14T16:54:06.354383+00:00"}}, {"type": "Feature", "geometry": {"type": "Polygon", "coordinates": [[[77.17391802034807, 28.528465918410355], [77.17390677690268, 28.528450840392566], [77.17390488993911, 28.528433488028533], [77.17391543518572, 28.528425207317223], [77.17392833296488, 28.528425000806966], [77.17394360309748, 28.528433833878303], [77.17394492601892, 28.528445014801132], [77.17393301699826, 28.5284614292196], [77.17391802034807, 28.528465918410355]]]}, "properties": {"node": "acacia", "role": "positive", "name": "acacia", "ts": "2026-07-14T16:54:06.354421+00:00"}}, {"type": "Feature", "geometry": {"type": "Polygon", "coordinates": [[[77.17402422090669, 28.529356909746202], [77.17400883508184, 28.529353100175303], [77.17399860468905, 28.529344765839546], [77.17399424957179, 28.529324362765042], [77.17400449700938, 28.529312224018934], [77.17402640540045, 28.52931419089143], [77.17404376999419, 28.529329170878565], [77.17404281906252, 28.529346761818832], [77.17402422090669, 28.529356909746202]]]}, "properties": {"node": "acacia", "role": "positive", "name": "acacia", "ts": "2026-07-14T16:54:06.354459+00:00"}}, {"type": "Feature", "geometry": {"type": "Polygon", "coordinates": [[[77.17412890695587, 28.528267470556898], [77.1741077384346, 28.52825892509439], [77.17410337542812, 28.52823813586657], [77.17411969615706, 28.52822358218871], [77.17414330163892, 28.528223011059684], [77.17415670340252, 28.528236702518775], [77.17416113835839, 28.528250344422492], [77.17415090688974, 28.528263255480635], [77.17412890695587, 28.528267470556898]]]}, "properties": {"node": "acacia", "role": "positive", "name": "acacia", "ts": "2026-07-14T16:54:06.354497+00:00"}}, {"type": "Feature", "geometry": {"type": "Polygon", "coordinates": [[[77.17420733500008, 28.528263703867385], [77.17418157178331, 28.528255038853278], [77.17415193826258, 28.528228280674714], [77.17414719353245, 28.528210201517215], [77.17414769593549, 28.52818141565272], [77.1741522436449, 28.528168595608623], [77.17416022503502, 28.528163253030442], [77.17419834231758, 28.528155882763915], [77.17422659796645, 28.52815813425251], [77.17425657297807, 28.528190874277843], [77.17425744847473, 28.52824416682075], [77.17424520199509, 28.5282547924767], [77.17420733500008, 28.528263703867385]]]}, "properties": {"node": "acacia", "role": "positive", "name": "acacia", "ts": "2026-07-14T16:54:06.354536+00:00"}}, {"type": "Feature", "geometry": {"type": "Polygon", "coordinates": [[[77.17360458873195, 28.52803656516084], [77.17358338066599, 28.528026088848137], [77.17358458263358, 28.52799941631762], [77.17360088755207, 28.527984090394483], [77.17363376160837, 28.5279876200522], [77.17364716724062, 28.528001504643594], [77.17364424878872, 28.528019127084345], [77.173626799325, 28.528031960518614], [77.17360458873195, 28.52803656516084]]]}, "properties": {"node": "acacia", "role": "positive", "name": "acacia", "ts": "2026-07-14T16:54:06.354576+00:00"}}, {"type": "Feature", "geometry": {"type": "Polygon", "coordinates": [[[77.17427255531835, 28.52789356944577], [77.17425794898594, 28.52788511205858], [77.17424996878378, 28.527869209252476], [77.17425849100428, 28.527858256956623], [77.17427591599493, 28.527854887683368], [77.17428922258546, 28.52786394530175], [77.17429130045122, 28.527879942624498], [77.17428302855102, 28.52789243603155], [77.17427255531835, 28.52789356944577]]]}, "properties": {"node": "acacia", "role": "positive", "name": "acacia", "ts": "2026-07-14T16:54:06.354617+00:00"}}, {"type": "Feature", "geometry": {"type": "Polygon", "coordinates": [[[77.17408439957941, 28.527899672620208], [77.17406769837275, 28.527895690969796], [77.17405057641274, 28.527881865927515], [77.17404924616555, 28.527859676157007], [77.17408937439868, 28.527854398262487], [77.17411078522359, 28.527864098689992], [77.17411368932282, 28.527888387795183], [77.17409923699438, 28.527898083059902], [77.17408439957941, 28.527899672620208]]]}, "properties": {"node": "acacia", "role": "positive", "name": "acacia", "ts": "2026-07-14T16:54:06.354656+00:00"}}, {"type": "Feature", "geometry": {"type": "Polygon", "coordinates": [[[77.17412653609861, 28.527875048583102], [77.1741136231279, 28.527863860108305], [77.17411223281543, 28.527849396890232], [77.1741337875263, 28.5278448026695], [77.17414564710921, 28.527857939407422], [77.17413632973283, 28.527872767223958], [77.17412653609861, 28.527875048583102]]]}, "properties": {"node": "acacia", "role": "positive", "name": "acacia", "ts": "2026-07-14T16:54:06.354697+00:00"}}, {"type": "Feature", "geometry": {"type": "Polygon", "coordinates": [[[77.17362397255668, 28.527979471754858], [77.17360837230417, 28.527975858702135], [77.17359480355519, 28.527964680674657], [77.17358710545462, 28.527951863546388], [77.17359149010018, 28.527941750085766], [77.17361983351613, 28.52793762668609], [77.1736381125104, 28.527943900810442], [77.1736403686147, 28.52796858658293], [77.17362397255668, 28.527979471754858]]]}, "properties": {"node": "acacia", "role": "positive", "name": "acacia", "ts": "2026-07-14T16:54:06.354737+00:00"}}, {"type": "Feature", "geometry": {"type": "Polygon", "coordinates": [[[77.17419157285059, 28.527879415071663], [77.17418077398594, 28.527875338920325], [77.17416310777962, 28.527856307834824], [77.17416099425868, 28.527838572822628], [77.17416677371726, 28.527832492945056], [77.1741986458809, 28.52784048072399], [77.17421201985141, 28.52785282064678], [77.17420976127649, 28.527870625669244], [77.17419157285059, 28.527879415071663]]]}, "properties": {"node": "acacia", "role": "positive", "name": "acacia", "ts": "2026-07-14T16:54:06.354776+00:00"}}, {"type": "Feature", "geometry": {"type": "Polygon", "coordinates": [[[77.17421384558651, 28.528697970834617], [77.17420262585843, 28.528684051302843], [77.17420224530332, 28.528665515984382], [77.17421229387121, 28.528654346108077], [77.17422779513716, 28.528653132178693], [77.17424358578837, 28.528666012812277], [77.1742453538881, 28.52867757288095], [77.17423236771424, 28.528694777132593], [77.17421384558651, 28.528697970834617]]]}, "properties": {"node": "acacia", "role": "positive", "name": "acacia", "ts": "2026-07-14T16:54:06.354816+00:00"}}, {"type": "Feature", "geometry": {"type": "Polygon", "coordinates": [[[77.17397087320738, 28.52864372641], [77.17395641344456, 28.528642412817394], [77.17394048349549, 28.528633397173856], [77.1739342679845, 28.528618238654552], [77.17393505642792, 28.528592731585587], [77.17394501781915, 28.52857731404986], [77.1739616008272, 28.52856488072638], [77.17399542144709, 28.52856124896267], [77.17401422895017, 28.528571956782162], [77.17400618169967, 28.52861670091216], [77.17399356928614, 28.52863080892195], [77.17399073472262, 28.528641863273236], [77.17397087320738, 28.52864372641]]]}, "properties": {"node": "acacia", "role": "positive", "name": "acacia", "ts": "2026-07-14T16:54:06.354858+00:00"}}, {"type": "Feature", "geometry": {"type": "Polygon", "coordinates": [[[77.17420191570353, 28.52983169876621], [77.17418190333012, 28.529826225049792], [77.17417357693164, 28.529814770004965], [77.17418128094053, 28.52979591208572], [77.17419320137606, 28.529790699562945], [77.17420634964272, 28.52979203412613], [77.17422261733293, 28.52980683851148], [77.17422053770692, 28.52982270926873], [77.1742138916424, 28.529829189308288], [77.17420191570353, 28.52983169876621]]]}, "properties": {"node": "acacia", "role": "positive", "name": "acacia", "ts": "2026-07-14T16:54:06.354899+00:00"}}, {"type": "Feature", "geometry": {"type": "Polygon", "coordinates": [[[77.17448222696558, 28.52824307791277], [77.17445785466101, 28.528238253469972], [77.17444887651742, 28.528227002013633], [77.17444920384155, 28.52820034349192], [77.17446581051719, 28.528189068569905], [77.17449585863393, 28.52819341583174], [77.17451039311214, 28.52820902051039], [77.17450824162856, 28.528232038592222], [77.17449575278356, 28.52824150931321], [77.17448222696558, 28.52824307791277]]]}, "properties": {"node": "acacia", "role": "positive", "name": "acacia", "ts": "2026-07-14T16:54:06.354939+00:00"}}, {"type": "Feature", "geometry": {"type": "Polygon", "coordinates": [[[77.17433237943398, 28.528080729515374], [77.17431704986161, 28.528069000342807], [77.17431405453121, 28.528040270491914], [77.17431979095758, 28.528021444075446], [77.17433499027449, 28.52801617903863], [77.17434656390367, 28.52802603696109], [77.17435386396124, 28.528051414498442], [77.17434709001154, 28.52807296148738], [77.17433237943398, 28.528080729515374]]]}, "properties": {"node": "acacia", "role": "positive", "name": "acacia", "ts": "2026-07-14T16:54:06.354979+00:00"}}, {"type": "Feature", "geometry": {"type": "Polygon", "coordinates": [[[77.17393654274572, 28.528249691612874], [77.17392213517486, 28.52824026530958], [77.17391845576812, 28.528220817107268], [77.17392459716555, 28.528211061788767], [77.17394182343898, 28.528208661436395], [77.17395578983135, 28.52821790166191], [77.17395728714801, 28.528237577941255], [77.1739500408313, 28.52824677153328], [77.17393654274572, 28.528249691612874]]]}, "properties": {"node": "acacia", "role": "positive", "name": "acacia", "ts": "2026-07-14T16:54:06.355019+00:00"}}, {"type": "Feature", "geometry": {"type": "Polygon", "coordinates": [[[77.17452181309667, 28.52880776380606], [77.17450655079361, 28.528799316958185], [77.17449982661363, 28.528780690100916], [77.17451236364361, 28.52876291359941], [77.17452801216157, 28.52875822076248], [77.17454068289354, 28.52876825423224], [77.17454322182702, 28.52878540300082], [77.17453223090878, 28.52880392730134], [77.17452181309667, 28.52880776380606]]]}, "properties": {"node": "acacia", "role": "positive", "name": "acacia", "ts": "2026-07-14T16:54:06.355057+00:00"}}, {"type": "Feature", "geometry": {"type": "Polygon", "coordinates": [[[77.17434072478075, 28.52997819337262], [77.17432534281967, 28.52997457691965], [77.17431531112699, 28.529965273731186], [77.17430520126854, 28.52993086363595], [77.17430517067551, 28.52990807364416], [77.17431460315784, 28.529898845021066], [77.17432698856783, 28.529894977017676], [77.17436729198917, 28.52989819435308], [77.17437769349935, 28.52990420824074], [77.17438595197424, 28.529923003667054], [77.1743855572599, 28.529946379888543], [77.17437455034819, 28.52996413187672], [77.17434072478075, 28.52997819337262]]]}, "properties": {"node": "acacia", "role": "positive", "name": "acacia", "ts": "2026-07-14T16:54:06.355098+00:00"}}, {"type": "Feature", "geometry": {"type": "Polygon", "coordinates": [[[77.17445346045861, 28.529962481813595], [77.17441277981388, 28.5299515449596], [77.1743997277822, 28.529933598864595], [77.17439778122476, 28.529913350374176], [77.17441712865383, 28.529865141879174], [77.1744311836355, 28.529857384334193], [77.17445760364323, 28.529855416082682], [77.17447475032385, 28.529859776816288], [77.17448625226822, 28.529876782031963], [77.17449075600206, 28.529947012737416], [77.17448637137474, 28.52995712622417], [77.17445346045861, 28.529962481813595]]]}, "properties": {"node": "acacia", "role": "positive", "name": "acacia", "ts": "2026-07-14T16:54:06.355141+00:00"}}, {"type": "Feature", "geometry": {"type": "Polygon", "coordinates": [[[77.1746687296923, 28.52808190946614], [77.17465796647436, 28.52807957104075], [77.17464837612143, 28.52807045393988], [77.17465107976471, 28.52805302806417], [77.17468009536661, 28.528039043552724], [77.17470093425933, 28.528042186294183], [77.17470814374246, 28.528052500363785], [77.17470563095969, 28.528068571205424], [77.17468855936414, 28.528078501623977], [77.1746687296923, 28.52808190946614]]]}, "properties": {"node": "acacia", "role": "positive", "name": "acacia", "ts": "2026-07-14T16:54:06.355180+00:00"}}, {"type": "Feature", "geometry": {"type": "Polygon", "coordinates": [[[77.1746355728261, 28.528245643567672], [77.17461466252782, 28.528239025446847], [77.17459315300965, 28.528213875509017], [77.17458986762672, 28.528181673798745], [77.17459591380413, 28.52816728462455], [77.17463391156392, 28.528164744643338], [77.17466173686044, 28.5281886345791], [77.1746650029784, 28.5282092482138], [77.17466028033864, 28.528224195611138], [77.17464773546224, 28.528241585970413], [77.1746355728261, 28.528245643567672]]]}, "properties": {"node": "acacia", "role": "positive", "name": "acacia", "ts": "2026-07-14T16:54:06.355220+00:00"}}, {"type": "Feature", "geometry": {"type": "Polygon", "coordinates": [[[77.17464476098095, 28.528426854574565], [77.17462462198493, 28.528415202471223], [77.17462373728573, 28.52838276917301], [77.17463670353433, 28.52836459950778], [77.17464973664363, 28.528360334828218], [77.17466454581923, 28.528368016361302], [77.1746885116006, 28.528395637759566], [77.17469179016109, 28.528406207929713], [77.17468609396923, 28.528416342428997], [77.17467442403687, 28.528423096094375], [77.17464476098095, 28.528426854574565]]]}, "properties": {"node": "acacia", "role": "positive", "name": "acacia", "ts": "2026-07-14T16:54:06.355259+00:00"}}, {"type": "Feature", "geometry": {"type": "Polygon", "coordinates": [[[77.17466170998821, 28.528879495660583], [77.17464852614842, 28.528876423449965], [77.1746420517298, 28.528869960400396], [77.1746405865241, 28.528841206056224], [77.17465030253716, 28.52880319505999], [77.17467629695683, 28.52880181301143], [77.17470304579365, 28.52881587004826], [77.17471009567534, 28.528839706448245], [77.17469294360008, 28.5288670207309], [77.17467913116329, 28.528875933251406], [77.17466170998821, 28.528879495660583]]]}, "properties": {"node": "acacia", "role": "positive", "name": "acacia", "ts": "2026-07-14T16:54:06.355300+00:00"}}, {"type": "Feature", "geometry": {"type": "Polygon", "coordinates": [[[77.17460342410213, 28.529534013858886], [77.17459220765826, 28.529530910134838], [77.17458279216459, 28.529519665698846], [77.17457871951102, 28.52949172567708], [77.17458314772747, 28.529483736026016], [77.17459506810665, 28.529478523470697], [77.17461935347517, 28.529479100196692], [77.17463944853486, 28.529499251140383], [77.1746390697318, 28.529523399665436], [77.17462154482695, 28.529532564784976], [77.17460342410213, 28.529534013858886]]]}, "properties": {"node": "acacia", "role": "positive", "name": "acacia", "ts": "2026-07-14T16:54:06.355347+00:00"}}, {"type": "Feature", "geometry": {"type": "Polygon", "coordinates": [[[77.17488533972511, 28.528002536023994], [77.17485939360829, 28.527995612325025], [77.1748390921046, 28.527976044126625], [77.17483980896276, 28.52794706169118], [77.17485282270678, 28.527931208923203], [77.1748811898438, 28.527928243719874], [77.17490246592884, 28.527931379427972], [77.1749177320957, 28.527940019313576], [77.1749276481268, 28.527954345949567], [77.17492821964566, 28.52797152622615], [77.1749182703495, 28.52798752305293], [77.17490233543339, 28.52799955982583], [77.17488533972511, 28.528002536023994]]]}, "properties": {"node": "acacia", "role": "positive", "name": "acacia", "ts": "2026-07-14T16:54:06.355390+00:00"}}, {"type": "Feature", "geometry": {"type": "Polygon", "coordinates": [[[77.17476533803836, 28.527909240320685], [77.17474562841326, 28.52789719507452], [77.17474347117937, 28.52787733623879], [77.1747620372892, 28.527865643619204], [77.17478320630319, 28.52786356628997], [77.17479661655304, 28.527867021145422], [77.17480313056572, 28.52787541495313], [77.17479740612808, 28.527894820613835], [77.1747829776568, 28.527905674405098], [77.17476533803836, 28.527909240320685]]]}, "properties": {"node": "acacia", "role": "positive", "name": "acacia", "ts": "2026-07-14T16:54:06.355430+00:00"}}, {"type": "Feature", "geometry": {"type": "Polygon", "coordinates": [[[77.17431041028381, 28.5278840788152], [77.1742989080291, 28.52787769626083], [77.1742890164502, 28.527853905336965], [77.17428819471867, 28.527835183942454], [77.17429413727652, 28.52782639749172], [77.17432060435456, 28.5278267462087], [77.1743380797269, 28.52784713230696], [77.17433644131098, 28.527863189141872], [77.17432843162905, 28.52787780288924], [77.17431041028381, 28.5278840788152]]]}, "properties": {"node": "acacia", "role": "positive", "name": "acacia", "ts": "2026-07-14T16:54:06.355470+00:00"}}, {"type": "Feature", "geometry": {"type": "Polygon", "coordinates": [[[77.17474886290775, 28.528874623197073], [77.17473633885344, 28.528871733566582], [77.1747227064302, 28.52885746644741], [77.17471834670891, 28.528847493015597], [77.17472052537792, 28.528836449157776], [77.17474486715983, 28.528818483554907], [77.17477569869348, 28.52881837598627], [77.17478996711344, 28.52883166721446], [77.17479053810442, 28.52885947018057], [77.17477068001388, 28.52887214920211], [77.17474886290775, 28.528874623197073]]]}, "properties": {"node": "acacia", "role": "positive", "name": "acacia", "ts": "2026-07-14T16:54:06.355510+00:00"}}, {"type": "Feature", "geometry": {"type": "Polygon", "coordinates": [[[77.17477158087401, 28.52922480779916], [77.17475584955291, 28.529214823378247], [77.17475746808539, 28.529197801162816], [77.17476844658317, 28.529189320306198], [77.17479296238771, 28.529190472731514], [77.17480366969188, 28.529200730763026], [77.17480285818851, 28.52921445667748], [77.17478991618498, 28.529223162127934], [77.17477158087401, 28.52922480779916]]]}, "properties": {"node": "acacia", "role": "positive", "name": "acacia", "ts": "2026-07-14T16:54:06.355564+00:00"}}, {"type": "Feature", "geometry": {"type": "Polygon", "coordinates": [[[77.17489244456418, 28.529445175503856], [77.17485252697746, 28.52943944132248], [77.17483875912595, 28.529429232321426], [77.1748433435039, 28.52939690456524], [77.17485657998421, 28.529381241364735], [77.1749030523367, 28.529376054725695], [77.17492401443165, 28.529385182777425], [77.17492489132145, 28.529417229911534], [77.17491821309842, 28.529432788061772], [77.17490876881378, 28.52944143749394], [77.17489244456418, 28.529445175503856]]]}, "properties": {"node": "acacia", "role": "positive", "name": "acacia", "ts": "2026-07-14T16:54:06.355607+00:00"}}, {"type": "Feature", "geometry": {"type": "Polygon", "coordinates": [[[77.17491917566674, 28.52958612551861], [77.17490770094562, 28.52958109456222], [77.17490337289708, 28.529572665748855], [77.17490411401519, 28.529534219088042], [77.17491522786533, 28.529521680118314], [77.17493861501376, 28.529521112337413], [77.17495673076535, 28.529540715519314], [77.17495765179014, 28.529564263801046], [77.17494291676877, 28.529581496133986], [77.17491917566674, 28.52958612551861]]]}, "properties": {"node": "acacia", "role": "positive", "name": "acacia", "ts": "2026-07-14T16:54:06.355649+00:00"}}, {"type": "Feature", "geometry": {"type": "Polygon", "coordinates": [[[77.17509327664035, 28.528437825250478], [77.17507525971475, 28.528433671667287], [77.17506434179357, 28.52842380330761], [77.17506190639182, 28.52840105184226], [77.17508967036721, 28.52837936170651], [77.17510863754883, 28.528376547037364], [77.17512843058552, 28.528392646821484], [77.175131367155, 28.528407857809785], [77.1751146167753, 28.528433427448274], [77.17509327664035, 28.528437825250478]]]}, "properties": {"node": "acacia", "role": "positive", "name": "acacia", "ts": "2026-07-14T16:54:06.355691+00:00"}}, {"type": "Feature", "geometry": {"type": "Polygon", "coordinates": [[[77.17497854308772, 28.528377472254856], [77.17496469606115, 28.52836340173536], [77.17496241980741, 28.528337750622754], [77.17497232896561, 28.52833044572046], [77.17500116910554, 28.528329211168142], [77.17501258370604, 28.528341968672127], [77.17501107625336, 28.52836439702154], [77.17499838866321, 28.52837483666964], [77.17497854308772, 28.528377472254856]]]}, "properties": {"node": "acacia", "role": "positive", "name": "acacia", "ts": "2026-07-14T16:54:06.355731+00:00"}}, {"type": "Feature", "geometry": {"type": "Polygon", "coordinates": [[[77.17489079215565, 28.529673493031964], [77.17487967533337, 28.529664593547594], [77.1748825737764, 28.529646005712348], [77.17489452984653, 28.52964253081572], [77.17491540078699, 28.52964721811496], [77.17491889406048, 28.529657591696438], [77.17491492687493, 28.52966673281016], [77.17489079215565, 28.529673493031964]]]}, "properties": {"node": "acacia", "role": "positive", "name": "acacia", "ts": "2026-07-14T16:54:06.355819+00:00"}}, {"type": "Feature", "geometry": {"type": "Polygon", "coordinates": [[[77.17511566901617, 28.528026851606985], [77.17509345503593, 28.528020640723593], [77.17508949386756, 28.527987484157862], [77.17510812340475, 28.52797888071033], [77.17514275029262, 28.527982575059664], [77.1751557268325, 28.527996852647732], [77.17515473642531, 28.528012512826976], [77.17513638894339, 28.528024201997027], [77.17511566901617, 28.528026851606985]]]}, "properties": {"node": "acacia", "role": "positive", "name": "acacia", "ts": "2026-07-14T16:54:06.355891+00:00"}}, {"type": "Feature", "geometry": {"type": "Polygon", "coordinates": [[[77.17517849362228, 28.52860487782596], [77.17516464208833, 28.52860123694263], [77.17515034193053, 28.528586401145372], [77.17515125253527, 28.528577502133253], [77.17516589172766, 28.528566258646485], [77.17518644867371, 28.528566315591142], [77.17520382122305, 28.528581681581308], [77.17519975050162, 28.52859642541055], [77.17517849362228, 28.52860487782596]]]}, "properties": {"node": "acacia", "role": "positive", "name": "acacia", "ts": "2026-07-14T16:54:06.355947+00:00"}}, {"type": "Feature", "geometry": {"type": "Polygon", "coordinates": [[[77.17521654512008, 28.528647531491664], [77.17520278131032, 28.528637515598852], [77.17520217452308, 28.528607974954493], [77.17521068876314, 28.528596636449855], [77.17522881724632, 28.528595573456048], [77.17524144439362, 28.528603483020913], [77.17524913829905, 28.528626729652487], [77.17523762305758, 28.528641013333374], [77.17521654512008, 28.528647531491664]]]}, "properties": {"node": "acacia", "role": "positive", "name": "acacia", "ts": "2026-07-14T16:54:06.355991+00:00"}}, {"type": "Feature", "geometry": {"type": "Polygon", "coordinates": [[[77.17519995266257, 28.52887241871991], [77.1751827149048, 28.528863617319917], [77.17517873731356, 28.528840311147395], [77.1751898470965, 28.528827579083625], [77.17520904485897, 28.528825340122427], [77.17522150101844, 28.52883557010296], [77.17522439351512, 28.528859279937535], [77.17521801773702, 28.52886826650744], [77.17519995266257, 28.52887241871991]]]}, "properties": {"node": "acacia", "role": "positive", "name": "acacia", "ts": "2026-07-14T16:54:06.356036+00:00"}}, {"type": "Feature", "geometry": {"type": "Polygon", "coordinates": [[[77.17514250632594, 28.528620132973742], [77.17513046313108, 28.528619360211433], [77.17511674295618, 28.528611468146508], [77.17511666016428, 28.528596790859392], [77.1751297572197, 28.528584992662644], [77.17514684819106, 28.52858665025615], [77.17516400609779, 28.528602212829774], [77.17516057929251, 28.52861636692323], [77.17514250632594, 28.528620132973742]]]}, "properties": {"node": "acacia", "role": "positive", "name": "acacia", "ts": "2026-07-14T16:54:06.356078+00:00"}}, {"type": "Feature", "geometry": {"type": "Polygon", "coordinates": [[[77.18502432446932, 28.530636764878597], [77.18499585457567, 28.53062840291255], [77.18498587390772, 28.530618640862624], [77.18498442122436, 28.530608741565732], [77.18499441941094, 28.5305891028128], [77.18501405000977, 28.530572432842263], [77.18502836406988, 28.530570364940523], [77.18506292658516, 28.530581568896487], [77.18506594568424, 28.530606878255202], [77.1850562009967, 28.530628717972085], [77.18502432446932, 28.530636764878597]]]}, "properties": {"node": "acacia", "role": "positive", "name": "acacia", "ts": "2026-07-14T16:54:06.356120+00:00"}}, {"type": "Feature", "geometry": {"type": "Polygon", "coordinates": [[[77.18517905641085, 28.530693810592002], [77.18516148587372, 28.530689315806395], [77.1851430752653, 28.53067436060432], [77.1851401627778, 28.530664301051825], [77.18514992310615, 28.530653302519283], [77.1851754653629, 28.530650870131435], [77.18519900772733, 28.53066243517396], [77.18520097120262, 28.53067692007738], [77.18519682686984, 28.530687828222725], [77.18517905641085, 28.530693810592002]]]}, "properties": {"node": "acacia", "role": "positive", "name": "acacia", "ts": "2026-07-14T16:54:06.356163+00:00"}}, {"type": "Feature", "geometry": {"type": "Polygon", "coordinates": [[[77.18574856853051, 28.531058029535004], [77.18573520342191, 28.531055672160473], [77.18572402014645, 28.531048134569172], [77.18571396677926, 28.531024776011208], [77.18571570876203, 28.530998287506048], [77.18572596792656, 28.530981217047184], [77.18573587989148, 28.530977566160818], [77.18576056042224, 28.530983783933742], [77.18578419392631, 28.53099975747818], [77.18579384970835, 28.531013934771856], [77.18579017830683, 28.53102759161685], [77.18577434485137, 28.531046773109544], [77.18574856853051, 28.531058029535004]]]}, "properties": {"node": "acacia", "role": "positive", "name": "acacia", "ts": "2026-07-14T16:54:06.356205+00:00"}}, {"type": "Feature", "geometry": {"type": "Polygon", "coordinates": [[[77.1856805165962, 28.530886029600076], [77.1856667317189, 28.530883495222447], [77.18565419809156, 28.53087101802678], [77.1856499346327, 28.530845912473442], [77.1856650606673, 28.530822699813132], [77.18569448290096, 28.53081671355268], [77.18570985268927, 28.530825470021153], [77.18571511769497, 28.530838615489934], [77.18571581104307, 28.530862124737574], [77.18570326388695, 28.530879232030056], [77.1856805165962, 28.530886029600076]]]}, "properties": {"node": "acacia", "role": "positive", "name": "acacia", "ts": "2026-07-14T16:54:06.356246+00:00"}}, {"type": "Feature", "geometry": {"type": "Polygon", "coordinates": [[[77.1853914747839, 28.530571870694015], [77.18535154165741, 28.530552484374812], [77.18534478659704, 28.530537709094382], [77.18534999744398, 28.530528070050817], [77.18536199316716, 28.530524569405102], [77.18537993418809, 28.53052685316323], [77.18540060625556, 28.53054048565849], [77.1854066885565, 28.530562989400735], [77.1854014094719, 28.53056932198656], [77.1853914747839, 28.530571870694015]]]}, "properties": {"node": "acacia", "role": "positive", "name": "acacia", "ts": "2026-07-14T16:54:06.356287+00:00"}}, {"type": "Feature", "geometry": {"type": "Polygon", "coordinates": [[[77.18578279424801, 28.530992429884765], [77.18576559792987, 28.530985907870594], [77.18574465705844, 28.530969339713348], [77.1857392593271, 28.530949765021163], [77.18575174202314, 28.530929534958805], [77.18577441671748, 28.53090914080886], [77.1858061876386, 28.530906056761744], [77.18582226866444, 28.530919028089176], [77.1858231516373, 28.53095172194181], [77.18580199417406, 28.530985138149425], [77.18578279424801, 28.530992429884765]]]}, "properties": {"node": "acacia", "role": "positive", "name": "acacia", "ts": "2026-07-14T16:54:06.356330+00:00"}}, {"type": "Feature", "geometry": {"type": "Polygon", "coordinates": [[[77.18539275053386, 28.530522788045946], [77.18537425703379, 28.530513898066086], [77.18537261475986, 28.53049481416462], [77.18539090198969, 28.530463465507108], [77.18541914439098, 28.53046080585886], [77.18543629183603, 28.530475046343916], [77.18543636111633, 28.530498565642127], [77.18541737355525, 28.53051614408618], [77.18539275053386, 28.530522788045946]]]}, "properties": {"node": "acacia", "role": "positive", "name": "acacia", "ts": "2026-07-14T16:54:06.356370+00:00"}}, {"type": "Feature", "geometry": {"type": "Polygon", "coordinates": [[[77.18546512345648, 28.53082352961277], [77.18544662610539, 28.530814455954147], [77.18544632280066, 28.530799760578745], [77.18547064309766, 28.53078852764966], [77.18549463511809, 28.530791632751892], [77.18550002847613, 28.530800917346454], [77.1854947006251, 28.530814968356157], [77.18546512345648, 28.53082352961277]]]}, "properties": {"node": "acacia", "role": "positive", "name": "acacia", "ts": "2026-07-14T16:54:06.356412+00:00"}}, {"type": "Feature", "geometry": {"type": "Polygon", "coordinates": [[[77.18511770284725, 28.53051361736801], [77.18510550621009, 28.530507382303657], [77.18510142485259, 28.53049109395161], [77.18511008452312, 28.530477173084627], [77.18512808190394, 28.530472105839518], [77.18514516108108, 28.530483039903086], [77.18514644747563, 28.53049496316002], [77.18513838148101, 28.530507404448112], [77.18511770284725, 28.53051361736801]]]}, "properties": {"node": "acacia", "role": "positive", "name": "acacia", "ts": "2026-07-14T16:54:06.356451+00:00"}}, {"type": "Feature", "geometry": {"type": "Polygon", "coordinates": [[[77.1849842517334, 28.53094335896792], [77.18497021716446, 28.530938807251832], [77.18496274763194, 28.530929739801238], [77.18496354456492, 28.53090786033878], [77.18498286914932, 28.53089652414011], [77.18500280304791, 28.530894549548318], [77.18501109320992, 28.530903052529798], [77.18501284535715, 28.530927463512825], [77.18500166310403, 28.5309401387002], [77.1849842517334, 28.53094335896792]]]}, "properties": {"node": "acacia", "role": "positive", "name": "acacia", "ts": "2026-07-14T16:54:06.356491+00:00"}}, {"type": "Feature", "geometry": {"type": "Polygon", "coordinates": [[[77.18552549554198, 28.530734356229125], [77.1855077316249, 28.530720493188046], [77.18550452010851, 28.53070602838117], [77.18551649636028, 28.530691502841545], [77.1855326407139, 28.530687384137565], [77.18554776076475, 28.530694123360604], [77.18555276087122, 28.530704516802995], [77.1855519976506, 28.530717943074055], [77.18554123148505, 28.530730611604813], [77.18552549554198, 28.530734356229125]]]}, "properties": {"node": "acacia", "role": "positive", "name": "acacia", "ts": "2026-07-14T16:54:06.356532+00:00"}}, {"type": "Feature", "geometry": {"type": "Polygon", "coordinates": [[[77.1854660572948, 28.530526018111694], [77.18545226488607, 28.53052311632491], [77.18543967445952, 28.530507883722073], [77.18543918211657, 28.530494110155107], [77.18544795927045, 28.530485883727223], [77.18547297984371, 28.530488421019765], [77.1854833689569, 28.530497808951402], [77.18548171359215, 28.530518415959616], [77.1854660572948, 28.530526018111694]]]}, "properties": {"node": "acacia", "role": "positive", "name": "acacia", "ts": "2026-07-14T16:54:06.356576+00:00"}}, {"type": "Feature", "geometry": {"type": "Polygon", "coordinates": [[[77.18546232545421, 28.53068796477522], [77.18545436838859, 28.530685520316354], [77.18544709167034, 28.530675714776418], [77.18544484812764, 28.530657743074844], [77.18545334525953, 28.530646029842533], [77.18547445505979, 28.53064054494358], [77.18548321431442, 28.530651612889756], [77.18548383557123, 28.53067163199043], [77.1854745291904, 28.530684460770622], [77.18546232545421, 28.53068796477522]]]}, "properties": {"node": "acacia", "role": "positive", "name": "acacia", "ts": "2026-07-14T16:54:06.356618+00:00"}}, {"type": "Feature", "geometry": {"type": "Polygon", "coordinates": [[[77.18558361110442, 28.530455218319307], [77.18557138411796, 28.530447513760436], [77.18556358471746, 28.530422465122857], [77.18558076849185, 28.530408223255012], [77.18560091407237, 28.53040642892468], [77.18560893178379, 28.530411812450932], [77.1856077195178, 28.53044380502644], [77.1855979251335, 28.530453150358916], [77.18558361110442, 28.530455218319307]]]}, "properties": {"node": "acacia", "role": "positive", "name": "acacia", "ts": "2026-07-14T16:54:06.356659+00:00"}}, {"type": "Feature", "geometry": {"type": "Polygon", "coordinates": [[[77.18556454090427, 28.5308417745735], [77.18555138003461, 28.530839230138508], [77.18554521154255, 28.530832714322514], [77.18554324263067, 28.53078772648006], [77.18555863029543, 28.530777188591042], [77.18558382860678, 28.530778252973334], [77.1856049849979, 28.53079518519518], [77.18560642690527, 28.530814639823298], [77.18558838885916, 28.53083789935568], [77.18556454090427, 28.5308417745735]]]}, "properties": {"node": "acacia", "role": "positive", "name": "acacia", "ts": "2026-07-14T16:54:06.356700+00:00"}}, {"type": "Feature", "geometry": {"type": "Polygon", "coordinates": [[[77.1854183852926, 28.530555083485176], [77.1854048951439, 28.530546664231334], [77.18539908908515, 28.530527463600503], [77.18541341777667, 28.530516024008318], [77.18542998568999, 28.53051226600586], [77.18543806785304, 28.530520772309607], [77.18543747901506, 28.530542648422315], [77.18543139447442, 28.530550280247226], [77.1854183852926, 28.530555083485176]]]}, "properties": {"node": "acacia", "role": "positive", "name": "acacia", "ts": "2026-07-14T16:54:06.356741+00:00"}}, {"type": "Feature", "geometry": {"type": "Polygon", "coordinates": [[[77.18536272096566, 28.530408609398734], [77.18532760651415, 28.53040090571359], [77.18532335554694, 28.530396564059803], [77.18532409226, 28.53038185194245], [77.18534060708177, 28.530375522260766], [77.18538066042757, 28.530380573898768], [77.18538248416091, 28.530398368606907], [77.18537493604755, 28.530405656481182], [77.18536272096566, 28.530408609398734]]]}, "properties": {"node": "acacia", "role": "positive", "name": "acacia", "ts": "2026-07-14T16:54:06.356780+00:00"}}, {"type": "Feature", "geometry": {"type": "Polygon", "coordinates": [[[77.18502592097633, 28.53096620876178], [77.18500659542244, 28.530957332125173], [77.18500432162021, 28.5309378908753], [77.18501607811407, 28.530912711225035], [77.18502955263781, 28.53091028932648], [77.18504446469323, 28.530917031952995], [77.18505002101776, 28.530934215333325], [77.18504323758319, 28.530958396182633], [77.18502592097633, 28.53096620876178]]]}, "properties": {"node": "acacia", "role": "positive", "name": "acacia", "ts": "2026-07-14T16:54:06.356819+00:00"}}, {"type": "Feature", "geometry": {"type": "Polygon", "coordinates": [[[77.18538267628514, 28.53045808531568], [77.18536558950754, 28.53044678389867], [77.18536232873693, 28.530429931087607], [77.18537626037755, 28.530419416656827], [77.18540021819143, 28.53042086855076], [77.18540917404442, 28.530431382078756], [77.18540884955058, 28.53044590380743], [77.18539594653274, 28.53045585042448], [77.18538267628514, 28.53045808531568]]]}, "properties": {"node": "acacia", "role": "positive", "name": "acacia", "ts": "2026-07-14T16:54:06.356860+00:00"}}, {"type": "Feature", "geometry": {"type": "Polygon", "coordinates": [[[77.18506341453727, 28.531290848566673], [77.18504682325651, 28.531283397957754], [77.18503787775954, 28.531253222645134], [77.18504042207584, 28.53123535763201], [77.1850537715465, 28.531226873885355], [77.18507224240714, 28.53123466174934], [77.1850871934012, 28.531263454130567], [77.18508464530177, 28.531281135451888], [77.18506341453727, 28.531290848566673]]]}, "properties": {"node": "acacia", "role": "positive", "name": "acacia", "ts": "2026-07-14T16:54:06.356901+00:00"}}, {"type": "Feature", "geometry": {"type": "Polygon", "coordinates": [[[77.18541241778175, 28.53129423499912], [77.18540047074109, 28.53129001723366], [77.18538618209455, 28.531273158187798], [77.18538568543742, 28.531249094511207], [77.18540258984913, 28.53124147227391], [77.18542183965913, 28.53124667500544], [77.18544032244556, 28.53126512031237], [77.18543157608534, 28.531284922698116], [77.18541241778175, 28.53129423499912]]]}, "properties": {"node": "acacia", "role": "positive", "name": "acacia", "ts": "2026-07-14T16:54:06.356943+00:00"}}, {"type": "Feature", "geometry": {"type": "Polygon", "coordinates": [[[77.1851976240668, 28.530595387510804], [77.18518859289827, 28.53059130654453], [77.18518130104748, 28.530580766219583], [77.18518201453976, 28.530554845528307], [77.18520408851938, 28.530545670088138], [77.18522869689623, 28.530548397813078], [77.18523112615287, 28.530575370439674], [77.1852123124245, 28.530591292279574], [77.1851976240668, 28.530595387510804]]]}, "properties": {"node": "acacia", "role": "positive", "name": "acacia", "ts": "2026-07-14T16:54:06.356982+00:00"}}, {"type": "Feature", "geometry": {"type": "Polygon", "coordinates": [[[77.18581671352631, 28.53133531850076], [77.18579792139815, 28.531332129743163], [77.18578411315033, 28.531318386811808], [77.18578895672547, 28.531301036031515], [77.18580749478299, 28.53129191741765], [77.18583002333456, 28.531294678510953], [77.1858463844759, 28.531311136633075], [77.1858402853206, 28.531328140123822], [77.18581671352631, 28.53133531850076]]]}, "properties": {"node": "acacia", "role": "positive", "name": "acacia", "ts": "2026-07-14T16:54:06.357021+00:00"}}, {"type": "Feature", "geometry": {"type": "Polygon", "coordinates": [[[77.18568759535871, 28.531359998891276], [77.18567315987337, 28.531356188718693], [77.18566646483178, 28.531334246118664], [77.18567979150907, 28.53132466015969], [77.18570119664106, 28.531323396789997], [77.18571262965678, 28.53133295164632], [77.18571392750752, 28.531345425968873], [77.18570005266494, 28.53135869582003], [77.18568759535871, 28.531359998891276]]]}, "properties": {"node": "acacia", "role": "positive", "name": "acacia", "ts": "2026-07-14T16:54:06.357061+00:00"}}, {"type": "Feature", "geometry": {"type": "Polygon", "coordinates": [[[77.18526384431587, 28.531515476598376], [77.18524977553962, 28.5315092716866], [77.18524084184229, 28.531489753888028], [77.18524233095651, 28.531471170844238], [77.18525958317697, 28.531460235467005], [77.1852844338903, 28.53146461305157], [77.1853030640374, 28.531480115952764], [77.18529601576662, 28.531501544776845], [77.18527545826956, 28.531513635880255], [77.18526384431587, 28.531515476598376]]]}, "properties": {"node": "acacia", "role": "positive", "name": "acacia", "ts": "2026-07-14T16:54:06.357102+00:00"}}, {"type": "Feature", "geometry": {"type": "Polygon", "coordinates": [[[77.18557046797999, 28.531643026879088], [77.18555335498026, 28.5316405460711], [77.1855312532005, 28.531628222898043], [77.18552320452879, 28.531611263418355], [77.1855233052969, 28.531585903854833], [77.18553159827725, 28.53157437765606], [77.18556480159083, 28.531549955228332], [77.18560140603532, 28.531549182201893], [77.18561422737017, 28.53156551358387], [77.18561546726434, 28.531625580917094], [77.18560509427473, 28.531637140605977], [77.18557046797999, 28.531643026879088]]]}, "properties": {"node": "acacia", "role": "positive", "name": "acacia", "ts": "2026-07-14T16:54:06.357145+00:00"}}, {"type": "Feature", "geometry": {"type": "Polygon", "coordinates": [[[77.18577671267248, 28.53153441595058], [77.18575894155595, 28.531530291984932], [77.18574389665355, 28.53151712021994], [77.18574529846457, 28.531494312256353], [77.1857563561, 28.531485681586062], [77.18578461392578, 28.531483756616236], [77.18580254430057, 28.531495595648387], [77.18580141875987, 28.531521706721396], [77.1857873017779, 28.531533326701464], [77.18577671267248, 28.53153441595058]]]}, "properties": {"node": "acacia", "role": "positive", "name": "acacia", "ts": "2026-07-14T16:54:06.357184+00:00"}}, {"type": "Feature", "geometry": {"type": "Polygon", "coordinates": [[[77.1852631418993, 28.531310051804528], [77.18525204582072, 28.531306739094894], [77.18523952735008, 28.531294996630525], [77.18523538148607, 28.531275585519545], [77.18524682102675, 28.531265294963802], [77.18527147834835, 28.53126030425107], [77.18528484019465, 28.53127258439716], [77.18528825212262, 28.531286678476413], [77.18528045854102, 28.531302239193366], [77.1852631418993, 28.531310051804528]]]}, "properties": {"node": "acacia", "role": "positive", "name": "acacia", "ts": "2026-07-14T16:54:06.357223+00:00"}}, {"type": "Feature", "geometry": {"type": "Polygon", "coordinates": [[[77.1851331971129, 28.531677812249914], [77.18511980539837, 28.531674168973037], [77.18511090632188, 28.53166641081506], [77.18510347034473, 28.531648890187064], [77.18510873004763, 28.53163153272938], [77.1851260538379, 28.531613981099834], [77.18517723637409, 28.531593679462702], [77.18518754647003, 28.53160931629386], [77.18518809666647, 28.53164605808217], [77.1851658149618, 28.531665343297934], [77.1851331971129, 28.531677812249914]]]}, "properties": {"node": "acacia", "role": "positive", "name": "acacia", "ts": "2026-07-14T16:54:06.357263+00:00"}}, {"type": "Feature", "geometry": {"type": "Polygon", "coordinates": [[[77.18505107182561, 28.531862336009016], [77.18502975326805, 28.531857717783875], [77.18502667395794, 28.53183957577426], [77.18503781459702, 28.531824879966987], [77.18506061141461, 28.531820470491066], [77.18508141968479, 28.531830609521272], [77.18508342866711, 28.531847298730288], [77.18506807492047, 28.531859489804866], [77.18505107182561, 28.531862336009016]]]}, "properties": {"node": "acacia", "role": "positive", "name": "acacia", "ts": "2026-07-14T16:54:06.357302+00:00"}}, {"type": "Feature", "geometry": {"type": "Polygon", "coordinates": [[[77.18523577716488, 28.5320004855904], [77.18522239298812, 28.5319972097106], [77.18520959819175, 28.531982164137442], [77.18521602300677, 28.531970851778862], [77.18522961846418, 28.531964201585364], [77.1852425525122, 28.531965830931036], [77.18525398935385, 28.531975569515826], [77.1852531015006, 28.53199304036154], [77.18523577716488, 28.5320004855904]]]}, "properties": {"node": "acacia", "role": "positive", "name": "acacia", "ts": "2026-07-14T16:54:06.357343+00:00"}}, {"type": "Feature", "geometry": {"type": "Polygon", "coordinates": [[[77.18545952381875, 28.531862744145414], [77.1854183730236, 28.53185495392144], [77.18540270031473, 28.531841608472043], [77.18540585668265, 28.53181307591724], [77.18542787728812, 28.53179122232106], [77.18545594616145, 28.531790219224074], [77.18548652296292, 28.531799833434626], [77.18550191563354, 28.531809692071565], [77.18550276873617, 28.531851022807118], [77.18549186217118, 28.53185689472876], [77.18545952381875, 28.531862744145414]]]}, "properties": {"node": "acacia", "role": "positive", "name": "acacia", "ts": "2026-07-14T16:54:06.357384+00:00"}}, {"type": "Feature", "geometry": {"type": "Polygon", "coordinates": [[[77.18537811647114, 28.531880408619635], [77.18536739462786, 28.53187506861283], [77.18536270053114, 28.531859341397872], [77.18537056996244, 28.53184745451927], [77.18538469513855, 28.531846308380306], [77.18539904400633, 28.531856000077923], [77.18540117763042, 28.531868644703433], [77.18539407954715, 28.53187757911601], [77.18537811647114, 28.531880408619635]]]}, "properties": {"node": "acacia", "role": "positive", "name": "acacia", "ts": "2026-07-14T16:54:06.357424+00:00"}}, {"type": "Feature", "geometry": {"type": "Polygon", "coordinates": [[[77.1853936069602, 28.53202605930793], [77.18538165604413, 28.532021657853537], [77.18537122886664, 28.532010433002057], [77.18536883965342, 28.531955161748115], [77.18538018119686, 28.53195020159991], [77.18540867749198, 28.531949742890458], [77.18544901527281, 28.531958464969414], [77.18545763162815, 28.5319827654416], [77.18545633159566, 28.53200042667564], [77.18543333107911, 28.53201512967683], [77.1853936069602, 28.53202605930793]]]}, "properties": {"node": "acacia", "role": "positive", "name": "acacia", "ts": "2026-07-14T16:54:06.357465+00:00"}}, {"type": "Feature", "geometry": {"type": "Polygon", "coordinates": [[[77.18533491120363, 28.53207551497647], [77.18532071344313, 28.532063064542914], [77.18531247847652, 28.5320269977173], [77.18531865357625, 28.532013668088574], [77.18533518760276, 28.532008256855903], [77.18537201969376, 28.53201850541285], [77.18537973905073, 28.532029590099057], [77.185380825083, 28.532041884081348], [77.18537575824664, 28.532058503430395], [77.18536639108008, 28.532068393133436], [77.18533491120363, 28.53207551497647]]]}, "properties": {"node": "acacia", "role": "positive", "name": "acacia", "ts": "2026-07-14T16:54:06.357505+00:00"}}, {"type": "Feature", "geometry": {"type": "Polygon", "coordinates": [[[77.18507586693428, 28.53219673530317], [77.18504715448877, 28.53218672349078], [77.18504305410312, 28.53216951668274], [77.18507804304382, 28.532150945728397], [77.1850990475146, 28.53215042390868], [77.18510692557511, 28.532159117264865], [77.18510745251518, 28.53218465048029], [77.18509907983419, 28.532192319121155], [77.18507586693428, 28.53219673530317]]]}, "properties": {"node": "acacia", "role": "positive", "name": "acacia", "ts": "2026-07-14T16:54:06.357545+00:00"}}, {"type": "Feature", "geometry": {"type": "Polygon", "coordinates": [[[77.18513685485138, 28.53184496880863], [77.18509773102774, 28.531834573316424], [77.18507620776965, 28.531820035719033], [77.185072516313, 28.531812561249954], [77.18507342694163, 28.53179619255672], [77.18511760146005, 28.531769021108346], [77.18513931326045, 28.531772530471624], [77.18516810520875, 28.531786399806943], [77.18516864023972, 28.531822406825967], [77.18516331988381, 28.53183682521032], [77.18513685485138, 28.53184496880863]]]}, "properties": {"node": "acacia", "role": "positive", "name": "acacia", "ts": "2026-07-14T16:54:06.357586+00:00"}}, {"type": "Feature", "geometry": {"type": "Polygon", "coordinates": [[[77.18562608573438, 28.531887993278684], [77.18559026334603, 28.53187625850955], [77.18558771369543, 28.531863620585323], [77.18559603323028, 28.531853380227275], [77.18562813323383, 28.5318460645901], [77.18564029972386, 28.53185083005908], [77.18564677108272, 28.53186193482115], [77.18564484328424, 28.531879422409215], [77.1856387359382, 28.531885952092562], [77.18562608573438, 28.531887993278684]]]}, "properties": {"node": "acacia", "role": "positive", "name": "acacia", "ts": "2026-07-14T16:54:06.357627+00:00"}}, {"type": "Feature", "geometry": {"type": "Polygon", "coordinates": [[[77.1859942752963, 28.531016587920444], [77.1859810537209, 28.53101110445502], [77.18596741936545, 28.53099570496258], [77.18596207031835, 28.530968411863412], [77.18597386013822, 28.5309347789558], [77.18599761707898, 28.530926495054842], [77.18600723438165, 28.530928728995384], [77.18602935939234, 28.530952260665295], [77.18603039733736, 28.530982379474185], [77.18602300150432, 28.531007121483942], [77.18601169801597, 28.53101391860051], [77.1859942752963, 28.531016587920444]]]}, "properties": {"node": "acacia", "role": "positive", "name": "acacia", "ts": "2026-07-14T16:54:06.357668+00:00"}}, {"type": "Feature", "geometry": {"type": "Polygon", "coordinates": [[[77.1856069323972, 28.53057703878059], [77.18558685828943, 28.530572216846622], [77.18558023210664, 28.530563687114018], [77.18557621080545, 28.530540231436962], [77.18558139455722, 28.530519200121887], [77.18562721671407, 28.530481160565117], [77.18565652943977, 28.53047995366272], [77.18566840110361, 28.530490603985147], [77.18566865297635, 28.530533046922695], [77.1856553231413, 28.530552555602103], [77.18563550740366, 28.530570331161265], [77.1856069323972, 28.53057703878059]]]}, "properties": {"node": "acacia", "role": "positive", "name": "acacia", "ts": "2026-07-14T16:54:06.357710+00:00"}}, {"type": "Feature", "geometry": {"type": "Polygon", "coordinates": [[[77.18556365055485, 28.530667590858435], [77.1855499177269, 28.530647415320804], [77.1855457447698, 28.5306166119555], [77.18555505439666, 28.530593860444775], [77.18557418655617, 28.530593368703506], [77.1855888456326, 28.530608016731556], [77.18559779500823, 28.530638375697073], [77.18558366348155, 28.530659367301702], [77.18556365055485, 28.530667590858435]]]}, "properties": {"node": "acacia", "role": "positive", "name": "acacia", "ts": "2026-07-14T16:54:06.357749+00:00"}}, {"type": "Feature", "geometry": {"type": "Polygon", "coordinates": [[[77.18583405765047, 28.531278443277603], [77.18581665707316, 28.53127210831385], [77.1858056432897, 28.53125262404461], [77.1858133262605, 28.53122162981357], [77.18582625207685, 28.531212785307716], [77.18584985853566, 28.531217366575838], [77.18587374238653, 28.531245463781104], [77.18587364871532, 28.531261084309794], [77.18586876666896, 28.531266491755122], [77.18583405765047, 28.531278443277603]]]}, "properties": {"node": "acacia", "role": "positive", "name": "acacia", "ts": "2026-07-14T16:54:06.357788+00:00"}}, {"type": "Feature", "geometry": {"type": "Polygon", "coordinates": [[[77.18567969217956, 28.530886410378674], [77.18566860371911, 28.530883465085513], [77.1856584301336, 28.53087444120732], [77.18565425821606, 28.5308638506838], [77.18565689721476, 28.53085057796851], [77.18566698683685, 28.5308454542018], [77.18571177507671, 28.530848040716474], [77.18571659754153, 28.530859907037204], [77.18570998759148, 28.53087232491615], [77.1856968803465, 28.53088245860331], [77.18567969217956, 28.530886410378674]]]}, "properties": {"node": "acacia", "role": "positive", "name": "acacia", "ts": "2026-07-14T16:54:06.357828+00:00"}}, {"type": "Feature", "geometry": {"type": "Polygon", "coordinates": [[[77.1859816095885, 28.531209365184925], [77.18596542668082, 28.531201540608727], [77.18596377290461, 28.53118190564626], [77.18597228518391, 28.531170927151607], [77.18598449274687, 28.53116760679137], [77.1860081940089, 28.53117678033501], [77.18601701783534, 28.53119097100635], [77.18600172117861, 28.531205917558285], [77.1859816095885, 28.531209365184925]]]}, "properties": {"node": "acacia", "role": "positive", "name": "acacia", "ts": "2026-07-14T16:54:06.357869+00:00"}}, {"type": "Feature", "geometry": {"type": "Polygon", "coordinates": [[[77.18591579644999, 28.53124662421748], [77.18587947918728, 28.53124114509277], [77.18585452120408, 28.531211411403703], [77.18585305592482, 28.531180748213124], [77.18587184689652, 28.53116372413241], [77.18592002717806, 28.531159273338613], [77.18594165715616, 28.531189060599555], [77.18594377680112, 28.531221183277673], [77.1859319181146, 28.531241403309792], [77.18591579644999, 28.53124662421748]]]}, "properties": {"node": "acacia", "role": "positive", "name": "acacia", "ts": "2026-07-14T16:54:06.357907+00:00"}}, {"type": "Feature", "geometry": {"type": "Polygon", "coordinates": [[[77.18593343646519, 28.53107306094921], [77.18591464817393, 28.53107005589744], [77.18590514405645, 28.53106322629881], [77.18589821880411, 28.5310502913232], [77.18589912551418, 28.53103373893793], [77.1859238075815, 28.530999714707985], [77.1859518231425, 28.53099613983028], [77.1859705096039, 28.53100429160606], [77.18597797543235, 28.53101317530395], [77.18598855425658, 28.531031747796984], [77.18598900117088, 28.531043317051466], [77.18597280484191, 28.531065076953247], [77.18593343646519, 28.53107306094921]]]}, "properties": {"node": "acacia", "role": "positive", "name": "acacia", "ts": "2026-07-14T16:54:06.357946+00:00"}}, {"type": "Feature", "geometry": {"type": "Polygon", "coordinates": [[[77.18597267923951, 28.531250485932564], [77.18595916620444, 28.531240964589188], [77.18596062864566, 28.53122109569914], [77.18597190182051, 28.531212829048695], [77.18599504677469, 28.531215212683936], [77.18600228186655, 28.531222997575714], [77.18600175704339, 28.531237890033246], [77.18599298366911, 28.53124630018928], [77.18597267923951, 28.531250485932564]]]}, "properties": {"node": "acacia", "role": "positive", "name": "acacia", "ts": "2026-07-14T16:54:06.357984+00:00"}}, {"type": "Feature", "geometry": {"type": "Polygon", "coordinates": [[[77.18571939314288, 28.530944939762577], [77.1857008356294, 28.530943033483876], [77.18568476598881, 28.530930613217958], [77.18567566218674, 28.53091293571839], [77.18567593734849, 28.530896025993822], [77.18568140926398, 28.53088895528039], [77.18571106550922, 28.530874145094664], [77.1857322235321, 28.5308508353176], [77.18575447573458, 28.530850293318743], [77.18577733463923, 28.530879142060297], [77.18577784654526, 28.53090394050049], [77.18575899169169, 28.530927948217524], [77.18571939314288, 28.530944939762577]]]}, "properties": {"node": "acacia", "role": "positive", "name": "acacia", "ts": "2026-07-14T16:54:06.358023+00:00"}}, {"type": "Feature", "geometry": {"type": "Polygon", "coordinates": [[[77.18596535350126, 28.53151043087297], [77.18594395155564, 28.53150177156309], [77.18591911047609, 28.531467625931498], [77.1859187464219, 28.531449991488277], [77.18592337117325, 28.53144219939244], [77.18593566541762, 28.531432997538225], [77.18595035385515, 28.53142890222278], [77.18596450930363, 28.531429225563677], [77.18597609726217, 28.531436205357124], [77.18599595770132, 28.53147098243298], [77.1859932775985, 28.531492340954085], [77.18598228445299, 28.531504094408483], [77.18596535350126, 28.53151043087297]]]}, "properties": {"node": "acacia", "role": "positive", "name": "acacia", "ts": "2026-07-14T16:54:06.358063+00:00"}}, {"type": "Feature", "geometry": {"type": "Polygon", "coordinates": [[[77.18587290994792, 28.531507509218418], [77.18585762347128, 28.531502794002108], [77.18584679546693, 28.53149231065265], [77.185843273486, 28.531472889520625], [77.18586892475273, 28.531455571232776], [77.18589117328771, 28.531454845512503], [77.1859019444091, 28.53146257347666], [77.18590157505335, 28.531484997311], [77.18589091504127, 28.53150280924948], [77.18587290994792, 28.531507509218418]]]}, "properties": {"node": "acacia", "role": "positive", "name": "acacia", "ts": "2026-07-14T16:54:06.358104+00:00"}}, {"type": "Feature", "geometry": {"type": "Polygon", "coordinates": [[[77.18592726352487, 28.53159042553283], [77.18591378078595, 28.531582373724433], [77.18590962777171, 28.53157270167329], [77.18591812756445, 28.53154095927364], [77.18593956249869, 28.53153105898584], [77.18596726838098, 28.531532634174678], [77.18597336925677, 28.531545949924297], [77.18596932794766, 28.531571924191372], [77.18594906953821, 28.531588420654813], [77.18592726352487, 28.53159042553283]]]}, "properties": {"node": "acacia", "role": "positive", "name": "acacia", "ts": "2026-07-14T16:54:06.358143+00:00"}}, {"type": "Feature", "geometry": {"type": "Polygon", "coordinates": [[[77.18586478278684, 28.531305327818746], [77.18584806308712, 28.531301738194642], [77.18583505271205, 28.5312863286439], [77.18583745714943, 28.531271773430447], [77.18585367249644, 28.531250932002838], [77.1858682888629, 28.531243346546923], [77.18591103139478, 28.531247619704267], [77.18592198015843, 28.531253874782184], [77.18592325584957, 28.531275353364503], [77.18591963697868, 28.531281475486136], [77.18588198238861, 28.53130192709319], [77.18586478278684, 28.531305327818746]]]}, "properties": {"node": "acacia", "role": "positive", "name": "acacia", "ts": "2026-07-14T16:54:06.358182+00:00"}}, {"type": "Feature", "geometry": {"type": "Polygon", "coordinates": [[[77.1860115095956, 28.531750588095225], [77.18599289125889, 28.5317457427911], [77.18597480154064, 28.531726188719677], [77.18597323497205, 28.531710778677663], [77.1859881005283, 28.531695104055604], [77.18601785612995, 28.53169517620362], [77.18604027595887, 28.531712823014992], [77.18604058752753, 28.531737992181174], [77.18602786587864, 28.53174664966806], [77.1860115095956, 28.531750588095225]]]}, "properties": {"node": "acacia", "role": "positive", "name": "acacia", "ts": "2026-07-14T16:54:06.358222+00:00"}}, {"type": "Feature", "geometry": {"type": "Polygon", "coordinates": [[[77.18545727171889, 28.531320157190745], [77.18543720884715, 28.531315886318993], [77.18542787861361, 28.531307400108812], [77.185430033402, 28.531290827633757], [77.18544453227454, 28.531277547763985], [77.18546730294139, 28.531281958799564], [77.18547799113236, 28.531295751990303], [77.18547690289604, 28.531313593569422], [77.18545727171889, 28.531320157190745]]]}, "properties": {"node": "acacia", "role": "positive", "name": "acacia", "ts": "2026-07-14T16:54:06.358261+00:00"}}, {"type": "Feature", "geometry": {"type": "Polygon", "coordinates": [[[77.18574025172592, 28.531874762592896], [77.18573330802981, 28.531871015567294], [77.18572807329723, 28.531859339641045], [77.1857282574354, 28.531838021307756], [77.18573471575688, 28.531818255741197], [77.18574704363064, 28.531800600714572], [77.18576596800337, 28.53180011228322], [77.1857845641504, 28.53181396188139], [77.1857921178054, 28.53183717692065], [77.18579115799145, 28.531851157614977], [77.18577774081365, 28.53186644139192], [77.18574025172592, 28.531874762592896]]]}, "properties": {"node": "acacia", "role": "positive", "name": "acacia", "ts": "2026-07-14T16:54:06.358301+00:00"}}, {"type": "Feature", "geometry": {"type": "Polygon", "coordinates": [[[77.18593762701774, 28.532142804435402], [77.18592693546061, 28.532138934012778], [77.18592047543133, 28.532128380343327], [77.18592018985392, 28.532094390606865], [77.18593636036773, 28.53208145127501], [77.18596543518564, 28.532078778094426], [77.18597504938295, 28.532090934753377], [77.18597616698756, 28.532124911092158], [77.18596083985969, 28.53213838810853], [77.18593762701774, 28.532142804435402]]]}, "properties": {"node": "acacia", "role": "positive", "name": "acacia", "ts": "2026-07-14T16:54:06.358343+00:00"}}, {"type": "Feature", "geometry": {"type": "Polygon", "coordinates": [[[77.18544036206525, 28.53195254040927], [77.18542582792686, 28.531943954218352], [77.18542165766533, 28.53189312171286], [77.18542879692544, 28.531876101495346], [77.18544938533222, 28.531875586321025], [77.1854700652666, 28.53188958617263], [77.18547548522598, 28.53190015660894], [77.18547585300472, 28.53191797474838], [77.18545938830933, 28.53194690529032], [77.18544036206525, 28.53195254040927]]]}, "properties": {"node": "acacia", "role": "positive", "name": "acacia", "ts": "2026-07-14T16:54:06.358383+00:00"}}, {"type": "Feature", "geometry": {"type": "Polygon", "coordinates": [[[77.18617860070331, 28.530874335024183], [77.18616499347858, 28.5308703278116], [77.1861567070241, 28.53086200859762], [77.18615892119345, 28.53082816236034], [77.18617424432387, 28.53081450163883], [77.18621045904717, 28.530815021005477], [77.18621872653847, 28.530822421755712], [77.18621688287625, 28.53085405698901], [77.18620180187988, 28.530869367594782], [77.18617860070331, 28.530874335024183]]]}, "properties": {"node": "acacia", "role": "positive", "name": "acacia", "ts": "2026-07-14T16:54:06.358434+00:00"}}, {"type": "Feature", "geometry": {"type": "Polygon", "coordinates": [[[77.18611450869292, 28.530783306712625], [77.18609774735384, 28.53077769650174], [77.1860749522784, 28.530741864167744], [77.18607589630373, 28.530717042287808], [77.18610022030002, 28.530705992942544], [77.18612836092713, 28.53070847987253], [77.18615032342444, 28.53073421917901], [77.18614903867885, 28.530752615183978], [77.18613516834661, 28.53077617518081], [77.18611450869292, 28.530783306712625]]]}, "properties": {"node": "acacia", "role": "positive", "name": "acacia", "ts": "2026-07-14T16:54:06.358475+00:00"}}, {"type": "Feature", "geometry": {"type": "Polygon", "coordinates": [[[77.1861493547151, 28.530919090470693], [77.18614184395898, 28.530918108892298], [77.1861335347471, 28.530908687524438], [77.18613023970352, 28.530890181511403], [77.18614038560287, 28.53087770667708], [77.18615803525763, 28.530875952451005], [77.1861701719047, 28.53088935475599], [77.18617159116259, 28.53090770721949], [77.1861623980355, 28.530915940391168], [77.1861493547151, 28.530919090470693]]]}, "properties": {"node": "acacia", "role": "positive", "name": "acacia", "ts": "2026-07-14T16:54:06.358517+00:00"}}, {"type": "Feature", "geometry": {"type": "Polygon", "coordinates": [[[77.18619618611112, 28.530809003230654], [77.18617104409144, 28.530800587929374], [77.18616796842348, 28.53078262964416], [77.1861813778306, 28.530766978452753], [77.18621315248342, 28.53076407800537], [77.18622319774798, 28.530776962723554], [77.18622370217092, 28.53080139377252], [77.18621776499332, 28.530806083207178], [77.18619618611112, 28.530809003230654]]]}, "properties": {"node": "acacia", "role": "positive", "name": "acacia", "ts": "2026-07-14T16:54:06.358557+00:00"}}, {"type": "Feature", "geometry": {"type": "Polygon", "coordinates": [[[77.18605117518051, 28.530991048823843], [77.18603415650976, 28.530983053958533], [77.18603265062879, 28.53097058298937], [77.18604205119117, 28.530952240061126], [77.18606068018295, 28.5309475300275], [77.18607928379295, 28.530961746977194], [77.18608061201851, 28.530975690831628], [77.18607375997412, 28.53098645884636], [77.18605117518051, 28.530991048823843]]]}, "properties": {"node": "acacia", "role": "positive", "name": "acacia", "ts": "2026-07-14T16:54:06.358600+00:00"}}, {"type": "Feature", "geometry": {"type": "Polygon", "coordinates": [[[77.18603756562588, 28.530946615937168], [77.18602332301877, 28.53094206768164], [77.18600941619783, 28.530923548776197], [77.18600865452188, 28.530896733075657], [77.18602233643634, 28.5308842013151], [77.1860457803353, 28.5308909902074], [77.18605639650018, 28.530901293201154], [77.18606230451446, 28.530915347066895], [77.1860591629225, 28.53093450798237], [77.18604874453769, 28.530943863394537], [77.18603756562588, 28.530946615937168]]]}, "properties": {"node": "acacia", "role": "positive", "name": "acacia", "ts": "2026-07-14T16:54:06.358640+00:00"}}, {"type": "Feature", "geometry": {"type": "Polygon", "coordinates": [[[77.18609374197266, 28.530704627230413], [77.18607808132347, 28.530701939344272], [77.18605514769396, 28.53068962964422], [77.18604520105853, 28.53068152090706], [77.18604356682228, 28.530672910821018], [77.1860529755236, 28.530665041692895], [77.18608871672984, 28.530652705995685], [77.18612285140384, 28.53065325888045], [77.18613140272494, 28.530664330130218], [77.18613175980443, 28.530691703604116], [77.18611303663457, 28.530701927757658], [77.18609374197266, 28.530704627230413]]]}, "properties": {"node": "acacia", "role": "positive", "name": "acacia", "ts": "2026-07-14T16:54:06.358678+00:00"}}, {"type": "Feature", "geometry": {"type": "Polygon", "coordinates": [[[77.18620571388813, 28.531089073388358], [77.1861652442488, 28.53108402870989], [77.18615638307894, 28.53107810754232], [77.18615157572454, 28.53106697600921], [77.1861557838513, 28.53104908419077], [77.18618155952748, 28.531027721275784], [77.18619579017897, 28.531021612022787], [77.18621365983121, 28.531030511929636], [77.18622885263045, 28.531050847635505], [77.18622177103673, 28.53108072968267], [77.18620571388813, 28.531089073388358]]]}, "properties": {"node": "acacia", "role": "positive", "name": "acacia", "ts": "2026-07-14T16:54:06.358719+00:00"}}, {"type": "Feature", "geometry": {"type": "Polygon", "coordinates": [[[77.18610972969282, 28.530934796281333], [77.18609631150005, 28.5309298672524], [77.18608477610236, 28.530915352740394], [77.18608279295466, 28.530889842981182], [77.1860913317468, 28.530880150325363], [77.1861176042133, 28.53088285108986], [77.18613755122013, 28.530911746654137], [77.18613250350884, 28.530929284485065], [77.18610972969282, 28.530934796281333]]]}, "properties": {"node": "acacia", "role": "positive", "name": "acacia", "ts": "2026-07-14T16:54:06.358758+00:00"}}, {"type": "Feature", "geometry": {"type": "Polygon", "coordinates": [[[77.18609249136648, 28.530986708495075], [77.18608079726405, 28.530974585329783], [77.18608624581611, 28.530956306033463], [77.18610018503016, 28.530946158913462], [77.18611825069746, 28.530944397993483], [77.18612324328704, 28.53095442402658], [77.18612103930859, 28.530968608509717], [77.18610962264306, 28.530980001285823], [77.18609249136648, 28.530986708495075]]]}, "properties": {"node": "acacia", "role": "positive", "name": "acacia", "ts": "2026-07-14T16:54:06.358800+00:00"}}, {"type": "Feature", "geometry": {"type": "Polygon", "coordinates": [[[77.18608042181312, 28.53095639981086], [77.18606954133644, 28.53095345120232], [77.18606054365671, 28.530940917111423], [77.1860613371514, 28.530928960378255], [77.18607108602461, 28.53091741070741], [77.18608863387604, 28.53092080321823], [77.18610098231282, 28.530934385872428], [77.18609997703008, 28.530946162262676], [77.18608042181312, 28.53095639981086]]]}, "properties": {"node": "acacia", "role": "positive", "name": "acacia", "ts": "2026-07-14T16:54:06.358840+00:00"}}, {"type": "Feature", "geometry": {"type": "Polygon", "coordinates": [[[77.18613644866637, 28.530616473053083], [77.18611879846902, 28.53060812085852], [77.18611186943258, 28.5305950022007], [77.18611215152804, 28.530568353446967], [77.18612401828261, 28.530558607203073], [77.18615090328959, 28.530560746841587], [77.18616796041266, 28.530580685032383], [77.18616827519232, 28.5305959314775], [77.18616242145839, 28.530604662135786], [77.18615096690908, 28.53061421799244], [77.18613644866637, 28.530616473053083]]]}, "properties": {"node": "acacia", "role": "positive", "name": "acacia", "ts": "2026-07-14T16:54:06.358881+00:00"}}, {"type": "Feature", "geometry": {"type": "Polygon", "coordinates": [[[77.1861436592485, 28.531177355384077], [77.18612436391253, 28.53116994845097], [77.18610966237736, 28.531143173462244], [77.18611086369457, 28.53112073623175], [77.18612834272604, 28.531110715862813], [77.18615859759909, 28.531114822516535], [77.18617556000454, 28.53113016839755], [77.18617571230354, 28.531147622495833], [77.18616877741515, 28.531164455703642], [77.1861573341872, 28.531174562639663], [77.1861436592485, 28.531177355384077]]]}, "properties": {"node": "acacia", "role": "positive", "name": "acacia", "ts": "2026-07-14T16:54:06.358922+00:00"}}, {"type": "Feature", "geometry": {"type": "Polygon", "coordinates": [[[77.18604394554862, 28.530550157594554], [77.18602901073689, 28.53054231292544], [77.18602603749467, 28.530529314322127], [77.186041901747, 28.53052170875853], [77.18606770123962, 28.530521660854056], [77.18607264070887, 28.53052911520122], [77.18607019459799, 28.530541649804274], [77.18605909536757, 28.53054825988109], [77.18604394554862, 28.530550157594554]]]}, "properties": {"node": "acacia", "role": "positive", "name": "acacia", "ts": "2026-07-14T16:54:06.358965+00:00"}}, {"type": "Feature", "geometry": {"type": "Polygon", "coordinates": [[[77.18609307691978, 28.53123678713276], [77.18608151931679, 28.53123127688516], [77.18607422733186, 28.531220736616405], [77.18607501644762, 28.53119848977652], [77.1860982772065, 28.53117624860482], [77.18611694795182, 28.531173559174693], [77.18612605884654, 28.53118149760826], [77.18612585320452, 28.531221926616325], [77.18611050346446, 28.531234301490475], [77.18609307691978, 28.53123678713276]]]}, "properties": {"node": "acacia", "role": "positive", "name": "acacia", "ts": "2026-07-14T16:54:06.359007+00:00"}}, {"type": "Feature", "geometry": {"type": "Polygon", "coordinates": [[[77.18578922875648, 28.53060864961173], [77.1857812489396, 28.530605103019163], [77.18577435786247, 28.530593821263377], [77.1857721434988, 28.53055710627239], [77.18577885849179, 28.53052961893695], [77.18578970044598, 28.530520624232842], [77.18581937017389, 28.530546790774554], [77.1858296699869, 28.530582089317313], [77.18582733704719, 28.530590028264985], [77.18581467997343, 28.530601808493227], [77.18578922875648, 28.53060864961173]]]}, "properties": {"node": "acacia", "role": "positive", "name": "acacia", "ts": "2026-07-14T16:54:06.359046+00:00"}}, {"type": "Feature", "geometry": {"type": "Polygon", "coordinates": [[[77.18578344600276, 28.531084479741825], [77.18576121974085, 28.531076201176365], [77.185757315921, 28.531058439966138], [77.18577849292677, 28.53103604864172], [77.18580295353948, 28.531031612261696], [77.18581585770053, 28.531041878438078], [77.18580869635754, 28.531067902935117], [77.18580068293439, 28.531072809533143], [77.18579945824153, 28.531084038195193], [77.18578344600276, 28.531084479741825]]]}, "properties": {"node": "acacia", "role": "positive", "name": "acacia", "ts": "2026-07-14T16:54:06.359084+00:00"}}, {"type": "Feature", "geometry": {"type": "Polygon", "coordinates": [[[77.18610817427168, 28.531111408125504], [77.18609144642627, 28.531097344730856], [77.18608947085544, 28.531072202356867], [77.18609961298327, 28.53105954383258], [77.18612101805219, 28.531058280399815], [77.18613535928493, 28.531067604638555], [77.1861407040002, 28.531084607620937], [77.18613147731276, 28.53110129397721], [77.18610817427168, 28.531111408125504]]]}, "properties": {"node": "acacia", "role": "positive", "name": "acacia", "ts": "2026-07-14T16:54:06.359132+00:00"}}, {"type": "Feature", "geometry": {"type": "Polygon", "coordinates": [[[77.18613644971767, 28.531412675524894], [77.18611515397205, 28.531409159620207], [77.18610029808464, 28.53139506608623], [77.18609283542206, 28.531376259675042], [77.1860928260744, 28.5313455730469], [77.18609697412643, 28.531334848570907], [77.18610457913701, 28.53133031603794], [77.18612711848822, 28.531323521742806], [77.18614749119081, 28.531322642433686], [77.18615922267432, 28.531326496096693], [77.18616758122815, 28.53133830545769], [77.18617478280248, 28.531354543524422], [77.18617673564749, 28.531378583742278], [77.18616806148096, 28.531401876317844], [77.1861551053324, 28.53140925131902], [77.18613644971767, 28.531412675524894]]]}, "properties": {"node": "acacia", "role": "positive", "name": "acacia", "ts": "2026-07-14T16:54:06.359175+00:00"}}, {"type": "Feature", "geometry": {"type": "Polygon", "coordinates": [[[77.18599822927389, 28.53111740475157], [77.18597916091971, 28.531110912908108], [77.18596860484173, 28.531093442567613], [77.18596872447256, 28.53106900146843], [77.18598297732193, 28.531053887973897], [77.1860019919966, 28.53104770171223], [77.18603901984147, 28.53104728926341], [77.18606951361716, 28.531062968541157], [77.18607769068525, 28.531076067103747], [77.18607907200743, 28.53109258264741], [77.1860779794956, 28.531100134119], [77.18606979980011, 28.531107064694748], [77.18602305659338, 28.53111057363574], [77.18599822927389, 28.53111740475157]]]}, "properties": {"node": "acacia", "role": "positive", "name": "acacia", "ts": "2026-07-14T16:54:06.359271+00:00"}}, {"type": "Feature", "geometry": {"type": "Polygon", "coordinates": [[[77.18619198743174, 28.531180068485586], [77.18617676487219, 28.531168369654317], [77.18617778093035, 28.531147037925994], [77.18618771126062, 28.531134199052694], [77.18620873068313, 28.531134411840803], [77.18621874943658, 28.531146010712146], [77.1862182511925, 28.531162189013596], [77.18620771961827, 28.531176140089777], [77.18619198743174, 28.531180068485586]]]}, "properties": {"node": "acacia", "role": "positive", "name": "acacia", "ts": "2026-07-14T16:54:06.359311+00:00"}}, {"type": "Feature", "geometry": {"type": "Polygon", "coordinates": [[[77.18604273082929, 28.531589852621487], [77.18601627294005, 28.531588257354002], [77.18600909470646, 28.53158322784632], [77.18600917581568, 28.531546843413363], [77.18601842910383, 28.531531442907966], [77.18603236839675, 28.531521295791233], [77.18604684504815, 28.531517020122006], [77.18606497907852, 28.531518565661635], [77.18607800409929, 28.531524603540333], [77.18608421817612, 28.531533323632626], [77.18608806956615, 28.53155861955343], [77.18606863618585, 28.531584841666817], [77.18604273082929, 28.531589852621487]]]}, "properties": {"node": "acacia", "role": "positive", "name": "acacia", "ts": "2026-07-14T16:54:06.359352+00:00"}}, {"type": "Feature", "geometry": {"type": "Polygon", "coordinates": [[[77.18590100033715, 28.531285818119493], [77.18588596303935, 28.531273013753133], [77.1858831067771, 28.531255603188185], [77.185889145815, 28.531245767037806], [77.18590991554763, 28.531243962606585], [77.1859269873444, 28.531254529175115], [77.18592838760853, 28.531271963181684], [77.18591407404864, 28.53128413759811], [77.18590100033715, 28.531285818119493]]]}, "properties": {"node": "acacia", "role": "positive", "name": "acacia", "ts": "2026-07-14T16:54:06.359393+00:00"}}, {"type": "Feature", "geometry": {"type": "Polygon", "coordinates": [[[77.18613138334528, 28.53104635329256], [77.1861069904252, 28.531043989774098], [77.18609248670741, 28.531036873186515], [77.18608543190696, 28.531007586274733], [77.18609097147845, 28.53099371558886], [77.18611387307892, 28.530974236496515], [77.18612790710525, 28.530968681676338], [77.18614996649602, 28.530968877729045], [77.1861639599846, 28.530981515121788], [77.1861734874582, 28.53099955326918], [77.1861741505707, 28.53102159297156], [77.18615822995946, 28.531036549586954], [77.18613138334528, 28.53104635329256]]]}, "properties": {"node": "acacia", "role": "positive", "name": "acacia", "ts": "2026-07-14T16:54:06.359433+00:00"}}, {"type": "Feature", "geometry": {"type": "Polygon", "coordinates": [[[77.18602440605198, 28.531296877625724], [77.18600944458576, 28.53128774711617], [77.18600411884043, 28.531271662589052], [77.18601212847537, 28.53126657228672], [77.18604735965597, 28.531259757400623], [77.1860646806014, 28.53126223479996], [77.18606570601946, 28.53127158970048], [77.18605702366658, 28.531284408471002], [77.18604595090756, 28.531292304395112], [77.18602440605198, 28.531296877625724]]]}, "properties": {"node": "acacia", "role": "positive", "name": "acacia", "ts": "2026-07-14T16:54:06.359471+00:00"}}, {"type": "Feature", "geometry": {"type": "Polygon", "coordinates": [[[77.18623536110042, 28.53174900481924], [77.18622094071658, 28.531745929477406], [77.1862115534919, 28.531734687946024], [77.18621558776054, 28.531718452704595], [77.18622600999394, 28.531709280969324], [77.18624453730452, 28.531709717631568], [77.18626073548232, 28.531718276936825], [77.18626075505266, 28.531729301810433], [77.18625189882465, 28.53174377717155], [77.18623536110042, 28.53174900481924]]]}, "properties": {"node": "acacia", "role": "positive", "name": "acacia", "ts": "2026-07-14T16:54:06.359510+00:00"}}, {"type": "Feature", "geometry": {"type": "Polygon", "coordinates": [[[77.1860852434731, 28.53114963051136], [77.186069783173, 28.53114657189458], [77.18605984407597, 28.531138830545622], [77.18605639033613, 28.531122715877654], [77.18606248244464, 28.53111545141021], [77.18608423526216, 28.531110874826343], [77.18609769140286, 28.531117640776156], [77.18610102058314, 28.531137800018264], [77.18609600261102, 28.531146700970123], [77.1860852434731, 28.53114963051136]]]}, "properties": {"node": "acacia", "role": "positive", "name": "acacia", "ts": "2026-07-14T16:54:06.359548+00:00"}}, {"type": "Feature", "geometry": {"type": "Polygon", "coordinates": [[[77.18616999168965, 28.532130242727252], [77.18616287030216, 28.532127968611512], [77.18615598286787, 28.53211687057717], [77.18615996725099, 28.532088140926785], [77.18616967828325, 28.53207475432473], [77.18618795972797, 28.53207335741996], [77.18620725204742, 28.532090687054836], [77.18620991556371, 28.532108835724596], [77.18619256533799, 28.532125101641494], [77.18616999168965, 28.532130242727252]]]}, "properties": {"node": "acacia", "role": "positive", "name": "acacia", "ts": "2026-07-14T16:54:06.359590+00:00"}}, {"type": "Feature", "geometry": {"type": "Polygon", "coordinates": [[[77.1861450064643, 28.532028662064896], [77.18612984825657, 28.53202008600138], [77.18613145039996, 28.53199690730603], [77.18614593030624, 28.53198270890173], [77.18617027793157, 28.531982868096144], [77.18617904875506, 28.53199448706152], [77.18617945458129, 28.532014142113027], [77.18616760284932, 28.532024623136767], [77.1861450064643, 28.532028662064896]]]}, "properties": {"node": "acacia", "role": "positive", "name": "acacia", "ts": "2026-07-14T16:54:06.359630+00:00"}}, {"type": "Feature", "geometry": {"type": "Polygon", "coordinates": [[[77.18596856601734, 28.532069172519368], [77.18594919088494, 28.53205790803645], [77.1859446364328, 28.532038871040328], [77.18595517191342, 28.532025103671717], [77.18598398941134, 28.532020045839886], [77.18599271470922, 28.532029460513094], [77.18599333988108, 28.532049663294053], [77.1859787088288, 28.53206662041411], [77.18596856601734, 28.532069172519368]]]}, "properties": {"node": "acacia", "role": "positive", "name": "acacia", "ts": "2026-07-14T16:54:06.359670+00:00"}}, {"type": "Feature", "geometry": {"type": "Polygon", "coordinates": [[[77.18634935936741, 28.530780443698607], [77.18632860050975, 28.53077269285386], [77.18630349960712, 28.53075619177578], [77.18630093473752, 28.53074281909785], [77.186309011985, 28.530730928823804], [77.18634654233948, 28.530724628101908], [77.18636525153542, 28.53073388197707], [77.1863736100599, 28.530745691327642], [77.1863735278365, 28.530761862929914], [77.18636549231628, 28.53077577382036], [77.18634935936741, 28.530780443698607]]]}, "properties": {"node": "acacia", "role": "positive", "name": "acacia", "ts": "2026-07-14T16:54:06.359711+00:00"}}, {"type": "Feature", "geometry": {"type": "Polygon", "coordinates": [[[77.18627934990691, 28.530836145787617], [77.1862605540663, 28.5308327733977], [77.18624424983363, 28.53081907070533], [77.18624084159214, 28.530805160347462], [77.18624436181952, 28.530794262224305], [77.18629103919233, 28.530767417620602], [77.18631924431547, 28.530773027275313], [77.18632944828619, 28.530783520638224], [77.18632946846307, 28.530804651927028], [77.18630351521246, 28.53082748775237], [77.18627934990691, 28.530836145787617]]]}, "properties": {"node": "acacia", "role": "positive", "name": "acacia", "ts": "2026-07-14T16:54:06.359752+00:00"}}, {"type": "Feature", "geometry": {"type": "Polygon", "coordinates": [[[77.18625560458574, 28.53078452601675], [77.18623734172992, 28.530776734964444], [77.18622935310833, 28.530752608186113], [77.18625334014321, 28.53073531663202], [77.18627660196913, 28.530733288265083], [77.18628961233189, 28.530748697774854], [77.18629040381491, 28.530766876592807], [77.18627923311607, 28.530780102952725], [77.18625560458574, 28.53078452601675]]]}, "properties": {"node": "acacia", "role": "positive", "name": "acacia", "ts": "2026-07-14T16:54:06.359791+00:00"}}, {"type": "Feature", "geometry": {"type": "Polygon", "coordinates": [[[77.18642215897268, 28.53096063569433], [77.18641189110913, 28.530957125988444], [77.18639587766971, 28.530937354778892], [77.18640042589138, 28.530915782414308], [77.18641987547832, 28.530910507857644], [77.18643848988779, 28.530915169418634], [77.1864481798833, 28.530930999890128], [77.18644514015584, 28.530945014083102], [77.18643601911623, 28.530956737421562], [77.18642215897268, 28.53096063569433]]]}, "properties": {"node": "acacia", "role": "positive", "name": "acacia", "ts": "2026-07-14T16:54:06.359829+00:00"}}, {"type": "Feature", "geometry": {"type": "Polygon", "coordinates": [[[77.18642244644151, 28.531085399454597], [77.18640422145164, 28.531079445349253], [77.18639389227455, 28.531062890156086], [77.18639412119009, 28.5310336697183], [77.1864044712767, 28.531021007823686], [77.18642682212287, 28.531025241706526], [77.18644279006537, 28.531042808606376], [77.18644543523659, 28.531070145226238], [77.18643279714733, 28.53108284397107], [77.18642244644151, 28.531085399454597]]]}, "properties": {"node": "acacia", "role": "positive", "name": "acacia", "ts": "2026-07-14T16:54:06.359866+00:00"}}, {"type": "Feature", "geometry": {"type": "Polygon", "coordinates": [[[77.18572493585462, 28.53070946267671], [77.18571057195524, 28.53069903623653], [77.18570328708391, 28.530678756909754], [77.18570627761304, 28.530662354729795], [77.18571802742, 28.530657020479424], [77.18573664175993, 28.53066168214098], [77.18574703525492, 28.530681360159562], [77.18574250965607, 28.530704034662623], [77.18572493585462, 28.53070946267671]]]}, "properties": {"node": "acacia", "role": "positive", "name": "acacia", "ts": "2026-07-14T16:54:06.359907+00:00"}}, {"type": "Feature", "geometry": {"type": "Polygon", "coordinates": [[[77.18629527642358, 28.530730782506872], [77.18627749405056, 28.530726107526153], [77.18626457092488, 28.5307149229331], [77.18625347748016, 28.530691581166046], [77.18625512191468, 28.530680529495424], [77.18626704176502, 28.530673354928545], [77.18632902941506, 28.530672540472242], [77.18634501245621, 28.530690842156588], [77.1863435880163, 28.530712547968715], [77.18631766832061, 28.53072693061009], [77.18629527642358, 28.530730782506872]]]}, "properties": {"node": "acacia", "role": "positive", "name": "acacia", "ts": "2026-07-14T16:54:06.359947+00:00"}}, {"type": "Feature", "geometry": {"type": "Polygon", "coordinates": [[[77.18640094440396, 28.53123311575691], [77.18639213251812, 28.531229582603096], [77.18638146318531, 28.531216707950737], [77.18637380704675, 28.531188533261123], [77.18638595708728, 28.531172351070975], [77.18641405170828, 28.53116252721638], [77.1864429498398, 28.53118153965996], [77.18644795385138, 28.531192116754667], [77.18644820481695, 28.531214346843555], [77.18643208380519, 28.53122967422405], [77.18640094440396, 28.53123311575691]]]}, "properties": {"node": "acacia", "role": "positive", "name": "acacia", "ts": "2026-07-14T16:54:06.359986+00:00"}}, {"type": "Feature", "geometry": {"type": "Polygon", "coordinates": [[[77.18602777639951, 28.531177935054966], [77.186003731189, 28.53117225836322], [77.18599323577727, 28.53115772709919], [77.18599591208405, 28.531136184885458], [77.18600468924188, 28.53112795842173], [77.18602020584413, 28.531123666012533], [77.18604316174071, 28.531126971450277], [77.18605707238896, 28.531145674042076], [77.18605087146292, 28.531167824268504], [77.18603878146665, 28.53117683909001], [77.18602777639951, 28.531177935054966]]]}, "properties": {"node": "acacia", "role": "positive", "name": "acacia", "ts": "2026-07-14T16:54:06.360024+00:00"}}, {"type": "Feature", "geometry": {"type": "Polygon", "coordinates": [[[77.18620480522351, 28.53113576132405], [77.18618828595754, 28.53113180100737], [77.18617804024515, 28.531119287022392], [77.18617752504211, 28.53110441131209], [77.18618797377077, 28.531096525426758], [77.18620571069201, 28.531098996110696], [77.18621636861346, 28.531111319702635], [77.18621823043473, 28.531130951310292], [77.18620480522351, 28.53113576132405]]]}, "properties": {"node": "acacia", "role": "positive", "name": "acacia", "ts": "2026-07-14T16:54:06.360087+00:00"}}, {"type": "Feature", "geometry": {"type": "Polygon", "coordinates": [[[77.18643191606289, 28.531392849717395], [77.18640947789729, 28.531384390922508], [77.18638983416344, 28.531370190773938], [77.18638357076364, 28.531359082699492], [77.18638591259156, 28.531311269167993], [77.18639869043818, 28.531295260619302], [77.18640777419526, 28.531291806774558], [77.18643025723838, 28.531292363462644], [77.18644182245055, 28.531298241063233], [77.18645766713256, 28.53134006535885], [77.18646201363606, 28.53135910568598], [77.18645885693695, 28.531377531838103], [77.18644558722626, 28.53138987325085], [77.18643191606289, 28.531392849717395]]]}, "properties": {"node": "acacia", "role": "positive", "name": "acacia", "ts": "2026-07-14T16:54:06.360129+00:00"}}, {"type": "Feature", "geometry": {"type": "Polygon", "coordinates": [[[77.18634884967217, 28.53142083165005], [77.18632795034713, 28.53140628420626], [77.18631953806, 28.53138179675413], [77.186319930695, 28.53137058148907], [77.18633311697441, 28.5313541988624], [77.18634200032393, 28.53135111575545], [77.1863554375461, 28.531356963216588], [77.18636802502903, 28.531382118441066], [77.18636524320577, 28.531408623693004], [77.18636019869439, 28.531416238809346], [77.18634884967217, 28.53142083165005]]]}, "properties": {"node": "acacia", "role": "positive", "name": "acacia", "ts": "2026-07-14T16:54:06.360170+00:00"}}, {"type": "Feature", "geometry": {"type": "Polygon", "coordinates": [[[77.18627877521322, 28.530838543833223], [77.18625934778721, 28.53083481410741], [77.18624515389412, 28.530822547457426], [77.18623936283751, 28.530804081640813], [77.18624496306266, 28.530793150023474], [77.18625967794783, 28.53079034052435], [77.1862797255721, 28.530793876510053], [77.1862921189267, 28.530799557037252], [77.18630192206922, 28.53081079186954], [77.18629919272966, 28.53082976239719], [77.18627877521322, 28.530838543833223]]]}, "properties": {"node": "acacia", "role": "positive", "name": "acacia", "ts": "2026-07-14T16:54:06.360208+00:00"}}, {"type": "Feature", "geometry": {"type": "Polygon", "coordinates": [[[77.18589492109994, 28.531454968923438], [77.18586639840221, 28.531454141882787], [77.18585381215595, 28.531449199437546], [77.1858484680282, 28.53144230285901], [77.18584772590508, 28.531426512033924], [77.18586464168328, 28.5314194408159], [77.18590260026258, 28.53142379099671], [77.18591359075911, 28.531432066687483], [77.1859163029286, 28.531442496950373], [77.18591128872004, 28.53145158158879], [77.18589492109994, 28.531454968923438]]]}, "properties": {"node": "acacia", "role": "positive", "name": "acacia", "ts": "2026-07-14T16:54:06.360247+00:00"}}, {"type": "Feature", "geometry": {"type": "Polygon", "coordinates": [[[77.18633765323148, 28.531321969009834], [77.18632158346077, 28.53130954882723], [77.18632073188424, 28.53129853735171], [77.1863316301475, 28.531282191571005], [77.18634365246643, 28.53127997668045], [77.1863581789915, 28.5312881953906], [77.18636159485416, 28.53130247312705], [77.18634967555471, 28.531319754118517], [77.18633765323148, 28.531321969009834]]]}, "properties": {"node": "acacia", "role": "positive", "name": "acacia", "ts": "2026-07-14T16:54:06.360285+00:00"}}, {"type": "Feature", "geometry": {"type": "Polygon", "coordinates": [[[77.18630447615949, 28.53158949661149], [77.18628903475411, 28.531587356484078], [77.18627374764417, 28.531572534902942], [77.18627390891874, 28.531550114421698], [77.18629052186047, 28.531538454198973], [77.18630134930267, 28.531538831096984], [77.18631650365835, 28.531547223452844], [77.18633080765817, 28.53156481715822], [77.18632735190006, 28.531578838048475], [77.18630447615949, 28.53158949661149]]]}, "properties": {"node": "acacia", "role": "positive", "name": "acacia", "ts": "2026-07-14T16:54:06.360327+00:00"}}, {"type": "Feature", "geometry": {"type": "Polygon", "coordinates": [[[77.18639497034094, 28.531810380583], [77.18635972321997, 28.531806354386806], [77.18631140050151, 28.53177368950651], [77.18630762111319, 28.53175188374531], [77.18631574333315, 28.531732091360087], [77.18633082503905, 28.53172688715054], [77.18637223631924, 28.531727139023303], [77.18640994212195, 28.53173939451241], [77.18642179504145, 28.53174912629497], [77.18643552060081, 28.53176893434031], [77.18643476632687, 28.531802940817308], [77.18642446106983, 28.531807700609125], [77.18639497034094, 28.531810380583]]]}, "properties": {"node": "acacia", "role": "positive", "name": "acacia", "ts": "2026-07-14T16:54:06.360370+00:00"}}, {"type": "Feature", "geometry": {"type": "Polygon", "coordinates": [[[77.18611619465987, 28.53155026529065], [77.18609981885844, 28.531543178851905], [77.18609233342839, 28.53152327028908], [77.18610308822123, 28.53151005063889], [77.18612280661577, 28.53150771184264], [77.18613093063196, 28.53151823870973], [77.18613287209483, 28.53154172785179], [77.1861270031406, 28.53154972374209], [77.18611619465987, 28.53155026529065]]]}, "properties": {"node": "acacia", "role": "positive", "name": "acacia", "ts": "2026-07-14T16:54:06.360409+00:00"}}, {"type": "Feature", "geometry": {"type": "Polygon", "coordinates": [[[77.18654913972621, 28.530570504038273], [77.18653322936524, 28.530565798941314], [77.18650704676426, 28.530547294035912], [77.18650424291084, 28.530522348762165], [77.18651136357208, 28.530514516452367], [77.18654081221264, 28.530509815859908], [77.18656369654084, 28.530519737480393], [77.18656350180214, 28.530550611146445], [77.18654913972621, 28.530570504038273]]]}, "properties": {"node": "acacia", "role": "positive", "name": "acacia", "ts": "2026-07-14T16:54:06.360449+00:00"}}, {"type": "Feature", "geometry": {"type": "Polygon", "coordinates": [[[77.18644047747117, 28.530578134120503], [77.18641831514151, 28.53056287201041], [77.18641531150774, 28.530548403881667], [77.18643112201572, 28.53052812017083], [77.18645185745622, 28.53052466243598], [77.18647387626453, 28.530543050655844], [77.18647684956157, 28.530556049246286], [77.18646653745598, 28.53057054806501], [77.18644047747117, 28.530578134120503]]]}, "properties": {"node": "acacia", "role": "positive", "name": "acacia", "ts": "2026-07-14T16:54:06.360488+00:00"}}, {"type": "Feature", "geometry": {"type": "Polygon", "coordinates": [[[77.18649693121654, 28.530621693220205], [77.18647508307491, 28.530611571148615], [77.18646875902814, 28.530597524001827], [77.18646839110258, 28.530579705870753], [77.18647946313766, 28.530561703503476], [77.18650636269842, 28.530554471425802], [77.18652614980347, 28.530565545451548], [77.18653138896532, 28.530587511453255], [77.18652108128126, 28.53061230038134], [77.18649693121654, 28.530621693220205]]]}, "properties": {"node": "acacia", "role": "positive", "name": "acacia", "ts": "2026-07-14T16:54:06.360528+00:00"}}, {"type": "Feature", "geometry": {"type": "Polygon", "coordinates": [[[77.18649707007253, 28.530850096153134], [77.18648465394344, 28.53084331349324], [77.1864662766504, 28.530819905297868], [77.18646737168675, 28.530792324689678], [77.18648359883782, 28.53078214068584], [77.18650051509057, 28.53078517580919], [77.18651709183227, 28.53080199788449], [77.18652300748623, 28.53081641911144], [77.18651448074405, 28.530836769281432], [77.18649707007253, 28.530850096153134]]]}, "properties": {"node": "acacia", "role": "positive", "name": "acacia", "ts": "2026-07-14T16:54:06.360567+00:00"}}, {"type": "Feature", "geometry": {"type": "Polygon", "coordinates": [[[77.18658383132929, 28.53064840791462], [77.18657313990693, 28.530644537535157], [77.18656139268789, 28.53062984272282], [77.18656375086982, 28.530602976783523], [77.18658019293994, 28.530583050391026], [77.18659364082271, 28.530579342496868], [77.18661615405941, 28.530581368698865], [77.1866254128746, 28.530596471090373], [77.18662019203023, 28.530625771926335], [77.18660409009495, 28.53064201778252], [77.18658383132929, 28.53064840791462]]]}, "properties": {"node": "acacia", "role": "positive", "name": "acacia", "ts": "2026-07-14T16:54:06.360612+00:00"}}, {"type": "Feature", "geometry": {"type": "Polygon", "coordinates": [[[77.18611439319442, 28.53087849271778], [77.18609118763415, 28.530873170025117], [77.18607273136055, 28.53085601065313], [77.18606972017756, 28.530841175130952], [77.18607328972502, 28.530832665008756], [77.18609093178918, 28.53083054340753], [77.1861212776001, 28.53083905868483], [77.18613102122488, 28.53086756728676], [77.18612804913352, 28.530874781517742], [77.18611439319442, 28.53087849271778]]]}, "properties": {"node": "acacia", "role": "positive", "name": "acacia", "ts": "2026-07-14T16:54:06.360654+00:00"}}, {"type": "Feature", "geometry": {"type": "Polygon", "coordinates": [[[77.18643707413705, 28.53064507507924], [77.18641200420737, 28.53064014997081], [77.18638775428792, 28.530624553968774], [77.18638684961432, 28.53061097080356], [77.18639490787815, 28.53059816206486], [77.18643628396309, 28.53058665429966], [77.186460934089, 28.530591402411652], [77.18646938743765, 28.530607804058384], [77.1864699140535, 28.530623230842693], [77.18645444747165, 28.53064001770931], [77.18643707413705, 28.53064507507924]]]}, "properties": {"node": "acacia", "role": "positive", "name": "acacia", "ts": "2026-07-14T16:54:06.360697+00:00"}}, {"type": "Feature", "geometry": {"type": "Polygon", "coordinates": [[[77.18655789469653, 28.53051082701595], [77.18654314888978, 28.53050206059497], [77.18654508032293, 28.530484756692417], [77.18656666608564, 28.5304720975882], [77.18658854771543, 28.530473766461608], [77.18659455755909, 28.530482673574824], [77.18659068965665, 28.530496884861915], [77.18657407690604, 28.5305085451123], [77.18655789469653, 28.53051082701595]]]}, "properties": {"node": "acacia", "role": "positive", "name": "acacia", "ts": "2026-07-14T16:54:06.360736+00:00"}}, {"type": "Feature", "geometry": {"type": "Polygon", "coordinates": [[[77.18644052816401, 28.530913115308547], [77.18642673189127, 28.53091002993313], [77.18641594941455, 28.53090175093286], [77.18641454149363, 28.530883949550425], [77.18642044452893, 28.530877606878803], [77.18643579859153, 28.5308755220794], [77.18646030147498, 28.530883212610437], [77.18645450905993, 28.530904988766988], [77.18644052816401, 28.530913115308547]]]}, "properties": {"node": "acacia", "role": "positive", "name": "acacia", "ts": "2026-07-14T16:54:06.360773+00:00"}}, {"type": "Feature", "geometry": {"type": "Polygon", "coordinates": [[[77.18656233851127, 28.530574885297703], [77.18655033461732, 28.530567912250195], [77.18655019364365, 28.53055100923047], [77.18656350876154, 28.530540872117257], [77.18658704681292, 28.530542146806916], [77.18659193321291, 28.53054702944426], [77.18658752476207, 28.530565292006372], [77.18657873252285, 28.530572783735163], [77.18656233851127, 28.530574885297703]]]}, "properties": {"node": "acacia", "role": "positive", "name": "acacia", "ts": "2026-07-14T16:54:06.360814+00:00"}}, {"type": "Feature", "geometry": {"type": "Polygon", "coordinates": [[[77.18660258985554, 28.530539140181162], [77.18658676990611, 28.53052873728655], [77.18658398562974, 28.530514816888942], [77.18659865052261, 28.530499512945603], [77.18661216288001, 28.530498927815167], [77.18661942451534, 28.530507998519393], [77.18661981143171, 28.53052673510913], [77.18661396532642, 28.530535833168845], [77.18660258985554, 28.530539140181162]]]}, "properties": {"node": "acacia", "role": "positive", "name": "acacia", "ts": "2026-07-14T16:54:06.360853+00:00"}}, {"type": "Feature", "geometry": {"type": "Polygon", "coordinates": [[[77.18648478814433, 28.53136370023952], [77.18646482323253, 28.53135409910312], [77.1864545844299, 28.531331846113673], [77.18645312655936, 28.531301550323803], [77.18647017440995, 28.53129080184258], [77.18648018878942, 28.531292110587227], [77.18649539622605, 28.531303074613255], [77.18650726173462, 28.531333570292386], [77.186503783873, 28.531356595446102], [77.18648478814433, 28.53136370023952]]]}, "properties": {"node": "acacia", "role": "positive", "name": "acacia", "ts": "2026-07-14T16:54:06.360893+00:00"}}, {"type": "Feature", "geometry": {"type": "Polygon", "coordinates": [[[77.18627161543753, 28.53101579717868], [77.18625380267461, 28.5310096526609], [77.1862389765723, 28.530986922261604], [77.18623969798523, 28.530971475378834], [77.1862563336011, 28.53096091731668], [77.18627802250212, 28.530963324352594], [77.18630299449659, 28.530973579901644], [77.18630361212158, 28.530993415297022], [77.18629918783097, 28.531000836669996], [77.18628652697411, 28.531012433249337], [77.18627161543753, 28.53101579717868]]]}, "properties": {"node": "acacia", "role": "positive", "name": "acacia", "ts": "2026-07-14T16:54:06.360934+00:00"}}, {"type": "Feature", "geometry": {"type": "Polygon", "coordinates": [[[77.18662532075196, 28.532012657956678], [77.18661714038628, 28.53200948215544], [77.18660580520722, 28.531994596966054], [77.18660370050404, 28.531963209081596], [77.18663759152034, 28.531931792702462], [77.18666358796966, 28.531931190239717], [77.18667402350309, 28.53195288877975], [77.18667148389653, 28.531981043910406], [77.18665745800503, 28.53199707258668], [77.18663857598318, 28.53200968816713], [77.18662532075196, 28.532012657956678]]]}, "properties": {"node": "acacia", "role": "positive", "name": "acacia", "ts": "2026-07-14T16:54:06.360973+00:00"}}, {"type": "Feature", "geometry": {"type": "Polygon", "coordinates": [[[77.18671431378952, 28.531042478133116], [77.18669801390438, 28.53103906560463], [77.18668785918808, 28.5310309602696], [77.18668055957328, 28.53102005265162], [77.1866783499524, 28.531003734211467], [77.1866849711731, 28.530991867367444], [77.18670442390682, 28.530976670050123], [77.18671594292992, 28.530970236912356], [77.18672861955203, 28.530969481475726], [77.18674057418748, 28.530974066507568], [77.18674849780497, 28.530984964071582], [77.18675041347902, 28.53101727376706], [77.18673478820705, 28.531036452012042], [77.18671431378952, 28.531042478133116]]]}, "properties": {"node": "acacia", "role": "positive", "name": "acacia", "ts": "2026-07-14T16:54:06.361012+00:00"}}, {"type": "Feature", "geometry": {"type": "Polygon", "coordinates": [[[77.18668098503001, 28.530990277791304], [77.18667029736267, 28.530986591113802], [77.18666324748095, 28.530977700756882], [77.18666172571349, 28.53095438861836], [77.18667672004183, 28.53094495945992], [77.18670151377046, 28.530946581408113], [77.18671166089212, 28.53095431935853], [77.18671195678726, 28.530968647337094], [77.1867018564725, 28.5309833265152], [77.18668098503001, 28.530990277791304]]]}, "properties": {"node": "acacia", "role": "positive", "name": "acacia", "ts": "2026-07-14T16:54:06.361051+00:00"}}, {"type": "Feature", "geometry": {"type": "Polygon", "coordinates": [[[77.18665726900265, 28.530567292529167], [77.186641494564, 28.530559093946124], [77.1866342816025, 28.530542304827186], [77.18663366013087, 28.530522285743288], [77.18664173289692, 28.530500105347027], [77.18665310456888, 28.530496614639645], [77.18669513556519, 28.530496672698103], [77.1867104156188, 28.53052123326771], [77.18671085565991, 28.530542541544886], [77.1866880636345, 28.530557241384738], [77.18665726900265, 28.530567292529167]]]}, "properties": {"node": "acacia", "role": "positive", "name": "acacia", "ts": "2026-07-14T16:54:06.361094+00:00"}}, {"type": "Feature", "geometry": {"type": "Polygon", "coordinates": [[[77.18664469613655, 28.530653675252267], [77.18663423547125, 28.530650903680062], [77.18662041204261, 28.530636426065417], [77.1866213451936, 28.530621159525133], [77.18663339334974, 28.53061012404465], [77.18665422742501, 28.5306114422717], [77.18666657968531, 28.530625208565038], [77.18666367655521, 28.530645835675152], [77.18664469613655, 28.530653675252267]]]}, "properties": {"node": "acacia", "role": "positive", "name": "acacia", "ts": "2026-07-14T16:54:06.361134+00:00"}}, {"type": "Feature", "geometry": {"type": "Polygon", "coordinates": [[[77.18676736511325, 28.530981720128345], [77.18673036257135, 28.53096320579503], [77.18670594182343, 28.53093934371566], [77.18670480254909, 28.53092447806144], [77.18671832190199, 28.530914153889608], [77.1867420939451, 28.530906604629834], [77.18677058613991, 28.530905961957938], [77.18679423873424, 28.53092285377935], [77.18679528134128, 28.530963262674167], [77.18678430351487, 28.53097575095462], [77.18676736511325, 28.530981720128345]]]}, "properties": {"node": "acacia", "role": "positive", "name": "acacia", "ts": "2026-07-14T16:54:06.361176+00:00"}}, {"type": "Feature", "geometry": {"type": "Polygon", "coordinates": [[[77.18669644776705, 28.5309128524264], [77.18668619886797, 28.53091026120168], [77.18667642602432, 28.53090049593637], [77.18667536957088, 28.53087956509417], [77.18668971712734, 28.530869043832883], [77.18672082606001, 28.530864132703684], [77.18672823882824, 28.53087044466908], [77.18672689792533, 28.530896191705256], [77.18671219506581, 28.530909658743287], [77.18669644776705, 28.5309128524264]]]}, "properties": {"node": "acacia", "role": "positive", "name": "acacia", "ts": "2026-07-14T16:54:06.361217+00:00"}}, {"type": "Feature", "geometry": {"type": "Polygon", "coordinates": [[[77.1867069745206, 28.530586337303856], [77.18669362019823, 28.530574424685042], [77.18669587276969, 28.530552521780464], [77.18671157764638, 28.530537201075163], [77.18673487355622, 28.530536825860846], [77.1867406526554, 28.530544634164553], [77.18673762120544, 28.530569122158557], [77.18672763029701, 28.530579021993884], [77.1867069745206, 28.530586337303856]]]}, "properties": {"node": "acacia", "role": "positive", "name": "acacia", "ts": "2026-07-14T16:54:06.361258+00:00"}}, {"type": "Feature", "geometry": {"type": "Polygon", "coordinates": [[[77.18652961314883, 28.530491437152598], [77.18651119543188, 28.53048622117399], [77.18650376373883, 28.530478990733858], [77.18650173940274, 28.530461566785295], [77.18652683080543, 28.53044738120451], [77.18655366647529, 28.53044713276747], [77.1865629891266, 28.530455251516308], [77.18656319837861, 28.53047546099329], [77.18654534142635, 28.53048732503149], [77.18652961314883, 28.530491437152598]]]}, "properties": {"node": "acacia", "role": "positive", "name": "acacia", "ts": "2026-07-14T16:54:06.361298+00:00"}}, {"type": "Feature", "geometry": {"type": "Polygon", "coordinates": [[[77.1866375490625, 28.53102295042292], [77.1866132617222, 28.5310156239606], [77.18660275486708, 28.531000541671002], [77.18660271882584, 28.53096856920508], [77.18660812998661, 28.530958559384786], [77.18662030336127, 28.53095358574128], [77.18664678005905, 28.530956099359496], [77.18667105413407, 28.53099301028481], [77.18666599892276, 28.531010180746705], [77.18665101975827, 28.531020344672587], [77.1866375490625, 28.53102295042292]]]}, "properties": {"node": "acacia", "role": "positive", "name": "acacia", "ts": "2026-07-14T16:54:06.361344+00:00"}}, {"type": "Feature", "geometry": {"type": "Polygon", "coordinates": [[[77.18675354467373, 28.53089686503283], [77.18674350756862, 28.530894454154243], [77.1867313208905, 28.530868557496145], [77.18673326746938, 28.530851988361228], [77.18674399620754, 28.530847589234867], [77.18676383585417, 28.530851128497734], [77.1867789231548, 28.530876427173098], [77.18677485485418, 28.530891009198417], [77.18675354467373, 28.53089686503283]]]}, "properties": {"node": "acacia", "role": "positive", "name": "acacia", "ts": "2026-07-14T16:54:06.361382+00:00"}}, {"type": "Feature", "geometry": {"type": "Polygon", "coordinates": [[[77.18663999508247, 28.53094996103168], [77.1866234638179, 28.53093534327861], [77.1866235719197, 28.530910351110474], [77.1866289906626, 28.53090070867363], [77.18664130374847, 28.530892425221808], [77.18665934663206, 28.530889562078507], [77.18666881663717, 28.5308947383943], [77.18667655879533, 28.53090692515772], [77.1866738978044, 28.530929202145813], [77.18666193307439, 28.530944278856037], [77.18663999508247, 28.53094996103168]]]}, "properties": {"node": "acacia", "role": "positive", "name": "acacia", "ts": "2026-07-14T16:54:06.361423+00:00"}}, {"type": "Feature", "geometry": {"type": "Polygon", "coordinates": [[[77.18666169464971, 28.530821903105856], [77.18663932108011, 28.530816567107475], [77.18661855776969, 28.53079852620396], [77.18661549719992, 28.530781302701232], [77.18662358958674, 28.530770147178497], [77.18665554187359, 28.530765773741756], [77.18668760165488, 28.53078675649947], [77.18669200063705, 28.53079826209592], [77.18668998197622, 28.530811341081915], [77.18667622049203, 28.530820015372218], [77.18666169464971, 28.530821903105856]]]}, "properties": {"node": "acacia", "role": "positive", "name": "acacia", "ts": "2026-07-14T16:54:06.361470+00:00"}}, {"type": "Feature", "geometry": {"type": "Polygon", "coordinates": [[[77.186581520576, 28.530647342611445], [77.18657000094935, 28.530643669323474], [77.18656191868995, 28.530635163092793], [77.18655900165072, 28.530614813472724], [77.18657419256266, 28.530604829901247], [77.18660690156605, 28.530606875650726], [77.18661262755414, 28.530612112271356], [77.18661258709228, 28.530630304484667], [77.18659663246211, 28.530643607917195], [77.186581520576, 28.530647342611445]]]}, "properties": {"node": "acacia", "role": "positive", "name": "acacia", "ts": "2026-07-14T16:54:06.361511+00:00"}}, {"type": "Feature", "geometry": {"type": "Polygon", "coordinates": [[[77.18677474170877, 28.531248227099105], [77.18671882304604, 28.531240675130356], [77.18670956859428, 28.531235862853997], [77.1867014141982, 28.531223866486894], [77.18670034320246, 28.531212307289845], [77.186701930691, 28.531198500236282], [77.18671118764165, 28.531183283382113], [77.18672438965744, 28.531177741901306], [77.18675928062203, 28.531174607375217], [77.18676994554943, 28.531177191892294], [77.18679211185436, 28.531192637625875], [77.1868006670838, 28.531203892518448], [77.18680122096727, 28.53123071155264], [77.1867904738789, 28.531244298636384], [77.18677474170877, 28.531248227099105]]]}, "properties": {"node": "acacia", "role": "positive", "name": "acacia", "ts": "2026-07-14T16:54:06.361553+00:00"}}, {"type": "Feature", "geometry": {"type": "Polygon", "coordinates": [[[77.18671434648455, 28.531376540792298], [77.18669255506704, 28.531369174146782], [77.18667101273914, 28.531353718348132], [77.18667197938083, 28.531329998625644], [77.18669194616457, 28.53130946418813], [77.1867162860417, 28.531309255908962], [77.18673558208795, 28.531326769165435], [77.18673971749497, 28.53135573555049], [77.18672015533375, 28.531375712218374], [77.18671434648455, 28.531376540792298]]]}, "properties": {"node": "acacia", "role": "positive", "name": "acacia", "ts": "2026-07-14T16:54:06.361592+00:00"}}, {"type": "Feature", "geometry": {"type": "Polygon", "coordinates": [[[77.18677797629113, 28.531616416248003], [77.18676019374963, 28.531611741340413], [77.186744240188, 28.531584802843977], [77.18674161767986, 28.531558568388867], [77.18675218715221, 28.531546454193865], [77.18676780620868, 28.531547121382], [77.18677998788249, 28.531552621516102], [77.1867993187863, 28.53158189439863], [77.18679818590515, 28.531607638082193], [77.18677797629113, 28.531616416248003]]]}, "properties": {"node": "acacia", "role": "positive", "name": "acacia", "ts": "2026-07-14T16:54:06.361635+00:00"}}, {"type": "Feature", "geometry": {"type": "Polygon", "coordinates": [[[77.1867688230557, 28.53165680561302], [77.18674928924143, 28.531647932590694], [77.18674707200276, 28.531631246770328], [77.1867588819016, 28.531618745088856], [77.18678068030812, 28.531616372693723], [77.18679507099229, 28.531628084850766], [77.18679540105101, 28.531644066055147], [77.18678395025044, 28.531653805658916], [77.1867688230557, 28.53165680561302]]]}, "properties": {"node": "acacia", "role": "positive", "name": "acacia", "ts": "2026-07-14T16:54:06.361673+00:00"}}, {"type": "Feature", "geometry": {"type": "Polygon", "coordinates": [[[77.18672573258822, 28.531242768877984], [77.18671189832983, 28.531237846614257], [77.18670162978584, 28.531224230520785], [77.18670383619263, 28.531190016901334], [77.18672164771577, 28.531175948533594], [77.18675808952399, 28.53117738285705], [77.18677080855164, 28.53118875443873], [77.18677239863614, 28.531215373030122], [77.18675413382626, 28.531237717596117], [77.18672573258822, 28.531242768877984]]]}, "properties": {"node": "acacia", "role": "positive", "name": "acacia", "ts": "2026-07-14T16:54:06.361711+00:00"}}, {"type": "Feature", "geometry": {"type": "Polygon", "coordinates": [[[77.18673073377109, 28.531797255239027], [77.1867145621023, 28.53178998183678], [77.18670407411688, 28.531775818021686], [77.186702919651, 28.531760217601576], [77.18671022561335, 28.53175127977661], [77.18673292434129, 28.531752200442853], [77.18674415707893, 28.531762125938364], [77.18674267267528, 28.53179099908637], [77.18673073377109, 28.531797255239027]]]}, "properties": {"node": "acacia", "role": "positive", "name": "acacia", "ts": "2026-07-14T16:54:06.361749+00:00"}}, {"type": "Feature", "geometry": {"type": "Polygon", "coordinates": [[[77.18669353211232, 28.531980688787087], [77.18667984126661, 28.531972640411396], [77.18667713594557, 28.531952471142638], [77.18668655543657, 28.53193504663359], [77.18669484137148, 28.531933259396403], [77.18670842978368, 28.53193634808666], [77.1867194431569, 28.531945725857263], [77.18672507568851, 28.531966582988836], [77.18671075834413, 28.531978573796277], [77.18669353211232, 28.531980688787087]]]}, "properties": {"node": "acacia", "role": "positive", "name": "acacia", "ts": "2026-07-14T16:54:06.361788+00:00"}}, {"type": "Feature", "geometry": {"type": "Polygon", "coordinates": [[[77.18683010645954, 28.531924098031077], [77.18680521006682, 28.531917516435353], [77.18680169168594, 28.53189827903173], [77.18681617527855, 28.531884264253357], [77.18684300372009, 28.53188364835527], [77.1868580260425, 28.53189571783545], [77.18685854135269, 28.531910593536114], [77.18684813812847, 28.531920683777763], [77.18683010645954, 28.531924098031077]]]}, "properties": {"node": "acacia", "role": "positive", "name": "acacia", "ts": "2026-07-14T16:54:06.361829+00:00"}}, {"type": "Feature", "geometry": {"type": "Polygon", "coordinates": [[[77.18682136741874, 28.531531190898235], [77.18679521552633, 28.531524262013527], [77.18679272199577, 28.53150427308808], [77.18679690412428, 28.53149520182253], [77.18681430347442, 28.53148132383376], [77.18683663480226, 28.531474532772002], [77.18684335599015, 28.531487654733578], [77.18684037766614, 28.531514714414943], [77.1868337450533, 28.531526030190527], [77.18682136741874, 28.531531190898235]]]}, "properties": {"node": "acacia", "role": "positive", "name": "acacia", "ts": "2026-07-14T16:54:06.361870+00:00"}}, {"type": "Feature", "geometry": {"type": "Polygon", "coordinates": [[[77.18684479985842, 28.531879944361325], [77.18682387827303, 28.531874401261685], [77.18681424503461, 28.531861326206794], [77.1868029850642, 28.531840008463917], [77.18680858461781, 28.531818970414776], [77.18683671796131, 28.53182108979637], [77.18685659260377, 28.53183638867299], [77.18686298128316, 28.53185355855629], [77.1868622409948, 28.531868086975916], [77.18685558560136, 28.531878300601168], [77.18684479985842, 28.531879944361325]]]}, "properties": {"node": "acacia", "role": "positive", "name": "acacia", "ts": "2026-07-14T16:54:06.361911+00:00"}}, {"type": "Feature", "geometry": {"type": "Polygon", "coordinates": [[[77.18669767849009, 28.532121009377747], [77.18666979035814, 28.532110617130883], [77.1866715441282, 28.532094786116115], [77.18669520576809, 28.53207180337243], [77.1867102837059, 28.5320664154273], [77.18673191593449, 28.532066066997327], [77.18673341250167, 28.53210830610637], [77.18672236627118, 28.532117487930762], [77.18669767849009, 28.532121009377747]]]}, "properties": {"node": "acacia", "role": "positive", "name": "acacia", "ts": "2026-07-14T16:54:06.361949+00:00"}}, {"type": "Feature", "geometry": {"type": "Polygon", "coordinates": [[[77.18676705510022, 28.53209508525368], [77.18675806547807, 28.532093025014984], [77.18674466162935, 28.532078724418383], [77.18674518634363, 28.532063831965175], [77.18676639811645, 28.53205320012822], [77.18679706169297, 28.532056932538257], [77.18680223585018, 28.532065669344096], [77.18679808091969, 28.532086132864226], [77.1867851323265, 28.53209387531104], [77.18676705510022, 28.53209508525368]]]}, "properties": {"node": "acacia", "role": "positive", "name": "acacia", "ts": "2026-07-14T16:54:06.361988+00:00"}}, {"type": "Feature", "geometry": {"type": "Polygon", "coordinates": [[[77.18676185003731, 28.531843059830827], [77.18674652554131, 28.531836507799646], [77.1867373159067, 28.53182379342192], [77.18673740944504, 28.531808172900796], [77.18675144288828, 28.53179251160188], [77.18678024954849, 28.531797008940757], [77.18679074513359, 28.531811540133255], [77.186787059324, 28.531834568640598], [77.18677535876992, 28.531842290982905], [77.18676185003731, 28.531843059830827]]]}, "properties": {"node": "acacia", "role": "positive", "name": "acacia", "ts": "2026-07-14T16:54:06.362029+00:00"}}, {"type": "Feature", "geometry": {"type": "Polygon", "coordinates": [[[77.18701079271636, 28.53062848436261], [77.18699489371166, 28.530624330397437], [77.18697181583475, 28.530605040560744], [77.18696508264772, 28.530581261114552], [77.18697138266164, 28.530573993260365], [77.1870111743423, 28.530566369659994], [77.18702787498341, 28.5305690406853], [77.18703486036634, 28.530574808259527], [77.18704265565577, 28.530589566689592], [77.18703870501551, 28.530609843172876], [77.18702591216937, 28.53062511700551], [77.18701079271636, 28.53062848436261]]]}, "properties": {"node": "acacia", "role": "positive", "name": "acacia", "ts": "2026-07-14T16:54:06.362070+00:00"}}, {"type": "Feature", "geometry": {"type": "Polygon", "coordinates": [[[77.18662959505981, 28.530889673750853], [77.18658954844068, 28.530874883467078], [77.18658419671206, 28.530867619533918], [77.18658603014659, 28.53085564605108], [77.18660608853773, 28.53084962665075], [77.186653815332, 28.53085345179763], [77.18666071789887, 28.530865284578425], [77.18665826806, 28.530877635496072], [77.18664681353059, 28.5308871913934], [77.18662959505981, 28.530889673750853]]]}, "properties": {"node": "acacia", "role": "positive", "name": "acacia", "ts": "2026-07-14T16:54:06.362112+00:00"}}, {"type": "Feature", "geometry": {"type": "Polygon", "coordinates": [[[77.18700922406526, 28.530925270916505], [77.18699149720332, 28.530903138591853], [77.186987505926, 28.530881152511522], [77.18700458779904, 28.530872057197215], [77.18704409258665, 28.530870685810534], [77.18705050019705, 28.530888774148764], [77.18704363375872, 28.530908913849228], [77.1870239427365, 28.53092264502665], [77.18700922406526, 28.530925270916505]]]}, "properties": {"node": "acacia", "role": "positive", "name": "acacia", "ts": "2026-07-14T16:54:06.362156+00:00"}}, {"type": "Feature", "geometry": {"type": "Polygon", "coordinates": [[[77.18697404754805, 28.531297386352918], [77.18696020568453, 28.53129209673159], [77.18694672603925, 28.531274122309433], [77.18694268230412, 28.531259670951556], [77.18694456056103, 28.531239795359966], [77.18696321164792, 28.53122608094372], [77.18699756587893, 28.531227181323413], [77.18700768269635, 28.53123344971283], [77.18701294788362, 28.531246595120585], [77.1870103938697, 28.531284121896462], [77.18699913595115, 28.531293123397052], [77.18697404754805, 28.531297386352918]]]}, "properties": {"node": "acacia", "role": "positive", "name": "acacia", "ts": "2026-07-14T16:54:06.362220+00:00"}}, {"type": "Feature", "geometry": {"type": "Polygon", "coordinates": [[[77.18698713792018, 28.531034592290606], [77.18696285055736, 28.53102726589234], [77.18695764163064, 28.531006769450713], [77.18696450117106, 28.53099636878023], [77.18699623032968, 28.530991263842978], [77.18701816139216, 28.530995320636666], [77.18703206012962, 28.531003365634156], [77.18703267721659, 28.53101309460844], [77.187019891913, 28.531028735826375], [77.18698713792018, 28.531034592290606]]]}, "properties": {"node": "acacia", "role": "positive", "name": "acacia", "ts": "2026-07-14T16:54:06.362313+00:00"}}, {"type": "Feature", "geometry": {"type": "Polygon", "coordinates": [[[77.18702189021684, 28.53099452555733], [77.18700282183262, 28.530988033859845], [77.18699983640228, 28.53096437779946], [77.1870120532676, 28.530931289194488], [77.18702618141265, 28.530920220173766], [77.18704344161057, 28.530919758378158], [77.18706257827864, 28.530929556526356], [77.18706793072006, 28.530946926848742], [77.18706657784004, 28.53096201639746], [77.18704838901735, 28.530988034837858], [77.18702189021684, 28.53099452555733]]]}, "properties": {"node": "acacia", "role": "positive", "name": "acacia", "ts": "2026-07-14T16:54:06.362356+00:00"}}, {"type": "Feature", "geometry": {"type": "Polygon", "coordinates": [[[77.18697617312615, 28.53147081504486], [77.18696235400351, 28.53146662757704], [77.18694385575262, 28.53144744772643], [77.18694061299234, 28.531421407020872], [77.18694809656115, 28.531410996298572], [77.18697801319624, 28.53138864776599], [77.18701148235911, 28.53138718985387], [77.18703018861117, 28.531406366344633], [77.18702836416516, 28.53143892003363], [77.18702073330807, 28.531452273182378], [77.18700720633349, 28.53146223000176], [77.18697617312615, 28.53147081504486]]]}, "properties": {"node": "acacia", "role": "positive", "name": "acacia", "ts": "2026-07-14T16:54:06.362400+00:00"}}, {"type": "Feature", "geometry": {"type": "Polygon", "coordinates": [[[77.18693537993097, 28.531550853503674], [77.18691797166375, 28.531544151303468], [77.18691650293907, 28.53152341086102], [77.18693254045047, 28.53150404220117], [77.1869518010807, 28.531499689374716], [77.1869640662264, 28.531509230715812], [77.18696583022442, 28.53153419272237], [77.1869583504436, 28.531544787137836], [77.18693537993097, 28.531550853503674]]]}, "properties": {"node": "acacia", "role": "positive", "name": "acacia", "ts": "2026-07-14T16:54:06.362444+00:00"}}, {"type": "Feature", "geometry": {"type": "Polygon", "coordinates": [[[77.18686897510884, 28.53155945703887], [77.18684702050798, 28.53154419166501], [77.18684391500557, 28.531534870278882], [77.18684351665183, 28.531515582618727], [77.18685111273042, 28.531490469840087], [77.18686130791389, 28.531480382950388], [77.18687452133844, 28.531475392529583], [77.18691953681844, 28.531478893738672], [77.18692991097964, 28.531487546777967], [77.18692682644625, 28.53150946308425], [77.18689603290088, 28.531539727115913], [77.18688984664658, 28.531552505728925], [77.18686897510884, 28.53155945703887]]]}, "properties": {"node": "acacia", "role": "positive", "name": "acacia", "ts": "2026-07-14T16:54:06.362496+00:00"}}, {"type": "Feature", "geometry": {"type": "Polygon", "coordinates": [[[77.18693555358263, 28.531831257939373], [77.18692528182424, 28.53182756458632], [77.18691797833112, 28.53181647329466], [77.1869182798445, 28.531800849424275], [77.1869274805693, 28.531792983585362], [77.18694715792681, 28.53179873046529], [77.18695699917643, 28.531811802159634], [77.18695478771272, 28.531825619265568], [77.18693555358263, 28.531831257939373]]]}, "properties": {"node": "acacia", "role": "positive", "name": "acacia", "ts": "2026-07-14T16:54:06.362552+00:00"}}, {"type": "Feature", "geometry": {"type": "Polygon", "coordinates": [[[77.18687520785954, 28.53185115657339], [77.18686290474022, 28.531839778306527], [77.18686416659762, 28.53182028015166], [77.18687539422982, 28.5318098091233], [77.18689966592753, 28.531806294349188], [77.18690979797347, 28.531813297510638], [77.18690980310483, 28.531833694022104], [77.18689303530657, 28.53184792935732], [77.18687520785954, 28.53185115657339]]]}, "properties": {"node": "acacia", "role": "positive", "name": "acacia", "ts": "2026-07-14T16:54:06.362601+00:00"}}, {"type": "Feature", "geometry": {"type": "Polygon", "coordinates": [[[77.18695440157951, 28.531706185971593], [77.18693718990437, 28.53169892934891], [77.18694027823238, 28.53167719673476], [77.18695694043679, 28.531667924429367], [77.1869815263349, 28.53166954966734], [77.18699183669604, 28.531685186346234], [77.18698842275924, 28.531701227860278], [77.18697706994418, 28.531705637061563], [77.18695440157951, 28.531706185971593]]]}, "properties": {"node": "acacia", "role": "positive", "name": "acacia", "ts": "2026-07-14T16:54:06.362652+00:00"}}, {"type": "Feature", "geometry": {"type": "Polygon", "coordinates": [[[77.18675365346117, 28.531939845989882], [77.18672488469942, 28.531937185567557], [77.18670866748484, 28.53192770786182], [77.1867043139693, 28.531918406574448], [77.18670660069064, 28.531898156900343], [77.18672621605597, 28.53188075191851], [77.18677046733275, 28.53187746661444], [77.18677929825391, 28.531881918199723], [77.18677959862016, 28.53190653627799], [77.18676290732311, 28.53193455184895], [77.18675365346117, 28.531939845989882]]]}, "properties": {"node": "acacia", "role": "positive", "name": "acacia", "ts": "2026-07-14T16:54:06.362715+00:00"}}, {"type": "Feature", "geometry": {"type": "Polygon", "coordinates": [[[77.18684332249515, 28.53213079114053], [77.18681654644377, 28.532123872320128], [77.18681002183378, 28.532110195933985], [77.18681881845504, 28.532052539520343], [77.18682467599844, 28.532043992526027], [77.18683890674062, 28.53203788320099], [77.18686248685977, 28.53204117843604], [77.18688314044194, 28.53205389221607], [77.18689817551474, 28.532086725584797], [77.18689781329606, 28.53209941038306], [77.18688222964, 28.532120609261252], [77.18686471638084, 28.53212897650331], [77.18684332249515, 28.53213079114053]]]}, "properties": {"node": "acacia", "role": "positive", "name": "acacia", "ts": "2026-07-14T16:54:06.362773+00:00"}}, {"type": "Feature", "geometry": {"type": "Polygon", "coordinates": [[[77.18664735712413, 28.53158856834054], [77.18662974845188, 28.531582236836904], [77.18662137465341, 28.531569692740547], [77.18661787465, 28.531541267377268], [77.18662181844627, 28.531530729930108], [77.18663001710145, 28.531524717781817], [77.18665571440546, 28.531519710067496], [77.18668874485599, 28.53151715678064], [77.18670300274036, 28.531522439728235], [77.18671409193989, 28.531535491342524], [77.18671102318318, 28.531568248825483], [77.18670698390684, 28.531564087563208], [77.18668258077084, 28.531581385902125], [77.18664735712413, 28.53158856834054]]]}, "properties": {"node": "acacia", "role": "positive", "name": "acacia", "ts": "2026-07-14T16:54:06.362835+00:00"}}, {"type": "Feature", "geometry": {"type": "Polygon", "coordinates": [[[77.18372992679707, 28.533536952600656], [77.18375247642189, 28.533530635168376], [77.18377485117374, 28.53351583959593], [77.18379806975005, 28.53352214259696], [77.18381379000995, 28.53352152882911], [77.183850889774, 28.533507398604755], [77.18385757773848, 28.533494840264414], [77.18385515078178, 28.53344651984987], [77.18385046329108, 28.533427287561263], [77.18384229267919, 28.533417494480815], [77.1838183199708, 28.533404346679653], [77.18380583433243, 28.53340328440375], [77.183774450035, 28.533417142231603], [77.18371195896201, 28.533418688770116], [77.18367961661568, 28.533435629564735], [77.18367211905068, 28.533448561810975], [77.18366941981866, 28.533466288910816], [77.18367374750312, 28.533497797304673], [77.18370849815685, 28.53352827500169], [77.18372992679707, 28.533536952600656]]]}, "properties": {"node": "acacia", "role": "positive", "name": "acacia", "ts": "2026-07-14T16:54:06.362913+00:00"}}, {"type": "Feature", "geometry": {"type": "Polygon", "coordinates": [[[77.18413861854097, 28.532855691453015], [77.18416406849069, 28.532851312200076], [77.18419027178112, 28.532833928730273], [77.18420520840706, 28.532834951540057], [77.1842140318679, 28.532826869969938], [77.18421917749853, 28.53278907402735], [77.1842059327952, 28.53275121307068], [77.18420694538031, 28.53272106234377], [77.18419138815223, 28.532709764111843], [77.18417832622077, 28.53269066656632], [77.18416516464323, 28.53268654761779], [77.18414230677817, 28.53268781759018], [77.18409198290745, 28.532704686871263], [77.18407554330658, 28.532729852858818], [77.1840965165418, 28.53277588999825], [77.1840927121518, 28.532829182692858], [77.18412383034979, 28.532851959562063], [77.18413861854097, 28.532855691453015]]]}, "properties": {"node": "acacia", "role": "positive", "name": "acacia", "ts": "2026-07-14T16:54:06.363002+00:00"}}, {"type": "Feature", "geometry": {"type": "Polygon", "coordinates": [[[77.18427807845488, 28.53282150882647], [77.18429394331609, 28.532818005549014], [77.18434233544735, 28.532786731616454], [77.18436308293872, 28.53276239851414], [77.18435792734319, 28.532740286644135], [77.1843290559297, 28.53271747367923], [77.18430948059137, 28.532709488133904], [77.18425563934392, 28.532714324204427], [77.18422613081204, 28.53272995640586], [77.1842173263818, 28.53274886441367], [77.18421919527276, 28.532770126940655], [77.18424160538348, 28.53280657731395], [77.18427807845488, 28.53282150882647]]]}, "properties": {"node": "acacia", "role": "positive", "name": "acacia", "ts": "2026-07-14T16:54:06.363062+00:00"}}, {"type": "Feature", "geometry": {"type": "Polygon", "coordinates": [[[77.18423659198616, 28.532632888744537], [77.1842569541323, 28.53262949356177], [77.1842703898254, 28.532617187530644], [77.18428213896331, 28.532592457878835], [77.18428115034428, 28.53257424876703], [77.18429155858962, 28.532543946871016], [77.18428178705338, 28.532525879069322], [77.18425414910013, 28.532513331645944], [77.18422064402496, 28.532513509812098], [77.18419054469504, 28.532520309668687], [77.18417392611777, 28.532526892636067], [77.18416158239485, 28.53254260955872], [77.18416362947403, 28.53256260610075], [77.18419081219635, 28.532612513131966], [77.18420821141727, 28.532623962175176], [77.18423659198616, 28.532632888744537]]]}, "properties": {"node": "acacia", "role": "positive", "name": "acacia", "ts": "2026-07-14T16:54:06.363112+00:00"}}, {"type": "Feature", "geometry": {"type": "Polygon", "coordinates": [[[77.18439956883823, 28.53298592502489], [77.18443648640543, 28.53297288025531], [77.18443928598653, 28.532960023563835], [77.18441282944401, 28.532876000669756], [77.18440492591643, 28.53285934638858], [77.18439261438961, 28.53284691328331], [77.18437582873787, 28.53285530342201], [77.1843501894303, 28.53286040754399], [77.18434381746061, 28.53287837419289], [77.18432070033457, 28.532896790710932], [77.18430906654226, 28.532927112327307], [77.18431180042913, 28.532940782214453], [77.18432162368752, 28.532951450905045], [77.1843605143827, 28.532964719482717], [77.18438270457959, 28.532980602556282], [77.18439956883823, 28.53298592502489]]]}, "properties": {"node": "acacia", "role": "positive", "name": "acacia", "ts": "2026-07-14T16:54:06.363158+00:00"}}, {"type": "Feature", "geometry": {"type": "Polygon", "coordinates": [[[77.1841976510191, 28.533013353499204], [77.18424226332223, 28.53299693695974], [77.18425935331827, 28.532983489459838], [77.18425960426656, 28.53294613315942], [77.1842464897726, 28.532914585713893], [77.184175806505, 28.532915181584716], [77.18416451709346, 28.532922581043106], [77.18414981902167, 28.532943027432328], [77.18414671136784, 28.532960761110065], [77.1841550680285, 28.53297957346582], [77.18417291716536, 28.533002924689907], [77.1841976510191, 28.533013353499204]]]}, "properties": {"node": "acacia", "role": "positive", "name": "acacia", "ts": "2026-07-14T16:54:06.363206+00:00"}}, {"type": "Feature", "geometry": {"type": "Polygon", "coordinates": [[[77.1840345715181, 28.53286332005472], [77.18405611087076, 28.532857560167507], [77.18406197059335, 28.532844473805827], [77.18403499251609, 28.532804487973273], [77.1840263572188, 28.532782071176193], [77.1840020985249, 28.53276495819639], [77.18397491036761, 28.532764312900312], [77.18395314856083, 28.532779098639637], [77.18394135467662, 28.532801663637056], [77.18394122522862, 28.532815199149873], [77.18395507477886, 28.53284276499834], [77.18397496227938, 28.53285597849938], [77.1840345715181, 28.53286332005472]]]}, "properties": {"node": "acacia", "role": "positive", "name": "acacia", "ts": "2026-07-14T16:54:06.363252+00:00"}}, {"type": "Feature", "geometry": {"type": "Polygon", "coordinates": [[[77.18355950138603, 28.533080278979494], [77.18359739945704, 28.533065233759622], [77.18360701360257, 28.533045951872285], [77.18360391221518, 28.533034272782018], [77.18356402598408, 28.53301235860051], [77.18354198062602, 28.53299358592674], [77.1835151302338, 28.532989506638526], [77.1834787620536, 28.53299947474765], [77.18347270543505, 28.533012925145254], [77.18348282250548, 28.533037844389423], [77.1835171718775, 28.533068689490737], [77.18355950138603, 28.533080278979494]]]}, "properties": {"node": "acacia", "role": "positive", "name": "acacia", "ts": "2026-07-14T16:54:06.363294+00:00"}}, {"type": "Feature", "geometry": {"type": "Polygon", "coordinates": [[[77.18366886058962, 28.533607586920557], [77.183690619253, 28.533602545340695], [77.18369854766038, 28.533590688837567], [77.18371328348329, 28.533581970857774], [77.18371497296535, 28.53357472585238], [77.18369948931938, 28.53354718626803], [77.18367794534443, 28.533532916701486], [77.18367225185277, 28.533524346886107], [77.1836622023895, 28.533522523628537], [77.1836198551841, 28.53353980578338], [77.18360784165209, 28.533551727989703], [77.1836035824035, 28.533563164579693], [77.1836093469432, 28.533585086240258], [77.18361916275792, 28.53359539420958], [77.18362804585192, 28.533590198846905], [77.18363422598476, 28.533602550197124], [77.18366886058962, 28.533607586920557]]]}, "properties": {"node": "acacia", "role": "positive", "name": "acacia", "ts": "2026-07-14T16:54:06.363346+00:00"}}, {"type": "Feature", "geometry": {"type": "Polygon", "coordinates": [[[77.18409815415123, 28.53295432447678], [77.18412624083213, 28.532949000581738], [77.18414055685795, 28.532939747976158], [77.18413973447979, 28.532899882701965], [77.18407739176408, 28.532888795809335], [77.18405849655352, 28.532893971824905], [77.18403316898093, 28.53289437928374], [77.18401752403217, 28.532918449807], [77.18403671400782, 28.53294737329782], [77.18404743199969, 28.532951892460506], [77.18407961494074, 28.53294704401322], [77.18409815415123, 28.53295432447678]]]}, "properties": {"node": "acacia", "role": "positive", "name": "acacia", "ts": "2026-07-14T16:54:06.363396+00:00"}}, {"type": "Feature", "geometry": {"type": "Polygon", "coordinates": [[[77.18394514897184, 28.532678538604348], [77.18395507557044, 28.532674409111078], [77.18396759754768, 28.532657426217966], [77.18399213702719, 28.53263862598628], [77.18398557034169, 28.532617439027533], [77.18397167695072, 28.53260755756851], [77.18395203507214, 28.532606249532524], [77.1839279781278, 28.532618726393633], [77.18390614154224, 28.532619979896825], [77.18388381535988, 28.53263712049801], [77.18388348536975, 28.532650839683043], [77.18388934959381, 28.532657782733484], [77.183898232983, 28.532662511867258], [77.18391600681825, 28.53266240639503], [77.18392727839422, 28.53267395404744], [77.18394514897184, 28.532678538604348]]]}, "properties": {"node": "acacia", "role": "positive", "name": "acacia", "ts": "2026-07-14T16:54:06.363442+00:00"}}, {"type": "Feature", "geometry": {"type": "Polygon", "coordinates": [[[77.18393739940191, 28.532986323253624], [77.18397258664785, 28.532978539369772], [77.18398234955262, 28.532966472894753], [77.18398267208622, 28.532952392938963], [77.18397626537704, 28.532938962574285], [77.18396361235419, 28.532929782945473], [77.18391918451292, 28.532915520651176], [77.183904337562, 28.532928751581004], [77.18390161977254, 28.532945576754454], [77.18391502772434, 28.532981450213978], [77.18392432337316, 28.532986353158638], [77.18393739940191, 28.532986323253624]]]}, "properties": {"node": "acacia", "role": "positive", "name": "acacia", "ts": "2026-07-14T16:54:06.363487+00:00"}}, {"type": "Feature", "geometry": {"type": "Polygon", "coordinates": [[[77.18313109041165, 28.53300362248403], [77.18316655234432, 28.53298933834152], [77.1831735856417, 28.53297370690056], [77.18317215553834, 28.532963805380053], [77.18316037507098, 28.53294739381054], [77.18314537860307, 28.532933560197193], [77.1831346904023, 28.532930484048837], [77.18311132012008, 28.532936634126237], [77.1831010116112, 28.532961881858643], [77.18310799441068, 28.532993347583943], [77.18311425223894, 28.53299956255627], [77.18313109041165, 28.53300362248403]]]}, "properties": {"node": "acacia", "role": "positive", "name": "acacia", "ts": "2026-07-14T16:54:06.363536+00:00"}}, {"type": "Feature", "geometry": {"type": "Polygon", "coordinates": [[[77.18394719502864, 28.533144236134795], [77.18397345835685, 28.533139663384336], [77.18398852406847, 28.533117226195074], [77.18398081700262, 28.53309028332067], [77.18397207085154, 28.53308230396317], [77.18395417415744, 28.533076456712738], [77.18393612197266, 28.53308288227105], [77.18391490627776, 28.53310433571333], [77.1839118130751, 28.533112866422123], [77.18392165902782, 28.533134541967048], [77.18394719502864, 28.533144236134795]]]}, "properties": {"node": "acacia", "role": "positive", "name": "acacia", "ts": "2026-07-14T16:54:06.363580+00:00"}}, {"type": "Feature", "geometry": {"type": "Polygon", "coordinates": [[[77.18390997456493, 28.53320203618965], [77.18395989763181, 28.533185534306178], [77.18396674889043, 28.533170988431294], [77.1839633055307, 28.533152638360452], [77.18392161848922, 28.533142482231415], [77.18390374450072, 28.53314764179914], [77.18388984437742, 28.53315724858239], [77.18388211655572, 28.533168921422835], [77.18388325356264, 28.53318442146557], [77.18389120874106, 28.533193676672767], [77.18390997456493, 28.53320203618965]]]}, "properties": {"node": "acacia", "role": "positive", "name": "acacia", "ts": "2026-07-14T16:54:06.363625+00:00"}}, {"type": "Feature", "geometry": {"type": "Polygon", "coordinates": [[[77.18340699989021, 28.53283876905253], [77.1834198009711, 28.53283531515042], [77.18343523469804, 28.532820811714146], [77.18344396115744, 28.53279811564451], [77.18342455257523, 28.53277839831222], [77.18339912086277, 28.53277375484476], [77.18338395429134, 28.532781397040885], [77.18337601474217, 28.532792712367694], [77.18337165945056, 28.532819307941093], [77.18337834439085, 28.532826418260967], [77.18340699989021, 28.53283876905253]]]}, "properties": {"node": "acacia", "role": "positive", "name": "acacia", "ts": "2026-07-14T16:54:06.363684+00:00"}}, {"type": "Feature", "geometry": {"type": "Polygon", "coordinates": [[[77.18367727699759, 28.532935832476774], [77.18368724455581, 28.532933687246373], [77.1837014899333, 28.532921007352844], [77.18370177121163, 28.532895018640147], [77.1836829600809, 28.53286464543811], [77.18365996823374, 28.53285942143868], [77.18364928039168, 28.532866269842014], [77.18363995981024, 28.532889877708175], [77.18366055006553, 28.5329272596841], [77.18367727699759, 28.532935832476774]]]}, "properties": {"node": "acacia", "role": "positive", "name": "acacia", "ts": "2026-07-14T16:54:06.363725+00:00"}}, {"type": "Feature", "geometry": {"type": "Polygon", "coordinates": [[[77.18404234040288, 28.533041836344445], [77.18406823984358, 28.53303943477948], [77.184078793714, 28.533026092452843], [77.18407186272135, 28.532997152195613], [77.18406095122957, 28.532983252970265], [77.18404797154726, 28.53297804841109], [77.18401909016033, 28.532984467749472], [77.18400855861158, 28.532998892386942], [77.18400959144651, 28.533009341623714], [77.184027477768, 28.53303449672699], [77.18404234040288, 28.533041836344445]]]}, "properties": {"node": "acacia", "role": "positive", "name": "acacia", "ts": "2026-07-14T16:54:06.363781+00:00"}}, {"type": "Feature", "geometry": {"type": "Polygon", "coordinates": [[[77.18411061897704, 28.532538376982654], [77.18413713436892, 28.532526221430267], [77.18415745847057, 28.532501173387384], [77.18415162732136, 28.532485929312955], [77.18412674888192, 28.53247838994749], [77.18411634269657, 28.53246917418364], [77.18409380076153, 28.532475852435525], [77.18408887674603, 28.532484773492918], [77.18409652837146, 28.532518935085182], [77.18410380045557, 28.532534697317804], [77.18411061897704, 28.532538376982654]]]}, "properties": {"node": "acacia", "role": "positive", "name": "acacia", "ts": "2026-07-14T16:54:06.363828+00:00"}}, {"type": "Feature", "geometry": {"type": "Polygon", "coordinates": [[[77.1840691108524, 28.53281422449868], [77.18408031880033, 28.532812781067975], [77.18408996300835, 28.53280486674734], [77.18409946913008, 28.53278035364053], [77.18408696415226, 28.53275854043989], [77.18406251276488, 28.532751896423516], [77.18404240693522, 28.53275781369493], [77.18403220617724, 28.53277836816701], [77.18404337439033, 28.532804714021513], [77.1840691108524, 28.53281422449868]]]}, "properties": {"node": "acacia", "role": "positive", "name": "acacia", "ts": "2026-07-14T16:54:06.363872+00:00"}}, {"type": "Feature", "geometry": {"type": "Polygon", "coordinates": [[[77.18310146510196, 28.53309287820908], [77.18312841902404, 28.533082159359502], [77.18313449800765, 28.533069791290632], [77.18313395899965, 28.53305355983761], [77.18311561633027, 28.533035990669916], [77.18308201808345, 28.53303165891452], [77.1830706507806, 28.533045194694513], [77.18307076670143, 28.53307063568689], [77.18307583619568, 28.53307867422767], [77.18310146510196, 28.53309287820908]]]}, "properties": {"node": "acacia", "role": "positive", "name": "acacia", "ts": "2026-07-14T16:54:06.363913+00:00"}}, {"type": "Feature", "geometry": {"type": "Polygon", "coordinates": [[[77.18406070636118, 28.53271385143466], [77.18406823400095, 28.532712286766895], [77.18407971980808, 28.53269459875065], [77.18407847487303, 28.53267386751957], [77.18405193219188, 28.532654986834597], [77.18402418711477, 28.532657057192825], [77.18401184375084, 28.532682698612803], [77.18401772326516, 28.53270028770973], [77.18406070636118, 28.53271385143466]]]}, "properties": {"node": "acacia", "role": "positive", "name": "acacia", "ts": "2026-07-14T16:54:06.363957+00:00"}}, {"type": "Feature", "geometry": {"type": "Polygon", "coordinates": [[[77.1834096217507, 28.532946092119822], [77.18343489354665, 28.53294297898747], [77.18344744911941, 28.532927619610152], [77.18344791645944, 28.532910650191596], [77.18342685149715, 28.532889876825898], [77.18339141533679, 28.532895499222498], [77.18337688788908, 28.53291431877749], [77.18338916617162, 28.53293505301942], [77.1834096217507, 28.532946092119822]]]}, "properties": {"node": "acacia", "role": "positive", "name": "acacia", "ts": "2026-07-14T16:54:06.364001+00:00"}}, {"type": "Feature", "geometry": {"type": "Polygon", "coordinates": [[[77.18388031221932, 28.53346776857913], [77.18389834586782, 28.533460441095446], [77.18391119126191, 28.53344922726583], [77.1839082758692, 28.53344656747915], [77.18392881600036, 28.533431981841435], [77.1839257108428, 28.533420122375833], [77.18390392579354, 28.533413976781034], [77.18388940092885, 28.53340320324798], [77.18386988912947, 28.53340820871389], [77.18386301924025, 28.533421852655593], [77.18386283847022, 28.533452711783315], [77.18387021438866, 28.5334636003205], [77.18388031221932, 28.53346776857913]]]}, "properties": {"node": "acacia", "role": "positive", "name": "acacia", "ts": "2026-07-14T16:54:06.364052+00:00"}}, {"type": "Feature", "geometry": {"type": "Polygon", "coordinates": [[[77.18392105418478, 28.532768427296837], [77.18393931801425, 28.53276235922911], [77.18395316932174, 28.53274048291749], [77.18394745686143, 28.532721086672755], [77.18393123108444, 28.53270709247857], [77.18390365342265, 28.53271728017803], [77.18388650055145, 28.532737585583316], [77.18389425554561, 28.532756948973994], [77.18392105418478, 28.532768427296837]]]}, "properties": {"node": "acacia", "role": "positive", "name": "acacia", "ts": "2026-07-14T16:54:06.364102+00:00"}}, {"type": "Feature", "geometry": {"type": "Polygon", "coordinates": [[[77.18358154404602, 28.532920590838252], [77.1835943674512, 28.532918219235007], [77.18360841602438, 28.532905903407848], [77.18361471407745, 28.53289425357917], [77.18361352539205, 28.53288615263929], [77.18359644540867, 28.532870367686353], [77.18355925990437, 28.53287042444446], [77.18355206670422, 28.532878299307242], [77.18354523063753, 28.532903491218832], [77.18356185746774, 28.532917118117634], [77.18358154404602, 28.532920590838252]]]}, "properties": {"node": "acacia", "role": "positive", "name": "acacia", "ts": "2026-07-14T16:54:06.364148+00:00"}}, {"type": "Feature", "geometry": {"type": "Polygon", "coordinates": [[[77.18337617435061, 28.532899533699634], [77.1834193048915, 28.5328806150176], [77.18341721702264, 28.532858634212467], [77.18340558904775, 28.53284961848926], [77.18337565255747, 28.532844506130207], [77.18335801293567, 28.532861029939898], [77.18335538061555, 28.5328820039841], [77.18336794092436, 28.532896598536322], [77.18337617435061, 28.532899533699634]]]}, "properties": {"node": "acacia", "role": "positive", "name": "acacia", "ts": "2026-07-14T16:54:06.364194+00:00"}}, {"type": "Feature", "geometry": {"type": "Polygon", "coordinates": [[[77.18339576486403, 28.532700186941685], [77.18340937922635, 28.5326965395156], [77.18341823959945, 28.532680337341688], [77.18341919357229, 28.532667149457417], [77.1833898655018, 28.532641997832858], [77.18337281196624, 28.53263740006147], [77.18335997404364, 28.532648974610993], [77.18336133009694, 28.532665192922607], [77.18338150020229, 28.532692115849358], [77.18339576486403, 28.532700186941685]]]}, "properties": {"node": "acacia", "role": "positive", "name": "acacia", "ts": "2026-07-14T16:54:06.364243+00:00"}}, {"type": "Feature", "geometry": {"type": "Polygon", "coordinates": [[[77.1834915597949, 28.53268872174967], [77.18350130448042, 28.532685677889337], [77.18350967483732, 28.532675438301567], [77.18351349510012, 28.532642716173783], [77.18348291614288, 28.532636170603197], [77.1834552789302, 28.53264347203784], [77.18345561035042, 28.53266945089906], [77.18347739184823, 28.53268534070222], [77.1834915597949, 28.53268872174967]]]}, "properties": {"node": "acacia", "role": "positive", "name": "acacia", "ts": "2026-07-14T16:54:06.364294+00:00"}}, {"type": "Feature", "geometry": {"type": "Polygon", "coordinates": [[[77.1837514996151, 28.53303749267219], [77.18378199647296, 28.53303014517506], [77.18378635576308, 28.5330136544902], [77.18378167575052, 28.53299478296813], [77.18373791312541, 28.53299296067082], [77.18372641197693, 28.533000002608507], [77.18372594505368, 28.533026896535556], [77.1837514996151, 28.53303749267219]]]}, "properties": {"node": "acacia", "role": "positive", "name": "acacia", "ts": "2026-07-14T16:54:06.364336+00:00"}}, {"type": "Feature", "geometry": {"type": "Polygon", "coordinates": [[[77.18357952377714, 28.53271365204308], [77.18359468660334, 28.532705829440385], [77.18360263320513, 28.53268495036288], [77.18358769588932, 28.53266407846256], [77.18356657957958, 28.53266062873663], [77.18354856835818, 28.532669038486418], [77.18354652280021, 28.53268873997546], [77.18355685491258, 28.53270427257709], [77.18357952377714, 28.53271365204308]]]}, "properties": {"node": "acacia", "role": "positive", "name": "acacia", "ts": "2026-07-14T16:54:06.364380+00:00"}}, {"type": "Feature", "geometry": {"type": "Polygon", "coordinates": [[[77.18404748869891, 28.532607961982244], [77.18407247799257, 28.532601063919014], [77.18408204404165, 28.532589361496424], [77.18407636133625, 28.53257140834455], [77.18405990154584, 28.532555974364122], [77.18404571539683, 28.53256161595576], [77.18401924914858, 28.53259596552622], [77.18403112232701, 28.53260696215458], [77.18404748869891, 28.532607961982244]]]}, "properties": {"node": "acacia", "role": "positive", "name": "acacia", "ts": "2026-07-14T16:54:06.364433+00:00"}}, {"type": "Feature", "geometry": {"type": "Polygon", "coordinates": [[[77.18316077687938, 28.53308578926641], [77.18317416844725, 28.533081243215776], [77.18318701355852, 28.533060104939594], [77.1831880121952, 28.533049081687473], [77.1831783672538, 28.533037146922744], [77.18314709360243, 28.533026642644533], [77.18313543278634, 28.533035852450727], [77.18313856791471, 28.53305907954143], [77.18316077687938, 28.53308578926641]]]}, "properties": {"node": "acacia", "role": "positive", "name": "acacia", "ts": "2026-07-14T16:54:06.364473+00:00"}}, {"type": "Feature", "geometry": {"type": "Polygon", "coordinates": [[[77.1831470568207, 28.5326879464884], [77.18315737336675, 28.532682908552676], [77.1831777680908, 28.532651363462907], [77.18317870349628, 28.53263727364876], [77.18316951545822, 28.532627677329113], [77.18315313792581, 28.53262613623731], [77.18314442938275, 28.532629885193973], [77.18313200397569, 28.532651558053818], [77.1831346155891, 28.532679124263773], [77.1831470568207, 28.5326879464884]]]}, "properties": {"node": "acacia", "role": "positive", "name": "acacia", "ts": "2026-07-14T16:54:06.364512+00:00"}}, {"type": "Feature", "geometry": {"type": "Polygon", "coordinates": [[[77.18311273280392, 28.532747504218765], [77.18313101156154, 28.532742157801447], [77.18314743279956, 28.532716089986103], [77.18311860626872, 28.532695441380742], [77.18310241097504, 28.5327027391967], [77.18308720781526, 28.532728426528163], [77.18309231820544, 28.532738449315385], [77.18311273280392, 28.532747504218765]]]}, "properties": {"node": "acacia", "role": "positive", "name": "acacia", "ts": "2026-07-14T16:54:06.364550+00:00"}}, {"type": "Feature", "geometry": {"type": "Polygon", "coordinates": [[[77.18426781159617, 28.532858665384005], [77.18429302007085, 28.53285248553501], [77.18430257867236, 28.532840422325684], [77.18430218090344, 28.53283104554841], [77.18425097917809, 28.53281526833912], [77.18424413128177, 28.532820070103735], [77.18424726952519, 28.532823628526888], [77.18424185885206, 28.532828768059318], [77.18424149541761, 28.532840863769756], [77.18425773241889, 28.532855399080745], [77.18426781159617, 28.532858665384005]]]}, "properties": {"node": "acacia", "role": "positive", "name": "acacia", "ts": "2026-07-14T16:54:06.364590+00:00"}}, {"type": "Feature", "geometry": {"type": "Polygon", "coordinates": [[[77.18329348782012, 28.53321971117644], [77.18330707993347, 28.533214981441333], [77.18330922192081, 28.53319004547694], [77.18330151535122, 28.533173027067207], [77.18328403090251, 28.53316735354348], [77.18327418978326, 28.533175631868268], [77.18327279752368, 28.533187383233862], [77.18328524693075, 28.533216415237572], [77.18329348782012, 28.53321971117644]]]}, "properties": {"node": "acacia", "role": "positive", "name": "acacia", "ts": "2026-07-14T16:54:06.364630+00:00"}}, {"type": "Feature", "geometry": {"type": "Polygon", "coordinates": [[[77.18359681120468, 28.532818754315258], [77.18361013575333, 28.53281096127767], [77.18361085568573, 28.53279633359144], [77.18359971769864, 28.532781355293917], [77.18357813705322, 28.532775206352778], [77.18357012312248, 28.53278291397124], [77.18356988574166, 28.5327912182944], [77.18358611184449, 28.532815137044718], [77.18359681120468, 28.532818754315258]]]}, "properties": {"node": "acacia", "role": "positive", "name": "acacia", "ts": "2026-07-14T16:54:06.364676+00:00"}}, {"type": "Feature", "geometry": {"type": "Polygon", "coordinates": [[[77.1836250231776, 28.532888854836298], [77.18363918335258, 28.532881950583846], [77.18364522134154, 28.53286759825056], [77.18363780456788, 28.53285472545162], [77.18362134887148, 28.532849396314358], [77.18360618974788, 28.532857399306806], [77.18360497574, 28.532867884687334], [77.18361469511599, 28.53288342713864], [77.1836250231776, 28.532888854836298]]]}, "properties": {"node": "acacia", "role": "positive", "name": "acacia", "ts": "2026-07-14T16:54:06.364721+00:00"}}]}