{"type": "FeatureCollection", "features": [{"type": "Feature", "geometry": {"type": "Polygon", "coordinates": [[[73.08956098168895, 20.144920991158997], [73.08946966342747, 20.144784005613673], [73.08946822250788, 20.14478192844125], [73.08946471026631, 20.144778240001042], [73.08946182842703, 20.144773909698845], [73.08945570451844, 20.14476873283319], [73.08945021101206, 20.144763002084325], [73.0894457081379, 20.144760359989647], [73.08944174560855, 20.144756979201777], [73.08943427083712, 20.14475360507964], [73.08942733641037, 20.144749580242976], [73.0894221130758, 20.144748187008265], [73.08941734002859, 20.144745958249164], [73.08940923485386, 20.144744721626015], [73.08940130979384, 20.144742622920656], [73.0893959063437, 20.144742619639246], [73.0893906830084, 20.14474184225455], [73.08903657662304, 20.14473413098337], [73.0883744718692, 20.14356386123725], [73.08814797613064, 20.14300369861958], [73.08843562117751, 20.142556892132394], [73.08885601097522, 20.143740964180544], [73.08885691155236, 20.143743340143182], [73.08886024368778, 20.143749210323314], [73.08886267524602, 20.143755343891883], [73.08886654772762, 20.14376029942533], [73.08886969974749, 20.143765712008946], [73.08887456286377, 20.143770413006763], [73.08887879557598, 20.143775755864034], [73.08888401892288, 20.143779524509856], [73.08888861186574, 20.143783847036758], [73.08889473578942, 20.14378708835901], [73.08890031936674, 20.143791156349977], [73.08890644329011, 20.143793341931428], [73.08891211692485, 20.143796363034124], [73.08891896130942, 20.143797827629772], [73.08892562557841, 20.14380024228254], [73.08893210973184, 20.14380079168377], [73.08893841376972, 20.14380211518537], [73.08894552832655, 20.143801758791078], [73.08895255282549, 20.143802361306385], [73.08895894692049, 20.143801142285884], [73.08896543107298, 20.143800811901613], [73.08897209534062, 20.14379865167532], [73.08897902978107, 20.14379730981173], [73.0889847934717, 20.14379444521111], [73.08899100745046, 20.14379241667817], [73.08899677114078, 20.14378858431424], [73.08900298511924, 20.143785500039527], [73.08900766811738, 20.143781297510273], [73.089012981519, 20.14377768481833], [73.08901739434398, 20.143772487968544], [73.08902252763009, 20.143767977786872], [73.08902576970546, 20.14376257787659], [73.08902982229961, 20.143757785508473], [73.08903243397137, 20.143751707781938], [73.08903594621952, 20.143745894536263], [73.08903747719948, 20.14373997451586], [73.0890399988135, 20.14373432782872], [73.08904071927465, 20.143727712287628], [73.08904234031222, 20.14372127324898], [73.08916274734827, 20.142563172319512], [73.08941544882119, 20.142576661355164], [73.08959754500636, 20.143466426595808], [73.0895980853509, 20.143468855129278], [73.08959835552318, 20.143469673492415], [73.0895984455806, 20.143470562130172], [73.08960312856664, 20.143481579862655], [73.0896075413803, 20.14349265901823], [73.08960808172482, 20.1434933279802], [73.08960844195451, 20.143494155195388], [73.08961618689257, 20.14350345038859], [73.08962375171551, 20.1435129918139], [73.08962447217483, 20.14351350252269], [73.0896250125193, 20.14351417148471], [73.08963527906428, 20.14352116315447], [73.08964536549401, 20.143528225098795], [73.08964617601066, 20.14352856870234], [73.08964698652731, 20.14352908826308], [73.08965887410453, 20.143533072038103], [73.08967067162375, 20.143537222917796], [73.08967157219772, 20.143537311437385], [73.08967238271427, 20.14353765504084], [73.08968499074932, 20.143538366442723], [73.08969759878367, 20.143539253800814], [73.08969849935751, 20.14353907838438], [73.08969939993136, 20.143539166903803], [73.0901096109546, 20.143507960244474], [73.0901122226141, 20.14350768907083], [73.09011897690576, 20.143506153478064], [73.09012582125445, 20.14350541854546], [73.0901319451452, 20.143502941202563], [73.09013842926464, 20.143501467032404], [73.09014437304063, 20.14349809219774], [73.09015076710253, 20.1434956414087], [73.09015599042056, 20.14349175586617], [73.09016175408169, 20.14348853928462], [73.09016643705625, 20.143483808822584], [73.09017184048831, 20.143479765024807], [73.0901757129479, 20.143474602982334], [73.09018030586498, 20.143470039625356], [73.09018336780964, 20.1434642700451], [73.09018733032622, 20.143458940896046], [73.09018949169888, 20.143452994820482], [73.09019255364342, 20.14344740119734], [73.0901938144441, 20.143441014690353], [73.09019606587388, 20.143434901508616], [73.09019633604547, 20.14342859359145], [73.09019759684612, 20.143422471020774], [73.09019696644579, 20.143415986608893], [73.09019723661737, 20.14340950273434], [73.09013212525963, 20.142780389728575], [73.09047974584963, 20.142791505350885], [73.09032277630627, 20.14457973215257], [73.08990950371475, 20.144790289654186], [73.08956098168895, 20.144920991158997]]]}, "properties": {"polygon_id": "farmforest_0", "source": "farmforest", "raw_class": 6, "core_class": "greenery"}}, {"type": "Feature", "geometry": {"type": "Polygon", "coordinates": [[[72.98129838875106, 20.244101709674254], [72.98115459020859, 20.24450731986425], [72.97811795176193, 20.249009623598976], [72.97713972833375, 20.248637077661662], [72.97806758556307, 20.247274630757126], [72.97806902717177, 20.24727248723158], [72.97807191038916, 20.247265913354706], [72.97807578471246, 20.24725970186095], [72.9780772263211, 20.247254216051488], [72.97807947883462, 20.2472490747127], [72.97808037984, 20.247241951978683], [72.97808218185078, 20.247235006761894], [72.97808200164971, 20.247229447694895], [72.97808263235348, 20.247223881279236], [72.97808137094594, 20.247216807460248], [72.97808110064432, 20.24720965625026], [72.97807911843246, 20.247204357833116], [72.97807812732651, 20.247198806115264], [72.97807488370704, 20.247192414808058], [72.97807236089187, 20.247185567421866], [72.97708467667829, 20.245348352781427], [72.97845727009513, 20.244223163436427], [72.97986283207582, 20.24513747455721], [72.97986508457228, 20.2451388418345], [72.9798692291657, 20.245140661019793], [72.97987292325978, 20.245143139074337], [72.97988139264595, 20.245146003756957], [72.97988959173229, 20.24514954521747], [72.97989409672465, 20.245150256802734], [72.97989842151725, 20.245151654120512], [72.97990743150157, 20.24515219773871], [72.9799163513857, 20.245153436043456], [72.97992085637756, 20.245152916255456], [72.97992545146916, 20.245153197018336], [72.97993419115295, 20.245151251026563], [72.97994320113591, 20.24515021144912], [72.97994734572795, 20.245148512425214], [72.97995185071922, 20.245147552860118], [72.97995968940381, 20.24514340639812], [72.97996797858724, 20.245140008348777], [72.97997149248013, 20.24513727913625], [72.97997545687204, 20.24513521038168], [72.97998185395885, 20.24512916154433], [72.97998870154454, 20.245123773164508], [72.97999131443903, 20.245120162811016], [72.97999455803215, 20.24511714286891], [72.98069021762471, 20.244238646327894], [72.98069129881922, 20.244237258530404], [72.98069174931695, 20.24423659965573], [72.98069769588662, 20.24422566844448], [72.98070373255568, 20.244214746186223], [72.98070382265523, 20.244214315363156], [72.9807040028543, 20.244213981448993], [72.98070643554178, 20.24420190944975], [72.98070895832878, 20.244189846403998], [72.98070895832879, 20.244189406627385], [72.98070895832878, 20.244189054806085], [72.98070769693528, 20.244176791621793], [72.98070661574086, 20.244164546344944], [72.98070643554178, 20.244164176616568], [72.98070643554178, 20.24416373683997], [72.98070157016677, 20.24415234688899], [72.98069679489122, 20.24414087793671], [72.98069652459259, 20.24414058721013], [72.98069634439351, 20.244140217481792], [72.98068832553432, 20.24413044917449], [72.98068030667486, 20.244120680867493], [72.98067994627667, 20.244120469142693], [72.98067967597804, 20.244120178416136], [72.98066904423132, 20.244112965026087], [72.9806585025837, 20.24410567263419], [72.98002825535798, 20.2437885873122], [72.98016052182037, 20.243575950801166], [72.98129838875106, 20.244101709674254]]]}, "properties": {"polygon_id": "farmforest_1", "source": "farmforest", "raw_class": 6, "core_class": "greenery"}}, {"type": "Feature", "geometry": {"type": "Polygon", "coordinates": [[[92.83374684717343, 25.08529108650483], [92.83365793166244, 25.09033011970887], [92.83365793166244, 25.090332651244772], [92.83365854015126, 25.090336527394122], [92.83365838802906, 25.09034041800152], [92.83441809241212, 25.09730434740012], [92.8253204677961, 25.093954582135527], [92.81860707276242, 25.09109075397315], [92.81873093705073, 25.07720218655846], [92.82376638246588, 25.07451956640241], [92.82867877748622, 25.074361919918957], [92.83090566465981, 25.07864851331843], [92.83374684717343, 25.08529108650483]]]}, "properties": {"polygon_id": "farmforest_2", "source": "farmforest", "raw_class": 6, "core_class": "greenery"}}, {"type": "Feature", "geometry": {"type": "Polygon", "coordinates": [[[92.84499893492949, 25.058013136637967], [92.836480491146, 25.066915171708192], [92.82759860762798, 25.06093236609818], [92.82916886620345, 25.05051657164507], [92.84309835956054, 25.052447230027028], [92.84499893492949, 25.058013136637967]]]}, "properties": {"polygon_id": "farmforest_3", "source": "farmforest", "raw_class": 6, "core_class": "greenery"}}, {"type": "Feature", "geometry": {"type": "Polygon", "coordinates": [[[94.01375554530189, 26.068848625192885], [94.01211758741104, 26.073014425719993], [94.0084885281716, 26.071225249576635], [94.01097701413951, 26.066741525918076], [94.01270046330018, 26.067955171273354], [94.01375554530189, 26.068848625192885]]]}, "properties": {"polygon_id": "farmforest_4", "source": "farmforest", "raw_class": 6, "core_class": "greenery"}}, {"type": "Feature", "geometry": {"type": "Polygon", "coordinates": [[[95.52917466577783, 27.311747841294437], [95.53006273832032, 27.312585954041378], [95.52824721247396, 27.31484461213684], [95.528246251639, 27.314845722722584], [95.52628938387053, 27.317367176577974], [95.51621239202643, 27.308774996933852], [95.51958336502292, 27.304972903231732], [95.52292739136269, 27.30705426379667], [95.52489927888719, 27.308420755647504], [95.5263576809757, 27.30951023064607], [95.52784006007518, 27.310783416556916], [95.52784206180078, 27.310785125400482], [95.52784454394062, 27.310786547116493], [95.52784654566639, 27.310788524133], [95.52917466577783, 27.311747841294437]]]}, "properties": {"polygon_id": "farmforest_5", "source": "farmforest", "raw_class": 6, "core_class": "greenery"}}, {"type": "Feature", "geometry": {"type": "Polygon", "coordinates": [[[92.95861844693076, 26.61339349907457], [92.95861844693076, 26.614693163173808], [92.95861852319192, 26.614695139221986], [92.9586520018595, 26.616009833864602], [92.95246456635266, 26.616418249903948], [92.95246266006883, 26.616418379175858], [92.94758267035165, 26.616823930597764], [92.94757405482997, 26.612648231123167], [92.95104455848247, 26.6125267302578], [92.95104730344971, 26.61252658369173], [92.95105736833095, 26.612524757810043], [92.95106758571258, 26.61252355803301], [92.95404413927305, 26.611782658243364], [92.95836914979996, 26.61195704613931], [92.95861844693076, 26.61339349907457]]]}, "properties": {"polygon_id": "farmforest_6", "source": "farmforest", "raw_class": 6, "core_class": "greenery"}}, {"type": "Feature", "geometry": {"type": "Polygon", "coordinates": [[[92.20253265051194, 26.095079519947408], [92.20749453961473, 26.103770325386126], [92.19937800146312, 26.110189642764297], [92.1909023489602, 26.10534777914679], [92.19090152385009, 26.105347250889565], [92.19090002364995, 26.105346462472383], [92.19088779702065, 26.105341870848136], [92.1908757204146, 26.105337006589796], [92.19087474528506, 26.105336931208658], [92.19087392017546, 26.10533658319464], [92.19086079343396, 26.105335249555644], [92.19084766669626, 26.105333645550274], [92.19084676657725, 26.10533383940017], [92.19084586645826, 26.10533367276325], [92.1908328147348, 26.105335672490682], [92.19081968800526, 26.105337493107342], [92.19081886289668, 26.1053378660666], [92.19081796277824, 26.105337969794608], [92.1908060362106, 26.105343196892896], [92.19080453601363, 26.10534376030014], [92.1850050727683, 26.100893720155117], [92.1891641755178, 26.095110409508283], [92.20253265051194, 26.095079519947408]]]}, "properties": {"polygon_id": "farmforest_7", "source": "farmforest", "raw_class": 6, "core_class": "greenery"}}, {"type": "Feature", "geometry": {"type": "Polygon", "coordinates": [[[86.69470795678986, 24.837489913981234], [86.69637222539868, 24.833825889941252], [86.70259921384792, 24.83600137757298], [86.70204389433113, 24.838702461007003], [86.69470795678986, 24.837489913981234]]]}, "properties": {"polygon_id": "farmforest_8", "source": "farmforest", "raw_class": 6, "core_class": "greenery"}}, {"type": "Feature", "geometry": {"type": "Polygon", "coordinates": [[[85.56686499132306, 24.527629340488343], [85.56967561210364, 24.52978298705258], [85.5699298381504, 24.532196604794834], [85.56805232130253, 24.53363879783129], [85.56585359658455, 24.532859752363112], [85.56304725115713, 24.531020817825976], [85.56381363203622, 24.528349051494303], [85.56686499132306, 24.527629340488343]]]}, "properties": {"polygon_id": "farmforest_9", "source": "farmforest", "raw_class": 6, "core_class": "greenery"}}, {"type": "Feature", "geometry": {"type": "Polygon", "coordinates": [[[73.0327231558513, 20.17900861547706], [73.03038098585041, 20.180153410076993], [73.02898590575671, 20.179742084241056], [73.02753361554204, 20.177526531718897], [73.0275039787105, 20.17561641054367], [73.02905427721684, 20.175260895853988], [73.02989824422208, 20.17593608669325], [73.02906328531284, 20.17764900131533], [73.02906220434134, 20.177651269503553], [73.02906184401752, 20.177652729268], [73.02906103328888, 20.177654056567622], [73.02905833086008, 20.177664960819527], [73.02905526810741, 20.17767582946961], [73.02905535818839, 20.177677333736195], [73.02905499786453, 20.17767879350061], [73.02905562843127, 20.177690027068564], [73.02905589867414, 20.17770122503501], [73.02905634907894, 20.177702588978], [73.02905643915992, 20.177704093244664], [73.02906049280313, 20.17771469744019], [73.02906409604148, 20.17772543305934], [73.0290649067701, 20.177726656678775], [73.02906544725585, 20.17772802952234], [73.02907247357044, 20.177737168178933], [73.02907913956099, 20.177746535122242], [73.02908031061338, 20.17774753045535], [73.02908121142289, 20.177748675012598], [73.02909066992261, 20.177755678987882], [73.02909985817911, 20.17776283218731], [73.02910129947422, 20.177763502370777], [73.02910247052648, 20.177764409741158], [73.0291136405632, 20.177768592091198], [73.02912454035655, 20.177773099590482], [73.02912616181338, 20.177773347760926], [73.02912760310831, 20.177773842018762], [73.02913949379125, 20.177774928911813], [73.02915138447358, 20.177776455617792], [73.02915291584928, 20.17777625507376], [73.02915453730591, 20.177776415281166], [73.03255677887343, 20.177642635635], [73.03255939118208, 20.177642453867254], [73.03256398524202, 20.177641500259796], [73.03256857930188, 20.177641426291306], [73.03257713686412, 20.17763892900372], [73.03258587458522, 20.17763715322347], [73.03258992816708, 20.17763509065801], [73.03259443214682, 20.177633776295323], [73.03260181867343, 20.177629052193524], [73.03260965559774, 20.17762507629402], [73.03261298854248, 20.17762206290189], [73.0326168619647, 20.177619542719032], [73.03262253697851, 20.177613154161055], [73.03262893262882, 20.177607276608565], [73.03263118461834, 20.177603452724792], [73.03263424732404, 20.177600148745096], [73.03479911978361, 20.17432241330172], [73.03643584477123, 20.175901419906204], [73.03572098380288, 20.177209057533812], [73.0327231558513, 20.17900861547706]]]}, "properties": {"polygon_id": "farmforest_10", "source": "farmforest", "raw_class": 6, "core_class": "greenery"}}, {"type": "Feature", "geometry": {"type": "Polygon", "coordinates": [[[77.21377316941509, 28.513205647444195], [77.21465416609385, 28.51541244261516], [77.2136536909174, 28.515234373276634], [77.21365088378532, 28.515233843369938], [77.21364474318364, 28.515233696581067], [77.21363869030453, 28.515232682569156], [77.2127647039438, 28.515192555642813], [77.21276382670844, 28.515192472125474], [77.21276189679062, 28.515192463501688], [77.21274847508852, 28.515193812401076], [77.21273514110844, 28.515194994536174], [77.21273417614931, 28.51519534045277], [77.2127331234666, 28.51519541534605], [77.21272075444406, 28.515200016521508], [77.21270829769665, 28.51520434667189], [77.21270750818445, 28.515204971963286], [77.21270654322508, 28.515205317879577], [77.21269610411869, 28.515212729505592], [77.21268557728779, 28.515220045220943], [77.21143200047553, 28.516365096290507], [77.21059493010134, 28.51628092417805], [77.21059212289666, 28.51628065686416], [77.21058212222944, 28.51628119301172], [77.21057212156138, 28.51628085359733], [77.21056773530319, 28.516281836816145], [77.21056326131968, 28.51628211123238], [77.21055378700107, 28.5162849739574], [77.21054413723135, 28.516287207081586], [77.21054018959806, 28.51628919518416], [77.21053597878905, 28.516290545333085], [77.21052782034621, 28.516295634705504], [77.21051922327679, 28.516300069416307], [77.21051615289471, 28.516303016614593], [77.21051246843608, 28.516305292444795], [77.2105063276715, 28.516312237513304], [77.21049948510483, 28.516318590415484], [77.21049737969965, 28.51632215483902], [77.21049466021786, 28.516325310562667], [77.21049088803336, 28.5163334442938], [77.21048632632171, 28.51634124017325], [77.20998690555741, 28.517625490204374], [77.20998602830146, 28.517627858209078], [77.2099844492407, 28.51763663846877], [77.20998199292394, 28.517645160074675], [77.20998216837513, 28.517649116769547], [77.20998146657033, 28.517652902366326], [77.20998269472872, 28.517661687295565], [77.20998304563113, 28.517670563792098], [77.2099844492407, 28.517674287225322], [77.20998497559428, 28.517678102226174], [77.2099889232461, 28.51768627058448], [77.20999216909306, 28.517694634773928], [77.21035570338846, 28.51833749989432], [77.20916956335579, 28.518535882354726], [77.20784252165608, 28.518420082314968], [77.20779348214901, 28.516990983868308], [77.20907999486958, 28.5163092295024], [77.2090823634788, 28.51630787907589], [77.20908990793751, 28.516302206010245], [77.209097891027, 28.51629710005154], [77.20910078599337, 28.516293961081793], [77.20910429504346, 28.51629131837332], [77.2091096463446, 28.516283947990534], [77.2091157871817, 28.516277178133457], [77.20911745398028, 28.516273396862793], [77.20911999804123, 28.516269961805843], [77.20912289300709, 28.51626165704437], [77.20912657750897, 28.516253602585653], [77.20943353120337, 28.51515554999705], [77.21052782034621, 28.514528393380335], [77.21053018892646, 28.514527042892645], [77.21053580333869, 28.5145224116385], [77.21054211955213, 28.514518547666047], [77.2105463303609, 28.514513782758655], [77.21055133069613, 28.514509705929303], [77.21055527832905, 28.514503952834062], [77.21056010321357, 28.514498633498942], [77.21056273496866, 28.51449310533225], [77.21056624397536, 28.51448801092577], [77.21056817392902, 28.51448145280508], [77.21057106885942, 28.51447516168368], [77.21057185838589, 28.51446919542661], [77.21057361288914, 28.514463408611885], [77.21057334971364, 28.51445664165913], [77.21057422696525, 28.51444998329808], [77.21053159252953, 28.513352857855235], [77.2129123425629, 28.512115988312253], [77.21377316941509, 28.513205647444195]]]}, "properties": {"polygon_id": "farmforest_11", "source": "farmforest", "raw_class": 6, "core_class": "greenery"}}, {"type": "Feature", "geometry": {"type": "Polygon", "coordinates": [[[77.11389264236499, 28.482863857890038], [77.1151868428625, 28.483071308801147], [77.11742885561442, 28.48599936430827], [77.1171586258141, 28.487882374057694], [77.1146839491679, 28.489316182687826], [77.11328535276965, 28.483427487696293], [77.11389264236499, 28.482863857890038]]]}, "properties": {"polygon_id": "farmforest_12", "source": "farmforest", "raw_class": 6, "core_class": "greenery"}}, {"type": "Feature", "geometry": {"type": "Polygon", "coordinates": [[[86.02159579655634, 24.85622494148161], [86.02363125237713, 24.85740266300942], [86.02370465463717, 24.859837038057933], [86.02182550840027, 24.86197969633155], [86.0192984663049, 24.861500787322065], [86.0183840830374, 24.859736458869598], [86.01895065070269, 24.857413998529985], [86.02159579655634, 24.85622494148161]]]}, "properties": {"polygon_id": "farmforest_13", "source": "farmforest", "raw_class": 6, "core_class": "greenery"}}, {"type": "Feature", "geometry": {"type": "Polygon", "coordinates": [[[85.50590284651798, 25.16347018901302], [85.50591896090141, 25.164291798259754], [85.50591903950814, 25.164294328273986], [85.50592014000244, 25.164299326563036], [85.50592021860918, 25.16430447448633], [85.50592273402462, 25.164311772393404], [85.50592430615923, 25.16431922231242], [85.50592690018122, 25.16432381441526], [85.50592855092242, 25.164328739075582], [85.50593318871884, 25.16433510818209], [85.50593696184109, 25.16434190249646], [85.50594089217645, 25.16434563229379], [85.50594403644455, 25.164349879949604], [85.50595040358687, 25.16435485700277], [85.50595622048168, 25.164360359047574], [85.50596109409575, 25.164363034104834], [85.5059654174627, 25.16436632442661], [85.50597304230904, 25.164369443795824], [85.5059803527277, 25.164373366108038], [85.50598585519272, 25.164374615823014], [85.50599096462402, 25.164376666103475], [85.5059992969263, 25.164377730598552], [85.50600747201409, 25.164379602792092], [85.50601313168953, 25.16437950317076], [85.50601879136437, 25.164380216003625], [85.50714041712699, 25.164376224645714], [85.50698077022999, 25.164837745651113], [85.50655520006859, 25.165365607431777], [85.50519624571473, 25.165407549263815], [85.50451974281003, 25.164907282545983], [85.50489745666958, 25.1634664046244], [85.50590284651798, 25.16347018901302]]]}, "properties": {"polygon_id": "farmforest_14", "source": "farmforest", "raw_class": 6, "core_class": "greenery"}}, {"type": "Feature", "geometry": {"type": "Polygon", "coordinates": [[[86.79962365688012, 26.199118970234984], [86.7990459086072, 26.200029663878105], [86.79848378928799, 26.200100851856476], [86.7983091124922, 26.199322408437343], [86.79872499399573, 26.199010557188874], [86.79935509446024, 26.198902878444443], [86.79962365688012, 26.199118970234984]]]}, "properties": {"polygon_id": "farmforest_15", "source": "farmforest", "raw_class": 6, "core_class": "greenery"}}, {"type": "Feature", "geometry": {"type": "Polygon", "coordinates": [[[86.79538320218373, 26.1977997790287], [86.79536825523861, 26.198192633123554], [86.79515248216076, 26.19822017009497], [86.79479482563943, 26.19719105172154], [86.79504080101293, 26.196975379555866], [86.79504271730107, 26.196973531304526], [86.79504463358917, 26.196971232873214], [86.79504700978627, 26.196969304786798], [86.7950529119528, 26.19696097231693], [86.79505935067911, 26.19695301189154], [86.79506042380007, 26.196950334614048], [86.79506211013297, 26.196947851009767], [86.79506517619264, 26.196938375200663], [86.79506893211547, 26.19692909476447], [86.79506908541845, 26.19692621701278], [86.79507000523623, 26.196923536334573], [86.79506992858475, 26.196913630674054], [86.7950706184481, 26.196903742014644], [86.79506992858475, 26.19690102563301], [86.79506992858475, 26.196898144480684], [86.79506686252537, 26.1968886226933], [86.79506440967774, 26.196879024470746], [86.7950628766479, 26.19687646945917], [86.79506195682998, 26.19687374797676], [86.7949220676518, 26.19659747571275], [86.79527543077414, 26.196466477520737], [86.79548238846235, 26.196687874457155], [86.7954842280823, 26.1966898060133], [86.79549120330732, 26.196695092762997], [86.79549764197567, 26.19670099786575], [86.79550201107158, 26.196703255626574], [86.79550584361152, 26.19670622177685], [86.79551419854756, 26.196709558328944], [86.79552217022831, 26.19671369670604], [86.79552707587736, 26.196714705859748], [86.79553167492288, 26.19671660857481], [86.79554071971117, 26.19671770952155], [86.79554968784704, 26.19671961909277], [86.79555467014403, 26.196719459475993], [86.79555965244052, 26.196720020147882], [86.7955687738743, 26.196718871889978], [86.79557789530637, 26.196718443920304], [86.79558272429911, 26.196717020397262], [86.79558762994206, 26.196716408898855], [86.79559598486406, 26.196712902701698], [86.79560472303784, 26.196710305364256], [86.79606048561247, 26.196502434262186], [86.79631358300063, 26.19713874899592], [86.79592397190828, 26.197316934679485], [86.7959215191038, 26.19731805075634], [86.7959120144853, 26.197324412616073], [86.79590220326426, 26.197330407532476], [86.79590067026079, 26.197331994184776], [86.79589883065657, 26.19733321389461], [86.79589170218955, 26.19734169926878], [86.79588411382029, 26.197349904336242], [86.79588319401788, 26.19735186472944], [86.795881737664, 26.19735354311694], [86.79587752190258, 26.19736344361689], [86.79587284623949, 26.197373243882062], [86.79587253963861, 26.1973753079086], [86.7958716964862, 26.197377270001212], [86.79587070003333, 26.197387872139206], [86.7958692436791, 26.197398374042532], [86.79587253963861, 26.197606429923034], [86.7954551774091, 26.197716471637715], [86.79545257127926, 26.197717224160336], [86.79544843213158, 26.197719023112253], [86.79544398637998, 26.197720094978244], [86.79543578473371, 26.19772459493865], [86.79542712318056, 26.197728364412654], [86.79542375053997, 26.197731170756583], [86.79541984134264, 26.197733244914602], [86.79541332601303, 26.197739673023317], [86.79540619747496, 26.197745457281435], [86.79540382129537, 26.197748915974632], [86.79540067860606, 26.197751997524826], [86.795396462803, 26.197759737132202], [86.79539140383885, 26.197767097896207], [86.79539017742322, 26.1977710322675], [86.79538818449775, 26.197774769567168], [86.79538649817614, 26.19778328555941], [86.79538396869361, 26.197791602779763], [86.79538404534459, 26.197795656086498], [86.79538320218373, 26.1977997790287]]]}, "properties": {"polygon_id": "farmforest_16", "source": "farmforest", "raw_class": 6, "core_class": "greenery"}}, {"type": "Feature", "geometry": {"type": "Polygon", "coordinates": [[[83.7606538838854, 18.909523688646683], [83.75838200924802, 18.914063086261553], [83.75695912838448, 18.913165636137165], [83.7582335728862, 18.908076484798872], [83.75947185507906, 18.908561228010672], [83.7606538838854, 18.909523688646683]]]}, "properties": {"polygon_id": "farmforest_17", "source": "farmforest", "raw_class": 6, "core_class": "greenery"}}, {"type": "Feature", "geometry": {"type": "Polygon", "coordinates": [[[79.1572497782979, 13.557927684585321], [79.15686913077457, 13.555763772106364], [79.16012077590852, 13.553995695408103], [79.16311818785061, 13.556255646795165], [79.16253390362594, 13.55783376190943], [79.16170143231612, 13.559052434688907], [79.15982453445399, 13.559113164428567], [79.15839041992346, 13.558969725631908], [79.1572497782979, 13.557927684585321]]]}, "properties": {"polygon_id": "farmforest_18", "source": "farmforest", "raw_class": 6, "core_class": "greenery"}}, {"type": "Feature", "geometry": {"type": "Polygon", "coordinates": [[[81.83236345789231, 17.61112227551623], [81.83139582697822, 17.61179809225465], [81.83139382583254, 17.611799443306015], [81.82913816631364, 17.613462479351238], [81.82541916140788, 17.61408524500499], [81.82289830245003, 17.609780542156464], [81.82760889434479, 17.60824194758826], [81.83236345789231, 17.61112227551623]]]}, "properties": {"polygon_id": "farmforest_19", "source": "farmforest", "raw_class": 6, "core_class": "greenery"}}, {"type": "Feature", "geometry": {"type": "Polygon", "coordinates": [[[81.8048001914636, 17.585170532007098], [81.80583615304498, 17.578569027785306], [81.81183560087396, 17.578089637038314], [81.81080381087266, 17.58435852653005], [81.8048001914636, 17.585170532007098]]]}, "properties": {"polygon_id": "farmforest_20", "source": "farmforest", "raw_class": 6, "core_class": "greenery"}}, {"type": "Feature", "geometry": {"type": "Polygon", "coordinates": [[[81.20783867302869, 17.755085746448064], [81.21202338180187, 17.757045651319178], [81.21238404224835, 17.761778604521595], [81.21159109147257, 17.765037429956582], [81.20714454859026, 17.76542782764932], [81.20450722257274, 17.761670978334283], [81.205143693364, 17.75765904787886], [81.20783867302869, 17.755085746448064]]]}, "properties": {"polygon_id": "farmforest_21", "source": "farmforest", "raw_class": 6, "core_class": "greenery"}}, {"type": "Feature", "geometry": {"type": "Polygon", "coordinates": [[[81.14359695597764, 17.72901700896327], [81.14616188536588, 17.72905098873767], [81.14638460775593, 17.73140279093591], [81.14577634778537, 17.733639074233153], [81.14352366623177, 17.735490423459666], [81.14081517891925, 17.733885043259892], [81.1408968859376, 17.73148987982573], [81.14359695597764, 17.72901700896327]]]}, "properties": {"polygon_id": "farmforest_22", "source": "farmforest", "raw_class": 6, "core_class": "greenery"}}, {"type": "Feature", "geometry": {"type": "Polygon", "coordinates": [[[81.07644893451287, 17.727551934970336], [81.07984355003876, 17.72583349260463], [81.08342807883722, 17.72882629872009], [81.08142951751734, 17.729504801564886], [81.07846935017503, 17.729399758692505], [81.07644893451287, 17.727551934970336]]]}, "properties": {"polygon_id": "farmforest_23", "source": "farmforest", "raw_class": 6, "core_class": "greenery"}}, {"type": "Feature", "geometry": {"type": "Polygon", "coordinates": [[[81.2143908473476, 17.72038600870839], [81.21016347376555, 17.723698753062425], [81.20661310536268, 17.72360785188479], [81.20533042970705, 17.718970831613664], [81.21235411338012, 17.715421808372394], [81.2143908473476, 17.72038600870839]]]}, "properties": {"polygon_id": "farmforest_24", "source": "farmforest", "raw_class": 6, "core_class": "greenery"}}, {"type": "Feature", "geometry": {"type": "Polygon", "coordinates": [[[83.10812906860824, 18.650837020212325], [83.10761263995516, 18.651473556719015], [83.10610032941693, 18.65237046745676], [83.10395364797593, 18.65319211486082], [83.10093389857069, 18.649029162676495], [83.10453264658689, 18.64708027809498], [83.10812906860824, 18.650837020212325]]]}, "properties": {"polygon_id": "farmforest_25", "source": "farmforest", "raw_class": 6, "core_class": "greenery"}}, {"type": "Feature", "geometry": {"type": "Polygon", "coordinates": [[[95.79569086216577, 28.154215319956876], [95.80035774640226, 28.15699889168025], [95.79449644932755, 28.163156643969465], [95.78394434664285, 28.15690003141059], [95.78558286202838, 28.1539170083721], [95.78935415139587, 28.151842314488043], [95.7917351547627, 28.15205563449005], [95.79569086216577, 28.154215319956876]]]}, "properties": {"polygon_id": "farmforest_26", "source": "farmforest", "raw_class": 6, "core_class": "greenery"}}, {"type": "Feature", "geometry": {"type": "Polygon", "coordinates": [[[95.7252369734053, 28.110996779446964], [95.72679152644304, 28.110472726050354], [95.72821339562346, 28.110125490244506], [95.72946400661141, 28.116119407051407], [95.7304671014455, 28.121251206292598], [95.73135708609905, 28.125880811941936], [95.72663582829077, 28.12708899771255], [95.72553992729524, 28.122570014000573], [95.72451948256514, 28.117418800066886], [95.72364261463879, 28.1115893040317], [95.7252369734053, 28.110996779446964]]]}, "properties": {"polygon_id": "farmforest_27", "source": "farmforest", "raw_class": 6, "core_class": "greenery"}}, {"type": "Feature", "geometry": {"type": "Polygon", "coordinates": [[[94.94391126905076, 28.104068469389752], [94.9454433598069, 28.096468954468], [94.95675856283474, 28.094903756009952], [94.95647563895723, 28.102443134515656], [94.94391126905076, 28.104068469389752]]]}, "properties": {"polygon_id": "farmforest_28", "source": "farmforest", "raw_class": 6, "core_class": "greenery"}}, {"type": "Feature", "geometry": {"type": "Polygon", "coordinates": [[[93.55078952880747, 27.7356685536541], [93.55073279385553, 27.739082612778606], [93.54961601609175, 27.7416384924105], [93.53883446524351, 27.738177611483923], [93.54128049166633, 27.73277035746721], [93.54658228564638, 27.734141815521873], [93.55078952880747, 27.7356685536541]]]}, "properties": {"polygon_id": "farmforest_29", "source": "farmforest", "raw_class": 6, "core_class": "greenery"}}, {"type": "Feature", "geometry": {"type": "Polygon", "coordinates": [[[81.3371286600571, 20.311127182254562], [81.33652509040876, 20.309552797913344], [81.33784276468259, 20.308153832543525], [81.33935177979488, 20.30772982231675], [81.33969791155343, 20.30852380607203], [81.33969875086228, 20.30852565047701], [81.33969891872405, 20.3085261094977], [81.3397059689181, 20.308536644816193], [81.33971293518061, 20.3085472661134], [81.33971310304236, 20.308547454714997], [81.33971327090408, 20.308547643316597], [81.33972317474607, 20.3085559764802], [81.3397329946559, 20.30856430548248], [81.34053562114502, 20.30907264304], [81.34053788725411, 20.309074017338702], [81.34054032122305, 20.30907503939923], [81.34054241947209, 20.309076585656232], [81.34186237456709, 20.30977038327181], [81.34108619975073, 20.311760874031876], [81.33827443047903, 20.311540328836035], [81.3371286600571, 20.311127182254562]]]}, "properties": {"polygon_id": "farmforest_30", "source": "farmforest", "raw_class": 6, "core_class": "greenery"}}, {"type": "Feature", "geometry": {"type": "Polygon", "coordinates": [[[81.18357997773764, 20.529073567584984], [81.19182262333813, 20.524397459489048], [81.20147496021504, 20.533670473537097], [81.19235097250325, 20.545943260801664], [81.18174091761746, 20.542083855721827], [81.18357997773764, 20.529073567584984]]]}, "properties": {"polygon_id": "farmforest_31", "source": "farmforest", "raw_class": 6, "core_class": "greenery"}}, {"type": "Feature", "geometry": {"type": "Polygon", "coordinates": [[[81.29346666944024, 20.313560217157313], [81.29373809718795, 20.31332336236735], [81.29412155443264, 20.313158519291942], [81.29410736167779, 20.313494725870154], [81.29349094009162, 20.313847957224247], [81.29346666944024, 20.313560217157313]]]}, "properties": {"polygon_id": "farmforest_32", "source": "farmforest", "raw_class": 6, "core_class": "greenery"}}, {"type": "Feature", "geometry": {"type": "Polygon", "coordinates": [[[81.50168346916261, 20.25803028250134], [81.50412781733097, 20.25605010408258], [81.50587648347764, 20.25704630235267], [81.50584214703292, 20.260707867382603], [81.50344910954092, 20.26066595032327], [81.50168346916261, 20.25803028250134]]]}, "properties": {"polygon_id": "farmforest_33", "source": "farmforest", "raw_class": 6, "core_class": "greenery"}}, {"type": "Feature", "geometry": {"type": "Polygon", "coordinates": [[[81.1863009364178, 19.89610377513116], [81.18718900761759, 19.89447563196016], [81.18889641368122, 19.895282867006863], [81.19112087119044, 19.89697715019424], [81.19021711943769, 19.89822540079816], [81.18768972055408, 19.897415938265205], [81.1863009364178, 19.89610377513116]]]}, "properties": {"polygon_id": "farmforest_34", "source": "farmforest", "raw_class": 6, "core_class": "greenery"}}, {"type": "Feature", "geometry": {"type": "Polygon", "coordinates": [[[81.14938149560255, 20.036978138640308], [81.15186294049991, 20.03443132002749], [81.15479012430688, 20.03483853469966], [81.15359619458306, 20.04054707110499], [81.14946344605079, 20.04110754633553], [81.14938149560255, 20.036978138640308]]]}, "properties": {"polygon_id": "farmforest_35", "source": "farmforest", "raw_class": 6, "core_class": "greenery"}}, {"type": "Feature", "geometry": {"type": "Polygon", "coordinates": [[[81.08885365510932, 20.195064625933362], [81.09004268117482, 20.19315701564371], [81.09367246287307, 20.194056946252424], [81.09229901078973, 20.19859067709926], [81.0889356691008, 20.198229304154726], [81.08885365510932, 20.195064625933362]]]}, "properties": {"polygon_id": "farmforest_36", "source": "farmforest", "raw_class": 6, "core_class": "greenery"}}, {"type": "Feature", "geometry": {"type": "Polygon", "coordinates": [[[81.08232922589211, 20.266389957252702], [81.08452817949117, 20.2640610990903], [81.08816545834496, 20.265223564043847], [81.08604744496854, 20.273142185368204], [81.08230733120219, 20.271607701454172], [81.08232922589211, 20.266389957252702]]]}, "properties": {"polygon_id": "farmforest_37", "source": "farmforest", "raw_class": 6, "core_class": "greenery"}}, {"type": "Feature", "geometry": {"type": "Polygon", "coordinates": [[[81.16194473730545, 19.95349199386622], [81.16335751133784, 19.95333135148937], [81.1657468194219, 19.955039649100094], [81.16403368885165, 19.95628626034842], [81.1617735437583, 19.955655672030872], [81.16194473730545, 19.95349199386622]]]}, "properties": {"polygon_id": "farmforest_38", "source": "farmforest", "raw_class": 6, "core_class": "greenery"}}, {"type": "Feature", "geometry": {"type": "Polygon", "coordinates": [[[81.19677851981173, 19.890127229518598], [81.19677902433237, 19.890129686118183], [81.19677969702656, 19.890131340515584], [81.19677994928689, 19.89013306414195], [81.19678448997246, 19.890143195641738], [81.19678861022395, 19.890153396370724], [81.19678970335185, 19.890154801420476], [81.19679046013272, 19.890156459984045], [81.19679777568057, 19.890164927777295], [81.19680475488076, 19.890173739143794], [81.19680626844216, 19.8901748047864], [81.19680744565657, 19.89017612394285], [81.19681703154463, 19.89018236267597], [81.19682636517132, 19.890188949148158], [81.19682813099247, 19.890189576991904], [81.19682972864014, 19.890190556741086], [81.19684074399946, 19.890194074455305], [81.19685167527052, 19.890197948240452], [81.19685352517779, 19.89019803989365], [81.1968552909983, 19.89019857767777], [81.19686697904744, 19.890199066699335], [81.19687858300813, 19.890199911791616], [81.19688043291474, 19.890199553147486], [81.1968822828213, 19.890199644800354], [81.19991985395242, 19.889904227351288], [81.19750746462793, 19.89446045830092], [81.19329640831852, 19.893507411097097], [81.19226519904933, 19.890961658302917], [81.19424334622019, 19.887858028085127], [81.19640693946741, 19.888325287330723], [81.19677851981173, 19.890127229518598]]]}, "properties": {"polygon_id": "farmforest_39", "source": "farmforest", "raw_class": 6, "core_class": "greenery"}}, {"type": "Feature", "geometry": {"type": "Polygon", "coordinates": [[[81.09150138376681, 20.323740713724792], [81.09277465297401, 20.32193953016838], [81.09400790753796, 20.322441878155715], [81.09474842348942, 20.323154950437125], [81.09148614347961, 20.324788215606024], [81.09150138376681, 20.323740713724792]]]}, "properties": {"polygon_id": "farmforest_40", "source": "farmforest", "raw_class": 6, "core_class": "greenery"}}, {"type": "Feature", "geometry": {"type": "Polygon", "coordinates": [[[81.15394770366483, 20.053592620097266], [81.15086693926261, 20.056181550888383], [81.1481224431736, 20.053620173541482], [81.15161684406561, 20.05028632098072], [81.15366854938259, 20.050509064238188], [81.15394770366483, 20.053592620097266]]]}, "properties": {"polygon_id": "farmforest_41", "source": "farmforest", "raw_class": 6, "core_class": "greenery"}}, {"type": "Feature", "geometry": {"type": "Polygon", "coordinates": [[[81.14792639802756, 19.97636033608278], [81.15256816022959, 19.973981435006365], [81.15328002014685, 19.97758317973716], [81.14868853128037, 19.979747904216936], [81.14792639802756, 19.97636033608278]]]}, "properties": {"polygon_id": "farmforest_42", "source": "farmforest", "raw_class": 6, "core_class": "greenery"}}, {"type": "Feature", "geometry": {"type": "Polygon", "coordinates": [[[81.16011694280635, 20.192528050890907], [81.15647729388894, 20.193781086100305], [81.15552266024217, 20.191621631676547], [81.15924942573554, 20.18945620565068], [81.16011694280635, 20.192528050890907]]]}, "properties": {"polygon_id": "farmforest_43", "source": "farmforest", "raw_class": 6, "core_class": "greenery"}}, {"type": "Feature", "geometry": {"type": "Polygon", "coordinates": [[[76.0912768109974, 11.465625303789299], [76.0903878982743, 11.463751978573125], [76.08997963724296, 11.462206198743123], [76.09067216688895, 11.460919034187217], [76.09226873308272, 11.460437902579908], [76.09400077395931, 11.461453828226764], [76.09457575606626, 11.46413730672108], [76.09392236309864, 11.465932035050965], [76.0912768109974, 11.465625303789299]]]}, "properties": {"polygon_id": "farmforest_44", "source": "farmforest", "raw_class": 6, "core_class": "greenery"}}, {"type": "Feature", "geometry": {"type": "Polygon", "coordinates": [[[76.10129570808587, 11.466327274203671], [76.10272507350571, 11.46696400334249], [76.10350674034159, 11.467878092705881], [76.10352744785921, 11.469207933801995], [76.10233543308776, 11.4695316427135], [76.10072570994743, 11.468617796284956], [76.10050694896947, 11.467242720956905], [76.10129570808587, 11.466327274203671]]]}, "properties": {"polygon_id": "farmforest_45", "source": "farmforest", "raw_class": 6, "core_class": "greenery"}}, {"type": "Feature", "geometry": {"type": "Polygon", "coordinates": [[[76.11748032733931, 11.481152156759553], [76.11631595321033, 11.477816936130285], [76.11833738671488, 11.47743030945571], [76.1199592015676, 11.477828178484833], [76.12139438855584, 11.478648223249476], [76.1212431725864, 11.47993590204794], [76.12035073835591, 11.48020406850884], [76.12034826083851, 11.480204795379937], [76.12034498697618, 11.480206414775356], [76.1203413591827, 11.480207424718657], [76.120333484216, 11.48021212284049], [76.12032516683497, 11.480216207245405], [76.12032242386879, 11.480218698504766], [76.12031923848862, 11.480220576047447], [76.12031295621084, 11.480227297367595], [76.12030623151881, 11.480233574226446], [76.12030428489737, 11.4802366962606], [76.12030180737914, 11.480239369568926], [76.12029764868771, 11.480247547281788], [76.12029295909937, 11.480255360896795], [76.12029198578857, 11.4802588683522], [76.12029039309813, 11.48026217670039], [76.11990770444201, 11.48141007706716], [76.11748032733931, 11.481152156759553]]]}, "properties": {"polygon_id": "farmforest_46", "source": "farmforest", "raw_class": 6, "core_class": "greenery"}}, {"type": "Feature", "geometry": {"type": "Polygon", "coordinates": [[[76.12010227853098, 11.452202949844654], [76.1209548088426, 11.453353782112085], [76.12081677627337, 11.454300221373263], [76.1191040105297, 11.454819644262608], [76.11705462715072, 11.45492360682376], [76.11609748263645, 11.45369970065153], [76.11618295962192, 11.452580451509899], [76.1173860026978, 11.452421056277885], [76.11863602011864, 11.452336587692864], [76.1186382322155, 11.452336355662732], [76.12010227853098, 11.452202949844654]]]}, "properties": {"polygon_id": "farmforest_47", "source": "farmforest", "raw_class": 6, "core_class": "greenery"}}, {"type": "Feature", "geometry": {"type": "Polygon", "coordinates": [[[76.09125220755678, 11.438539955816022], [76.09109122306462, 11.439629256676463], [76.09011708142421, 11.440080644242336], [76.08966810838885, 11.439276628395229], [76.08966686935221, 11.43927445415847], [76.08966005465057, 11.439266090651174], [76.08965368246169, 11.439257410115525], [76.08883697780247, 11.438427410136693], [76.08817656568681, 11.437573564025191], [76.08856872448442, 11.436892279078094], [76.08944924124482, 11.43668684133883], [76.09065765256551, 11.43685394583062], [76.09118777838195, 11.437404545662215], [76.09125220755678, 11.438539955816022]]]}, "properties": {"polygon_id": "farmforest_48", "source": "farmforest", "raw_class": 6, "core_class": "greenery"}}, {"type": "Feature", "geometry": {"type": "Polygon", "coordinates": [[[76.10373682369467, 11.458097499950656], [76.10487148293927, 11.458066955615868], [76.10585339539904, 11.458227193528437], [76.10589923432684, 11.460301472780653], [76.10259746484238, 11.461114022540485], [76.10124500038309, 11.459728336926394], [76.10252852779651, 11.458553855413358], [76.10373682369467, 11.458097499950656]]]}, "properties": {"polygon_id": "farmforest_49", "source": "farmforest", "raw_class": 6, "core_class": "greenery"}}, {"type": "Feature", "geometry": {"type": "Polygon", "coordinates": [[[76.21808248318249, 11.30961473995736], [76.21735735708107, 11.310813856058608], [76.21642355584596, 11.310039814686235], [76.21642161060417, 11.310038201764607], [76.21641966536235, 11.310037095893133], [76.21641798538076, 11.310035495485813], [76.21518177850756, 11.309161166815931], [76.2153095466416, 11.308063451536706], [76.21601169448016, 11.308031672429028], [76.2169859063853, 11.308176498204316], [76.21785400831473, 11.308439444113525], [76.21808248318249, 11.30961473995736]]]}, "properties": {"polygon_id": "farmforest_50", "source": "farmforest", "raw_class": 6, "core_class": "greenery"}}, {"type": "Feature", "geometry": {"type": "Polygon", "coordinates": [[[76.50087623829653, 10.208948321700175], [76.50092273543031, 10.212144040397906], [76.49888425718576, 10.212161032486566], [76.49755275289714, 10.21214327641469], [76.49552022153959, 10.212080844454082], [76.4955177510011, 10.212080824506101], [76.49551757453406, 10.212080817111385], [76.49551739806702, 10.212080809716664], [76.49444120937721, 10.212080843045332], [76.4944583268207, 10.209759634006634], [76.49447429721698, 10.208996091896662], [76.50087623829653, 10.208948321700175]]]}, "properties": {"polygon_id": "farmforest_51", "source": "farmforest", "raw_class": 6, "core_class": "greenery"}}, {"type": "Feature", "geometry": {"type": "Polygon", "coordinates": [[[77.07631435180178, 9.438138152728076], [77.0781359822782, 9.437921932304127], [77.07901701552606, 9.43936642361817], [77.07882371921086, 9.441046780274725], [77.07600644065624, 9.441297961355266], [77.07631435180178, 9.438138152728076]]]}, "properties": {"polygon_id": "farmforest_52", "source": "farmforest", "raw_class": 6, "core_class": "greenery"}}, {"type": "Feature", "geometry": {"type": "Polygon", "coordinates": [[[77.05566692856951, 9.409336255302856], [77.0519487342371, 9.409863090776856], [77.04846593597658, 9.40809771939862], [77.04870232460033, 9.40522219627297], [77.05143564973437, 9.403711533792704], [77.05464869458356, 9.40332716033119], [77.05566692856951, 9.409336255302856]]]}, "properties": {"polygon_id": "farmforest_53", "source": "farmforest", "raw_class": 6, "core_class": "greenery"}}, {"type": "Feature", "geometry": {"type": "Polygon", "coordinates": [[[76.07196316804267, 28.06384887570039], [76.07108404383257, 28.064257195751356], [76.0704423999881, 28.06291329610126], [76.07086036725246, 28.06247298333097], [76.0712346070873, 28.06255963849581], [76.07196316804267, 28.06384887570039]]]}, "properties": {"polygon_id": "farmforest_54", "source": "farmforest", "raw_class": 6, "core_class": "greenery"}}, {"type": "Feature", "geometry": {"type": "Polygon", "coordinates": [[[77.49216053174884, 30.387946563154223], [77.49616041683997, 30.388010288292282], [77.49599020995412, 30.391587219543318], [77.491607623499, 30.391816544300593], [77.49216053174884, 30.387946563154223]]]}, "properties": {"polygon_id": "farmforest_55", "source": "farmforest", "raw_class": 6, "core_class": "greenery"}}, {"type": "Feature", "geometry": {"type": "Polygon", "coordinates": [[[77.42457596203884, 30.419669489346248], [77.4238161622449, 30.42126740860857], [77.42144058439851, 30.42146223726486], [77.42058557805437, 30.420316617499076], [77.42055633049044, 30.419392668068568], [77.42106982556417, 30.418912139453546], [77.42163261844175, 30.418705278398562], [77.42243420168667, 30.41875162999687], [77.42457596203884, 30.419669489346248]]]}, "properties": {"polygon_id": "farmforest_56", "source": "farmforest", "raw_class": 6, "core_class": "greenery"}}, {"type": "Feature", "geometry": {"type": "Polygon", "coordinates": [[[85.87865686807032, 24.555992224022326], [85.87846812718298, 24.555433100313568], [85.87877652850335, 24.555293234345797], [85.87877894824835, 24.555292124253903], [85.87878355356918, 24.555288993081454], [85.87878870528353, 24.555286690939703], [85.87879479367257, 24.555281519553283], [85.87880142845468, 24.555277086736243], [85.87880494098604, 24.555272930728737], [85.87880915602335, 24.555269336620366], [85.87881344911658, 24.555262940343713], [85.87881852277175, 24.55525692716969], [85.87882055223368, 24.55525209754256], [85.87882351837021, 24.555247564808813], [85.87882562588817, 24.555240294857548], [85.87882867008062, 24.555233321799562], [85.87882913841791, 24.55522808781058], [85.87883062148595, 24.555223062379717], [85.87883038731731, 24.5552155477303], [85.87883116787941, 24.55520806071669], [85.87883007509245, 24.555202874671604], [85.87882991898005, 24.55519771413657], [85.87875318966674, 24.55478583538343], [85.87923346804213, 24.55430164922669], [85.88065507554593, 24.554372468658812], [85.88102692104074, 24.554922373849525], [85.88089485531142, 24.55554676110839], [85.8798993562131, 24.556153248183474], [85.87865686807032, 24.555992224022326]]]}, "properties": {"polygon_id": "farmforest_57", "source": "farmforest", "raw_class": 6, "core_class": "greenery"}}, {"type": "Feature", "geometry": {"type": "Polygon", "coordinates": [[[85.80829965403649, 24.5545482181059], [85.80734920435174, 24.555860262189718], [85.80613376052189, 24.556250902461645], [85.80497722595769, 24.55657894207723], [85.80404039555732, 24.55539948490214], [85.80337862445212, 24.554391915716327], [85.80392572355608, 24.553347494726843], [85.80662822678397, 24.55259673098767], [85.80829965403649, 24.5545482181059]]]}, "properties": {"polygon_id": "farmforest_58", "source": "farmforest", "raw_class": 6, "core_class": "greenery"}}, {"type": "Feature", "geometry": {"type": "Polygon", "coordinates": [[[85.90230106814491, 24.50992712883577], [85.90162633685365, 24.510050562640433], [85.90073008859109, 24.510094084058935], [85.90020670432239, 24.509971899117563], [85.90054322197162, 24.509480956979047], [85.90117567890378, 24.509480875743918], [85.90153793766989, 24.50956721470917], [85.9015405904278, 24.50956782929895], [85.90154698825516, 24.50956827376002], [85.90155315201491, 24.509569707098958], [85.9015607981969, 24.50956937106152], [85.90156836635552, 24.509570028122305], [85.90157468615722, 24.509568841948262], [85.90158100595818, 24.509568650982814], [85.90223436001655, 24.509458300378522], [85.90323115002181, 24.509415587642692], [85.9031049919132, 24.509772985777182], [85.90230106814491, 24.50992712883577]]]}, "properties": {"polygon_id": "farmforest_59", "source": "farmforest", "raw_class": 6, "core_class": "greenery"}}, {"type": "Feature", "geometry": {"type": "Polygon", "coordinates": [[[85.88801320635086, 24.508929392802386], [85.88828432529593, 24.508820311330332], [85.88877981221461, 24.50901433845115], [85.88878230953793, 24.509015310931893], [85.88879588873148, 24.50901830305214], [85.88880946792149, 24.509021295171113], [85.88944074027864, 24.50907650967113], [85.88944706154814, 24.509144535643156], [85.88919101050149, 24.509324144189243], [85.88918890340142, 24.50932571553377], [85.889187498668, 24.509327124987127], [85.88918578177152, 24.509328164081616], [85.88917805573674, 24.509336458910123], [85.88916993949695, 24.509344381261915], [85.88916908104844, 24.50934607695265], [85.88916767631446, 24.509347486405694], [85.88916283778609, 24.50935739760047], [85.88915753101251, 24.509367115146766], [85.88915714080855, 24.50936900448529], [85.88915636040062, 24.509370702292937], [85.88910727271838, 24.509526792856814], [85.88910649230971, 24.509529214443656], [85.88910532169666, 24.509539225137846], [85.88910344871574, 24.50954912630459], [85.88910376087924, 24.50955175847684], [85.88910344871574, 24.509554464184156], [85.88910539973753, 24.509564378619807], [85.88910664839143, 24.50957436447312], [85.88910781900444, 24.509576838989123], [85.88910828724963, 24.509579475395547], [85.88911320382392, 24.509588475085547], [85.88911749607094, 24.509597729255425], [85.88915971615462, 24.509662024461008], [85.8886339527166, 24.509534488641357], [85.88811013504719, 24.50926034793149], [85.88801320635086, 24.508929392802386]]]}, "properties": {"polygon_id": "farmforest_60", "source": "farmforest", "raw_class": 6, "core_class": "greenery"}}, {"type": "Feature", "geometry": {"type": "Polygon", "coordinates": [[[85.87728508565804, 24.574365995080232], [85.8772061684363, 24.574606357470536], [85.87720546590857, 24.574608780642077], [85.87720406085309, 24.57461932573982], [85.87720210938707, 24.57462985594124], [85.87720234356298, 24.57463194282292], [85.87720210938707, 24.574633926480153], [85.87720398279444, 24.574644470496732], [85.8772053097913, 24.574655090073446], [85.87729429656241, 24.574961811247515], [85.87737149636664, 24.575250390960818], [85.8773206022719, 24.575370938583642], [85.87685318609184, 24.575398448467677], [85.8768506101394, 24.575398649604224], [85.87669168143397, 24.575411864908013], [85.87669542828523, 24.574900256027902], [85.87669535022583, 24.57489772112274], [85.87669433545365, 24.574891904250517], [85.87669425739425, 24.574885932005174], [85.87664742173308, 24.574609124979823], [85.87669129113694, 24.57432176510858], [85.87678980201296, 24.574189308971047], [85.87689994350966, 24.57415269187211], [85.87717861373044, 24.57424432315517], [85.87728508565804, 24.574365995080232]]]}, "properties": {"polygon_id": "farmforest_61", "source": "farmforest", "raw_class": 6, "core_class": "greenery"}}, {"type": "Feature", "geometry": {"type": "Polygon", "coordinates": [[[85.88098204058504, 24.56436900108378], [85.88126919678324, 24.565092984008356], [85.8812988567519, 24.566241262170742], [85.8807003465494, 24.566661880238307], [85.87905745234481, 24.566831609298706], [85.87852190825791, 24.566201991703796], [85.87840154473058, 24.565633436667692], [85.87856889835359, 24.56511044114628], [85.87892319607091, 24.5646322488596], [85.87938099293737, 24.564266962694607], [85.88021391537026, 24.564091180716776], [85.88098204058504, 24.56436900108378]]]}, "properties": {"polygon_id": "farmforest_62", "source": "farmforest", "raw_class": 6, "core_class": "greenery"}}, {"type": "Feature", "geometry": {"type": "Polygon", "coordinates": [[[85.6065854955119, 24.50293706484426], [85.61268363413976, 24.504666072990823], [85.61334253474286, 24.5094105361922], [85.61268135907895, 24.51261644487934], [85.60455571409706, 24.513320368045616], [85.5997364985949, 24.510259526691613], [85.60097998850237, 24.503687070257527], [85.6065854955119, 24.50293706484426]]]}, "properties": {"polygon_id": "farmforest_63", "source": "farmforest", "raw_class": 6, "core_class": "greenery"}}, {"type": "Feature", "geometry": {"type": "Polygon", "coordinates": [[[85.84706873324559, 24.629986756065847], [85.84725672822123, 24.62989777826618], [85.84725829028717, 24.629897007264635], [85.84725914942342, 24.62989657869174], [85.84726992767695, 24.62988918768463], [85.84728078403153, 24.62988179882469], [85.8472810183413, 24.629881443506115], [85.84728140885763, 24.629881182924986], [85.84728945349292, 24.629871365262787], [85.84729757623023, 24.62986154974801], [85.84729781053994, 24.62986119442938], [85.84729804484964, 24.629860839110744], [85.84730273104363, 24.6298493011349], [85.84730757344364, 24.629837857895883], [85.84730765154686, 24.629837407839762], [85.8473078077533, 24.629837050372803], [85.84730874499196, 24.629824776192272], [85.84730983843704, 24.629812596748767], [85.84729195279684, 24.629540601159686], [85.84729179659035, 24.629538064516566], [85.84729023452542, 24.629532142889396], [85.84728968780267, 24.62952606830772], [85.84728711039538, 24.629519847430018], [85.8472853921238, 24.62951337886029], [85.84728211178697, 24.62950804305748], [85.8472797686891, 24.62950237126998], [85.84727531680288, 24.629497003242825], [85.84727172405232, 24.629491206641735], [85.84726695975228, 24.62948691531265], [85.84726289838142, 24.62948210067216], [85.84725704063442, 24.62947814103063], [85.84725180771322, 24.62947347504745], [85.84724587186166, 24.62947059854871], [85.84724056083603, 24.6294669252674], [85.84723368774323, 24.629464565634436], [85.84722720516622, 24.62946140277397], [85.84722064448509, 24.629460137025138], [85.84721439621656, 24.629458065900565], [85.8472070545001, 24.629457502195745], [85.84719986898936, 24.62945612881852], [85.84719323020141, 24.629456579298406], [85.84718651330921, 24.629456123220024], [85.84717932779567, 24.629457553511546], [85.84717198607429, 24.62945798465546], [85.84716573779997, 24.629460164253867], [85.84715917711112, 24.62946143084903], [85.84624285950429, 24.62976569957119], [85.84639125843069, 24.6295264060171], [85.84785554278757, 24.629073689367726], [85.84798683276748, 24.629531404539158], [85.84790185749381, 24.629800480971145], [85.84708076119526, 24.63004035656464], [85.84706873324559, 24.629986756065847]]]}, "properties": {"polygon_id": "farmforest_64", "source": "farmforest", "raw_class": 6, "core_class": "greenery"}}, {"type": "Feature", "geometry": {"type": "Polygon", "coordinates": [[[85.74338009820701, 24.639781507155227], [85.74379697475003, 24.639228438601467], [85.74379846163252, 24.639226400641856], [85.74380112236948, 24.639221049873257], [85.74380472218986, 24.6392161777387], [85.74380699164172, 24.6392095499135], [85.74381012191999, 24.639203308085204], [85.74381106100343, 24.639197547042205], [85.74381301742721, 24.639191905119784], [85.74381317394109, 24.639185036845603], [85.74381426953839, 24.63917819505489], [85.74381340871194, 24.63917238325121], [85.74381356522585, 24.639166600138005], [85.74374219484007, 24.63864045410323], [85.74374203832595, 24.63863963581719], [85.7437418035548, 24.63863791102185], [85.74373804721598, 24.63862659173812], [85.74373452564814, 24.63861509821447], [85.74373397784868, 24.638614449753984], [85.74373374307747, 24.63861362926092], [85.74372662168386, 24.638603661960257], [85.74371973506055, 24.63859361084981], [85.74371903074676, 24.638593048405532], [85.74371856120422, 24.638592311721705], [85.74370870081, 24.638584527931588], [85.74369891867103, 24.638576655917493], [85.74231218433108, 24.63773388765045], [85.74230991481505, 24.637732467171723], [85.7423090539641, 24.637732171595847], [85.74230834963151, 24.637731609144414], [85.74229629771673, 24.637727018929898], [85.74228440231764, 24.637722161838848], [85.74228346320706, 24.63772204491576], [85.7422826023557, 24.637721658909395], [85.74226968958345, 24.637720299899552], [85.74225669854881, 24.637718667389812], [85.742255837697, 24.637718823965272], [85.74225489858594, 24.63771870704199], [85.73928878952188, 24.6377810465493], [85.738319876674, 24.637735875883394], [85.73800031937473, 24.63595767610293], [85.7452969048779, 24.634610020227534], [85.74676290907367, 24.636936893902906], [85.74601285275797, 24.63784375552804], [85.7460112094304, 24.637845698683037], [85.74600627944741, 24.637854512357976], [85.74600072343429, 24.63786285623421], [85.74544331931693, 24.639066779333017], [85.74544230200797, 24.639069101841518], [85.74544214549888, 24.63906973044133], [85.7454417542262, 24.639070352423], [85.74543893706277, 24.639082119370673], [85.74543596339008, 24.63909388190577], [85.74543596339008, 24.639094514917616], [85.74543580688099, 24.639095143517373], [85.74533931893673, 24.640291888444732], [85.74376715883466, 24.640458801448762], [85.74338009820701, 24.639781507155227]]]}, "properties": {"polygon_id": "farmforest_65", "source": "farmforest", "raw_class": 6, "core_class": "greenery"}}, {"type": "Feature", "geometry": {"type": "Polygon", "coordinates": [[[85.85189710836447, 24.485995718200552], [85.85189445308737, 24.485996278887345], [85.85189242258126, 24.485997128090087], [85.85189023588227, 24.48599743017045], [85.85187961477168, 24.486002025264632], [85.85186875936964, 24.486006252048945], [85.85186704124825, 24.486007471696592], [85.85186508883751, 24.486008413510195], [85.85185626394005, 24.48601550056259], [85.85184720475173, 24.486022219305248], [85.85184587711194, 24.48602390200924], [85.85184423708625, 24.48602530474274], [85.85183798936892, 24.486034362268736], [85.85183135116841, 24.48604313768723], [85.85183064830008, 24.48604510890717], [85.85182947685284, 24.486046795883738], [85.8518262748969, 24.486057112903424], [85.85182252626528, 24.486067234017785], [85.85182244816879, 24.486069312804013], [85.85182182339683, 24.486071195685298], [85.85170553758593, 24.486854059526276], [85.85088856196472, 24.48653105919029], [85.85056367375034, 24.485393676452965], [85.8516713312338, 24.483788462091905], [85.85226212958894, 24.48342670645013], [85.8529881815772, 24.483748842089952], [85.85369142014693, 24.484434785789436], [85.8541994172619, 24.485180892231384], [85.85280051953949, 24.485801841546564], [85.85189710836447, 24.485995718200552]]]}, "properties": {"polygon_id": "farmforest_66", "source": "farmforest", "raw_class": 6, "core_class": "greenery"}}, {"type": "Feature", "geometry": {"type": "Polygon", "coordinates": [[[77.58080134195718, 11.999771790557496], [77.58322537222895, 12.001465497918614], [77.58304812535678, 12.005270125623925], [77.57955253641343, 12.005943222593606], [77.57703844380264, 12.005158898465739], [77.57600043518445, 12.003199154624248], [77.5769054358166, 12.000932327190108], [77.58080134195718, 11.999771790557496]]]}, "properties": {"polygon_id": "farmforest_67", "source": "farmforest", "raw_class": 6, "core_class": "greenery"}}, {"type": "Feature", "geometry": {"type": "Polygon", "coordinates": [[[77.47155348567661, 12.04128051433323], [77.47067731979816, 12.04387387903301], [77.46821526657585, 12.045318065678503], [77.46654086861474, 12.044917546136288], [77.46542070907458, 12.042738037148814], [77.46551471991535, 12.04131496765201], [77.46695813553107, 12.040083291044589], [77.46847978577958, 12.039728090730712], [77.47091364891665, 12.039356967397362], [77.47155348567661, 12.04128051433323]]]}, "properties": {"polygon_id": "farmforest_68", "source": "farmforest", "raw_class": 6, "core_class": "greenery"}}, {"type": "Feature", "geometry": {"type": "Polygon", "coordinates": [[[77.5609959064365, 12.025449670912666], [77.5619746677366, 12.02506503479497], [77.56468491171111, 12.026651912136188], [77.56287462040494, 12.028834287600697], [77.55956242699868, 12.026591273648863], [77.55928534968825, 12.026161215849212], [77.55922946185323, 12.025582784370046], [77.56015453754203, 12.024815247798996], [77.56090214921399, 12.02543477093396], [77.56090407333686, 12.025436396169052], [77.56091238204893, 12.025441129420802], [77.5609201659997, 12.025446522974102], [77.56092348948413, 12.025447612705916], [77.56092646312801, 12.025449285115446], [77.56093573389961, 12.02545166800062], [77.56094474229018, 12.025454637494615], [77.56094824069406, 12.025454794741828], [77.56095156417769, 12.02545562801527], [77.56096118478757, 12.025455291070008], [77.56097071793658, 12.025455719567924], [77.56097404141953, 12.025454928605498], [77.56097753982253, 12.025454743907947], [77.56098663566982, 12.025451904278063], [77.5609959064365, 12.025449670912666]]]}, "properties": {"polygon_id": "farmforest_69", "source": "farmforest", "raw_class": 6, "core_class": "greenery"}}, {"type": "Feature", "geometry": {"type": "Polygon", "coordinates": [[[76.8502272677801, 31.92550337879441], [76.85022990738432, 31.925502205892883], [76.8502311391996, 31.925501311752598], [76.85023263497528, 31.925500786391304], [76.85024284144416, 31.92549341434564], [76.85025331187256, 31.925486411077138], [76.85025427972725, 31.925485318707935], [76.85025551154229, 31.92548442456711], [76.85026290243228, 31.925474966506144], [76.85027064526892, 31.925465715897776], [76.85027117318958, 31.925464406847897], [76.85027205305735, 31.92546321997697], [76.85218997395057, 31.922056069149445], [76.85535864005314, 31.92419969058242], [76.8544615604994, 31.928571548674743], [76.84912865961942, 31.930115816223402], [76.84663013884105, 31.928996017016416], [76.84787773375011, 31.926594608214977], [76.8502272677801, 31.92550337879441]]]}, "properties": {"polygon_id": "farmforest_70", "source": "farmforest", "raw_class": 6, "core_class": "greenery"}}, {"type": "Feature", "geometry": {"type": "Polygon", "coordinates": [[[76.873939551017, 31.960134876982966], [76.87185983633287, 31.961321361913832], [76.87185746110467, 31.96132273293396], [76.87184866396278, 31.961329910532882], [76.87183933899166, 31.961336606580097], [76.87183784347738, 31.961338581259575], [76.87183573216305, 31.961340235680318], [76.87182966213413, 31.961349233470326], [76.87182297630484, 31.96135782574738], [76.87061459468606, 31.96354686099643], [76.86777464019937, 31.9624457527649], [76.86708720691658, 31.9605638302142], [76.86829483128362, 31.95831374770641], [76.86944754862138, 31.95781172118758], [76.87104750562224, 31.957811702654215], [76.87332402386735, 31.95874581355131], [76.873939551017, 31.960134876982966]]]}, "properties": {"polygon_id": "farmforest_71", "source": "farmforest", "raw_class": 6, "core_class": "greenery"}}, {"type": "Feature", "geometry": {"type": "Polygon", "coordinates": [[[76.85469031816307, 31.943983262614566], [76.85224813229497, 31.946208942987713], [76.84963529111963, 31.94555991766765], [76.85048524483281, 31.94083161107972], [76.85471169818464, 31.941040423826635], [76.85469031816307, 31.943983262614566]]]}, "properties": {"polygon_id": "farmforest_72", "source": "farmforest", "raw_class": 6, "core_class": "greenery"}}, {"type": "Feature", "geometry": {"type": "Polygon", "coordinates": [[[77.25669707258561, 31.707817939460494], [77.25626352813208, 31.707894272620194], [77.25604596608396, 31.70763722467178], [77.25623274851972, 31.707306364967806], [77.25623397619671, 31.707304094162257], [77.25623713308038, 31.707294748049808], [77.25624099149361, 31.707285643946687], [77.25631430132121, 31.706984107739014], [77.25653975506206, 31.706578207153036], [77.25699750111797, 31.706671196120663], [77.25721497371576, 31.706859465709076], [77.25701679305821, 31.707115275077165], [77.25701521462686, 31.70711742489788], [77.25701118085776, 31.707125142778153], [77.25700635787275, 31.707132609784598], [77.25669707258561, 31.707817939460494]]]}, "properties": {"polygon_id": "farmforest_73", "source": "farmforest", "raw_class": 6, "core_class": "greenery"}}, {"type": "Feature", "geometry": {"type": "Polygon", "coordinates": [[[77.24300948594858, 31.69278078876542], [77.24362076078081, 31.69279415067577], [77.24303500695551, 31.693499270293252], [77.24303334063563, 31.69350132572448], [77.24271042493997, 31.693915425205166], [77.24237610716028, 31.69396661543377], [77.24194356239262, 31.69355372513412], [77.24187515492386, 31.693283590643677], [77.24222140154984, 31.692906582897702], [77.24300948594858, 31.69278078876542]]]}, "properties": {"polygon_id": "farmforest_74", "source": "farmforest", "raw_class": 6, "core_class": "greenery"}}, {"type": "Feature", "geometry": {"type": "Polygon", "coordinates": [[[77.26086310427948, 31.423898179326763], [77.26024174715413, 31.422017100575886], [77.26153926267004, 31.420863883740108], [77.26557368417141, 31.420375378529236], [77.26669551108589, 31.421394435396437], [77.26735567763164, 31.42241045924774], [77.26698030645925, 31.42370720674052], [77.26559087028278, 31.424883374450346], [77.26351799667941, 31.425773502291992], [77.26086310427948, 31.423898179326763]]]}, "properties": {"polygon_id": "farmforest_75", "source": "farmforest", "raw_class": 6, "core_class": "greenery"}}, {"type": "Feature", "geometry": {"type": "Polygon", "coordinates": [[[77.58285505099333, 30.95309426279897], [77.58285610031142, 30.953096604721736], [77.5828561877546, 30.9530967855229], [77.58285627519777, 30.95309705247848], [77.58286344553773, 30.953107828915027], [77.58287061587725, 30.953118691504955], [77.58287079076356, 30.95311888079839], [77.58287096564989, 30.95311915624623], [77.58288137138567, 30.953127748417895], [77.58289168967733, 30.95313650440495], [77.58289195200676, 30.953136616036222], [77.5828922143362, 30.953136813821896], [77.58290506847783, 30.953142628371058], [77.58291783517487, 30.95314852058096], [77.58291809750425, 30.95314854605777], [77.58291835983363, 30.953148657688985], [77.58293261306211, 30.95315116193539], [77.58294677884571, 30.953153743842215], [77.582947041175, 30.953153769318973], [77.58294739094742, 30.953153803287965], [77.58296181905844, 30.953152792184625], [77.58297633461068, 30.953151875725943], [77.58297659693993, 30.953151815048198], [77.58297685926917, 30.95315175437046], [77.58348525219232, 30.953053716612086], [77.58348813780096, 30.95305313529591], [77.58349154806558, 30.95305191569372], [77.58349522065816, 30.95305132464898], [77.58350518912312, 30.953047123438125], [77.58351550735784, 30.95304347312079], [77.5835183929657, 30.953041513329882], [77.58352171578677, 30.953040026770804], [77.58352993539637, 30.953033588010243], [77.58353859221859, 30.953027622480402], [77.5835407782847, 30.953025077826503], [77.58354348900663, 30.953022842586954], [77.58354926022083, 30.95301470142514], [77.58355564353315, 30.953006878168424], [77.58355686773, 30.953003895485725], [77.58355879146787, 30.953001153046184], [77.58356167707461, 30.9529919562621], [77.58356534966491, 30.95298292205742], [77.58356552455015, 30.9529796651637], [77.58356648641902, 30.952976570850172], [77.58356622409116, 30.952967068361243], [77.58356674874689, 30.952957556142533], [77.58356587432066, 30.95295445581135], [77.58356578687803, 30.952951259596336], [77.58350457702441, 30.952634641217532], [77.58415523607202, 30.95244935508441], [77.58415803422137, 30.952448506785398], [77.58416616634254, 30.952444816397012], [77.58417482311604, 30.952441780041053], [77.58496057557437, 30.952051030295376], [77.58594262730499, 30.952150087598014], [77.58594551285088, 30.952150367759742], [77.58594918536373, 30.952150207394453], [77.58595277043568, 30.95215072778551], [77.58666025155492, 30.952162725516033], [77.5869572856275, 30.95304605490573], [77.58256578860356, 30.954085716588427], [77.58134612151356, 30.953404584335654], [77.58218986881167, 30.95274922721544], [77.58264641138754, 30.95259351596865], [77.58285505099333, 30.95309426279897]]]}, "properties": {"polygon_id": "farmforest_76", "source": "farmforest", "raw_class": 6, "core_class": "greenery"}}, {"type": "Feature", "geometry": {"type": "Polygon", "coordinates": [[[77.09888641112205, 31.00019211497729], [77.09961161061909, 31.00118696624212], [77.09841725502548, 31.001712042041163], [77.09736320570214, 31.001529670115325], [77.0974752493723, 31.000797014231985], [77.0974756006062, 31.000794469442347], [77.09747533718077, 31.000788938137788], [77.09747612745707, 31.00078342738657], [77.0974748103299, 31.000776327341132], [77.09747445909599, 31.000769152958174], [77.09747243950098, 31.00076387409788], [77.09747138579921, 31.000758348879444], [77.09746778565145, 31.000751878048064], [77.09746506358843, 31.00074506596768], [77.09746137563198, 31.00074047848413], [77.09745865356882, 31.000735472621646], [77.09686401300054, 30.999968756733747], [77.09739314841734, 30.999588688807453], [77.09830775866325, 31.000166542307372], [77.09831012947568, 31.000168072220823], [77.09831118317008, 31.000168522819674], [77.0983121490566, 31.000169222571948], [77.09832444215712, 31.000174164184145], [77.0983365596407, 31.00017943207995], [77.09833778895057, 31.000179642404696], [77.09833884264471, 31.000180093003298], [77.0983522772444, 31.00018196763986], [77.09836571184255, 31.000184014296874], [77.09836694115211, 31.0001839665883], [77.09836808265383, 31.00018408202218], [77.09888641112205, 31.00019211497729]]]}, "properties": {"polygon_id": "farmforest_77", "source": "farmforest", "raw_class": 6, "core_class": "greenery"}}, {"type": "Feature", "geometry": {"type": "Polygon", "coordinates": [[[77.08926663216405, 31.005822285328385], [77.08926917878402, 31.00582348912346], [77.08927664301464, 31.005825706654154], [77.08928366817243, 31.00582882580066], [77.0892905177009, 31.00582994905804], [77.0892971037856, 31.005831991706557], [77.08930500708675, 31.00583236156482], [77.08931273475848, 31.0058336597017], [77.08998240587735, 31.00586264613485], [77.09041875264724, 31.006423178889964], [77.0903502579885, 31.00712724654445], [77.08911699619281, 31.0070408749915], [77.08911409831124, 31.00704075369779], [77.08910935632308, 31.00704104778563], [77.08910452652012, 31.007040644952966], [77.08804521431794, 31.00707490108015], [77.0875248192763, 31.00661740494326], [77.0875227995139, 31.006615652422084], [77.08751586206888, 31.0066113380148], [77.08750953933384, 31.006606311795156], [77.08750391912461, 31.006603936807522], [77.08749882580979, 31.006600755114622], [77.08749074675823, 31.006598217234608], [77.08748310678507, 31.00659494976397], [77.08696227022766, 31.006445042624794], [77.08693469594806, 31.005988837598718], [77.08693452031568, 31.005986411699983], [77.08693250054337, 31.005978724869607], [77.08693144674909, 31.005970877810146], [77.08679322398729, 31.00551602703151], [77.0867930483547, 31.005515493225033], [77.08665754774178, 31.005081041634245], [77.08711990014399, 31.004704183156484], [77.08767919927578, 31.004621295880312], [77.08839840723844, 31.004650400956418], [77.08862883388488, 31.004849002378922], [77.08862883388488, 31.005462907886148], [77.08862892169984, 31.005465410920323], [77.08863050236891, 31.00547348336856], [77.08863120488847, 31.005481638945803], [77.08863304900235, 31.005485953836228], [77.0886339271518, 31.00549042897296], [77.08863805445415, 31.005497813118122], [77.08864139142189, 31.00550546129042], [77.08864455275969, 31.00550913545576], [77.08864683594803, 31.005513236770508], [77.08865324643814, 31.00551930391346], [77.08865895440852, 31.00552590198662], [77.08866316952493, 31.005528650747646], [77.08866668212183, 31.005532016444214], [77.0886748489092, 31.00553636923642], [77.08868248880657, 31.00554135673986], [77.08926663216405, 31.005822285328385]]]}, "properties": {"polygon_id": "farmforest_78", "source": "farmforest", "raw_class": 6, "core_class": "greenery"}}, {"type": "Feature", "geometry": {"type": "Polygon", "coordinates": [[[74.9948879425429, 32.57210748475076], [74.9955181135684, 32.57218571863639], [74.99552105578728, 32.57218607641765], [74.99553237887154, 32.572185851480555], [74.99554370195503, 32.57218630100628], [74.99554735743851, 32.57218556520939], [74.99555119123816, 32.57218552556009], [74.99556197937159, 32.57218262202028], [74.99557294582051, 32.57218041462685], [74.99629565990949, 32.571939578043164], [74.99689042995658, 32.57268686962962], [74.99507856329666, 32.57399545614427], [74.99330037853842, 32.57360569617725], [74.99401204709235, 32.572226741847565], [74.9948879425429, 32.57210748475076]]]}, "properties": {"polygon_id": "farmforest_79", "source": "farmforest", "raw_class": 6, "core_class": "greenery"}}, {"type": "Feature", "geometry": {"type": "Polygon", "coordinates": [[[74.99987129059774, 32.57475061230643], [75.00122056795716, 32.574714997394494], [75.0021507193492, 32.574719052385625], [75.0024541117651, 32.5756129989924], [75.00245500330824, 32.575615383650955], [75.00246070918419, 32.57562543528771], [75.00246605844272, 32.57563569649779], [75.00246721744871, 32.575636849060146], [75.00246801983748, 32.575638211196726], [75.00247693526785, 32.57564654527731], [75.00248540492626, 32.575655162401524], [75.00298145866928, 32.57603101796939], [75.00270713150945, 32.57632183337335], [75.00164574757348, 32.576296430391565], [75.00164405363302, 32.576296393091134], [75.00164280546633, 32.57629632567202], [75.0016284515489, 32.57629812169369], [75.0016140976302, 32.57629966479426], [75.00161356270152, 32.57629985268785], [75.00161293861807, 32.57629994543757], [75.0015997437102, 32.57630491736996], [75.00158645964646, 32.576309878462446], [75.00158601387248, 32.57631016149972], [75.00158547894372, 32.5763103493931], [75.00157451290363, 32.576318290061536], [75.00156336855319, 32.57632612474619], [75.00156301193397, 32.57632650292714], [75.00156256615993, 32.57632687027049], [75.00155463138191, 32.576337034150725], [75.00154651829386, 32.57634717635363], [75.00121031513227, 32.5769337120197], [74.9985269947103, 32.575794445374804], [74.99901334260616, 32.57475067993853], [74.99986799183525, 32.57475063280918], [74.99987093397476, 32.57475065325864], [74.99987111228626, 32.574750590629], [74.99987129059774, 32.57475061230643]]]}, "properties": {"polygon_id": "farmforest_80", "source": "farmforest", "raw_class": 6, "core_class": "greenery"}}, {"type": "Feature", "geometry": {"type": "Polygon", "coordinates": [[[75.40930055422697, 32.693406408773924], [75.40930357758253, 32.69340668220353], [75.40930437788252, 32.69340669258374], [75.4093051781825, 32.69340687159905], [75.40931940573708, 32.69340636285728], [75.40933372221254, 32.693406117588154], [75.40933452251237, 32.69340587501543], [75.40933532281218, 32.693405885395414], [75.40934883898638, 32.69340200408879], [75.40936244408155, 32.69339838625461], [75.40936315545905, 32.69339804884211], [75.40936395575872, 32.693397806269125], [75.40937569348678, 32.69339093203931], [75.40938752013612, 32.693384236964334], [75.40938805366915, 32.69338370987258], [75.40938876504651, 32.693383288142215], [75.41021271564105, 32.692740131457], [75.41141795538327, 32.693154317670135], [75.41228386539126, 32.69419749645367], [75.41138950066752, 32.694918753520554], [75.41005665800009, 32.69496197992098], [75.41005363465958, 32.69496212808489], [75.41005203406752, 32.694962444594644], [75.41005025563187, 32.69496240279519], [75.40765361677033, 32.69516066351433], [75.40608011272653, 32.69454215051348], [75.40618966719714, 32.693460185955125], [75.40627263331409, 32.69286005632747], [75.40754103996872, 32.693189343136076], [75.40754388551292, 32.69319001715356], [75.40755055475692, 32.693190806407266], [75.40755704615415, 32.69319241778664], [75.40930055422697, 32.693406408773924]]]}, "properties": {"polygon_id": "farmforest_81", "source": "farmforest", "raw_class": 6, "core_class": "greenery"}}, {"type": "Feature", "geometry": {"type": "Polygon", "coordinates": [[[75.61498570777071, 33.17498139983354], [75.61675112056726, 33.17342376881464], [75.6167531629318, 33.173421993356044], [75.61675396211793, 33.173420995580834], [75.61675502769941, 33.17342019703851], [75.61676239797117, 33.17341048216849], [75.6167700346379, 33.17340088255713], [75.61677047863014, 33.173399759091524], [75.61677118901771, 33.173398750886456], [75.61748468280648, 33.17206995441038], [75.61748592597868, 33.17206766517539], [75.61748921150519, 33.17205696651293], [75.61749294102167, 33.172046403965616], [75.61781305749955, 33.17026124863178], [75.6193361985355, 33.16900571486279], [75.62101755808409, 33.16881271976767], [75.62312360353242, 33.1696300017492], [75.62361188422258, 33.17056227413278], [75.62226007350613, 33.17137593768736], [75.62225767603779, 33.17137741970841], [75.62225172676433, 33.1713824315917], [75.62224506712957, 33.17138685622537], [75.62224116014373, 33.17139143606881], [75.62223636520638, 33.17139549178919], [75.62223236942513, 33.17140174071484], [75.62222748569238, 33.171407465517184], [75.62222517701865, 33.17141282082853], [75.62222198039345, 33.171417819967566], [75.6222202044905, 33.171424749382105], [75.62221736304578, 33.17143146972568], [75.62221700786517, 33.17143713835144], [75.62221558714278, 33.171442681881814], [75.62221620870883, 33.17144972480749], [75.62221576473308, 33.17145681058829], [75.62236689400008, 33.17290615472563], [75.62234922378244, 33.174940264421394], [75.62029502426283, 33.17822357148295], [75.61777141131769, 33.177497782648615], [75.61795184842107, 33.176637042851674], [75.61795229240974, 33.17663457589964], [75.61795229240974, 33.1766339041405], [75.61795247000519, 33.17663325323923], [75.61795238120746, 33.176621235114716], [75.61795238120746, 33.176609227417686], [75.61795220361199, 33.17660853480048], [75.61795220361199, 33.17660786304116], [75.61794803011853, 33.17659637282145], [75.6179440342204, 33.17658473551855], [75.61794367902945, 33.176584189983174], [75.61794341263625, 33.17658357090681], [75.61793559843514, 33.17657350043643], [75.61792787303135, 33.17656327245398], [75.61792734024486, 33.176562874000474], [75.61792689625612, 33.17656231803601], [75.61791597413276, 33.176554401648225], [75.61790522960412, 33.17654642214715], [75.61790451922202, 33.176546170775474], [75.6179038976377, 33.17654567792291], [75.61498570777071, 33.17498139983354]]]}, "properties": {"polygon_id": "farmforest_82", "source": "farmforest", "raw_class": 6, "core_class": "greenery"}}, {"type": "Feature", "geometry": {"type": "Polygon", "coordinates": [[[75.58200346027148, 33.137740418496286], [75.58172412285191, 33.13746110736221], [75.5818263541915, 33.13682881905], [75.58240296959437, 33.13679789738636], [75.58240590062809, 33.13679765433979], [75.58240803228894, 33.13679723323062], [75.58241016394975, 33.13679723209447], [75.58242277627564, 33.136794348555675], [75.58243538860042, 33.13679180099354], [75.5824372538033, 33.13679084456002], [75.58243938546369, 33.136790423450094], [75.58272920217128, 33.13668341666924], [75.58273195556049, 33.13668231276058], [75.5827379064338, 33.1366789812743], [75.58274447903985, 33.13667647890247], [75.58294938432738, 33.13656477102699], [75.58310455082069, 33.13660041665016], [75.58316468112365, 33.13704376110346], [75.58296421707878, 33.13746861808316], [75.58241273970653, 33.137766492368165], [75.58200346027148, 33.137740418496286]]]}, "properties": {"polygon_id": "farmforest_83", "source": "farmforest", "raw_class": 6, "core_class": "greenery"}}, {"type": "Feature", "geometry": {"type": "Polygon", "coordinates": [[[75.1248996940085, 32.98083703843957], [75.12432856299229, 32.980319159956075], [75.12448027682957, 32.980256577306214], [75.12448294941495, 32.98025547331992], [75.12449230346343, 32.98024980317922], [75.12450210294216, 32.980244691116454], [75.12450450826867, 32.98024237859066], [75.12450744811214, 32.98024055094076], [75.12451457500515, 32.980232930486636], [75.12452223641478, 32.98022571089838], [75.12452383996559, 32.98022296508803], [75.12452606711945, 32.98022054694142], [75.1245303432548, 32.980211572606834], [75.12453533207922, 32.98020285273144], [75.12463795928949, 32.97992899803099], [75.12538387537045, 32.98065583502766], [75.12599651634069, 32.981341887154564], [75.12610208241605, 32.982326660913344], [75.12504107333778, 32.98219721920538], [75.12495029481637, 32.98129362761542], [75.12492811242196, 32.98089391458562], [75.1249279342501, 32.980891456734064], [75.12492668704711, 32.98088676901266], [75.12492650887525, 32.98088195892778], [75.12492347995365, 32.98087445084482], [75.12492143097725, 32.98086664157623], [75.12491866931335, 32.98086244223307], [75.12491688759468, 32.98085794170462], [75.12491154243855, 32.98085132880308], [75.12490699905571, 32.980844393105656], [75.12490290110244, 32.98084095577617], [75.1248996940085, 32.98083703843957]]]}, "properties": {"polygon_id": "farmforest_84", "source": "farmforest", "raw_class": 6, "core_class": "greenery"}}, {"type": "Feature", "geometry": {"type": "Polygon", "coordinates": [[[75.14599998248048, 32.97886777398444], [75.14691236515912, 32.97881653483341], [75.14730036892215, 32.97976357778352], [75.14730134872842, 32.97976596484058], [75.14730402092731, 32.979770069110465], [75.1473058023932, 32.979774485591236], [75.14767144784362, 32.98038981228411], [75.1476723385745, 32.98039126438036], [75.14767278393992, 32.98039207444312], [75.14768151310223, 32.98040195302787], [75.14768997504481, 32.98041196728208], [75.1476904204102, 32.98041218924235], [75.14769068762944, 32.98041255765944], [75.14770226712903, 32.98042000891795], [75.14771384662778, 32.980427628204374], [75.14771429199308, 32.98042776614994], [75.14771464828534, 32.98042806133852], [75.14772827646347, 32.980432484106736], [75.14774190464041, 32.980437074902525], [75.14774243907871, 32.98043713961953], [75.14774288444394, 32.98043727756498], [75.14775740335003, 32.98043836359233], [75.1477720113278, 32.980439628433096], [75.14777254576599, 32.98043952512072], [75.14777299113115, 32.98043957905144], [75.14778742096142, 32.98043720968921], [75.14780176171736, 32.980434913553204], [75.14845172616121, 32.98025098755235], [75.14948371846403, 32.98207185891245], [75.1497462136147, 32.983311836444116], [75.14773130494736, 32.98314497414129], [75.14733582009067, 32.98263291179002], [75.14733412769839, 32.982630774547744], [75.14732851608173, 32.98262572631501], [75.14732370612442, 32.98262001904962], [75.14731836172727, 32.982616431392515], [75.14731364084295, 32.982612163129126], [75.14730651497956, 32.98260852775902], [75.14730010170224, 32.98260422256938], [75.14672041161263, 32.982318863408146], [75.14671782847746, 32.98231762643494], [75.14670758500999, 32.98231436958454], [75.14669778691007, 32.9823104945677], [75.14669351137536, 32.98230989276215], [75.14668950306147, 32.98230865121627], [75.14667863607663, 32.98230792324805], [75.14666794723834, 32.98230646073846], [75.14666358262916, 32.98230694031052], [75.14665930709353, 32.982306674554785], [75.1466487073276, 32.98230849932889], [75.14663784033995, 32.982309619637405], [75.14601352173291, 32.98245227368786], [75.14601067136408, 32.982452936623666], [75.14600078414678, 32.98245686392337], [75.14599045155865, 32.982460065182146], [75.14598706674515, 32.982462175613925], [75.14598323656138, 32.98246364401839], [75.1459749526752, 32.98246978179708], [75.14596622341833, 32.98247527754731], [75.14596364027079, 32.9824780731567], [75.14596043360483, 32.98248037318774], [75.14595455471706, 32.98248814643766], [75.14594796323658, 32.98249549733263], [75.14594644897751, 32.98249884245887], [75.14594413305186, 32.9825017544432], [75.14594101545956, 32.982510618229846], [75.14593709620058, 32.9825192168985], [75.14576954778845, 32.983139264907145], [75.14510567665052, 32.98230081718111], [75.14609636055476, 32.981809443179635], [75.14609885462615, 32.98180814898907], [75.14610232851122, 32.981805713267995], [75.14610633684005, 32.98180384635152], [75.1461138190536, 32.98179752739966], [75.1461220138585, 32.981791714813795], [75.14612450792949, 32.981788572334644], [75.1461277145921, 32.981785852209434], [75.1461327918078, 32.9817779817893], [75.14613867068891, 32.98177054450991], [75.14614000679822, 32.98176692573668], [75.14614223364705, 32.98176358286663], [75.1461445495698, 32.98175487394571], [75.14614766715808, 32.98174634612635], [75.14614775623201, 32.981742492310936], [75.14614873604546, 32.981738746372436], [75.14626916397842, 32.98040104682216], [75.14626934212617, 32.98039863198341], [75.14626836231349, 32.98038985985306], [75.1462682732396, 32.98038102756725], [75.14599998248048, 32.97886777398444]]]}, "properties": {"polygon_id": "farmforest_85", "source": "farmforest", "raw_class": 6, "core_class": "greenery"}}, {"type": "Feature", "geometry": {"type": "Polygon", "coordinates": [[[75.0781956529748, 33.0051581811213], [75.07785773925926, 33.00393398475395], [75.0830281327284, 33.00211219890758], [75.08439399677475, 33.003107530093075], [75.08414930409106, 33.0042211281046], [75.08137772773314, 33.00495531613429], [75.0781956529748, 33.0051581811213]]]}, "properties": {"polygon_id": "farmforest_86", "source": "farmforest", "raw_class": 6, "core_class": "greenery"}}, {"type": "Feature", "geometry": {"type": "Polygon", "coordinates": [[[75.11803814576585, 33.01168886925196], [75.11808037432951, 33.012055365394176], [75.11759447789701, 33.012231686833104], [75.11684727781342, 33.01193765003021], [75.11579128484321, 33.010720200625535], [75.11702412231546, 33.010010084665495], [75.1174804425812, 33.01052629524395], [75.11738832336763, 33.01109198011467], [75.11738787791676, 33.01109444547025], [75.11738796700692, 33.011096387855744], [75.11738752155605, 33.0110982653424], [75.11738850154798, 33.01110896596172], [75.11738894699884, 33.01111976964363], [75.11738965972023, 33.011121619781456], [75.11738983790059, 33.01112357298291], [75.11739438149938, 33.0111336984837], [75.11739839055703, 33.011143927047215], [75.11739963781937, 33.01114550615854], [75.11740043963088, 33.01114728313119], [75.11740819047527, 33.01115595043568], [75.11741540677833, 33.01116488876537], [75.11741718858151, 33.01116611286901], [75.11741861402405, 33.01116762963164], [75.11803814576585, 33.01168886925196]]]}, "properties": {"polygon_id": "farmforest_87", "source": "farmforest", "raw_class": 6, "core_class": "greenery"}}, {"type": "Feature", "geometry": {"type": "Polygon", "coordinates": [[[74.26286492416718, 34.52313130318678], [74.26286456600629, 34.52312853605146], [74.26245706801325, 34.52065341880866], [74.26810008662193, 34.518899410629245], [74.27004555031714, 34.521605057076314], [74.26838490566595, 34.52492635540609], [74.26303845302947, 34.52449418379423], [74.26286492416718, 34.52313130318678]]]}, "properties": {"polygon_id": "farmforest_88", "source": "farmforest", "raw_class": 6, "core_class": "greenery"}}, {"type": "Feature", "geometry": {"type": "Polygon", "coordinates": [[[76.0914777979315, 11.495451439250084], [76.09305541564748, 11.495850096903471], [76.09469983223323, 11.497111696397567], [76.09505515672576, 11.498693534212947], [76.09411387667927, 11.49944079866314], [76.0911541477567, 11.499009277182905], [76.09053897136305, 11.496805012055242], [76.0914777979315, 11.495451439250084]]]}, "properties": {"polygon_id": "farmforest_89", "source": "farmforest", "raw_class": 6, "core_class": "greenery"}}, {"type": "Feature", "geometry": {"type": "Polygon", "coordinates": [[[76.05993181391669, 11.53922668510058], [76.06258168788405, 11.534933568286839], [76.06615156767276, 11.535856865095445], [76.06404863474889, 11.540432640866971], [76.05993181391669, 11.53922668510058]]]}, "properties": {"polygon_id": "farmforest_90", "source": "farmforest", "raw_class": 6, "core_class": "greenery"}}, {"type": "Feature", "geometry": {"type": "Polygon", "coordinates": [[[87.22583003830663, 23.444346753048105], [87.2258325451637, 23.444347614264064], [87.22583717905064, 23.444348603865198], [87.22584150907574, 23.444350223440296], [87.22585062491676, 23.444351292313893], [87.22585958882537, 23.444353084612356], [87.22586429867496, 23.44435280485917], [87.2258690085241, 23.444353341982538], [87.22587804839449, 23.444351958880755], [87.22588716422844, 23.4443513939987], [87.22589164617949, 23.444349930280836], [87.22589628006062, 23.44434919536263], [87.22687751311902, 23.444067116206284], [87.22750610837076, 23.444663203780117], [87.22769882525965, 23.445609648880076], [87.227590958592, 23.446671495230156], [87.22661741276404, 23.44684370652945], [87.22601683677534, 23.446501161999443], [87.2260162290548, 23.446500878959217], [87.22601448185823, 23.4464998496546], [87.22600263130576, 23.446495464916755], [87.22599085671544, 23.446490718466524], [87.22552716341276, 23.446374779667405], [87.22552450460773, 23.44637418804972], [87.22551964279243, 23.446373738987486], [87.22551500887427, 23.446372567846606], [87.22550596893423, 23.446372498690074], [87.22549692899246, 23.44637170342289], [87.22549214314022, 23.446372526396313], [87.22548728132159, 23.446372531151837], [87.22511717390562, 23.44642162147766], [87.22511451507746, 23.44642202825378], [87.22510312009793, 23.44642545719161], [87.22509157318254, 23.446428429621665], [87.22508997788479, 23.446429309033167], [87.2250881546873, 23.446429912121197], [87.22507827903303, 23.446436090850586], [87.2250680995103, 23.44644190114788], [87.22506680807815, 23.446443148990394], [87.22506528874617, 23.446444120509405], [87.22505761611892, 23.446452607309137], [87.2250496396239, 23.446460816440673], [87.22504880399102, 23.446462344638785], [87.22504758852497, 23.44646368458889], [87.22504287859375, 23.446473766790945], [87.22503763689554, 23.446483658056373], [87.22491677380856, 23.446836042483575], [87.22306626123337, 23.44594756823927], [87.22325975597364, 23.44467176918202], [87.2241534528221, 23.444201728937994], [87.22503186343017, 23.444049086625494], [87.22583003830663, 23.444346753048105]]]}, "properties": {"polygon_id": "farmforest_91", "source": "farmforest", "raw_class": 6, "core_class": "greenery"}}, {"type": "Feature", "geometry": {"type": "Polygon", "coordinates": [[[87.23245595546025, 23.426991773016415], [87.23557986805483, 23.42600663954203], [87.23748016583349, 23.429364084142435], [87.23434255609793, 23.430543334892036], [87.23245595546025, 23.426991773016415]]]}, "properties": {"polygon_id": "farmforest_92", "source": "farmforest", "raw_class": 6, "core_class": "greenery"}}, {"type": "Feature", "geometry": {"type": "Polygon", "coordinates": [[[87.11638262577084, 23.439545624604925], [87.11694797124643, 23.439307791488776], [87.11740587711647, 23.439964223884207], [87.11740739990881, 23.439966339317092], [87.11741105461023, 23.439970036824718], [87.11741402405492, 23.439974357049753], [87.12057561597204, 23.44335500575147], [87.11858122986617, 23.443565150083614], [87.11801559926718, 23.44263646593228], [87.11801422877163, 23.442634262551184], [87.11801019342334, 23.442629741247192], [87.1180069194613, 23.442624598625425], [87.11800151361646, 23.44261987062209], [87.11799679301907, 23.44261451990191], [87.11799153945047, 23.44261115607045], [87.11798689499078, 23.442607077364883], [87.11798027092452, 23.442603960625167], [87.1179741036896, 23.44260003545492], [87.11796801259258, 23.442598108365615], [87.11796230218843, 23.442595371446814], [87.11795499287012, 23.44259405728013], [87.11794791196692, 23.442591930485758], [87.11794144017277, 23.44259163004913], [87.11793512065526, 23.442590515585845], [87.11792773519397, 23.442591105942633], [87.11792027359274, 23.442590787317187], [87.11791403021124, 23.44259221548385], [87.11790755841245, 23.44259273187023], [87.11607608007866, 23.442986084162843], [87.1158659283872, 23.441992320479542], [87.11594100442423, 23.440920392948595], [87.1159410805662, 23.44091785311316], [87.11593993843671, 23.44090784868783], [87.1159394815849, 23.440897856862495], [87.11572963385863, 23.439882222796154], [87.11638262577084, 23.439545624604925]]]}, "properties": {"polygon_id": "farmforest_93", "source": "farmforest", "raw_class": 6, "core_class": "greenery"}}, {"type": "Feature", "geometry": {"type": "Polygon", "coordinates": [[[87.10821067198493, 23.450563151324626], [87.10892476594327, 23.449704510649322], [87.10892636516053, 23.44970245272954], [87.10893123896518, 23.449694011456003], [87.10893672199484, 23.44968585368457], [87.10893763583304, 23.44968278480432], [87.10893923504987, 23.449680000830487], [87.10894129118572, 23.449670600039806], [87.10894403270005, 23.449661393398618], [87.10923668844484, 23.447582647404428], [87.11178027304811, 23.446209344467352], [87.11337220966549, 23.446790550583515], [87.11337472248609, 23.446791413653255], [87.11338279396952, 23.446793014342035], [87.11339063701342, 23.446795427642197], [87.11339627182086, 23.446795622117957], [87.1134018304816, 23.44679672276595], [87.11341005425247, 23.446796148078764], [87.11341827802192, 23.446796480965162], [87.11427224781703, 23.4467176280222], [87.11504640405462, 23.448010643368246], [87.11419503709061, 23.448908631341713], [87.11419328576103, 23.44891059576927], [87.1141869657451, 23.4489200997192], [87.11418034114918, 23.448929325792072], [87.11353249689492, 23.450190087692032], [87.10958379120595, 23.45160757385643], [87.1079241023103, 23.45168950834906], [87.10821067198493, 23.450563151324626]]]}, "properties": {"polygon_id": "farmforest_94", "source": "farmforest", "raw_class": 6, "core_class": "greenery"}}, {"type": "Feature", "geometry": {"type": "Polygon", "coordinates": [[[88.48632332873333, 27.117481219061858], [88.48821409434241, 27.11254541884465], [88.49225718233018, 27.113554147312563], [88.49159804537837, 27.118594417623875], [88.48632332873333, 27.117481219061858]]]}, "properties": {"polygon_id": "farmforest_95", "source": "farmforest", "raw_class": 6, "core_class": "greenery"}}, {"type": "Feature", "geometry": {"type": "Polygon", "coordinates": [[[81.64392060178379, 27.107688162053357], [81.64443244102577, 27.108317004030337], [81.64316107033241, 27.109227924781717], [81.64262840728786, 27.108534753625968], [81.64333971055319, 27.10809525202041], [81.64334196758647, 27.108093782590522], [81.64334806993533, 27.1080884433939], [81.64335484103418, 27.10808376778506], [81.64335818478646, 27.108079600815202], [81.64336228088283, 27.10807601330806], [81.64336654416653, 27.10806940615482], [81.64337155979412, 27.108063200251824], [81.64337348245127, 27.10805832486624], [81.64337624104624, 27.108053855711887], [81.64337824729704, 27.10804649033561], [81.64338108948562, 27.10803926387203], [81.64338142386073, 27.108034115640216], [81.64338276136118, 27.108029116282683], [81.6433822597985, 27.108021512378485], [81.64338276136118, 27.108013879136152], [81.6433815074545, 27.108008903589], [81.64338117307938, 27.108003804617052], [81.64337833089084, 27.107996595889496], [81.6433764082338, 27.107989174630884], [81.64337364963886, 27.107984644067578], [81.64337172698171, 27.107979806886533], [81.64336671135412, 27.10797362703995], [81.64336261525803, 27.10796696734392], [81.64301536580116, 27.107559378039117], [81.64335099571885, 27.107347788404336], [81.6437145443255, 27.10771509225718], [81.64371479510574, 27.107715374517372], [81.64371638338041, 27.107716983952635], [81.64372658177487, 27.10772427453698], [81.64373652938781, 27.10773181749814], [81.64373761610175, 27.107732238668735], [81.64373853562891, 27.107732917197385], [81.64375065666776, 27.107737381821412], [81.64376252692456, 27.10774218792834], [81.64376378082481, 27.107742262634318], [81.64376486753835, 27.107742683804684], [81.6437779080996, 27.1077439953838], [81.6437907814719, 27.107745653426033], [81.64379203537167, 27.107745460812822], [81.64379320567814, 27.107745619644433], [81.64380607904779, 27.10774362432662], [81.64381903600851, 27.107741901306635], [81.64382012272125, 27.107741431413473], [81.64382137662052, 27.10774132790624], [81.64383307967952, 27.107736233245706], [81.64384494992319, 27.107731326757037], [81.64392060178379, 27.107688162053357]]]}, "properties": {"polygon_id": "farmforest_96", "source": "farmforest", "raw_class": 6, "core_class": "greenery"}}, {"type": "Feature", "geometry": {"type": "Polygon", "coordinates": [[[79.30424538429037, 25.56431468744247], [79.30430875498205, 25.565027923316514], [79.30341046926013, 25.56574888938294], [79.30228835233284, 25.565554999060787], [79.30179711023303, 25.564857419505866], [79.301821530521, 25.564014193024104], [79.30262146339396, 25.5636282405314], [79.30342500080083, 25.5638458193281], [79.30424538429037, 25.56431468744247]]]}, "properties": {"polygon_id": "farmforest_97", "source": "farmforest", "raw_class": 6, "core_class": "greenery"}}, {"type": "Feature", "geometry": {"type": "Polygon", "coordinates": [[[79.3769375995764, 25.555065430389025], [79.3784613337258, 25.55530107462896], [79.37992679264744, 25.556061582244215], [79.37974009977935, 25.557410501806693], [79.37803261151203, 25.55843490614885], [79.37613658735545, 25.55795347645961], [79.37595031643956, 25.556844141846298], [79.3769375995764, 25.555065430389025]]]}, "properties": {"polygon_id": "farmforest_98", "source": "farmforest", "raw_class": 6, "core_class": "greenery"}}, {"type": "Feature", "geometry": {"type": "Polygon", "coordinates": [[[81.95016509556352, 25.543036908215704], [81.95016243171958, 25.54303774865467], [81.95016184900369, 25.54303807550477], [81.9501611830427, 25.543038218318454], [81.95014952872405, 25.54304421695139], [81.95013779115841, 25.543049941818428], [81.95013729168748, 25.543050452704797], [81.95013662572626, 25.543050685246378], [81.94976010691298, 25.543312162327588], [81.94944876774632, 25.543501404551375], [81.9491070423338, 25.5435674822889], [81.94894154842405, 25.543500680143456], [81.94885597094205, 25.54331014454873], [81.95145962887992, 25.542367512301503], [81.95145521696722, 25.542421645037777], [81.95131861402767, 25.542635849039], [81.95060820799121, 25.54289959829705], [81.95016509556352, 25.543036908215704]]]}, "properties": {"polygon_id": "farmforest_99", "source": "farmforest", "raw_class": 6, "core_class": "greenery"}}, {"type": "Feature", "geometry": {"type": "Polygon", "coordinates": [[[82.0493519124723, 25.53498037016005], [82.04849699175318, 25.53545364340709], [82.04823155192793, 25.53520301150862], [82.04822963989305, 25.535201202458662], [82.04822548329533, 25.53519837400308], [82.04822190862109, 25.53519494894418], [82.04821426048025, 25.535190853841765], [82.0482070279985, 25.53518606335686], [82.0482022063436, 25.535184455206718], [82.04819771721634, 25.53518205741207], [82.04818907148895, 25.53518006200441], [82.04818067515653, 25.535177182689594], [82.0481755209718, 25.53517690265682], [82.04817044991873, 25.53517572968393], [82.04816155479196, 25.53517596436601], [82.04815265966408, 25.535175391336573], [82.04814750547733, 25.535176367741876], [82.04814235129022, 25.53517653643606], [82.04813387182028, 25.535178947595266], [82.04812514295314, 25.535180716984183], [82.04812048755689, 25.53518288718188], [82.04811558276408, 25.535184325864073], [82.04749499907224, 25.53545879334546], [82.04738659381522, 25.535324836174848], [82.04912845693136, 25.534539963674376], [82.0493519124723, 25.53498037016005]]]}, "properties": {"polygon_id": "farmforest_100", "source": "farmforest", "raw_class": 6, "core_class": "greenery"}}, {"type": "Feature", "geometry": {"type": "Polygon", "coordinates": [[[82.06032506749527, 25.531099953809452], [82.06032531684909, 25.531097454368858], [82.06032490125939, 25.5310923161466], [82.06032548308495, 25.53108723202488], [82.06032382072623, 25.53107978245713], [82.06032323890066, 25.53107212225186], [82.06032124407012, 25.531067347113805], [82.06032016353689, 25.531062352321552], [82.06009956818065, 25.530479763733435], [82.06132280825464, 25.53084246031536], [82.06132546799154, 25.530843232805356], [82.06132646539282, 25.530843376646953], [82.06132729656056, 25.530843690971132], [82.0613403458929, 25.530845206422818], [82.06135331210609, 25.530846986612584], [82.06135422639026, 25.53084685669924], [82.06135522379117, 25.530847000540625], [82.06208598245807, 25.530838793909112], [82.0620943771629, 25.530854057744843], [82.06026605373653, 25.531662349033034], [82.06032506749527, 25.531099953809452]]]}, "properties": {"polygon_id": "farmforest_101", "source": "farmforest", "raw_class": 6, "core_class": "greenery"}}, {"type": "Feature", "geometry": {"type": "Polygon", "coordinates": [[[82.17550288153147, 25.57024042118431], [82.17511451613773, 25.570034209531812], [82.17524480134645, 25.569074793575705], [82.17596858526541, 25.568954111917357], [82.1765492169482, 25.5696434349153], [82.17599356323035, 25.5698895250311], [82.17599107373259, 25.56989064840861], [82.1759834392722, 25.56989571499761], [82.17597530691133, 25.569900036912536], [82.17550288153147, 25.57024042118431]]]}, "properties": {"polygon_id": "farmforest_102", "source": "farmforest", "raw_class": 6, "core_class": "greenery"}}, {"type": "Feature", "geometry": {"type": "Polygon", "coordinates": [[[78.67052159080309, 23.74395352615373], [78.67218318751353, 23.744053297922527], [78.67231197351924, 23.74516003333257], [78.67192284540323, 23.745497908375626], [78.67152860929963, 23.744965844299735], [78.67152783034639, 23.744964802001945], [78.67152705139316, 23.744963759704152], [78.67151787705461, 23.744955024981124], [78.67150887581599, 23.744946213514023], [78.67150835651373, 23.744945906592395], [78.67150783721148, 23.744945420619885], [78.67149641256115, 23.744939474072893], [78.67148507445992, 23.744933265339725], [78.67148438205675, 23.744933124687147], [78.67148377620397, 23.744932811374564], [78.67147096674437, 23.744929895962237], [78.67145824383356, 23.74492689741428], [78.6714575514302, 23.74492693581246], [78.67145685902683, 23.744926795159763], [78.67144370336206, 23.744927256148156], [78.67143046114509, 23.744927621218846], [78.67098005162202, 23.744998927696596], [78.67097736854615, 23.74499944577104], [78.67097148308912, 23.745001338825556], [78.6709653379792, 23.745002406978156], [78.6709585004621, 23.7450055726081], [78.67095123019023, 23.74500790055347], [78.67094621024029, 23.7450112899241], [78.67094058443404, 23.74501382882782], [78.67093495862746, 23.74501860586396], [78.6709287269644, 23.745022711483678], [78.67092491872569, 23.745027264634448], [78.67092033152888, 23.74503113358638], [78.67091635018805, 23.74503719588426], [78.67091167643994, 23.745042759425072], [78.6709093395658, 23.74504804790375], [78.67090613718263, 23.7450530038935], [78.67090414651196, 23.74505975034176], [78.67090137688314, 23.745066260217612], [78.67090068447591, 23.745072028231395], [78.67089912655966, 23.745077553281554], [78.67089938621237, 23.745084555428246], [78.67089860725424, 23.74509157040455], [78.67089981896689, 23.745097210450744], [78.6708999920687, 23.745102952851873], [78.67104868640962, 23.745891818001603], [78.66984025718718, 23.74651000207115], [78.66932587838629, 23.745752232632164], [78.66954398986213, 23.74470791821839], [78.67052159080309, 23.74395352615373]]]}, "properties": {"polygon_id": "farmforest_103", "source": "farmforest", "raw_class": 6, "core_class": "greenery"}}, {"type": "Feature", "geometry": {"type": "Polygon", "coordinates": [[[78.65252155457681, 23.74489057980966], [78.653475602937, 23.745593165711856], [78.65439769964719, 23.746357392568964], [78.65359307292083, 23.74736318368326], [78.65197306571014, 23.747936956461892], [78.65075739382661, 23.746616023213466], [78.65090430020012, 23.74555389700236], [78.65157147923091, 23.744845368617298], [78.65252155457681, 23.74489057980966]]]}, "properties": {"polygon_id": "farmforest_104", "source": "farmforest", "raw_class": 6, "core_class": "greenery"}}, {"type": "Feature", "geometry": {"type": "Polygon", "coordinates": [[[78.66679886641823, 23.69739471800542], [78.6680729399034, 23.698642934054767], [78.66814625056669, 23.7004663740104], [78.66725665189351, 23.701683294186687], [78.66502526329222, 23.70119412786454], [78.66255682897372, 23.699422732046873], [78.66192789560883, 23.697404050664435], [78.66192711658073, 23.69740166537897], [78.66192374079226, 23.697395328182516], [78.6619213171492, 23.697388613592537], [78.66191776824316, 23.69738396470585], [78.66191508492388, 23.697378842507593], [78.66190997796117, 23.697373541464763], [78.66190556346778, 23.697367754335716], [78.66090580553063, 23.69637637799336], [78.6625459226485, 23.694958720785806], [78.6636698737932, 23.69583104247131], [78.66487015483098, 23.69698689574768], [78.66487197250966, 23.69698864140619], [78.66488313824937, 23.696996269505405], [78.66489413087561, 23.69700379530189], [78.66490720084695, 23.697008340743096], [78.66492009770444, 23.697012783881178], [78.66679886641823, 23.69739471800542]]]}, "properties": {"polygon_id": "farmforest_105", "source": "farmforest", "raw_class": 6, "core_class": "greenery"}}, {"type": "Feature", "geometry": {"type": "Polygon", "coordinates": [[[78.5142557724961, 23.56499183031388], [78.51428143143781, 23.563772813132427], [78.51484566646076, 23.562540986499265], [78.5163492087653, 23.561732760857065], [78.51812101096492, 23.56128447004216], [78.51874234797646, 23.56208571350625], [78.51886491596139, 23.564305497275072], [78.51797009692328, 23.567213758773526], [78.51566752477297, 23.566481510273544], [78.5142557724961, 23.56499183031388]]]}, "properties": {"polygon_id": "farmforest_106", "source": "farmforest", "raw_class": 6, "core_class": "greenery"}}, {"type": "Feature", "geometry": {"type": "Polygon", "coordinates": [[[78.80558314408755, 23.667029548684134], [78.80591815930956, 23.666280151012934], [78.80726209822723, 23.666128121667345], [78.80738353498319, 23.667006748905695], [78.80738396714219, 23.667009288241747], [78.80738560934638, 23.66701433393663], [78.80738638723258, 23.66701958545634], [78.8073895852091, 23.667026356551638], [78.80739200529935, 23.667033518895067], [78.80739511684389, 23.667037954941115], [78.80739745050222, 23.667042782235317], [78.80740272284122, 23.6670485398578], [78.80740713086215, 23.667054772008303], [78.80741153888286, 23.667058227558684], [78.80741525544917, 23.667062259780558], [78.80742199712729, 23.667066512076254], [78.80742822021438, 23.667071353619022], [78.80743340611996, 23.667073522243136], [78.80743824629826, 23.667076471825553], [78.80744602515576, 23.667078739515986], [78.80745345828568, 23.667081877732315], [78.80745916278036, 23.667082561430735], [78.80746460797951, 23.66708421151079], [78.80792209006378, 23.667155200145004], [78.80817662999628, 23.66791471139074], [78.80752917246078, 23.66886915467855], [78.80640278844433, 23.669001985544757], [78.80640226984835, 23.669002037378764], [78.80499280231128, 23.66917462714514], [78.80508511367474, 23.668047963905693], [78.80558184758678, 23.66703223093688], [78.80558297122077, 23.66702989437552], [78.80558305765416, 23.667029721529826], [78.80558314408755, 23.667029548684134]]]}, "properties": {"polygon_id": "farmforest_107", "source": "farmforest", "raw_class": 6, "core_class": "greenery"}}, {"type": "Feature", "geometry": {"type": "Polygon", "coordinates": [[[77.80390862084407, 21.748818986094577], [77.80462030634598, 21.748930174531633], [77.80486335178213, 21.74969405718116], [77.80443730194187, 21.74994601308495], [77.80283318594643, 21.749899964562807], [77.80257119818678, 21.748896303923047], [77.80285229828692, 21.748531654563635], [77.80341868531953, 21.748438496940558], [77.80386088407991, 21.748797986851184], [77.80386289129345, 21.748799567814864], [77.80387284009043, 21.74880522918085], [77.8038825270761, 21.748811318463506], [77.80388453428924, 21.74881191516437], [77.80388619242181, 21.74881284381218], [77.80389745026856, 21.748815739242715], [77.80390862084407, 21.748818986094577]]]}, "properties": {"polygon_id": "farmforest_108", "source": "farmforest", "raw_class": 6, "core_class": "greenery"}}, {"type": "Feature", "geometry": {"type": "Polygon", "coordinates": [[[80.75169037140842, 22.685703197360144], [80.74936195259035, 22.685993151930656], [80.7493592465625, 22.68599353554718], [80.74935840092878, 22.685993846836162], [80.74935738616833, 22.6859938780989], [80.74934520904168, 22.685997586016672], [80.7493330319132, 22.686001113783703], [80.7493321862792, 22.686001605221968], [80.74933134064521, 22.68600191651076], [80.74932077021947, 22.686008599936855], [80.74931011522892, 22.686015188386055], [80.74930943872154, 22.68601586977566], [80.74930867765073, 22.686016366114764], [80.74930064412504, 22.686025538512645], [80.74929235690824, 22.686034606131823], [80.74929193409103, 22.686035392299154], [80.74929134214693, 22.686036078589648], [80.7492863529037, 22.686046958693982], [80.74928110996977, 22.68605782409463], [80.74928102540633, 22.68605862986609], [80.7492806871525, 22.686059420934384], [80.74864510573912, 22.68828588569098], [80.74650010843577, 22.68820242872851], [80.74586501257, 22.68632719475667], [80.74586061508458, 22.684387463216883], [80.7467282681563, 22.683524138780886], [80.74800140111024, 22.68309540839002], [80.74966198286458, 22.683082204919415], [80.75108288338403, 22.683290102993915], [80.75169037140842, 22.685703197360144]]]}, "properties": {"polygon_id": "farmforest_109", "source": "farmforest", "raw_class": 6, "core_class": "greenery"}}, {"type": "Feature", "geometry": {"type": "Polygon", "coordinates": [[[80.57477884707971, 22.64043080766334], [80.57696345025377, 22.64237604360366], [80.57527502547848, 22.64396185645023], [80.57427605556389, 22.644707757948147], [80.57427402167995, 22.64470934883167], [80.57427334371863, 22.644710029201672], [80.57427258101212, 22.644710524482015], [80.57377309148187, 22.645120749877186], [80.57377139656822, 22.645122180656706], [80.57255367682683, 22.646171397900645], [80.57027403733383, 22.643937937728133], [80.57477884707971, 22.64043080766334]]]}, "properties": {"polygon_id": "farmforest_110", "source": "farmforest", "raw_class": 6, "core_class": "greenery"}}, {"type": "Feature", "geometry": {"type": "Polygon", "coordinates": [[[80.56772151868509, 22.603558415741887], [80.5639559895783, 22.60644777361468], [80.5599512655457, 22.602992949962303], [80.56202412804552, 22.59976442829194], [80.56772151868509, 22.603558415741887]]]}, "properties": {"polygon_id": "farmforest_111", "source": "farmforest", "raw_class": 6, "core_class": "greenery"}}, {"type": "Feature", "geometry": {"type": "Polygon", "coordinates": [[[80.47125323851884, 22.58224005999029], [80.47236240202933, 22.581114785721063], [80.47456490296163, 22.58306878317813], [80.47381985361581, 22.584152357610673], [80.47223852128292, 22.58346027119488], [80.47125323851884, 22.58224005999029]]]}, "properties": {"polygon_id": "farmforest_112", "source": "farmforest", "raw_class": 6, "core_class": "greenery"}}, {"type": "Feature", "geometry": {"type": "Polygon", "coordinates": [[[73.0410695066453, 20.19715689029836], [73.04106995702688, 20.19715587916555], [73.04107049748477, 20.19715452505487], [73.04107310969789, 20.19714281930512], [73.04107599213992, 20.197131052286917], [73.04107590206361, 20.19713042759955], [73.04107608221624, 20.19712974164379], [73.0410751814531, 20.197117776748392], [73.04107437076628, 20.197105732784124], [73.04107410053736, 20.197105090296027], [73.04107410053736, 20.19710438653952], [73.04106959672163, 20.197093121264288], [73.04106527305844, 20.19708178582071], [73.04088755241705, 20.19676398546159], [73.04100267000969, 20.196648772005318], [73.04194252465575, 20.19726004087619], [73.04194468647921, 20.197261398082826], [73.04195324369682, 20.197265234551388], [73.04196153068621, 20.197269660109203], [73.04196549402883, 20.197270579524783], [73.04196918714352, 20.197272175999704], [73.0419785550439, 20.19727354143974], [73.04198774279197, 20.197275680808563], [73.04199188628608, 20.19727547441469], [73.04199593970417, 20.19727605084992], [73.04200530760346, 20.19727495313111], [73.04201476557836, 20.197274568070764], [73.04272375229476, 20.197149675660125], [73.0427263644893, 20.197149142012], [73.0427329400134, 20.19714688865469], [73.04273969568862, 20.197145444827054], [73.04401056982276, 20.196699544834594], [73.0440130018525, 20.19669864147706], [73.04401939718986, 20.196695226625714], [73.04402615282771, 20.19669255113198], [73.04403101688685, 20.196688897035205], [73.04403642139688, 20.196685912122614], [73.04404146560613, 20.196680956264366], [73.0440471403414, 20.19667659051813], [73.04405074334787, 20.196671756195506], [73.04405506695552, 20.196667520883437], [73.04405839973639, 20.196661428277725], [73.04406263326877, 20.19665577653834], [73.0443804182019, 20.19606337043622], [73.04455065995167, 20.19614502197826], [73.04442320383856, 20.196438656956964], [73.04442221301339, 20.196440934284038], [73.04442005121298, 20.196450397496477], [73.0444171688124, 20.196459613582352], [73.04441707873738, 20.1964627716265], [73.04441644821226, 20.196465788311066], [73.04441707873737, 20.19647535142525], [73.04441707873737, 20.19648502819369], [73.04441797948756, 20.196488020205933], [73.0444181596376, 20.1964911169741], [73.04442167256329, 20.19650017309464], [73.04442455496381, 20.196509430840152], [73.04442626638911, 20.196512063083045], [73.04442743736429, 20.196514993819445], [73.0444334723902, 20.196522715618197], [73.04443896696587, 20.196530911851937], [73.04444148906614, 20.19653292041347], [73.04444338064134, 20.196535482482286], [73.04445157746697, 20.196541306542215], [73.04445923384229, 20.19654769300762], [73.04446220631733, 20.19654904229483], [73.04446481849237, 20.19655097178389], [73.04447436644217, 20.196554466137844], [73.04448373424164, 20.196558558489723], [73.04469369895506, 20.196619502577537], [73.04450544231389, 20.197083160931893], [73.04205403868893, 20.197855443409377], [73.04087512187549, 20.19761562158124], [73.0410695066453, 20.19715689029836]]]}, "properties": {"polygon_id": "farmforest_113", "source": "farmforest", "raw_class": 6, "core_class": "greenery"}}, {"type": "Feature", "geometry": {"type": "Polygon", "coordinates": [[[76.39213888493147, 10.407692949565147], [76.39124216086705, 10.408879188639762], [76.39035814655017, 10.408073382032226], [76.3903562921537, 10.408071711280195], [76.3903516120101, 10.408068662933447], [76.3903473733893, 10.408064963694468], [76.39034083884867, 10.408061751839398], [76.39033465752615, 10.408057801557732], [76.39032927094486, 10.408056230064856], [76.39032423758181, 10.408053752673894], [76.39031699660306, 10.408052520086631], [76.3903100205378, 10.408050461538272], [76.3903043690416, 10.408050385891922], [76.3902988058498, 10.408049392951385], [76.39029147656501, 10.408050249957618], [76.39028414727981, 10.408050102135157], [76.39027876069646, 10.408051628862797], [76.39027310919893, 10.408052223101388], [76.3902663980453, 10.408055032619052], [76.39025933367267, 10.408056905848834], [76.39025447691628, 10.408059878875207], [76.39024926694104, 10.40806199934949], [76.39024361544224, 10.408066529165433], [76.39023734581048, 10.408070278768704], [76.3902335487094, 10.408074385943891], [76.39022913347546, 10.408077880377862], [76.38949505461926, 10.408849578487631], [76.38835564803527, 10.408173123942094], [76.38925936790092, 10.406819494030513], [76.39030489886939, 10.405572703889986], [76.3911118240982, 10.405317271023875], [76.39186470259477, 10.406103336879413], [76.39213888493147, 10.407692949565147]]]}, "properties": {"polygon_id": "farmforest_114", "source": "farmforest", "raw_class": 6, "core_class": "greenery"}}, {"type": "Feature", "geometry": {"type": "Polygon", "coordinates": [[[76.41257732403754, 10.417587151533976], [76.41634503092222, 10.416820852264866], [76.41709661699852, 10.420672479069326], [76.41335435898776, 10.421728320673138], [76.41257732403754, 10.417587151533976]]]}, "properties": {"polygon_id": "farmforest_115", "source": "farmforest", "raw_class": 6, "core_class": "greenery"}}, {"type": "Feature", "geometry": {"type": "Polygon", "coordinates": [[[76.46622524271082, 10.387675132805308], [76.46744684069995, 10.388807096073927], [76.46576032290946, 10.391567365510786], [76.46422902349589, 10.390327920725278], [76.46323421199192, 10.389475255064072], [76.46207258872982, 10.388288061440983], [76.46307905883852, 10.386914792348332], [76.46399303004202, 10.385778741939948], [76.46518464257854, 10.38671018273891], [76.46622524271082, 10.387675132805308]]]}, "properties": {"polygon_id": "farmforest_116", "source": "farmforest", "raw_class": 6, "core_class": "greenery"}}, {"type": "Feature", "geometry": {"type": "Polygon", "coordinates": [[[76.21694399543553, 11.307986831754517], [76.21881750825213, 11.308936750574759], [76.2196958548527, 11.309562975771549], [76.21834508733102, 11.311156659310928], [76.21712118847596, 11.310468734340207], [76.2154036263528, 11.309369802940989], [76.21559700239493, 11.308257940040784], [76.21694399543553, 11.307986831754517]]]}, "properties": {"polygon_id": "farmforest_117", "source": "farmforest", "raw_class": 6, "core_class": "greenery"}}, {"type": "Feature", "geometry": {"type": "Polygon", "coordinates": [[[77.06477364432283, 9.410308269892143], [77.06459692547601, 9.412295347347364], [77.06391543123353, 9.413408663226404], [77.0629220360211, 9.413445161846404], [77.06156034225742, 9.411510365380467], [77.06167022342528, 9.410327054890049], [77.06259634816888, 9.409422058500802], [77.06366370162107, 9.409426273259555], [77.06477364432283, 9.410308269892143]]]}, "properties": {"polygon_id": "farmforest_118", "source": "farmforest", "raw_class": 6, "core_class": "greenery"}}, {"type": "Feature", "geometry": {"type": "Polygon", "coordinates": [[[84.86161612059814, 21.061284891175337], [84.86218665963662, 21.061284863773533], [84.86267909685336, 21.06167881380781], [84.86264362751984, 21.062038345016315], [84.8626433889368, 21.062040786569742], [84.86264402515822, 21.06204815199373], [84.86264362751984, 21.062055486245498], [84.86267281417034, 21.062329356235967], [84.862164232646, 21.062577760026414], [84.8621618467954, 21.062578957801954], [84.86215548452668, 21.06258348205306], [84.86214848603024, 21.062587352258348], [84.8621446686682, 21.062591137001498], [84.86214021507881, 21.062594267698984], [84.86213544337551, 21.06260038171578], [84.86212995591622, 21.062605839288604], [84.86212741100738, 21.06261047865084], [84.86212407081436, 21.06261473125396], [84.86212128732002, 21.062621812167812], [84.86211762901297, 21.062628503924298], [84.86211659514355, 21.062633642323387], [84.86211468646147, 21.062638572953762], [84.8621140502341, 21.0626460813958], [84.86211261872249, 21.062653475161607], [84.86211309589304, 21.06265865912634], [84.86211277777933, 21.062663909803465], [84.86211444787621, 21.062671215710246], [84.8621152431604, 21.062678676625563], [84.86217099255545, 21.06289303593141], [84.8618642509109, 21.062892945954893], [84.86155838242725, 21.062456551709207], [84.8615568713724, 21.0624545108652], [84.86154979327283, 21.06244740464], [84.86154319234771, 21.062439768639976], [84.8615405678833, 21.062438056994345], [84.86153834106491, 21.06243590386983], [84.8615294337905, 21.06243091914104], [84.8615208446317, 21.062425309146096], [84.8607871029825, 21.062082393890606], [84.86040153885479, 21.061612758786755], [84.8607465425232, 21.06128913874413], [84.86161612059814, 21.061284891175337]]]}, "properties": {"polygon_id": "farmforest_119", "source": "farmforest", "raw_class": 6, "core_class": "greenery"}}, {"type": "Feature", "geometry": {"type": "Polygon", "coordinates": [[[84.87133374569866, 21.06055643594576], [84.8713310421723, 21.060556535964484], [84.87132285207697, 21.060558103359384], [84.87131450294943, 21.060558849710752], [84.87130957298784, 21.060560696620172], [84.87130440447926, 21.060561629397885], [84.87129700953538, 21.06056530671305], [84.87128913749729, 21.060568153411502], [84.87025367664516, 21.06111652583125], [84.86806731464604, 21.06135859968571], [84.86699768014684, 21.060215279435752], [84.86876780257076, 21.05864715007078], [84.8687697110287, 21.05864539364065], [84.86877018814316, 21.05864468244869], [84.86877090381488, 21.058644250524402], [84.86877837860767, 21.058634589865267], [84.86878601243761, 21.058625024689267], [84.86878633051384, 21.058624308708435], [84.86878680762817, 21.05862359751641], [84.86879110165698, 21.058612389963244], [84.86879555472358, 21.058601277893537], [84.8687956342426, 21.05860046403466], [84.86879595231879, 21.058599748053798], [84.86879666799017, 21.05858779788879], [84.86879762221865, 21.05857594560183], [84.86879746318057, 21.058575124559788], [84.86879746318057, 21.058574399001323], [84.86879468001409, 21.05856279695707], [84.86879205588558, 21.058551109006896], [84.86879165829033, 21.058550371476475], [84.86879141973318, 21.058549638734842], [84.8684614147192, 21.057747029517714], [84.86846046048507, 21.057744642720795], [84.86845974480943, 21.05774362352833], [84.86845942673138, 21.057742434918858], [84.86845282661126, 21.05773271322921], [84.8684465445685, 21.057722819728014], [84.8684455903341, 21.057721974741494], [84.86844487465828, 21.057720955549], [84.86808202585624, 21.057322490664813], [84.8686032773512, 21.057157794898508], [84.87007627394978, 21.057759098461965], [84.87007873898432, 21.057760079614614], [84.87008645215622, 21.05776185361329], [84.8700939267754, 21.05776443668476], [84.87043728109072, 21.057835809817746], [84.87043887142546, 21.057836129772344], [84.870439905143, 21.057836342277575], [84.87045294588593, 21.05783700689385], [84.87046598662585, 21.057837671509052], [84.87046654324271, 21.05783759756843], [84.8704670998596, 21.05783761432275], [84.87047982252955, 21.057834822954966], [84.87049254519663, 21.057832122281006], [84.87049302229659, 21.05783186455693], [84.87049357891321, 21.057831790616195], [84.87050494979428, 21.057825784234193], [84.87051632067308, 21.057819868546154], [84.87130146240492, 21.0572668605506], [84.87435954689485, 21.05846652755693], [84.87599268400092, 21.059937657384776], [84.87474819645277, 21.061466633414756], [84.87290367755583, 21.06052296217941], [84.87290129215754, 21.060521711365848], [84.87289119397035, 21.060518505270483], [84.87288133432126, 21.060514671484714], [84.87287839232887, 21.060514401572032], [84.87287560936295, 21.060513501577006], [84.87286495457786, 21.060512999592397], [84.87285429979079, 21.060511862739816], [84.87133374569866, 21.06055643594576]]]}, "properties": {"polygon_id": "farmforest_120", "source": "farmforest", "raw_class": 6, "core_class": "greenery"}}, {"type": "Feature", "geometry": {"type": "Polygon", "coordinates": [[[84.83932250982258, 21.04861074111296], [84.83977624088163, 21.048051307523238], [84.84005191474097, 21.047801907277023], [84.84005374460627, 21.047800148837688], [84.84005684742121, 21.04779625233712], [84.84006066627013, 21.047792830965747], [84.84031183458221, 21.047493987213233], [84.84040762353489, 21.047424877448606], [84.8406285580694, 21.047774105150044], [84.84062999012335, 21.047776234391357], [84.8406321382042, 21.047778657376902], [84.84063372937517, 21.04778142627319], [84.84064088964394, 21.047788263443202], [84.84064757256063, 21.047795630314305], [84.84065035710901, 21.04779734703133], [84.84065274386467, 21.047799595857423], [84.84066165441821, 21.04780430940599], [84.8406702467364, 21.04780964816243], [84.84067342907613, 21.047810560695947], [84.84067637274022, 21.047812100845487], [84.84181985535677, 21.048231235591878], [84.84142230821347, 21.048807249557107], [84.84049450174754, 21.04918419834969], [84.84011778985465, 21.049156743630782], [84.83932250982258, 21.04861074111296]]]}, "properties": {"polygon_id": "farmforest_121", "source": "farmforest", "raw_class": 6, "core_class": "greenery"}}, {"type": "Feature", "geometry": {"type": "Polygon", "coordinates": [[[84.9648307754973, 20.934766834661588], [84.96532438184695, 20.932077003619682], [84.96832141127405, 20.932508736972274], [84.96780695441606, 20.935194345683527], [84.9648307754973, 20.934766834661588]]]}, "properties": {"polygon_id": "farmforest_122", "source": "farmforest", "raw_class": 6, "core_class": "greenery"}}, {"type": "Feature", "geometry": {"type": "Polygon", "coordinates": [[[84.95891184533714, 21.018930395152132], [84.95736891681322, 21.018543689170652], [84.95612328514872, 21.017293839734386], [84.95623761542069, 21.015905762949057], [84.95700108161239, 21.015248418643626], [84.95785401416573, 21.01488404886633], [84.95878894612964, 21.01491002754506], [84.95994448976019, 21.015071492728843], [84.96061732198595, 21.016442454648423], [84.960197110426, 21.017909128967318], [84.95891184533714, 21.018930395152132]]]}, "properties": {"polygon_id": "farmforest_123", "source": "farmforest", "raw_class": 6, "core_class": "greenery"}}, {"type": "Feature", "geometry": {"type": "Polygon", "coordinates": [[[85.03073277234739, 20.92055819393331], [85.02980458960425, 20.921289830334103], [85.0281394358694, 20.921294130253052], [85.02713587927255, 20.920533029984735], [85.0267886425935, 20.91952938627166], [85.02706911230506, 20.918725004145838], [85.02795745534854, 20.91834370373299], [85.02917239207545, 20.918330695169693], [85.0301666350392, 20.91866928537941], [85.03071176035085, 20.919264328545125], [85.03073277234739, 20.92055819393331]]]}, "properties": {"polygon_id": "farmforest_124", "source": "farmforest", "raw_class": 6, "core_class": "greenery"}}, {"type": "Feature", "geometry": {"type": "Polygon", "coordinates": [[[86.11392692370991, 20.936014354360093], [86.11417261952309, 20.936048436048395], [86.11426469687315, 20.93705797377135], [86.11403166704034, 20.937070125041433], [86.11236002189868, 20.93679077704112], [86.11234385921082, 20.935151343212297], [86.113080732737, 20.93519256954389], [86.11387051141226, 20.93598656124495], [86.11387229857966, 20.93598841780383], [86.11387540669675, 20.935990576715746], [86.1138779708932, 20.935993358911663], [86.11388620740212, 20.935998267348747], [86.11389389998948, 20.93600379906959], [86.11389755202548, 20.93600515309279], [86.1139008155468, 20.936007133923145], [86.1139101398923, 20.93600970616522], [86.11391923112753, 20.936012999539308], [86.11392311627029, 20.93601326922086], [86.11392692370991, 20.936014354360093]]]}, "properties": {"polygon_id": "farmforest_125", "source": "farmforest", "raw_class": 6, "core_class": "greenery"}}, {"type": "Feature", "geometry": {"type": "Polygon", "coordinates": [[[86.13509836846009, 21.028318130645914], [86.13472049869665, 21.027894947379192], [86.13476026641646, 21.02716901437471], [86.13688196934088, 21.026276504539084], [86.13702767445652, 21.026466320936013], [86.13702922781373, 21.026468263049647], [86.13703683926337, 21.026475336648712], [86.13704398470487, 21.02648276294447], [86.1370464700756, 21.02648418128179], [86.13704856710706, 21.02648613569011], [86.13705804258144, 21.02649089041224], [86.13706705204726, 21.026496179448586], [86.13706992575587, 21.026496970905686], [86.13707248879312, 21.026498209381387], [86.13708297394422, 21.02650035347894], [86.13709330375762, 21.02650303891612], [86.1370962551325, 21.026503014849595], [86.13709912883947, 21.026503624688516], [86.13710976932057, 21.026502957223048], [86.1371204874672, 21.026502836366262], [86.13712328350508, 21.026502082315762], [86.13712623487824, 21.02650187663098], [86.13713625401213, 21.02649838003864], [86.13714650614713, 21.02649552437659], [86.13745771960238, 21.02636117236553], [86.13845324822998, 21.02803386090434], [86.13616011709868, 21.02852304309224], [86.13591009941, 21.028112924635327], [86.13590870135799, 21.02811080440506], [86.13590093440168, 21.0281019110507], [86.13589347812248, 21.028092843106762], [86.13589239074834, 21.028092092037117], [86.13589145871335, 21.028091162863973], [86.13588136166649, 21.02808466863503], [86.13587149762648, 21.028077907250378], [86.13587017724304, 21.028077514144655], [86.13586908986841, 21.028076763074885], [86.13585743942447, 21.028073230394167], [86.13584586664753, 21.02806933623448], [86.13584454626343, 21.02806921555503], [86.13584322587927, 21.02806882244911], [86.13583095407206, 21.028068454018538], [86.13581875993161, 21.028067724108848], [86.13581743954678, 21.02806796666445], [86.13581604149225, 21.02806793503648], [86.1358041580271, 21.028070753698014], [86.13579219688948, 21.028073298175034], [86.13509836846009, 21.028318130645914]]]}, "properties": {"polygon_id": "farmforest_126", "source": "farmforest", "raw_class": 6, "core_class": "greenery"}}, {"type": "Feature", "geometry": {"type": "Polygon", "coordinates": [[[86.1107797842724, 21.02388796237483], [86.11368542269459, 21.02543769130216], [86.11123926730991, 21.029061879115464], [86.10845635191018, 21.027777417415937], [86.10870751365097, 21.027402477982186], [86.10870891244436, 21.02740033048903], [86.10870968955177, 21.02739844125293], [86.10871101063435, 21.027396746022667], [86.10909451170141, 21.026718983890152], [86.10909497796236, 21.026718268057714], [86.10949090969345, 21.026001922731577], [86.1101810436534, 21.024866483389896], [86.1107797842724, 21.02388796237483]]]}, "properties": {"polygon_id": "farmforest_127", "source": "farmforest", "raw_class": 6, "core_class": "greenery"}}, {"type": "Feature", "geometry": {"type": "Polygon", "coordinates": [[[86.06493533022295, 21.01834082659014], [86.06583310100049, 21.016222550913128], [86.06758729825171, 21.01659118155445], [86.06697949958055, 21.018869147872614], [86.06493533022295, 21.01834082659014]]]}, "properties": {"polygon_id": "farmforest_128", "source": "farmforest", "raw_class": 6, "core_class": "greenery"}}, {"type": "Feature", "geometry": {"type": "Polygon", "coordinates": [[[86.06463635500532, 21.130933440431548], [86.06414627767265, 21.130544433163536], [86.06484479784793, 21.130494302203374], [86.06484744226664, 21.130494090947185], [86.0648531199887, 21.13049276935082], [86.06485887548713, 21.13049235763233], [86.06486626430174, 21.130489713495713], [86.06487388644625, 21.130487892026974], [86.06487886417267, 21.130485192119746], [86.06488430856037, 21.130483229469746], [86.064890608494, 21.13047883479529], [86.06489737508853, 21.13047508656999], [86.06490134171248, 21.130471182771917], [86.06490600832852, 21.13046784001229], [86.06491067494414, 21.13046195463107], [86.06491611932849, 21.13045663208721], [86.06491876374353, 21.130451880434293], [86.06492218592751, 21.130447510002995], [86.06492498589606, 21.13044058255815], [86.0649285636334, 21.130434127142784], [86.06492965250996, 21.13042879466218], [86.06493167470917, 21.13042366538536], [86.06493221914742, 21.130416413345685], [86.0649337746852, 21.130409184692976], [86.064933230247, 21.13040381443345], [86.06493361913144, 21.130398374953966], [86.06493198581674, 21.130391163350406], [86.06493128582471, 21.130383882526903], [86.06492918584858, 21.13037883951917], [86.06492794141823, 21.130373543876686], [86.06492420812704, 21.130367100971448], [86.06492133038154, 21.130360223815643], [86.0649178304206, 21.130355965697074], [86.06491503045166, 21.13035117892204], [86.06462585506371, 21.12998534483409], [86.06457615531104, 21.12969088581632], [86.06496480765438, 21.129422639111272], [86.06628466375687, 21.13070631156641], [86.06623325455551, 21.130734817073034], [86.0655079982542, 21.131036327491785], [86.06523842585712, 21.13076284497108], [86.0652365592228, 21.130761076447204], [86.06523414815337, 21.13075929533122], [86.06523220374244, 21.1307570709687], [86.06522341500418, 21.130751510027103], [86.06521501514675, 21.130745504039798], [86.06521221519397, 21.130744440392704], [86.06520964857044, 21.130742837294555], [86.06519953762806, 21.130739879201215], [86.06518973778972, 21.130736201839312], [86.06518662672953, 21.130735948267727], [86.06518374899869, 21.130735064437175], [86.06517317139208, 21.13073481978713], [86.06516259378328, 21.130733848672868], [86.06515963827457, 21.130734415970018], [86.06515652721255, 21.13073434401372], [86.06514626070663, 21.130736830795666], [86.06513591642207, 21.13073868012241], [86.06513319424157, 21.13074007008723], [86.06513016095457, 21.130740726392823], [86.06463635500532, 21.130933440431548]]]}, "properties": {"polygon_id": "farmforest_129", "source": "farmforest", "raw_class": 6, "core_class": "greenery"}}, {"type": "Feature", "geometry": {"type": "Polygon", "coordinates": [[[85.42482181457024, 21.982153749179687], [85.42509168265028, 21.98154544460716], [85.427312217658, 21.982248861112225], [85.42707628964222, 21.982607889518622], [85.4270749513756, 21.98261012134518], [85.42707140890498, 21.982618282085465], [85.42706715793994, 21.982626241637327], [85.42706637072415, 21.982630031669245], [85.42706487501412, 21.982633711272104], [85.42706393035515, 21.982642488690036], [85.4270621984803, 21.98265115349331], [85.42706267080982, 21.982655069253013], [85.42706227720188, 21.98265896097176], [85.42706400907673, 21.982667631179538], [85.42706503245729, 21.98267646323587], [85.4270666068889, 21.982680046556247], [85.42706739410468, 21.982683880298868], [85.42707172379127, 21.98269180579642], [85.42707526626187, 21.982699981716184], [85.4270778640735, 21.982703048893157], [85.42707983211251, 21.982706552381913], [85.42708636600156, 21.98271299616743], [85.4270922701175, 21.982719876264607], [85.42709565514367, 21.98272214846366], [85.42709856784045, 21.982725042864047], [85.42710675487919, 21.98272953584208], [85.42711454830916, 21.982734653206695], [85.43268396621845, 21.98541130218896], [85.42994057677744, 21.98525905416405], [85.42692081432882, 21.98415655346835], [85.42508129102214, 21.983158307275037], [85.42482181457024, 21.982153749179687]]]}, "properties": {"polygon_id": "farmforest_130", "source": "farmforest", "raw_class": 6, "core_class": "greenery"}}, {"type": "Feature", "geometry": {"type": "Polygon", "coordinates": [[[73.71334984314967, 24.361365822041982], [73.70941948279383, 24.362046907414914], [73.7094664474992, 24.358002422464715], [73.71265409527732, 24.35722556129415], [73.71334984314967, 24.361365822041982]]]}, "properties": {"polygon_id": "farmforest_131", "source": "farmforest", "raw_class": 6, "core_class": "greenery"}}, {"type": "Feature", "geometry": {"type": "Polygon", "coordinates": [[[80.50707489583976, 17.500566208582093], [80.50862308042558, 17.49846713738676], [80.51114986510093, 17.49994217961317], [80.50950122593687, 17.502133405725743], [80.50707489583976, 17.500566208582093]]]}, "properties": {"polygon_id": "farmforest_132", "source": "farmforest", "raw_class": 6, "core_class": "greenery"}}, {"type": "Feature", "geometry": {"type": "Polygon", "coordinates": [[[80.54099354544881, 17.5371855071422], [80.54145779625468, 17.536906061368217], [80.54216349316829, 17.53715804905715], [80.5421519633297, 17.538097355938323], [80.54082534290494, 17.538080853684853], [80.53984206330774, 17.537667505677867], [80.54010327193845, 17.537181400884386], [80.54033955439819, 17.537070383303377], [80.54092216114498, 17.53719710193659], [80.54092478930927, 17.53719767453048], [80.54093386071445, 17.5371981087775], [80.54094293211863, 17.53719934723514], [80.54094708631271, 17.537198831241263], [80.54095132528607, 17.537199034159954], [80.5409602271294, 17.537197047655535], [80.54096929853068, 17.537195873478435], [80.54097311360569, 17.53719417961212], [80.54097726779827, 17.53719330619027], [80.54098523706507, 17.537189041122588], [80.54099354544881, 17.5371855071422]]]}, "properties": {"polygon_id": "farmforest_133", "source": "farmforest", "raw_class": 6, "core_class": "greenery"}}, {"type": "Feature", "geometry": {"type": "Polygon", "coordinates": [[[78.29093328011308, 16.39888265683961], [78.29245008995316, 16.397630267364207], [78.29319528202038, 16.39769834603872], [78.29384074017904, 16.3986262243321], [78.2929289316328, 16.399479179644718], [78.29292710731272, 16.399480933962195], [78.29292702044035, 16.399481105915715], [78.29292684669556, 16.399481184578974], [78.29182894770125, 16.400574787274117], [78.29063304296884, 16.400498193535725], [78.28936006608811, 16.400047606692677], [78.28833180424466, 16.399340652924746], [78.28818880589142, 16.398493936493775], [78.28948933654452, 16.39834901176207], [78.2899291850209, 16.398319506119634], [78.29000737238893, 16.398921570487534], [78.29000771988821, 16.398924065576956], [78.29000963113424, 16.398930273409924], [78.29001067363205, 16.39893669771497], [78.2900134536262, 16.39894233542199], [78.29001536487212, 16.398948366428368], [78.29001901361426, 16.398953787663956], [78.29002196735779, 16.398959700366383], [78.29002622422333, 16.39896444843146], [78.29002978609026, 16.39896959954969], [78.29003491170346, 16.39897386590213], [78.29003942919284, 16.398978805425628], [78.29004490230473, 16.398982118735468], [78.29004976729281, 16.39898619363003], [78.29005602227718, 16.398988931936263], [78.29006175601252, 16.398992436704116], [78.2906370391865, 16.39924214039487], [78.29063938479246, 16.399243156204864], [78.29064259914128, 16.399243955539955], [78.29064555286713, 16.399245359142476], [78.29065536966127, 16.399247148003234], [78.29066501270593, 16.399249546007773], [78.29066831392821, 16.399249466079805], [78.29067152827614, 16.399250000172696], [78.29068151881634, 16.39924914636731], [78.2906915093556, 16.399248823045006], [78.29069463682855, 16.39924784922373], [78.29069785117565, 16.39924758759063], [78.29070714671943, 16.399244042351906], [78.29071670288508, 16.39924113064018], [78.29071939598614, 16.399239336709552], [78.29072243658403, 16.399238181183133], [78.29073034213815, 16.39923225915379], [78.29073859518851, 16.39922688711427], [78.29074068016955, 16.399224440149123], [78.2907432863958, 16.39922255292746], [78.2907491069675, 16.399214745578888], [78.29075553565825, 16.399207414436283], [78.29075683877119, 16.399204481511607], [78.29075875000348, 16.399201936379075], [78.29093328011308, 16.39888265683961]]]}, "properties": {"polygon_id": "farmforest_134", "source": "farmforest", "raw_class": 6, "core_class": "greenery"}}, {"type": "Feature", "geometry": {"type": "Polygon", "coordinates": [[[80.11341911712829, 12.779747105618139], [80.11568518934209, 12.77852231981047], [80.11921207889208, 12.784322505902129], [80.11670308742596, 12.78542883460381], [80.11341911712829, 12.779747105618139]]]}, "properties": {"polygon_id": "farmforest_135", "source": "farmforest", "raw_class": 6, "core_class": "greenery"}}, {"type": "Feature", "geometry": {"type": "Polygon", "coordinates": [[[78.47909286663514, 11.933635259014139], [78.48081259545697, 11.930480306902007], [78.48504016774247, 11.93285243777964], [78.48366839810869, 11.936258421088882], [78.47909286663514, 11.933635259014139]]]}, "properties": {"polygon_id": "farmforest_136", "source": "farmforest", "raw_class": 6, "core_class": "greenery"}}, {"type": "Feature", "geometry": {"type": "Polygon", "coordinates": [[[80.04535780343659, 12.723259934847874], [80.03929481742952, 12.724453488732394], [80.03813042378108, 12.720862459552627], [80.04404212020097, 12.719957895781626], [80.04535780343659, 12.723259934847874]]]}, "properties": {"polygon_id": "farmforest_137", "source": "farmforest", "raw_class": 6, "core_class": "greenery"}}, {"type": "Feature", "geometry": {"type": "Polygon", "coordinates": [[[76.66239138848034, 11.420097750769768], [76.66234371620466, 11.419204683721224], [76.66234362808584, 11.419202222446662], [76.66234072016455, 11.419189802552882], [76.66233790036205, 11.419177471446947], [76.6619856889111, 11.418267775394126], [76.66198471960128, 11.418265443066156], [76.66198278098162, 11.418262049372633], [76.66198145919547, 11.418258429865984], [76.66145459413882, 11.41725657222521], [76.66349040129919, 11.417053837598033], [76.66562618810273, 11.417969812589583], [76.66543964523969, 11.418921669383309], [76.66376435995551, 11.418990089529471], [76.66376180453817, 11.4189902261653], [76.66375440263934, 11.418991749749331], [76.6637468245044, 11.418992502637966], [76.6637418017868, 11.418994389869956], [76.66373642659758, 11.418995498299081], [76.66372981775804, 11.418999091933143], [76.66372276832884, 11.419001817978463], [76.66371845055325, 11.41900500861957], [76.66371369218815, 11.41900758586788], [76.66370822887984, 11.419012757376027], [76.66370223686403, 11.419017311437502], [76.66369906462023, 11.419021656293499], [76.66369518743329, 11.419025375595192], [76.663691486482, 11.419031899159334], [76.66368699246955, 11.41903787784735], [76.6636851419938, 11.419042876634999], [76.66368249845695, 11.419047500010354], [76.66368082421693, 11.419054794669487], [76.66367826879791, 11.419061794594635], [76.6635203614255, 11.419809663975215], [76.66239138848034, 11.420097750769768]]]}, "properties": {"polygon_id": "farmforest_138", "source": "farmforest", "raw_class": 6, "core_class": "greenery"}}, {"type": "Feature", "geometry": {"type": "Polygon", "coordinates": [[[80.17139228324282, 12.923045043669992], [80.1722158832753, 12.92239305354729], [80.17221784178535, 12.922391478363178], [80.17222354701006, 12.922385097246154], [80.17222984830256, 12.922379259414848], [80.17321727212986, 12.921169712013862], [80.17570621759023, 12.922136922826386], [80.17350746834029, 12.925139495177735], [80.17133846625651, 12.92451735155117], [80.17139228324282, 12.923045043669992]]]}, "properties": {"polygon_id": "farmforest_139", "source": "farmforest", "raw_class": 6, "core_class": "greenery"}}, {"type": "Feature", "geometry": {"type": "Polygon", "coordinates": [[[73.11815189856017, 18.530662047457266], [73.11468473275266, 18.53349964586259], [73.1123459149727, 18.53068644021416], [73.11380019365122, 18.529690728269347], [73.11815189856017, 18.530662047457266]]]}, "properties": {"polygon_id": "farmforest_140", "source": "farmforest", "raw_class": 6, "core_class": "greenery"}}, {"type": "Feature", "geometry": {"type": "Polygon", "coordinates": [[[73.09217623486111, 18.554635916636784], [73.08932791291828, 18.555463814509686], [73.0887763098836, 18.55543320494556], [73.08825046210278, 18.55290105937839], [73.09121974368307, 18.552196792098794], [73.09217623486111, 18.554635916636784]]]}, "properties": {"polygon_id": "farmforest_141", "source": "farmforest", "raw_class": 6, "core_class": "greenery"}}, {"type": "Feature", "geometry": {"type": "Polygon", "coordinates": [[[73.80069907303337, 16.12501180660555], [73.79985229578743, 16.12590074408494], [73.79804356967163, 16.126295046334878], [73.79689698444062, 16.125398934703004], [73.79645258439602, 16.12402736773868], [73.79695128896296, 16.123034149412284], [73.7981188774887, 16.122308757311544], [73.79953365385084, 16.122308729444438], [73.80045475204837, 16.123319023249117], [73.80069907303337, 16.12501180660555]]]}, "properties": {"polygon_id": "farmforest_142", "source": "farmforest", "raw_class": 6, "core_class": "greenery"}}, {"type": "Feature", "geometry": {"type": "Polygon", "coordinates": [[[73.7773746717433, 16.079572949358532], [73.77858151368424, 16.081424310913025], [73.77845592849339, 16.08428210180666], [73.77563791608699, 16.08541010983169], [73.77272713111064, 16.084354423345253], [73.77189836879079, 16.08192432395284], [73.77322634384426, 16.079830717128495], [73.77532426252847, 16.079209563680525], [73.7773746717433, 16.079572949358532]]]}, "properties": {"polygon_id": "farmforest_143", "source": "farmforest", "raw_class": 6, "core_class": "greenery"}}, {"type": "Feature", "geometry": {"type": "Polygon", "coordinates": [[[72.95533664786755, 19.097124102302732], [72.95570086899015, 19.097684084004186], [72.95412233312635, 19.098705306520838], [72.95282240753262, 19.099502166625815], [72.95168305194551, 19.100157449407998], [72.95069958290934, 19.098809392657614], [72.95069832135582, 19.098807693789936], [72.94957850974481, 19.097346700016445], [72.950569642862, 19.09688557316294], [72.95057108463824, 19.096884832505204], [72.95171720385733, 19.096327403858457], [72.95171738407849, 19.096327245472327], [72.95234491331907, 19.096020174946], [72.9539571620523, 19.095284323002875], [72.95451376918952, 19.096117146601802], [72.95451521094178, 19.09611921346661], [72.95451683291306, 19.096120858729982], [72.95451791422724, 19.09612280369386], [72.95486564659082, 19.096564266285412], [72.95486726855971, 19.096566262499802], [72.95486744877847, 19.096566367318808], [72.95486753888785, 19.09656655133373], [72.95533664786755, 19.097124102302732]]]}, "properties": {"polygon_id": "farmforest_144", "source": "farmforest", "raw_class": 6, "core_class": "greenery"}}, {"type": "Feature", "geometry": {"type": "Polygon", "coordinates": [[[85.84798136561247, 26.048424330284004], [85.85481298999228, 26.047804853480937], [85.85463579885987, 26.05347537825803], [85.84775229130527, 26.054220420138076], [85.84798136561247, 26.048424330284004]]]}, "properties": {"polygon_id": "farmforest_145", "source": "farmforest", "raw_class": 5, "core_class": "greenery"}}, {"type": "Feature", "geometry": {"type": "Polygon", "coordinates": [[[84.36476725847301, 25.26810066530441], [84.3719040067377, 25.265685495560557], [84.37349791624393, 25.269494332533505], [84.37322762918453, 25.27374091804668], [84.36648625302995, 25.27428892412279], [84.36476725847301, 25.26810066530441]]]}, "properties": {"polygon_id": "farmforest_146", "source": "farmforest", "raw_class": 5, "core_class": "greenery"}}, {"type": "Feature", "geometry": {"type": "Polygon", "coordinates": [[[87.36246014239697, 26.276198423517226], [87.36400317968311, 26.274885677844622], [87.36400514896962, 26.274883913044178], [87.36400923902596, 26.27487903561978], [87.36401408649968, 26.274874802312954], [87.36401764636287, 26.27486892476494], [87.36402211512691, 26.274863604063334], [87.36402453886316, 26.274857885831313], [87.36402779575856, 26.274852633022128], [87.36521132133409, 26.272083736245406], [87.37332848513826, 26.272136235484005], [87.37441855737269, 26.28111535335903], [87.36380503873794, 26.282442730927155], [87.36246014239697, 26.276198423517226]]]}, "properties": {"polygon_id": "farmforest_147", "source": "farmforest", "raw_class": 5, "core_class": "greenery"}}, {"type": "Feature", "geometry": {"type": "Polygon", "coordinates": [[[86.97368693116101, 25.515121857908756], [86.97400691612573, 25.51355608706078], [86.9802293216975, 25.51333282140053], [86.97946817334234, 25.514904550632433], [86.97946794426298, 25.514904997316968], [86.97840668417005, 25.51713453475089], [86.97840561510934, 25.517136859987378], [86.97840401151825, 25.517142875568606], [86.97840149158928, 25.517148511241665], [86.97840080433589, 25.517155087282475], [86.97839904802166, 25.517161551108913], [86.97839935346761, 25.517167696140984], [86.9783986662142, 25.517173820801652], [86.97853810209355, 25.52022736113868], [86.97537793974655, 25.520978919054055], [86.97382523518651, 25.519261943647923], [86.97277629880216, 25.517283483633687], [86.9721591454067, 25.515609538763467], [86.97361903908896, 25.515191329459743], [86.9736216356379, 25.515190570338763], [86.97363072355813, 25.515186333580136], [86.97364004058382, 25.51518282373969], [86.97364317171498, 25.51518054090849], [86.97364668469119, 25.515178897858913], [86.97365401611894, 25.515172638920443], [86.97366195849774, 25.515166843919197], [86.97366417319928, 25.515163910318744], [86.97366707522185, 25.515161442225562], [86.97367219194543, 25.51515351279557], [86.9736779959894, 25.51514595859614], [86.97367921789332, 25.51514255320971], [86.9736812034871, 25.515139524623777], [86.97368372366371, 25.515130639065386], [86.97368693116101, 25.515121857908756]]]}, "properties": {"polygon_id": "farmforest_148", "source": "farmforest", "raw_class": 5, "core_class": "greenery"}}, {"type": "Feature", "geometry": {"type": "Polygon", "coordinates": [[[70.76225398386562, 20.929839537334473], [70.76178448983426, 20.927233361220114], [70.76233447110137, 20.92684558273368], [70.76415164592642, 20.92674025321693], [70.7641542774038, 20.926740036211946], [70.76415799776835, 20.92673924818198], [70.76416171813288, 20.926739157934986], [70.76469681512648, 20.926654477186005], [70.76615065700268, 20.926422479206405], [70.76615328846866, 20.926422087710225], [70.76616118286648, 20.926419430419603], [70.766169440225, 20.92641760038828], [70.7661739772351, 20.926415250098707], [70.76617887720595, 20.9264136398452], [70.76618577346116, 20.92640903467632], [70.76619312341724, 20.92640518010492], [70.76712466134688, 20.92573687520937], [70.76798777955554, 20.93015912674807], [70.76740395902664, 20.930674961576642], [70.76336093166418, 20.930547758014733], [70.76225398386562, 20.929839537334473]]]}, "properties": {"polygon_id": "farmforest_149", "source": "farmforest", "raw_class": 5, "core_class": "greenery"}}, {"type": "Feature", "geometry": {"type": "Polygon", "coordinates": [[[70.65030773671936, 22.33936384571983], [70.65053963473362, 22.33891798110868], [70.65054072388254, 22.338915760542857], [70.65054172226905, 22.33891256931643], [70.65054344675485, 22.33890964217719], [70.65054553429026, 22.338900392562753], [70.65054834792495, 22.338891319812003], [70.65054834792495, 22.33888800532937], [70.65054907402423, 22.338884867710618], [70.65054825716254, 22.338875433979524], [70.65054825716254, 22.338865926647703], [70.65054725877604, 22.3388627505789], [70.6505469864888, 22.338859489704255], [70.65054335599243, 22.338850668071544], [70.6505404515953, 22.338841587186657], [70.6505385455847, 22.338838822406643], [70.65053727491095, 22.338835787169238], [70.64981834532088, 22.337621941071898], [70.65291860243444, 22.33531134308871], [70.65276748373952, 22.336725348101236], [70.65276730221555, 22.33672776797132], [70.65276730221555, 22.336728116867842], [70.65276721145355, 22.33672836733744], [70.65276830059747, 22.336740800373388], [70.6527692082174, 22.336753123779673], [70.6527692989794, 22.336753396654867], [70.6527693897414, 22.336753669530058], [70.65277410936498, 22.336765329540366], [70.65277873822653, 22.33677697834815], [70.65277891975053, 22.336777175202023], [70.65277901051253, 22.336777448077225], [70.65278708832963, 22.33678734198838], [70.65279507538465, 22.336797311921046], [70.6527953476706, 22.33679751997773], [70.65279552919458, 22.33679780405575], [70.65280623910904, 22.336805231675783], [70.65281685826125, 22.336812735316986], [70.65281722130919, 22.3368128673523], [70.65281749359514, 22.33681298818482], [70.65283001874873, 22.336817412566543], [70.652842543902, 22.33682183694754], [70.65284281618794, 22.336821870555873], [70.65284317923584, 22.33682200259114], [70.65285652124656, 22.336822951605658], [70.65286986325692, 22.33682398784308], [70.65287013554283, 22.3368239342272], [70.65287049859073, 22.336823979038247], [70.6546870053256, 22.336717074621532], [70.65780102693182, 22.336699778683137], [70.65814065465604, 22.343958948819765], [70.65453960841093, 22.34419488827129], [70.65492298551419, 22.341132215422082], [70.65492325779896, 22.34112971951089], [70.65492271322941, 22.341120406458213], [70.6549228947526, 22.341111008580864], [70.6549219871367, 22.34110775645508], [70.65492180561354, 22.341104419504603], [70.65491844743472, 22.34109554417885], [70.65491581534862, 22.34108649680368], [70.65491390935522, 22.34108364479277], [70.65491263869295, 22.3410804350795], [70.6549068299511, 22.341072827317124], [70.65490156577874, 22.34106485064937], [70.65489884293095, 22.341062508384393], [70.65489675541431, 22.34105972119223], [70.65488876839397, 22.341053937951262], [70.6548813259431, 22.341047611355133], [70.65487805852563, 22.34104616134453], [70.65487515415448, 22.341044058347745], [70.65486580570982, 22.341040549354727], [70.65485672954978, 22.341036376172127], [70.65485309908571, 22.34103575359689], [70.65484974090643, 22.34103446683242], [70.65483966636843, 22.34103357218254], [70.65482977335344, 22.341031914914932], [70.65400484041007, 22.341005187489486], [70.65400257136604, 22.341005169070993], [70.65400211755723, 22.341005113052585], [70.65398877557809, 22.341006780641653], [70.65397534283682, 22.34100843702545], [70.65397516131328, 22.341008501842545], [70.65397488902798, 22.341008555455936], [70.65396254542755, 22.341013573588477], [70.6539502018268, 22.341018591719287], [70.65395002030327, 22.341018743760802], [70.65394983877972, 22.34101880857784], [70.65393949193768, 22.34102686437209], [70.6539291450954, 22.34103483294029], [70.65392905433362, 22.341035083409952], [70.65392878204828, 22.34103522424768], [70.65392133958267, 22.341045557496955], [70.65391380635512, 22.341055879541337], [70.65391371559335, 22.341056130010976], [70.65391362483156, 22.341056293256138], [70.65390954055155, 22.341068174960466], [70.65390545627146, 22.341080056664197], [70.65336923537978, 22.34400774788765], [70.64780413872786, 22.342995604424324], [70.6478015066031, 22.342995192156046], [70.64779479014676, 22.342994973282075], [70.64778816445325, 22.342993980617663], [70.64331952202303, 22.342876083917883], [70.64335065399183, 22.341967604220915], [70.64809340007541, 22.33885686940305], [70.65019337601395, 22.339411393553874], [70.65019591736325, 22.33941205620077], [70.65020753495989, 22.339413228837618], [70.65021906179378, 22.339414826383496], [70.65022114933059, 22.339414560771587], [70.6502232368674, 22.339414818498184], [70.65023476370092, 22.33941292711908], [70.65024629053417, 22.33941147185427], [70.65024819654593, 22.33941074771539], [70.65025028408263, 22.339410394879838], [70.65026072176596, 22.339405577892844], [70.65027143173644, 22.339401230636497], [70.65027306546072, 22.33940003676514], [70.65027488070994, 22.339399214197115], [70.65028350314356, 22.339391905297038], [70.65029248862686, 22.33938499011007], [70.6502936685388, 22.33938339131852], [70.65029521150055, 22.33938201179496], [70.65030120182263, 22.339372807918373], [70.65030773671936, 22.33936384571983]]]}, "properties": {"polygon_id": "farmforest_150", "source": "farmforest", "raw_class": 5, "core_class": "greenery"}}, {"type": "Feature", "geometry": {"type": "Polygon", "coordinates": [[[69.50690843722087, 22.148158753350327], [69.5080361473446, 22.151478343911826], [69.50735213852892, 22.153861117751614], [69.50735150207225, 22.153863551151687], [69.5073508656156, 22.153870496855287], [69.50734922901279, 22.15387722523425], [69.5073495927023, 22.153882999861256], [69.50734904716803, 22.15388882935698], [69.50735050192608, 22.1538956141524], [69.50735095653799, 22.15390261549856], [69.5073530477527, 22.153908008194982], [69.50735422974363, 22.153913716085334], [69.50735768479397, 22.153919894229638], [69.50736023062056, 22.153926474342978], [69.50736395843806, 22.15393112614065], [69.50736677703176, 22.15393626668238], [69.50737195960726, 22.15394136869581], [69.5073764148037, 22.15394698318963], [69.50738141553438, 22.153950499515428], [69.50738568888605, 22.15395470187176], [69.50739214437469, 22.153958234537683], [69.50739814525141, 22.153962488838562], [69.50740396428336, 22.153964636801], [69.50740932870339, 22.153967506398416], [69.50741660249322, 22.15396923682508], [69.50742360351589, 22.15397179939803], [69.50914685371693, 22.15435049316514], [69.50879143872551, 22.157621536644914], [69.50312442066432, 22.15942942587965], [69.50128132346985, 22.15497132505377], [69.50327871659282, 22.15232860214937], [69.50690843722087, 22.148158753350327]]]}, "properties": {"polygon_id": "farmforest_151", "source": "farmforest", "raw_class": 5, "core_class": "greenery"}}, {"type": "Feature", "geometry": {"type": "Polygon", "coordinates": [[[83.79828754427467, 24.16704228981649], [83.79828819204982, 24.167039786742084], [83.79828859690929, 24.167034112100026], [83.79828997343145, 24.167028476895922], [83.79829985200139, 24.166917314702754], [83.79844689675743, 24.166928070612702], [83.79844964979468, 24.166928182350254], [83.7984581518207, 24.166927533741607], [83.79846673481723, 24.166927611095293], [83.79847199797487, 24.166926379357413], [83.79847734210371, 24.166925873582194], [83.79848535829612, 24.166923037223984], [83.79849361740236, 24.166921023735433], [83.7985961273938, 24.16688092029872], [83.79859863750993, 24.16687993815918], [83.7985988804244, 24.16687976734892], [83.79859912333886, 24.166879686873248], [83.79861054031734, 24.166872923474713], [83.79862195729372, 24.166866160074918], [83.79862220020809, 24.166865898930016], [83.79862244312245, 24.166865818454294], [83.79863126901049, 24.166856330188857], [83.79864017586868, 24.166846935543308], [83.79864033781155, 24.16684667111207], [83.79864049975441, 24.166846497015428], [83.79864608678295, 24.16683516093965], [83.79865183575383, 24.166823831435728], [83.79865183575383, 24.166823560431922], [83.79865199769667, 24.166823386335246], [83.79865386003924, 24.16681099574381], [83.79865588432456, 24.166798702059086], [83.79865588432456, 24.166798521389865], [83.79865588432456, 24.166798250386034], [83.79865588432456, 24.166657689711215], [83.79866924460605, 24.166401229818664], [83.79866932557744, 24.16639870373352], [83.7986685158635, 24.16639288945107], [83.79866875877768, 24.166387027554645], [83.79866681546417, 24.166380354252798], [83.7986659247788, 24.166373543002265], [83.79866341466538, 24.1663681113825], [83.79866179523734, 24.16636244490694], [83.79865798958122, 24.166356509034078], [83.79865499363902, 24.16635015434977], [83.79865086409681, 24.166345650686996], [83.79864762524001, 24.166340641164343], [83.79864211918301, 24.166335900966136], [83.79863726089704, 24.166330554714634], [83.79863199775347, 24.166327269729965], [83.7986273014096, 24.166323285071122], [83.79862058077894, 24.166320121603285], [83.79861434597638, 24.166316255174973], [83.79860819214463, 24.166314469730782], [83.79860252414117, 24.166311800656807], [83.79847313157799, 24.166271589651856], [83.79847110728667, 24.166270965485758], [83.7984705404851, 24.16627076181215], [83.79845709918897, 24.166268861262257], [83.79844373886161, 24.166266783328066], [83.79844341497486, 24.16626686051742], [83.7984430101164, 24.166266753751064], [83.79842956881427, 24.166268285916775], [83.79841612750924, 24.16626972774643], [83.79804608561372, 24.16635895480029], [83.7980434135307, 24.16635965935484], [83.79803790741988, 24.166361965236824], [83.79803215839189, 24.166363357912584], [83.79802535672427, 24.16636714689714], [83.79801815019466, 24.166370196771343], [83.79801353477639, 24.166373803489314], [83.79800843352422, 24.16637666781052], [83.79788154986224, 24.16647233105279], [83.79772187203099, 24.166051575123465], [83.79826195715073, 24.165741787432836], [83.79826430533659, 24.165740437381647], [83.7982705401745, 24.165735360681417], [83.79827734181514, 24.165730939328846], [83.79828082360707, 24.165726925243174], [83.79828503414589, 24.165723482743374], [83.79828940662821, 24.165716975433522], [83.79829458882908, 24.165711042995717], [83.79839353639358, 24.165556792308678], [83.79878236154025, 24.165341224867287], [83.79878414290764, 24.16534030347606], [83.79878470970634, 24.16533996513866], [83.7987949120821, 24.165331797361745], [83.7988051954274, 24.16532381353957], [83.79900462721073, 24.165117090321456], [83.79921077891755, 24.16519158126184], [83.79924017126906, 24.16533270289337], [83.79916454463937, 24.16552358309503], [83.79916365396116, 24.165525985993895], [83.79916349201967, 24.165526882771495], [83.7991630061952, 24.165527766405745], [83.79916106289723, 24.16553943108599], [83.79915879571621, 24.16555099228756], [83.79915887668696, 24.165551898922615], [83.79915871474545, 24.165552886035062], [83.79916033416048, 24.165564514621682], [83.79916171066323, 24.165576223685427], [83.79916211551696, 24.165577143463803], [83.79916227745848, 24.165578053384653], [83.79922308646039, 24.16577961916597], [83.79912600255265, 24.165943973262394], [83.79912470701991, 24.165946269393782], [83.79912219692514, 24.16595303297845], [83.79911879615142, 24.16595948941346], [83.79911774353096, 24.16596504745639], [83.79911580023156, 24.165970298349748], [83.79911547634832, 24.165977511992626], [83.79911418081537, 24.165984595869627], [83.79911490955266, 24.165990135867382], [83.79911466664022, 24.165995636434126], [83.79911652896884, 24.166002667791737], [83.79911750061854, 24.16600975333905], [83.79917571860119, 24.16620994913424], [83.79885620727246, 24.166557598810247], [83.79885450687831, 24.166559517164703], [83.79885207774372, 24.16656339330699], [83.79884883889744, 24.16656678491451], [83.79884503325287, 24.1665743089142], [83.79884049886752, 24.166581441999682], [83.79883928429997, 24.16658581910677], [83.79883726002065, 24.166589802013743], [83.79883596448185, 24.16659806022547], [83.79883369728888, 24.16660609833399], [83.79883394020241, 24.166610534591225], [83.79883321146181, 24.16661493141473], [83.79882875804678, 24.16741213408211], [83.79882673376713, 24.167478267115456], [83.79845086436988, 24.167508992148637], [83.79819458846995, 24.16739542836642], [83.79828754427467, 24.16704228981649]]]}, "properties": {"polygon_id": "farmforest_152", "source": "farmforest", "raw_class": 5, "core_class": "greenery"}}, {"type": "Feature", "geometry": {"type": "Polygon", "coordinates": [[[83.78626221021352, 24.172117404021016], [83.79034612040176, 24.17111654153749], [83.7912493093776, 24.17360541794192], [83.78752892501858, 24.174268777777062], [83.78626221021352, 24.172117404021016]]]}, "properties": {"polygon_id": "farmforest_153", "source": "farmforest", "raw_class": 5, "core_class": "greenery"}}, {"type": "Feature", "geometry": {"type": "Polygon", "coordinates": [[[83.76672239486761, 24.177456640840816], [83.76575403634617, 24.177723152089122], [83.76558779440853, 24.177455678870736], [83.76558641715863, 24.177453545101752], [83.76558576904104, 24.177452796020106], [83.76558536396753, 24.17745196653041], [83.76557701945272, 24.177442954402938], [83.76556883696625, 24.17743385856014], [83.76556794580429, 24.17743328021487], [83.76556729768649, 24.177432621461566], [83.76555652272712, 24.177426129653195], [83.7655459097954, 24.177419463800856], [83.76554493761837, 24.177419153133904], [83.76554404645607, 24.17741866511691], [83.76553173221203, 24.177415181643706], [83.76551949898031, 24.17741152081947], [83.76551844578808, 24.177411477830777], [83.7655174736106, 24.17741116716365], [83.76550459225763, 24.17741100269185], [83.76549171090197, 24.177410567233604], [83.76549065770926, 24.177410795229957], [83.76548960451652, 24.177410752241048], [83.76525773964903, 24.177437509555237], [83.76525506614969, 24.177437852066824], [83.76524421012088, 24.17744084140947], [83.76523327307501, 24.177443375802262], [83.76523092363529, 24.17744454449671], [83.76522841216511, 24.177445254935225], [83.76521893338973, 24.177450920017368], [83.76520913055212, 24.177456029900384], [83.76520734821784, 24.177457854041958], [83.76520507979232, 24.17745911637121], [83.765197788424, 24.177466948293127], [83.76518992994833, 24.17747439575175], [83.76518871472004, 24.177476604355533], [83.76518701340038, 24.177478431803685], [83.76518231451732, 24.177487814802614], [83.76517704852725, 24.17749690366678], [83.76517656243584, 24.177499322690263], [83.76517550923776, 24.177501537907798], [83.765173888933, 24.17751167887142], [83.76517162050625, 24.17752179337845], [83.76517186355197, 24.1775242421651], [83.76517145847576, 24.17752666449543], [83.7651730787806, 24.177536847411552], [83.76517405096348, 24.177547094199518], [83.76517502314634, 24.177549392092683], [83.7651753472073, 24.177551753857887], [83.76518004609089, 24.177561159157474], [83.76518409685232, 24.17757080898558], [83.76535576787848, 24.1778502467523], [83.76476994563272, 24.17805531490137], [83.76408633081518, 24.176130511478735], [83.76612775501903, 24.17571405051527], [83.76723868993264, 24.176985418551617], [83.76692209211964, 24.177089926518953], [83.76691949970508, 24.177090814343266], [83.76691561108305, 24.17709282354456], [83.76691131739591, 24.177094183915276], [83.76669728076601, 24.177192308129726], [83.76669485036854, 24.177193473546986], [83.7666918528782, 24.17719551910749], [83.76668845032142, 24.177196915837097], [83.76668067304806, 24.177203011780918], [83.76667249070735, 24.177208549221866], [83.76667022233548, 24.17721125683701], [83.76666730585723, 24.17721348636006], [83.76666179695349, 24.17722130078852], [83.76665555892954, 24.177228633818316], [83.7666541817034, 24.177231829443404], [83.76665215637077, 24.177234727633554], [83.76664915887837, 24.17724363816558], [83.7666455132793, 24.17725234159098], [83.76664518922603, 24.17725576085275], [83.7666440550396, 24.177259056724456], [83.76664397402628, 24.177268357262676], [83.76664308287978, 24.177277624739222], [83.76664381199966, 24.17728099665211], [83.76664381199966, 24.177284429138236], [83.76664656645238, 24.177293393748183], [83.76664851077187, 24.177302505953676], [83.7666502930647, 24.177305559531987], [83.7666512652244, 24.177308851034546], [83.76672239486761, 24.177456640840816]]]}, "properties": {"polygon_id": "farmforest_154", "source": "farmforest", "raw_class": 5, "core_class": "greenery"}}, {"type": "Feature", "geometry": {"type": "Polygon", "coordinates": [[[85.43791532196411, 23.487796649421526], [85.43908149340295, 23.490008618847398], [85.43942165152066, 23.49086907532824], [85.43831325708149, 23.491122226376742], [85.43786306128045, 23.490341754789874], [85.43786172328035, 23.490339540708565], [85.43785574163248, 23.490332387933634], [85.43785046833709, 23.49032489331184], [85.43784739880668, 23.490322447468376], [85.43784488021751, 23.490319383305074], [85.43783693091969, 23.49031407630552], [85.43782953256225, 23.490308241613036], [85.43782583338314, 23.490306683674685], [85.43782252773352, 23.490304412197702], [85.43781331913708, 23.490301334143982], [85.43780442536296, 23.490297630882576], [85.43780033265224, 23.490297058363723], [85.43779655476516, 23.490295770010455], [85.43778671651633, 23.490295120522912], [85.43777703567771, 23.490293841235985], [85.43644822576955, 23.49028489079692], [85.43644554969939, 23.490284903340765], [85.43643634086872, 23.49028626592962], [85.43642705332853, 23.490286810577576], [85.43642272438974, 23.490288315553183], [85.43641815932665, 23.490288997995208], [85.43640981627934, 23.490292651521564], [85.43640107969067, 23.490295568547804], [85.43639738041396, 23.4902980887931], [85.43639320888886, 23.4902998702421], [85.4363862825823, 23.49030555890116], [85.43637880531858, 23.490310687721077], [85.43637597182888, 23.490313958244858], [85.43637250867464, 23.490316847887392], [85.43636762877506, 23.490324046290063], [85.43636196179439, 23.49033076859091], [85.43636030892489, 23.490334707952847], [85.43635786897462, 23.490338352467344], [85.43635527160808, 23.49034652374169], [85.43635196586865, 23.4903544930921], [85.43635157232825, 23.49035865045378], [85.43635031299888, 23.490362782552573], [85.43635031299888, 23.490371301496143], [85.436349525918, 23.490379797473338], [85.43642854878001, 23.49170498508225], [85.43544382438171, 23.49168213867325], [85.43504232622341, 23.490783999139584], [85.43496951943591, 23.488529882731125], [85.43701200783583, 23.488130816385773], [85.43701460517086, 23.488130257764723], [85.43702137398279, 23.488127736405033], [85.43702837891519, 23.488126128207767], [85.43791532196411, 23.487796649421526]]]}, "properties": {"polygon_id": "farmforest_155", "source": "farmforest", "raw_class": 5, "core_class": "greenery"}}, {"type": "Feature", "geometry": {"type": "Polygon", "coordinates": [[[85.7393906886941, 22.259963719010358], [85.73939233222754, 22.259961764859423], [85.73939460186885, 22.25995782998462], [85.73939765414494, 22.259954278655194], [85.73940109773828, 22.259946652617003], [85.73940540222962, 22.2599394121681], [85.7394064196548, 22.259934990707034], [85.73940821971469, 22.25993086201511], [85.73940923713981, 22.25992262795352], [85.73941111546306, 22.259914597928876], [85.73941080240918, 22.25991014171876], [85.73941135025346, 22.259905617217015], [85.73940986324756, 22.259897499297978], [85.73940915887634, 22.259889311043224], [85.73940751534343, 22.259885092412762], [85.73940665444523, 22.25988062189422], [85.73918955112237, 22.259257491817483], [85.73954799809044, 22.259058340418367], [85.74024461482078, 22.25955592140427], [85.74024672790105, 22.259557429001966], [85.74024805835894, 22.259558008400788], [85.74024915403012, 22.259558944774], [85.74026011074073, 22.259563951243678], [85.7402709891869, 22.259569318774236], [85.74027239790637, 22.259569627887572], [85.74027372836362, 22.2595702072862], [85.74028585900174, 22.25957215801391], [85.74029783311278, 22.259574467758725], [85.7402993200937, 22.259574415810203], [85.74030072881241, 22.259574634146997], [85.74031293770648, 22.25957340974582], [85.74032522485983, 22.259572459716054], [85.74032655531575, 22.25957204057497], [85.74032804229587, 22.259571897849874], [85.74033939030059, 22.259567564573242], [85.74035089482703, 22.259563507711622], [85.74035206875816, 22.25956272137802], [85.7403533992134, 22.259562211460366], [85.7403629471854, 22.25955510789131], [85.74037280820382, 22.2595482848245], [85.74037366908628, 22.259547217987667], [85.74037484301692, 22.259546340877527], [85.74090553525097, 22.259024616563806], [85.7409073352598, 22.259022757253806], [85.7409133613759, 22.25901438160164], [85.74091993531994, 22.259006292580658], [85.74092095271597, 22.259003868180127], [85.74092251794059, 22.259001639634747], [85.74092572665091, 22.25899201033359], [85.74092963971202, 22.258982580973775], [85.74092979623445, 22.258979952545193], [85.74093065710787, 22.258977433281746], [85.74093089189151, 22.25896727245688], [85.74093175276491, 22.258957218753885], [85.74091508312323, 22.258713684395065], [85.74118970110403, 22.25867401304901], [85.74164838586348, 22.259524851624935], [85.74164963802595, 22.259527062944624], [85.74165449015523, 22.25953309006878], [85.74165848142253, 22.25953973015628], [85.74166255094967, 22.259543285888512], [85.7416658378752, 22.25954754740342], [85.74167233346553, 22.25955216500444], [85.74167820297419, 22.25955740169734], [85.74168313336095, 22.259559799807068], [85.74168759418667, 22.259563002647315], [85.74169518541554, 22.259565742542605], [85.74170238534295, 22.259569289211115], [85.74170794180799, 22.259570342016573], [85.74171318523221, 22.259572203638267], [85.7417212460177, 22.259572867931773], [85.74172930680196, 22.25957443998903], [85.74173486326416, 22.259574040370865], [85.74174049798582, 22.2595745505595], [85.74174848050713, 22.259573034174704], [85.74175661954723, 22.259572429639277], [85.74292048937662, 22.25933165632949], [85.74292315015776, 22.259331090328075], [85.742928863011, 22.25932887921762], [85.74293496715485, 22.259327586083135], [85.74294154084747, 22.259324126564636], [85.7429485058304, 22.259321494245455], [85.74295335784045, 22.259317899022054], [85.74295875765755, 22.259315044305882], [85.74296407921588, 22.25931000891048], [85.74296994858109, 22.259305623245677], [85.7429735484581, 22.259300996805], [85.74297793091671, 22.259296844668416], [85.74298145253499, 22.259290672984164], [85.74298583499296, 22.25928497764609], [85.74298786970547, 22.25927949337305], [85.74299076525774, 22.259274394669706], [85.7429922521629, 22.25926753445341], [85.74299475642414, 22.25926097311452], [85.74299506945678, 22.25925517158447], [85.74299632158734, 22.259249576113163], [85.74299569552207, 22.25924256998232], [85.74299608681287, 22.259235590399285], [85.74299467816597, 22.259229925495138], [85.742994208617, 22.259224194320122], [85.74285749143046, 22.258658810601567], [85.74341719229213, 22.258606331251002], [85.74358982813472, 22.25876016306942], [85.74359178456669, 22.258761938870045], [85.74359256713946, 22.258762413171088], [85.74359327145494, 22.25876306698356], [85.74360391444333, 22.258769517477283], [85.74361447917231, 22.258776147481818], [85.74361541825921, 22.258776444313078], [85.74361620083164, 22.258776918614014], [85.74362840895989, 22.258780414313485], [85.7436405388281, 22.258783998746885], [85.74364155617175, 22.258784025289916], [85.7436424952582, 22.258784322121027], [85.74365525118067, 22.25878447337589], [85.74366800710004, 22.258784806182916], [85.743668946186, 22.258784558354133], [85.74366988527196, 22.25878458285522], [85.74368217164495, 22.258781453898816], [85.74369453627219, 22.258778508536324], [85.74369539710058, 22.258778077112375], [85.74369633618605, 22.258777829283407], [85.74400404229674, 22.258652960079225], [85.74400646825336, 22.258651934048086], [85.74401288529938, 22.25864801650722], [85.74401969362783, 22.25864492616378], [85.74402423251298, 22.258641050401433], [85.74402939745079, 22.258637917184664], [85.74403432761821, 22.258632599203143], [85.74403996209472, 22.25862784425535], [85.74404317061578, 22.258622935242553], [85.7440471617027, 22.25861859130512], [85.74405029196673, 22.258612137047265], [85.7440542830531, 22.25860615912959], [85.74405592644152, 22.258600664625476], [85.74405843065236, 22.258595464908254], [85.74405944798798, 22.258588410868402], [85.74406148265915, 22.258581655698485], [85.74406140440257, 22.25857593472699], [85.74406218696838, 22.258570326989055], [85.74406116963281, 22.258563310645737], [85.74406101311965, 22.258556225982645], [85.74401883280474, 22.258312933433963], [85.74562009601725, 22.258112778739704], [85.74591573983675, 22.259079908435655], [85.74572260901654, 22.25938578254208], [85.74572127869645, 22.259387926492035], [85.7457204961552, 22.259389993950343], [85.74571916583507, 22.25939186556996], [85.74571564439923, 22.25940184995792], [85.74571165343832, 22.259411731324473], [85.74571149693004, 22.259413905885353], [85.74571071438865, 22.259415973343547], [85.74571040137211, 22.259426495285282], [85.74570954057656, 22.25943700294176], [85.74571001010139, 22.25943919382855], [85.74570993184724, 22.259441370430128], [85.74571282725037, 22.259451522158358], [85.74571517487443, 22.259461841154874], [85.74571627043228, 22.25946377603728], [85.74571689646532, 22.259465971005522], [85.74572268727067, 22.259475018143068], [85.74572808680479, 22.25948423663029], [85.74572973014116, 22.259485822690728], [85.74573098220694, 22.259487761654526], [85.74593099933256, 22.25971683316771], [85.74491893307166, 22.261101924178693], [85.74491768098666, 22.261103616273935], [85.74491744622071, 22.261103973256557], [85.74491189009309, 22.261115356955603], [85.74490625570955, 22.26112664783635], [85.74444924260031, 22.262548450664376], [85.74209235385898, 22.26217512805555], [85.74198631213312, 22.26174326033029], [85.74198560779622, 22.26174088176008], [85.74198192959227, 22.261732525100165], [85.74197895572506, 22.261723914496823], [85.7419766861947, 22.261720859635275], [85.7419751210013, 22.261717369277694], [85.74196909500627, 22.261710403753288], [85.74196361682836, 22.2617029078707], [85.74196048644072, 22.26170046597185], [85.74195798213049, 22.261697586534165], [85.74194999964082, 22.261692385464283], [85.74194256496799, 22.26168665403612], [85.74193880850132, 22.261685103557262], [85.74193552159275, 22.26168302067757], [85.74192636520355, 22.261680058371777], [85.74191744359204, 22.26167646675982], [85.74191337408453, 22.261675997424817], [85.74190953935602, 22.261674808007726], [85.74189983514383, 22.261674373137428], [85.74189020918966, 22.26167321409878], [85.74151565647372, 22.261677688232716], [85.7415129956217, 22.261677800320328], [85.74150219569152, 22.261679606228487], [85.74149139575914, 22.261680867478074], [85.74148881316628, 22.261681889371257], [85.74148599579212, 22.261682360477334], [85.74147621324177, 22.26168691623255], [85.74146619590833, 22.261690921199953], [85.74146400461639, 22.261692588742235], [85.74146150028264, 22.26169379423058], [85.74145343945754, 22.2617006643398], [85.74144506558939, 22.261707072394522], [85.74144342211979, 22.261709208119736], [85.74144138734782, 22.261711061300417], [85.74143575259428, 22.261719719494728], [85.74142957001679, 22.261728091057897], [85.74142870915152, 22.26173051954306], [85.74142730046286, 22.26173284294997], [85.74142448308541, 22.261742573235548], [85.74142111788437, 22.2617521984427], [85.74136343987058, 22.262057607202376], [85.73971634210504, 22.261665381388042], [85.7388016743291, 22.260659746740632], [85.7393906886941, 22.259963719010358]]]}, "properties": {"polygon_id": "farmforest_156", "source": "farmforest", "raw_class": 5, "core_class": "greenery"}}, {"type": "Feature", "geometry": {"type": "Polygon", "coordinates": [[[86.68153798365135, 24.097785807567856], [86.68237326767259, 24.09824806927974], [86.68246984070957, 24.099363223041998], [86.68027342943256, 24.09991981282908], [86.67891095666, 24.099461453718405], [86.67838702499877, 24.098384812691013], [86.67907561096187, 24.0978487465237], [86.67907768546425, 24.09784716025634], [86.67907891479895, 24.097845827565923], [86.67908045146729, 24.097844773377666], [86.67908782747463, 24.09783605228679], [86.67909551081445, 24.097827609697436], [86.67909627914837, 24.097826085799777], [86.67909743164921, 24.09782466082894], [86.67910188798558, 24.09781442669743], [86.67910665165505, 24.097804380449123], [86.67910688215518, 24.097802663682675], [86.67910765048892, 24.097801049166353], [86.67910872615613, 24.09779010759131], [86.67911026282353, 24.097779175985945], [86.67910995549005, 24.097777447587774], [86.67911010915678, 24.097775729159547], [86.67910780415565, 24.09776498632637], [86.67910603698805, 24.097754164506053], [86.67910519182091, 24.097752515094665], [86.67910480765403, 24.097750785034734], [86.67896289620069, 24.09737726730632], [86.67942404930109, 24.097150453731427], [86.67942650795314, 24.097149238237023], [86.67943196308694, 24.097145368979877], [86.67943795605014, 24.097142145683165], [86.67944287335271, 24.097137539846123], [86.67944840531754, 24.09713358163096], [86.67945247745791, 24.097128504424276], [86.67945724109339, 24.097123895263625], [86.67946054490483, 24.09711825773022], [86.67946461704419, 24.09711299928562], [86.6794669988614, 24.09710706995868], [86.67947022583938, 24.097101430763335], [86.67947160882987, 24.09709511736287], [86.67947399064674, 24.097089097416866], [86.67947437481075, 24.0970827624176], [86.67947575780113, 24.09707653963547], [86.67947514313873, 24.097070183037467], [86.67947560413552, 24.097063759080687], [86.67947399064674, 24.0970575621213], [86.67947345281712, 24.097051207184474], [86.67947091733463, 24.097045262143794], [86.6794693806785, 24.097038976226905], [86.67946600003485, 24.097033466003666], [86.67946354138478, 24.09702752262413], [86.67927629945363, 24.09671990097489], [86.67927491645764, 24.096717786836983], [86.67927307246292, 24.096715662729963], [86.67927176629996, 24.09671318777864], [86.67864418939669, 24.095866103709174], [86.67816551063677, 24.09403775144213], [86.67856720157047, 24.09363602509928], [86.67892624656008, 24.09336268875706], [86.68077383077328, 24.093392572909924], [86.68135920090899, 24.094065023597935], [86.6815962972629, 24.095094054418762], [86.68103105951174, 24.095987305063694], [86.68102975339549, 24.095989451690116], [86.6810266033503, 24.095997086221363], [86.68102268500112, 24.09600443229001], [86.68102183986696, 24.096008944972933], [86.68102007276816, 24.0960132564913], [86.68101945812509, 24.096021398914758], [86.68101792151741, 24.096029521411488], [86.6810184593301, 24.096034063983954], [86.68101807517817, 24.096038586629817], [86.68101999593779, 24.09604660261293], [86.68102091790239, 24.096054687627756], [86.68149357613791, 24.097731292243715], [86.68149434443433, 24.09773375555153], [86.68149795542736, 24.097741083082678], [86.68150072129417, 24.09774884544282], [86.68150364082008, 24.09775262390238], [86.68150571521997, 24.097756927809716], [86.6815114774414, 24.09776303316952], [86.68151647136612, 24.097769756255985], [86.68152038967592, 24.097772740731997], [86.68152369334864, 24.097776255636923], [86.68153114581885, 24.097780675769386], [86.68153798365135, 24.097785807567856]]]}, "properties": {"polygon_id": "farmforest_157", "source": "farmforest", "raw_class": 5, "core_class": "greenery"}}, {"type": "Feature", "geometry": {"type": "Polygon", "coordinates": [[[84.48736811310309, 23.267695010184482], [84.4871844022208, 23.26754068603961], [84.48718240100976, 23.267539076372188], [84.48717631732775, 23.267535421888102], [84.4871707939843, 23.267531153087095], [84.4871647103011, 23.267528585361376], [84.48715910690808, 23.26752530995183], [84.48715222273881, 23.26752343869439], [84.4871455787142, 23.267520670215475], [84.48713901473734, 23.26751980636786], [84.48713261085676, 23.26751813305833], [84.48712540649028, 23.267518061849398], [84.48711828217142, 23.267517087811537], [84.48711163814295, 23.267517941860316], [84.48710499411374, 23.267517980839724], [84.48709802988952, 23.26751972930516], [84.48709090556733, 23.267520747656913], [84.48677431261983, 23.26760547433525], [84.48677167100269, 23.267606196874052], [84.48676974982651, 23.26760703521139], [84.48676766855223, 23.267607415124935], [84.4867573422288, 23.2676125777705], [84.48674685580545, 23.267617281991363], [84.48674525482463, 23.26761858435999], [84.48674333364757, 23.267619513260076], [84.48673500854629, 23.26762710064492], [84.48672636324754, 23.26763431456051], [84.48672524256058, 23.26763599600527], [84.48672372162824, 23.267637391740678], [84.48671803814385, 23.267646792355006], [84.48671187436437, 23.26765590445551], [84.48671131402075, 23.267657786654194], [84.48671027338258, 23.267659561465866], [84.48670763176254, 23.26767006482499], [84.4867045098478, 23.26768037023365], [84.48670458989689, 23.267682365427202], [84.4867041096023, 23.267684340992894], [84.48670474999508, 23.26769504987778], [84.48670491009328, 23.267705832501782], [84.48670555048606, 23.267707666196824], [84.48670571058426, 23.26770966419428], [84.48679488520989, 23.268115431531758], [84.4867954455527, 23.26811780580055], [84.4867969664832, 23.26812148160058], [84.48679768692394, 23.268125310487132], [84.48680192951922, 23.26813324752528], [84.48680537162461, 23.268141518776087], [84.48680793319127, 23.268144597085726], [84.4868098543662, 23.268148196342285], [84.48681633833111, 23.268154672318037], [84.48682210185487, 23.268161756999714], [84.48682554395906, 23.26816405108458], [84.48682842572056, 23.268166959483487], [84.4868365907107, 23.268171592516133], [84.48684435545516, 23.268176845470418], [84.48684835790036, 23.26817816298819], [84.48685196010081, 23.268180190991064], [84.48686124577202, 23.268182508636695], [84.48687029129516, 23.268185542374876], [84.48687453388519, 23.268185872109516], [84.48687861637717, 23.2681869207411], [84.48688830228839, 23.268186716637473], [84.48689782810034, 23.268187321993388], [84.48690199063952, 23.26818656216589], [84.48690631327607, 23.26818644188792], [84.4878473596433, 23.268048689928463], [84.48779909096156, 23.26852481094868], [84.48762666818068, 23.268750432735565], [84.4876251472718, 23.268752552982853], [84.48762498717615, 23.268752909628223], [84.48762466698479, 23.268753170103345], [84.48761906363592, 23.26876429424408], [84.4876133001908, 23.26877541277712], [84.48761322014295, 23.268775862789145], [84.48761306004724, 23.26877621943448], [84.48761105885087, 23.268788375366153], [84.48760889755873, 23.26880052569037], [84.48760897760658, 23.268800890746412], [84.48760889755873, 23.268801250195303], [84.48760073267655, 23.26959103639639], [84.48657979321943, 23.269806496411615], [84.48654681291119, 23.269519524585736], [84.48654649271393, 23.269517068170313], [84.48654369098784, 23.2695080042942], [84.48654168975483, 23.269498787334545], [84.48654000871906, 23.269495830432458], [84.48653896807784, 23.26949262427554], [84.4865336047728, 23.269484647981216], [84.48652880181265, 23.269476238501866], [84.48652632028309, 23.269473887497533], [84.48652439909883, 23.269471103308337], [84.4865167143612, 23.269464766385557], [84.4865095899681, 23.269457996277648], [84.48621084497215, 23.269244035675978], [84.48620868362818, 23.269242510950665], [84.48619875745487, 23.269237635059284], [84.48618915147911, 23.269232227007517], [84.48584517645575, 23.269097191653017], [84.4851690679114, 23.268685078467495], [84.48520493083916, 23.26824710502659], [84.48520509094146, 23.268244574874434], [84.4852039702253, 23.26823357749224], [84.48520324976491, 23.268222503571312], [84.48520268940682, 23.268220944367453], [84.48520252930452, 23.268219308625007], [84.48519804643955, 23.268209008504254], [84.48519404388128, 23.26819863464963], [84.48460326327125, 23.267161726793557], [84.48640280401695, 23.26636378958298], [84.48640520550224, 23.266362696380828], [84.48640968827455, 23.26635977425387], [84.48641465134348, 23.266357593457275], [84.4864208952038, 23.266352468935672], [84.4864276994098, 23.26634799798491], [84.48643114153725, 23.26634404320855], [84.48643522406023, 23.266340654243937], [84.48643970683023, 23.266334109583386], [84.48644482999553, 23.266328040171103], [84.48644691128129, 23.266323403782923], [84.48644987311093, 23.266319069928535], [84.48671187436437, 23.26577282198658], [84.48763291191143, 23.266419824362366], [84.48791756128662, 23.266846746803704], [84.48781430000324, 23.267588829187886], [84.48736811310309, 23.267695010184482]]]}, "properties": {"polygon_id": "farmforest_158", "source": "farmforest", "raw_class": 5, "core_class": "greenery"}}, {"type": "Feature", "geometry": {"type": "Polygon", "coordinates": [[[81.8908781689909, 21.581424341930624], [81.88846129808604, 21.581629491691857], [81.8884586319771, 21.581629813275434], [81.88845446618168, 21.58163087454989], [81.8884501337542, 21.581631114900635], [81.88844130226661, 21.581634116190465], [81.88843230414606, 21.58163629655609], [81.88842855492884, 21.581638461871645], [81.88842447244765, 21.58163979814019], [81.88841689069626, 21.581644937509264], [81.88840889236427, 21.581649424391525], [81.88840597630552, 21.581652443123186], [81.88840247703486, 21.581654801245122], [81.88839672823269, 21.581661745881007], [81.88839039621817, 21.581668120217984], [81.88838847995052, 21.58167172955601], [81.88838581383891, 21.58167494109434], [81.88838239788326, 21.58168308318989], [81.8883782320835, 21.58169082748555], [81.8883774822395, 21.58169485493142], [81.88837589923551, 21.581698661138127], [81.8883750660755, 21.581707290390092], [81.88837339975544, 21.581715879025122], [81.88837389965147, 21.581719877085153], [81.88837348307146, 21.58172392077771], [81.88847112936192, 21.583438271262118], [81.88499927338206, 21.58371131310982], [81.8823074920986, 21.578863373229648], [81.882428310267, 21.576527615754863], [81.8848479643511, 21.575400240361223], [81.88996988350794, 21.575139017486727], [81.89360978885217, 21.57617584455048], [81.89513392951514, 21.577557525796806], [81.89469647650297, 21.581884208555554], [81.89248384536175, 21.58337917541116], [81.89112810797172, 21.582296288722812], [81.89098239365023, 21.581498961149983], [81.89098189377212, 21.581496498376787], [81.89098114395495, 21.581494294357697], [81.89098081070289, 21.581492020327996], [81.89097656173878, 21.581482330544816], [81.89097289596563, 21.581472488559896], [81.89097147964412, 21.581470703617082], [81.89097047988777, 21.581468577729005], [81.89096356490587, 21.581460383627707], [81.8909569831755, 21.581451844520867], [81.8909550669754, 21.58145048677459], [81.8909535673405, 21.581448697771528], [81.8909444029044, 21.581442651833285], [81.89093557171941, 21.58143617057776], [81.8909332389534, 21.58143533439957], [81.8909312394396, 21.581433972592894], [81.89092065867818, 21.581430566976543], [81.89091024454143, 21.581426627610725], [81.8909078284615, 21.58142641955281], [81.89090549569458, 21.581425673685807], [81.89089424842449, 21.581425125555466], [81.89088308446578, 21.58142412992681], [81.89088066838494, 21.58142446373771], [81.8908781689909, 21.581424341930624]]]}, "properties": {"polygon_id": "farmforest_159", "source": "farmforest", "raw_class": 5, "core_class": "greenery"}}, {"type": "Feature", "geometry": {"type": "Polygon", "coordinates": [[[81.75056973054939, 21.48036581545463], [81.75338262969547, 21.479374718119388], [81.75527828569655, 21.4803625327442], [81.75143216737416, 21.488659412485198], [81.74846526554951, 21.48780737204157], [81.74670425021569, 21.486920288082008], [81.74610246016253, 21.48575166266051], [81.74610120799335, 21.485749343593344], [81.74609503062501, 21.485741183268058], [81.74608935412394, 21.485732776846334], [81.74608718369693, 21.485730863812652], [81.74608551413765, 21.485728704682582], [81.74607708286275, 21.485722419225073], [81.74606906897678, 21.48571579325742], [81.74606639768128, 21.485714577751875], [81.74606414377561, 21.485712841163647], [81.74605420989427, 21.48570909972214], [81.74604452644563, 21.485704738656807], [81.74604160471517, 21.48570432334699], [81.74603884994065, 21.485703284286682], [81.74602816475364, 21.48570221429106], [81.74601756304311, 21.48570051641714], [81.74448689378647, 21.485665642080622], [81.7436263792523, 21.484978084792115], [81.74272720263045, 21.48175979820901], [81.74618543719365, 21.481029905106443], [81.74682704516901, 21.482423590119296], [81.74682813037163, 21.482425900921765], [81.74682946600561, 21.482427862956992], [81.74683038425394, 21.48243007522057], [81.74683689546913, 21.482438432560766], [81.7468429892982, 21.48244722070221], [81.74684482579453, 21.482448756062297], [81.7468463283824, 21.48245063606344], [81.74685509347773, 21.482457028222026], [81.74686360814076, 21.482463859434095], [81.74686586202199, 21.482464783419704], [81.74686786547191, 21.482466236745545], [81.74687821662899, 21.48247008899316], [81.74688840083047, 21.482474384420208], [81.74689082166503, 21.482474774939014], [81.74689315902249, 21.482475612764], [81.74690434494637, 21.482476617104528], [81.74691536391452, 21.48247815491081], [81.74691786822524, 21.4824778272635], [81.74692037253587, 21.48247804133505], [81.7469313080246, 21.48247614412755], [81.7469424104657, 21.482474706603895], [81.74694466434453, 21.48247373457221], [81.74694716865424, 21.482473316637872], [81.74777659135304, 21.48221022644606], [81.7477790956345, 21.482209447349156], [81.74777959649077, 21.482209201243148], [81.74778009734706, 21.482209045423758], [81.7477915335645, 21.48220310999936], [81.74780305325616, 21.482197268986088], [81.74780347063626, 21.48219692846772], [81.74780397149237, 21.4821966823616], [81.7478131538539, 21.482188017230865], [81.74782241969028, 21.482179446511516], [81.74782275359426, 21.482179011580822], [81.74782308749826, 21.48217857665013], [81.74782934819781, 21.482167871102078], [81.74783569237279, 21.48215725996577], [81.74783577584877, 21.482156722371588], [81.74783610975271, 21.482156287440837], [81.74783886446009, 21.482144325177043], [81.74784178611931, 21.482132461450917], [81.74784170264334, 21.48213200589216], [81.74784186959529, 21.48213147242356], [81.74784095135954, 21.482119328633335], [81.74784011659978, 21.482107098682143], [81.74783994964781, 21.4821066389978], [81.74783994964781, 21.48210618756464], [81.74753835032125, 21.480802079567365], [81.74864290071068, 21.48092094909684], [81.74934058203718, 21.481932959810443], [81.74934208457418, 21.48193502036675], [81.74934959725876, 21.4819427048287], [81.74935669257128, 21.481950729814443], [81.74935877942777, 21.48195200666177], [81.74936044891292, 21.481953804606796], [81.74936996497756, 21.48195915031554], [81.74937923061827, 21.48196502537107], [81.74938156789683, 21.481965772870975], [81.74938373822684, 21.481966963555884], [81.74939450640176, 21.481969752814326], [81.7494051076267, 21.48197298525714], [81.74940761185283, 21.48197301871098], [81.74941003260469, 21.481973680048316], [81.74942121814671, 21.48197342017417], [81.74943240368701, 21.48197379230742], [81.7499630471085, 21.481920288532823], [81.74996438268566, 21.481920173948765], [81.74996571826283, 21.48191996907772], [81.74997815582388, 21.481916701267693], [81.74999076032994, 21.481913531992163], [81.74999126117119, 21.48191319559033], [81.74999192895952, 21.481913048011176], [81.75000294746619, 21.481906640327175], [81.7500140494447, 21.481900327053413], [81.75001446681229, 21.481899896240154], [81.7500150511269, 21.481899563962557], [81.75002364889848, 21.481890508634958], [81.75003249708955, 21.481881646253544], [81.75003274751003, 21.48188102661757], [81.75003316487751, 21.481880595804228], [81.75003875760144, 21.481869676546676], [81.75004451727193, 21.481858855824335], [81.75056973054939, 21.48036581545463]]]}, "properties": {"polygon_id": "farmforest_160", "source": "farmforest", "raw_class": 5, "core_class": "greenery"}}, {"type": "Feature", "geometry": {"type": "Polygon", "coordinates": [[[82.69677114146158, 23.25993760989026], [82.69629664935833, 23.261805470629568], [82.69336116529293, 23.262585298181964], [82.69164108062625, 23.260549411505238], [82.69196445954309, 23.25989434839694], [82.69196553033163, 23.259892139825933], [82.69196866032884, 23.25988108383011], [82.69197220216763, 23.259870137331898], [82.69197220216763, 23.25986878229609], [82.691972531641, 23.259867532925785], [82.69197220216763, 23.259856135295067], [82.69197228453596, 23.259844756826404], [82.69197187269427, 23.259843472964047], [82.69197179032592, 23.259842204431468], [82.69196800138208, 23.25983127818782], [82.69196462427978, 23.259820371106258], [82.69196380059627, 23.259819248753104], [82.6919633887545, 23.25981796489071], [82.69195646981255, 23.25980851905683], [82.69194979797501, 23.25979890404859], [82.69099324736447, 23.258767116182327], [82.69178835578003, 23.258164715468983], [82.69272578593953, 23.257799196167756], [82.69526043140282, 23.257961713929458], [82.69671587619216, 23.258479448282685], [82.69677114146158, 23.25993760989026]]]}, "properties": {"polygon_id": "farmforest_161", "source": "farmforest", "raw_class": 5, "core_class": "greenery"}}, {"type": "Feature", "geometry": {"type": "Polygon", "coordinates": [[[78.38111183893139, 20.640949749450424], [78.38243698277593, 20.640447332875837], [78.38417196064633, 20.63991214626721], [78.3844854669645, 20.642534747493308], [78.38415581660746, 20.64312117067117], [78.38415468826055, 20.643123333293744], [78.38415425428097, 20.64312455778282], [78.38415355991364, 20.643125585482007], [78.38415000128101, 20.643136629428092], [78.38414626905639, 20.643147482470283], [78.38414618226047, 20.64314873050395], [78.38414583507677, 20.643149960879136], [78.38414574828086, 20.64316141940301], [78.38414540109716, 20.643172860268496], [78.38414574828086, 20.64317404816734], [78.38414566148494, 20.643175296201044], [78.38414904652588, 20.643186363212155], [78.38415208438306, 20.643197496244536], [78.38415277875039, 20.64319852855671], [78.38415312593406, 20.64319971645562], [78.387809599456, 20.65086101102545], [78.38465237483958, 20.652094449938662], [78.3840692810441, 20.650421291537697], [78.38406841308424, 20.65041899349993], [78.3840662431845, 20.65041499494928], [78.38406485444865, 20.65041078069083], [78.38405990707703, 20.650403817170435], [78.38405582766515, 20.650396464697526], [78.38405252941713, 20.650393285267587], [78.38404983874105, 20.650389520088652], [78.38404315544852, 20.650384140570555], [78.38403699293166, 20.650378258981856], [78.38403282672286, 20.650376005902334], [78.38402918129003, 20.65037307161962], [78.38402110925972, 20.65036974748637], [78.38401347120896, 20.650365646695523], [78.38400878422297, 20.650364522650303], [78.38400444442095, 20.650362705626087], [78.37525624737225, 20.64801107158635], [78.37556370457843, 20.644837463736582], [78.37579286463301, 20.644485178343825], [78.37579425348028, 20.64448303350824], [78.37579720478064, 20.644476068703803], [78.37580102411042, 20.64446943150381], [78.37580215254873, 20.644464313386816], [78.37580423581943, 20.644459439201768], [78.37580501704593, 20.644451968859237], [78.37580666630186, 20.644444646993467], [78.37580631909009, 20.64443942872454], [78.37580683990774, 20.64443417980465], [78.37580527745476, 20.644426819089087], [78.3758047566371, 20.644419349941316], [78.37580276016935, 20.644414377993606], [78.37580171853399, 20.644409202158506], [78.37579807281014, 20.644402506127165], [78.37579529511571, 20.644395510753338], [78.37526839984838, 20.643486235151695], [78.37592784313905, 20.642452463790097], [78.37644509997172, 20.64255115623534], [78.37644622840297, 20.642551322375358], [78.37644770404385, 20.642551601641102], [78.37646055079877, 20.642552025611604], [78.3764733975521, 20.642552539144848], [78.37687477098525, 20.642516902226184], [78.37687511819342, 20.642516925787067], [78.37687737504655, 20.642516631113082], [78.37688935372763, 20.6425135927134], [78.3769015060114, 20.642510834784776], [78.37788696465587, 20.642140719585377], [78.3778887874809, 20.6421400371886], [78.37861244646987, 20.641851389664918], [78.37982660585985, 20.641460054128142], [78.37982912304706, 20.64145923967797], [78.37983085903821, 20.641458282668854], [78.37983285542798, 20.64145779114716], [78.38111183893139, 20.640949749450424]]]}, "properties": {"polygon_id": "farmforest_162", "source": "farmforest", "raw_class": 5, "core_class": "greenery"}}, {"type": "Feature", "geometry": {"type": "Polygon", "coordinates": [[[83.78622941020805, 21.34806176263993], [83.78622860033116, 21.348064178438086], [83.78622851934347, 21.34806499068014], [83.786228114405, 21.348065790963332], [83.78622665662657, 21.34807751271828], [83.78622487489729, 21.348089313095652], [83.78622503687268, 21.34809013430684], [83.78622487489729, 21.348090943559168], [83.78622698057733, 21.348102706280294], [83.78622884329423, 21.34811446003236], [83.78622916724498, 21.348115196641682], [83.78622932922036, 21.348116017852888], [83.78654550435166, 21.349051438079695], [83.78653837747103, 21.349298190395416], [83.78572007653301, 21.34982125088999], [83.78515177862705, 21.350074728831153], [83.7846506160445, 21.34916273028014], [83.78464932020839, 21.34916050848205], [83.7846477004132, 21.34915845588352], [83.78464656655655, 21.34915614948564], [83.7840531517263, 21.348270001848224], [83.78472512657552, 21.348077964619648], [83.78572615065943, 21.348187298514276], [83.78572882327487, 21.3481875783465], [83.78573878484046, 21.34818713088386], [83.78574882739278, 21.348187320479276], [83.7857523908787, 21.348186455644633], [83.7857560353527, 21.34818622786862], [83.78576551098415, 21.34818313560804], [83.7857751485907, 21.34818077397674], [83.7857783071337, 21.348178988379065], [83.78578178962965, 21.348177848809932], [83.78578996944492, 21.348172444176875], [83.78579855420038, 21.348167688561794], [83.78580098384793, 21.348165151403943], [83.78580398041312, 21.348163178663196], [83.78581021650777, 21.3481558000636], [83.78581701951941, 21.34814898588075], [83.78581863928396, 21.348145965916817], [83.78582090695429, 21.348143241616125], [83.78582463241248, 21.348134592771245], [83.78582908676438, 21.348126242579347], [83.78582973467009, 21.34812291499227], [83.7858311924579, 21.348119707885733], [83.78583216431642, 21.348110413895366], [83.785833946057, 21.34810124038551], [83.78586666528402, 21.34727471684288], [83.78653011676744, 21.347179006549705], [83.78622941020805, 21.34806176263993]]]}, "properties": {"polygon_id": "farmforest_163", "source": "farmforest", "raw_class": 5, "core_class": "greenery"}}, {"type": "Feature", "geometry": {"type": "Polygon", "coordinates": [[[83.694778332888, 21.40310340152694], [83.69513812280225, 21.40324651533481], [83.69517908162156, 21.40387779379675], [83.69517932494121, 21.403880248351], [83.69518046043282, 21.40388472896183], [83.69518070375247, 21.40388926665171], [83.69518354248144, 21.403897071762074], [83.6951854890384, 21.403905024522622], [83.69518792223447, 21.40390901042255], [83.69518954436515, 21.403913328159607], [83.69519457296997, 21.40392003805328], [83.69519887161572, 21.40392708282879], [83.69520244030251, 21.40393029621481], [83.6952052790305, 21.403934025624945], [83.69521209197714, 21.403939172222213], [83.69521841828409, 21.403944934548782], [83.69522271692819, 21.40394708848356], [83.69522652893306, 21.403949948718903], [83.69523472068747, 21.403953063939856], [83.695242425802, 21.403956885461156], [83.69524721108318, 21.40395778966791], [83.69525175304464, 21.40395959045165], [83.69575298890035, 21.404078215352524], [83.69530325562019, 21.40445015510847], [83.69453128026981, 21.40486922835602], [83.69452892815549, 21.40487049861113], [83.6945201685565, 21.404877415413733], [83.69451100341918, 21.40488395470543], [83.69450970570053, 21.404885536261], [83.69450808355215, 21.404886833922557], [83.69450167606568, 21.404895741026802], [83.69449478193394, 21.404904358146158], [83.694494051967, 21.404906232731204], [83.69449283535542, 21.404907907902817], [83.69448934773544, 21.40491810205773], [83.69448537347056, 21.40492818737008], [83.69435162714356, 21.40551233032498], [83.6943514649283, 21.405513048802593], [83.69435114049782, 21.405514757470943], [83.69435065385207, 21.40552660400534], [83.69434984277582, 21.405538438358274], [83.69435008609871, 21.40553926263377], [83.69435000499108, 21.405540165298827], [83.69435308708076, 21.40555160240325], [83.69435592584743, 21.405563211513726], [83.69435633138552, 21.405563951308924], [83.69435657470838, 21.405564775584427], [83.69436298220975, 21.4055750695544], [83.69436914638769, 21.405585354388226], [83.69436979524849, 21.40558601274846], [83.6943702818941, 21.40558675558901], [83.69437944705207, 21.40559497939596], [83.69438844999357, 21.4056032876829], [83.69438926106932, 21.405603680420654], [83.69438999103748, 21.405604341826194], [83.69440126498912, 21.4056097465379], [83.6944124578312, 21.40561541991675], [83.69441335001419, 21.40561563455763], [83.69441416108961, 21.40561602729528], [83.69442665164978, 21.40561830769871], [83.69443906109994, 21.405620856769012], [83.69526813654574, 21.405677887237008], [83.69498783209202, 21.40620671492509], [83.69439437084628, 21.406693261006552], [83.69392272855683, 21.406339441811774], [83.6939215119341, 21.406338580987374], [83.69392061974408, 21.406337913487743], [83.69390918348908, 21.406331959213727], [83.69389782834021, 21.40632591741375], [83.69389726058272, 21.406325805522844], [83.69389677393343, 21.406325515535627], [83.69388403994236, 21.4063227730849], [83.6938713059487, 21.406319940062204], [83.69387073819097, 21.406320009313195], [83.69387017043323, 21.406319897422193], [83.69385711200366, 21.406320584484416], [83.69384405357137, 21.406321090403477], [83.6904728588184, 21.406916310961392], [83.68989890292276, 21.404835715677365], [83.69083251136033, 21.405151922626793], [83.69083429582875, 21.4051525330889], [83.69083502583854, 21.40515274165494], [83.69084808490119, 21.40515495309598], [83.69086114396113, 21.405157255106566], [83.69086146840978, 21.405157267295348], [83.6908618739706, 21.40515728253132], [83.69087509525194, 21.405156058382072], [83.69088831653046, 21.40515483423161], [83.69088864097898, 21.405154755849736], [83.6908889654275, 21.40515467746786], [83.69090129446985, 21.40515006868521], [83.69091362350976, 21.405145459901394], [83.69091386684605, 21.405145287901693], [83.69091419129444, 21.40514511894915], [83.69092465475393, 21.40513745124975], [83.69093511821167, 21.405129874120004], [83.69093536154787, 21.40512961154966], [83.69093560488407, 21.405129348979315], [83.69094331053007, 21.405119313410047], [83.69095109728715, 21.405109280887324], [83.6909511783992, 21.405108921652065], [83.69095142173535, 21.405108659081677], [83.69095580178576, 21.40509695887841], [83.6909602629479, 21.40508535229263], [83.69116093380197, 21.40416680620447], [83.69116142047261, 21.404164288508973], [83.69116158269617, 21.404158860366366], [83.69116271826098, 21.404153559357383], [83.69118405065352, 21.40377251501994], [83.69219169371578, 21.40388589885207], [83.69219437036004, 21.403886180522587], [83.69219566812693, 21.403886138693185], [83.69219696589376, 21.40388636857598], [83.69220929467743, 21.40388547305699], [83.69222162345866, 21.403884939819914], [83.69222284011457, 21.403884532661014], [83.69222413788086, 21.403884490831373], [83.69223573666575, 21.403880397917455], [83.69224741655887, 21.403876670331766], [83.69224847099355, 21.403875985367804], [83.69224968764895, 21.403875487637915], [83.69225958311188, 21.403868613627267], [83.6922696407939, 21.403862017420597], [83.6922704518972, 21.403861051605347], [83.69227150633151, 21.403860366641172], [83.69227896848142, 21.40385113697159], [83.69228667396136, 21.40384218815253], [83.69228716062321, 21.403841029010536], [83.69228789061599, 21.403840060148863], [83.6922922705725, 21.40382926558776], [83.69229697496989, 21.40381866435299], [83.6922971371905, 21.403817493025844], [83.69229762385227, 21.40381633388379], [83.6922985971758, 21.403804867954445], [83.6922998949405, 21.403793414210156], [83.69229965160963, 21.40379222765168], [83.69229973271992, 21.403790962707525], [83.69221586462035, 21.402533589510206], [83.69365304327073, 21.40230108205997], [83.69471571820021, 21.4025554509883], [83.69471961134325, 21.403021403953527], [83.69471969245039, 21.403023852416386], [83.69472212566467, 21.403036351994853], [83.69472447777171, 21.403048848528535], [83.69473056080676, 21.4030602171323], [83.6947365627341, 21.40307158269117], [83.69474580894533, 21.403080986911107], [83.69475497404811, 21.403090297514826], [83.69476673457623, 21.40309689785162], [83.694778332888, 21.40310340152694]]]}, "properties": {"polygon_id": "farmforest_164", "source": "farmforest", "raw_class": 5, "core_class": "greenery"}}, {"type": "Feature", "geometry": {"type": "Polygon", "coordinates": [[[86.10872849554774, 20.099495578501184], [86.1123263755283, 20.096759507146455], [86.11684388340547, 20.099751018116912], [86.11607854814835, 20.10042013587997], [86.11607660565856, 20.100421817103683], [86.11607645025937, 20.100421995149844], [86.1160762171606, 20.10042217149353], [86.11606829180144, 20.100432159102752], [86.11606021104181, 20.100442052581084], [86.1160601333422, 20.1004422323297], [86.11605997794295, 20.100442410375837], [86.11605523826603, 20.100454100845653], [86.11605042088902, 20.100465698887398], [86.11605042088902, 20.10046597106403], [86.1160503431894, 20.100466150812647], [86.11604925539453, 20.100478556377873], [86.11604816759963, 20.10049096194327], [86.11604816759963, 20.100491234119914], [86.11604816759963, 20.10049141557101], [86.11605080938719, 20.10050363067915], [86.11605345117462, 20.10051593651306], [86.11605352887423, 20.100516119666647], [86.11605360657389, 20.100516302820235], [86.11605982254373, 20.10052732608516], [86.11606596081322, 20.10053843837323], [86.11606611621244, 20.100538623229287], [86.11606619391203, 20.100538806382886], [86.11838508635701, 20.103543818362542], [86.11435172341508, 20.105735654218215], [86.1133735987574, 20.104094022716346], [86.11337227779477, 20.104091907055132], [86.11337095683209, 20.104090335748655], [86.11337002438782, 20.104088500784822], [86.1133624871294, 20.104080533078548], [86.11335526068471, 20.104072118559206], [86.11335355120302, 20.104070992361578], [86.11335215253612, 20.10406951007683], [86.11030716441863, 20.101633505881512], [86.10872849554774, 20.099495578501184]]]}, "properties": {"polygon_id": "farmforest_165", "source": "farmforest", "raw_class": 5, "core_class": "greenery"}}, {"type": "Feature", "geometry": {"type": "Polygon", "coordinates": [[[79.7442018507813, 27.807277290159746], [79.74420424677034, 27.80727605373953], [79.74421066459782, 27.807271313961483], [79.74421759585097, 27.80726740862136], [79.74468866309063, 27.80690531879043], [79.74584556971519, 27.807842634105395], [79.74171409487046, 27.81051572141141], [79.7417118699614, 27.81051714742642], [79.74171007291943, 27.810518870758578], [79.74170784801028, 27.810520031410558], [79.74170006082778, 27.810527941453834], [79.74169184577738, 27.810535377270142], [79.74169064774914, 27.810537410700725], [79.74168893628018, 27.81053914042311], [79.74168397302003, 27.81054858817723], [79.74167841074541, 27.810557814285673], [79.74167789730465, 27.810560075751454], [79.74167678484967, 27.81056220402667], [79.741674987807, 27.810572507421778], [79.74167259175005, 27.810582677625636], [79.74167284847044, 27.810584996609155], [79.74167242060311, 27.81058726446543], [79.74167396092545, 27.810597640195642], [79.74167490223354, 27.810608059643247], [79.74167584354161, 27.810610164390948], [79.74167618583546, 27.81061240131081], [79.74168089237567, 27.810622040506445], [79.74168508547493, 27.810631729810424], [79.74168662579704, 27.81063361393145], [79.74168765267845, 27.810635725069783], [79.74169526871515, 27.810643724015716], [79.74170237131058, 27.81065203843267], [79.741704425073, 27.810653430173335], [79.74170605096822, 27.810655143776465], [79.74225448940854, 27.81109211133444], [79.74225662873116, 27.81109377481887], [79.74226184867815, 27.81109672981313], [79.74226646961458, 27.811100347706333], [79.74227391445609, 27.811103468854654], [79.74228093143259, 27.811107354136993], [79.74228683596117, 27.811108856534442], [79.74229239819788, 27.81111121791077], [79.74230052762012, 27.811112355736917], [79.74230848589592, 27.811114365322798], [79.74231464714121, 27.811114383170306], [79.74232072281325, 27.811115279168327], [79.74232893780574, 27.811114388938027], [79.74233715279749, 27.811114383248505], [79.74234305732236, 27.81111278974848], [79.74234921856527, 27.811112099961047], [79.74235683454549, 27.81110921900398], [79.74236470724347, 27.81110724175924], [79.74236992718414, 27.811104270321465], [79.74237557498846, 27.81110212692312], [79.74355724182023, 27.810464509705056], [79.74355963782658, 27.81046318488279], [79.7435646009824, 27.810459309651485], [79.74357016313945, 27.810456186784112], [79.74670245818899, 27.808100403932766], [79.74778891658974, 27.807802192149754], [79.74817131736233, 27.808425867818023], [79.74618981499543, 27.810095119387004], [79.74618776133624, 27.810096823646603], [79.74618245604982, 27.810103238676405], [79.74617629507163, 27.810109059097062], [79.74617389913556, 27.810113303010947], [79.74617064750791, 27.810117217682127], [79.74616748144932, 27.810124588499377], [79.74616345969903, 27.810131718528922], [79.74616251843831, 27.810136424853294], [79.74616063591682, 27.810140972457955], [79.74615995136354, 27.81014888233711], [79.74615832554947, 27.810156721951653], [79.7461137440051, 27.811164524044948], [79.7461136584359, 27.811166463663664], [79.7461136584359, 27.811166994392725], [79.74611545538917, 27.811179335305464], [79.74611725234242, 27.811191676217458], [79.74611733791161, 27.811191947969803], [79.74611742348083, 27.811192219722148], [79.74612307104789, 27.811203609718863], [79.74612863304544, 27.811214993327063], [79.74645867280137, 27.81169207692983], [79.7464601274722, 27.81169421997758], [79.74646423477797, 27.811698330136554], [79.7464674863949, 27.811702907146536], [79.74761538533353, 27.812914176877122], [79.745188051548, 27.81473573433927], [79.74020833219379, 27.814312179556804], [79.74058041094474, 27.81282398406351], [79.74058100996632, 27.812821552124], [79.74058160898788, 27.812810009526377], [79.7405825503075, 27.812798580949053], [79.74058229358397, 27.812797323431035], [79.74058237915848, 27.812796179934047], [79.74057929847608, 27.812784981649354], [79.74057664566615, 27.812773726871118], [79.74057596107004, 27.812772614298897], [79.7405757043465, 27.812771445233743], [79.74056928625757, 27.812761501360402], [79.74056312489176, 27.81275131130348], [79.74056218357195, 27.812750444914112], [79.74056149897574, 27.812749420794763], [79.74055217135152, 27.812741382463805], [79.74054301487544, 27.812733180010117], [79.74054181683178, 27.812732559803564], [79.74054087551173, 27.812731693414026], [79.7405294085214, 27.81272632577722], [79.74051802710416, 27.8127206991724], [79.74051674348557, 27.812720426385663], [79.74051545986698, 27.812719888239847], [79.7405027948292, 27.812717526967866], [79.740490044215, 27.8127148939435], [79.73906145044296, 27.812602338626235], [79.73689019058531, 27.810230117019884], [79.73838342947593, 27.80925157383634], [79.73838565446796, 27.809250059424087], [79.73839019002847, 27.809245887086984], [79.7383954102016, 27.80924238507354], [79.73840003133822, 27.80923680386042], [79.73840550824058, 27.809231728848303], [79.7384085034214, 27.809226645347074], [79.73841243994461, 27.80922198598572], [79.73841517839544, 27.809215379582103], [79.73841877261204, 27.809209279379512], [79.7384200562608, 27.80920353729143], [79.73842236682849, 27.809198137281918], [79.73842288028797, 27.80919118775062], [79.7384244206664, 27.809184314934907], [79.73842382163035, 27.80917860910874], [79.73842433508982, 27.80917280948264], [79.73837504296701, 27.80856958292105], [79.74023254987816, 27.807475711034183], [79.74217969865728, 27.807414582252985], [79.74341579175962, 27.80765300979049], [79.74341853005694, 27.807653568069465], [79.74342597480234, 27.80765385856325], [79.74343324840355, 27.807655020838098], [79.74344026528887, 27.80765439482502], [79.74344719660188, 27.807654646982268], [79.74345447020137, 27.807653155575927], [79.74346182937202, 27.807652466662272], [79.74346833282463, 27.807650121648262], [79.743475092992, 27.807648680361385], [79.74348151087193, 27.80764544439722], [79.74348844218173, 27.807642954415655], [79.7442018507813, 27.807277290159746]]]}, "properties": {"polygon_id": "farmforest_166", "source": "farmforest", "raw_class": 5, "core_class": "greenery"}}, {"type": "Feature", "geometry": {"type": "Polygon", "coordinates": [[[79.56993968717812, 27.796832319248594], [79.56993882980939, 27.79683154672459], [79.56993762949314, 27.796830659731068], [79.56992622648796, 27.796824222906807], [79.56991490921826, 27.796817615737456], [79.56991413758617, 27.796817380287774], [79.5699133659541, 27.796816967983442], [79.56990041968147, 27.796813597350397], [79.56988747340702, 27.79681004986143], [79.56988670177472, 27.796810079693543], [79.56988584440548, 27.796809837733118], [79.56987229797039, 27.796809870188635], [79.56985883727023, 27.796809643871246], [79.56985797990072, 27.796809844047203], [79.56985712253122, 27.796809778941203], [79.5698441762506, 27.796813128778194], [79.56983114423113, 27.796816295248288], [79.56983037259836, 27.796816678789234], [79.56982960096556, 27.79681688547557], [79.56981819794682, 27.796823270601273], [79.56980662345265, 27.796829554276755], [79.56767834898064, 27.79838277827455], [79.5646570275555, 27.7947048903185], [79.56779701169089, 27.792247840673067], [79.56960025426075, 27.793007050559414], [79.56960282637652, 27.793008130155748], [79.56961225746714, 27.79301043799932], [79.56962143134524, 27.793013610602337], [79.56962597541535, 27.793013867212522], [79.56963043374807, 27.793015001603045], [79.56964020778445, 27.793014947900417], [79.56964998181977, 27.793015690058617], [79.572971120955, 27.79284115575423], [79.57231353870732, 27.79437438959971], [79.57231250989173, 27.794376699079635], [79.5723124241571, 27.794377400002748], [79.57231199548393, 27.79437807489194], [79.57230959491415, 27.794389830562142], [79.57230702287504, 27.794401573214447], [79.57230710860966, 27.794402287154423], [79.57230693714041, 27.794402981568936], [79.57230839462925, 27.794414941690235], [79.57230959491415, 27.794426882285368], [79.57230985211807, 27.7944275208133], [79.5723099378527, 27.794428234753187], [79.57231508193068, 27.79443941359092], [79.57232005453913, 27.79445057941104], [79.57232056894689, 27.794451149035442], [79.57232082615077, 27.7944517875633], [79.57340836335928, 27.796093783353435], [79.5708319464392, 27.79754859713226], [79.56993968717812, 27.796832319248594]]]}, "properties": {"polygon_id": "farmforest_167", "source": "farmforest", "raw_class": 5, "core_class": "greenery"}}, {"type": "Feature", "geometry": {"type": "Polygon", "coordinates": [[[76.86870338164945, 22.516360710192416], [76.86905342835779, 22.516018169784566], [76.86970768490094, 22.515703853204332], [76.88019414264345, 22.514999989177067], [76.88197560652901, 22.517511572192127], [76.88208001999247, 22.521874061428502], [76.8778539749738, 22.522221581134644], [76.87513232956276, 22.52128775161048], [76.87512977845935, 22.52128691659371], [76.87511851841612, 22.52128500622118], [76.87510743431005, 22.521282485805152], [76.87325224002394, 22.52112309115639], [76.87053717903657, 22.520169933985766], [76.86966950463587, 22.517974596300395], [76.86966853693313, 22.51797228591173], [76.86966545787897, 22.517967303092853], [76.86966325855451, 22.51796194676628], [76.86870338164945, 22.516360710192416]]]}, "properties": {"polygon_id": "farmforest_168", "source": "farmforest", "raw_class": 5, "core_class": "greenery"}}, {"type": "Feature", "geometry": {"type": "Polygon", "coordinates": [[[79.6808740593719, 22.987986594838702], [79.68208436834044, 22.98986611864192], [79.6810827433544, 22.991649179045517], [79.68009223940102, 22.99248559651876], [79.68009026985692, 22.992487264343502], [79.68008667329796, 22.992491700489303], [79.68008230604764, 22.992495457299732], [79.6800781956942, 22.99250165658587], [79.6800734002816, 22.992507361821513], [79.68007117383995, 22.992512516549628], [79.68006817670687, 22.99251726145961], [79.68006620716223, 22.992524229789726], [79.68006329566136, 22.9925309567661], [79.6800626962347, 22.992536487541237], [79.68006124048422, 22.992541782569553], [79.680061411749, 22.99254907074887], [79.68006072668994, 22.992556302859505], [79.68006183991089, 22.992561676254457], [79.68006201117566, 22.992567167652037], [79.68006440888229, 22.992574062575198], [79.68006595026509, 22.992581170946924], [79.68006860486875, 22.992586106230906], [79.68007048878097, 22.99259135040941], [79.68007485603187, 22.992597386060474], [79.68007845259129, 22.99260382044514], [79.68008256294472, 22.992607772976694], [79.68008590260675, 22.99261239375911], [79.68009198250397, 22.99261701428272], [79.68009737734201, 22.992622308664004], [79.68010251528268, 22.992625070730323], [79.68010713942905, 22.992628607707157], [79.68141953104829, 22.993371167694246], [79.68153941448902, 22.99510356983099], [79.67949752074652, 22.995231210530857], [79.67879875340729, 22.99525785970591], [79.67879601313253, 22.99525803959915], [79.67878864864365, 22.995259443907056], [79.67878119852057, 22.99526003405944], [79.6787752898018, 22.9952620727366], [79.67876903854823, 22.99526328043387], [79.6787624447597, 22.99526662182308], [79.67875542280258, 22.99526903678556], [79.67875037041847, 22.995272568959805], [79.67874480423224, 22.995275348776328], [79.67873940931294, 22.99528020609523], [79.67873341495779, 22.995284395286642], [79.67872964707722, 22.995289089645077], [79.67872510849357, 22.99529319449826], [79.6787214262463, 22.995299152203856], [79.6787169732959, 22.99530470008119], [79.67871474682063, 22.9953102140948], [79.67871157837494, 22.995315307063784], [79.67870995133524, 22.99532202823547], [79.67870729669141, 22.995328502431327], [79.67870678288938, 22.995334308285948], [79.67870541275059, 22.99534005805824], [79.67870584091897, 22.99534691382698], [79.67870524148324, 22.995353792135443], [79.67875388139728, 22.996018638125733], [79.6787254510282, 22.997085224286053], [79.67577369605795, 22.99679673436295], [79.67393960106848, 22.994188605696266], [79.67393814521876, 22.99418653388153], [79.67393634681613, 22.994184709135936], [79.6739349766046, 22.994182553094483], [79.67392701224959, 22.994175383288677], [79.67391947608505, 22.994167792349124], [79.67391716385262, 22.994166562801244], [79.67391527981134, 22.994164822282208], [79.6739054314131, 22.994160044488822], [79.67389583992855, 22.99415465466427], [79.67389327078072, 22.994154037146757], [79.67389095854763, 22.994152897436205], [79.67387999684914, 22.994150831665984], [79.6738692064259, 22.9941481482534], [79.67386655163904, 22.99414815398801], [79.67386398249037, 22.994147716145317], [79.67385276387371, 22.994148508344857], [79.67384163089395, 22.994148677290934], [79.67383906174457, 22.99414940733716], [79.67383649259513, 22.99414959835746], [79.67118012404691, 22.994690274923972], [79.6702989610479, 22.988664729226354], [79.67310359689768, 22.98855732886075], [79.6731063373461, 22.988557149041423], [79.67311858372396, 22.988554806996365], [79.67313083010018, 22.988552644626193], [79.67366144770666, 22.988387695316828], [79.67366401686111, 22.988386875397566], [79.67367163868555, 22.98838306245653], [79.67367968870167, 22.988380086108727], [79.67368371370945, 22.98837711560441], [79.6736882525478, 22.98837480762733], [79.67369450415497, 22.98836919799868], [79.67370126959237, 22.98836425089693], [79.67370426693789, 22.988360314689693], [79.67370794939083, 22.988357052229656], [79.67371214567422, 22.988350050224934], [79.67371719834172, 22.98834346367256], [79.6737189111103, 22.988338994123833], [79.67372139462468, 22.988334844579473], [79.67372336430844, 22.988327067846882], [79.67372619037639, 22.98831952689029], [79.67372644729166, 22.98831478229518], [79.67372756059112, 22.988310093799768], [79.67372713239902, 22.988302159987494], [79.67372756059112, 22.98829410259843], [79.67360252841115, 22.98705647557143], [79.67746697001141, 22.98660658012347], [79.67832160180134, 22.987942298946255], [79.67832305758002, 22.987944370728492], [79.67832810998819, 22.98795000205735], [79.67833247732382, 22.98795603772557], [79.6783370159273, 22.987959658949745], [79.67834086945838, 22.98796377435251], [79.67834746327785, 22.987967799663398], [79.67835345765874, 22.98797259427743], [79.67835885260122, 22.98797483414459], [79.67836381937337, 22.987977854529092], [79.67837135516507, 22.987980054893605], [79.6783785484202, 22.987983041382382], [79.67838445716504, 22.987983787624636], [79.67839010900758, 22.987985415437535], [79.67839807296691, 22.987985577534378], [79.67840586565764, 22.987986626808727], [79.6808740593719, 22.987986594838702]]]}, "properties": {"polygon_id": "farmforest_169", "source": "farmforest", "raw_class": 5, "core_class": "greenery"}}, {"type": "Feature", "geometry": {"type": "Polygon", "coordinates": [[[77.6172693627836, 24.367582415478], [77.61251642699378, 24.37847535158855], [77.60452698691796, 24.37650099689429], [77.60548596294305, 24.36818982200369], [77.6172693627836, 24.367582415478]]]}, "properties": {"polygon_id": "farmforest_170", "source": "farmforest", "raw_class": 5, "core_class": "greenery"}}, {"type": "Feature", "geometry": {"type": "Polygon", "coordinates": [[[81.13532462445944, 24.436946852904157], [81.13593145126151, 24.438011039243914], [81.13593271355059, 24.43801318071736], [81.13593574304429, 24.43801686413565], [81.13593793101188, 24.43802085765886], [81.13594407415135, 24.438026881180853], [81.13594954406966, 24.43803340446135], [81.1359535833937, 24.438036158473544], [81.13595694949692, 24.43803950212823], [81.13596469153373, 24.438043732006573], [81.1359719286544, 24.438048561413225], [81.1359765570452, 24.438050181536244], [81.1359808488255, 24.438052500957685], [81.13598960069045, 24.438054632939142], [81.13599801594432, 24.438057464218684], [81.13600306509619, 24.438057760798504], [81.13600786179018, 24.438058941387425], [81.13601686610964, 24.4380587512167], [81.1360258704281, 24.438059280115993], [81.13603075127317, 24.438058398319015], [81.13603571627043, 24.43805824053547], [81.13724413670944, 24.437870979376235], [81.13724682954745, 24.43787050833756], [81.13725692768912, 24.43786732626763], [81.13726719413182, 24.43786469338563], [81.13727005527134, 24.43786315362169], [81.13727316886424, 24.437862167988705], [81.137281836433, 24.437856475029164], [81.13729092475648, 24.437851346084113], [81.13729311268605, 24.43784913759359], [81.13729580552236, 24.437847318292267], [81.1373024534616, 24.437839709037103], [81.13730960630699, 24.437832488970503], [81.137311036876, 24.43782978657964], [81.13731305650278, 24.437827388436006], [81.13731709575616, 24.43781836759554], [81.13732172406708, 24.437809651001828], [81.13732231312481, 24.437806629536983], [81.13732349124028, 24.4378038224352], [81.13732458520461, 24.437794179198683], [81.13732635237774, 24.43778457549886], [81.13732601577334, 24.43778158955454], [81.13732635237774, 24.437778643147173], [81.1373244169024, 24.43776900176191], [81.13732315463587, 24.437759399913418], [81.13674755896174, 24.435768455118332], [81.14119880567002, 24.434916758985263], [81.1447795114165, 24.44409220725498], [81.13670817594449, 24.447839693626552], [81.1323140675969, 24.446762023282446], [81.1314245282192, 24.445227142404573], [81.1314241915893, 24.445226583327944], [81.13142318169966, 24.445224906098062], [81.1314153550545, 24.445215637647028], [81.13140778088102, 24.44520620427358], [81.13140685514864, 24.445205520686667], [81.13140618188874, 24.445204762059195], [81.1313958305169, 24.445197861879127], [81.13138564745871, 24.445190701947975], [81.13138463756856, 24.445190372939827], [81.13138371183592, 24.44518977923425], [81.13137159315308, 24.445185741254342], [81.13135964278341, 24.445181443523072], [81.13135854873539, 24.445181379212137], [81.13135753884491, 24.44518105020381], [81.13134466273998, 24.445180293312813], [81.13133187079052, 24.445179271723234], [81.12884320761479, 24.44529936813791], [81.12869609535217, 24.44321859667696], [81.13081758218965, 24.44106633757156], [81.13081943366835, 24.44106437910713], [81.13082532473668, 24.441055827032223], [81.13083180491132, 24.441047669112713], [81.13083273065051, 24.441045206822764], [81.13083424549644, 24.441042958924246], [81.1308373593463, 24.441033254901647], [81.13084097814463, 24.441023670441087], [81.13114865954716, 24.439610106949537], [81.13114916449376, 24.439607709795865], [81.13114924865154, 24.439606096854554], [81.13114966944036, 24.439604683463664], [81.1311495852826, 24.43959344318659], [81.13114992191365, 24.439582317523275], [81.13114950112482, 24.439580764786804], [81.13114941696706, 24.439579231835467], [81.13114596649858, 24.439568512767632], [81.13114285266103, 24.43955772360205], [81.13114192692552, 24.43955641083577], [81.13114150613666, 24.43955494798187], [81.13113477351439, 24.439545564013528], [81.1311284616805, 24.43953593512834], [81.13112728347144, 24.43953487717106], [81.13112635773575, 24.43953365428733], [81.1302263691277, 24.43859046842544], [81.13045216675906, 24.436276939145866], [81.13386185876111, 24.435773237063124], [81.13532462445944, 24.436946852904157]]]}, "properties": {"polygon_id": "farmforest_171", "source": "farmforest", "raw_class": 5, "core_class": "greenery"}}, {"type": "Feature", "geometry": {"type": "Polygon", "coordinates": [[[86.21299657218842, 24.919978951546973], [86.21298059637536, 24.919163261679177], [86.21397744649286, 24.919186663778625], [86.21483647151433, 24.92000685609734], [86.21483841025623, 24.920008622644485], [86.21484763866668, 24.920014912514674], [86.21485647932722, 24.920021554167498], [86.21485880581659, 24.920022426552116], [86.21486082210728, 24.920023833473493], [86.21487160150618, 24.92002745065804], [86.21488222580356, 24.920031606299666], [86.21568462527729, 24.920231236254256], [86.21549750067723, 24.920899507610688], [86.21490890286171, 24.921380722567225], [86.21490742941991, 24.92138195086196], [86.21421265808827, 24.92197428609243], [86.21375914000153, 24.92234238953364], [86.2133760350521, 24.92176203125056], [86.2128157194878, 24.920240594195096], [86.21297834735273, 24.920032547597504], [86.21297989840282, 24.92003050771319], [86.21298075148036, 24.920028811759973], [86.2129820698729, 24.92002739876532], [86.2129868005752, 24.920017394030353], [86.212991996592, 24.92000758185706], [86.21299230680194, 24.920005781776204], [86.21299315987926, 24.920004085822754], [86.21299463337643, 24.919993275529457], [86.21299657218842, 24.919982567401597], [86.21299633953097, 24.919980753589567], [86.21299657218842, 24.919978951546973]]]}, "properties": {"polygon_id": "farmforest_172", "source": "farmforest", "raw_class": 5, "core_class": "greenery"}}, {"type": "Feature", "geometry": {"type": "Polygon", "coordinates": [[[77.20646186315194, 8.267367670962262], [77.20662512523673, 8.267534617320289], [77.20662687979848, 8.267536390442913], [77.20663424895756, 8.267541696110019], [77.20664109174771, 8.267547638646693], [77.20664451314263, 8.267549220425575], [77.20664758362518, 8.267551444743093], [77.20665609324783, 8.267554498691595], [77.20666433968566, 8.267558279748314], [77.20666811199216, 8.267558810315208], [77.2066717088424, 8.267560152559675], [77.20668074483159, 8.267560689740765], [77.20668969309206, 8.267562041434052], [77.20723816752964, 8.2675665226693], [77.20723895707835, 8.267566548180588], [77.20724071163099, 8.267566523137463], [77.20725246713309, 8.26756461439553], [77.20726431036164, 8.267562953692279], [77.20726509991016, 8.26756257052914], [77.20726606491391, 8.267562438239771], [77.20727676768223, 8.267557389556748], [77.20728764590477, 8.267552510012242], [77.20728834772555, 8.267551960544742], [77.20728922500152, 8.267551580216116], [77.20729808548839, 8.267543693021183], [77.20730720915734, 8.267536059534654], [77.20730764779525, 8.267535256358933], [77.2073083496159, 8.267534706891446], [77.2073147537292, 8.267524696958239], [77.20732124556972, 8.267514853330084], [77.20732150875244, 8.267513962750579], [77.20732203511787, 8.26751316240956], [77.20732528103797, 8.26750182441228], [77.20732879014069, 8.267490576654929], [77.20734765156602, 8.267372180290838], [77.20755635522984, 8.267377207065179], [77.20756723342669, 8.26775116902072], [77.20756732115407, 8.26775362391037], [77.20756898797447, 8.267761769549548], [77.20756977752097, 8.267770050314393], [77.20757153206871, 8.267774193765465], [77.20757240934257, 8.267778554076683], [77.2075762693475, 8.267785871496011], [77.20757942753325, 8.267793574915709], [77.20758214708202, 8.267797095666918], [77.20758425253912, 8.267801005252439], [77.20759004254586, 8.267806995536189], [77.20759521846077, 8.267813538125234], [77.20798314825144, 8.268181050000647], [77.20792007246295, 8.268506773016355], [77.20743055407428, 8.26878054602157], [77.20742836088696, 8.26878178292874], [77.20741967586486, 8.268788858536118], [77.20741063993209, 8.2687955958585], [77.20708420543211, 8.269122046021629], [77.20648309337668, 8.268865583928571], [77.20594795018665, 8.268451298235991], [77.20570704723308, 8.268150246496955], [77.20571117048512, 8.267753965545431], [77.20571117048512, 8.267751513505592], [77.2057107318413, 8.267748802086684], [77.20571090729882, 8.267746110513132], [77.20570871407966, 8.267736313214208], [77.20570713496183, 8.267726454027317], [77.20570599448784, 8.26772396513308], [77.20570538038645, 8.267721329779866], [77.20570046757523, 8.267712588883436], [77.20569616886524, 8.267703459160444], [77.20569432656092, 8.267701437994555], [77.20569301062925, 8.267699106900489], [77.20568590459794, 8.267692011558045], [77.20567914948134, 8.267684518883696], [77.2056768685328, 8.267683055685374], [77.20567493849939, 8.267681113419751], [77.20501504068335, 8.267190552322822], [77.20501293518058, 8.267189094807076], [77.20500925055063, 8.267187177591774], [77.205006004567, 8.267184702414884], [77.20499793347223, 8.267181417441128], [77.20499012556478, 8.267177487102094], [77.20498609001692, 8.267176702820354], [77.20498222992752, 8.267175188604387], [77.20497354472593, 8.267174254066067], [77.20496494725302, 8.26717266849222], [77.20496082397499, 8.2671730256485], [77.2049567006968, 8.267172565466746], [77.20433890918031, 8.267197308928068], [77.20419889236464, 8.26698885885048], [77.20421231503649, 8.266943113282538], [77.20442330520098, 8.266945518142865], [77.20440725066115, 8.267032208898595], [77.20440681201248, 8.267034728461109], [77.20440672428276, 8.267039384435057], [77.20440584698542, 8.267044014893132], [77.20440654882329, 8.267052047457664], [77.20440646109354, 8.267060054506905], [77.20440777703953, 8.26706459237762], [77.20440812795846, 8.267069262529196], [77.20441111076927, 8.267076796675527], [77.20441330401248, 8.267084550507146], [77.20441584817456, 8.26708855593671], [77.20441751503932, 8.267092941682904], [77.2044225156335, 8.26709931503692], [77.20442681438973, 8.267106156111927], [77.20443032357838, 8.267109293660168], [77.20443321865892, 8.267112983497661], [77.20443979838718, 8.267117773214647], [77.20444585173686, 8.267123118056361], [77.20445015049224, 8.267125218584995], [77.204454010599, 8.267127958806828], [77.2044616430824, 8.26713073920644], [77.20446892464658, 8.267134243868124], [77.20447366204954, 8.267134969101242], [77.20447813626326, 8.267136584898763], [77.20448620739349, 8.2671370909327], [77.20449427852316, 8.267138496036408], [77.20449892819543, 8.267137910696073], [77.2045036655972, 8.267138227260762], [77.20508329404466, 8.267093614868523], [77.20508583819232, 8.26709337014783], [77.20509548840712, 8.267090984781362], [77.20510522635034, 8.26708917438571], [77.20510785822677, 8.26708786996112], [77.20511075329075, 8.267087146177596], [77.20511926302386, 8.267082190209742], [77.20512821140235, 8.267077738818937], [77.20513031690308, 8.267075845248279], [77.20513286104973, 8.267074374521082], [77.20513970392668, 8.26706715787803], [77.20514698544916, 8.267060527546024], [77.20514847684527, 8.267058041994789], [77.20515049461646, 8.267055900388153], [77.20515505653378, 8.267047138830474], [77.20516014482598, 8.267038721217954], [77.20524532982324, 8.266837712038205], [77.20556518972916, 8.266873303442049], [77.20563414460386, 8.267042104934832], [77.20563510962091, 8.267044424665249], [77.20564019789248, 8.267052517267548], [77.20564467206214, 8.267060998696497], [77.20564686528247, 8.267063276381291], [77.20564861985872, 8.267066030295258], [77.20565572589229, 8.267072389956208], [77.2056624810102, 8.26707931041576], [77.20566520060304, 8.26708086950525], [77.20566765700939, 8.267082992227527], [77.20567634216006, 8.267087196101956], [77.20568467639494, 8.267091960774689], [77.20568783463118, 8.267092716699542], [77.20569072968097, 8.267094117991187], [77.2057002043889, 8.267095650160508], [77.20570959136734, 8.267097915100138], [77.20571283733165, 8.267097774786642], [77.20571599556713, 8.267098367243578], [77.20572564573057, 8.267097207862689], [77.20573520816446, 8.267096781251968], [77.20597418103219, 8.267052438661306], [77.20609787825221, 8.26735427484861], [77.20609893099395, 8.267356597427156], [77.20610331741779, 8.267363604850619], [77.2061069142852, 8.267370995433318], [77.20610998478169, 8.267374282290861], [77.20611244117883, 8.267378203179696], [77.20611858217144, 8.267383632614825], [77.20612419679297, 8.267389780650877], [77.20612805684515, 8.267392112210393], [77.20613147825489, 8.267395165205286], [77.20613893517326, 8.267398757273499], [77.20614604117738, 8.267403073612117], [77.20615042759945, 8.267404196165202], [77.20615455083608, 8.267406209292139], [77.20616279730886, 8.26740753831115], [77.2061707805958, 8.267409757904016], [77.20617534247381, 8.26740966011068], [77.20617990435166, 8.267410461395688], [77.20618815082267, 8.267409501851064], [77.20619639729313, 8.267409359650248], [77.20646186315194, 8.267367670962262]]]}, "properties": {"polygon_id": "farmforest_173", "source": "farmforest", "raw_class": 5, "core_class": "greenery"}}, {"type": "Feature", "geometry": {"type": "Polygon", "coordinates": [[[77.4656075927466, 8.138933083453773], [77.4660208365437, 8.144584456692991], [77.46191835644328, 8.146034696263444], [77.45887206041425, 8.144798894444602], [77.45924050896596, 8.142163645757192], [77.45993564709626, 8.13983035372954], [77.46083605524345, 8.138286766868307], [77.4656075927466, 8.138933083453773]]]}, "properties": {"polygon_id": "farmforest_174", "source": "farmforest", "raw_class": 5, "core_class": "greenery"}}, {"type": "Feature", "geometry": {"type": "Polygon", "coordinates": [[[77.86493327838218, 8.795793809572475], [77.86606401341095, 8.792162713259506], [77.86883942814576, 8.792544210664376], [77.86785507585918, 8.79652851166309], [77.86493327838218, 8.795793809572475]]]}, "properties": {"polygon_id": "farmforest_175", "source": "farmforest", "raw_class": 5, "core_class": "greenery"}}, {"type": "Feature", "geometry": {"type": "Polygon", "coordinates": [[[87.8212492843491, 23.113011980762572], [87.82571050550642, 23.110271572909067], [87.82964653209312, 23.115542747666954], [87.82509077208695, 23.11813251780167], [87.8212492843491, 23.113011980762572]]]}, "properties": {"polygon_id": "farmforest_176", "source": "farmforest", "raw_class": 5, "core_class": "greenery"}}, {"type": "Feature", "geometry": {"type": "Polygon", "coordinates": [[[83.71241970394082, 26.078933700311584], [83.71490488185277, 26.078461442781737], [83.71528628503772, 26.079482581857924], [83.71280671712688, 26.080251231568923], [83.71241970394082, 26.078933700311584]]]}, "properties": {"polygon_id": "farmforest_177", "source": "farmforest", "raw_class": 5, "core_class": "greenery"}}, {"type": "Feature", "geometry": {"type": "Polygon", "coordinates": [[[79.65506612571484, 17.99073104879502], [79.65397194688644, 17.991328984708115], [79.65397177557197, 17.991329064843388], [79.65396963414116, 17.991330200518764], [79.65396029750218, 17.991337560211655], [79.65395070389049, 17.99134472747616], [79.65395001863246, 17.991345673278282], [79.65394907640268, 17.991346426652676], [79.65394222382214, 17.99135597399663], [79.65393519992655, 17.991365333506455], [79.65393477164021, 17.991366471736264], [79.65393408638208, 17.991367417538306], [79.65393031746221, 17.991378380784724], [79.65392629157039, 17.991389330249547], [79.65392620591311, 17.99139048685502], [79.653925863284, 17.991391540355735], [79.65392543499763, 17.99140312938036], [79.65392474973942, 17.991414615300627], [79.65407447853437, 17.99308263011919], [79.65238119238512, 17.993607776885778], [79.65164777922416, 17.991433078505683], [79.65164692262974, 17.99143071016851], [79.65164512378139, 17.99142739806003], [79.6516440102086, 17.991423854744514], [79.65163895630114, 17.991416259186064], [79.65163458766904, 17.99140816445316], [79.65163193222588, 17.991405520974613], [79.65162987639887, 17.991402373726338], [79.65162276666345, 17.991396365014968], [79.6516161708843, 17.99138984793887], [79.6516128301648, 17.991387971602606], [79.65160983208308, 17.991385488388907], [79.6516012661348, 17.991381634624425], [79.6515930428237, 17.991377084659852], [79.65158927380587, 17.991376257218274], [79.65158576176637, 17.991374639659185], [79.6515763392207, 17.991373240973726], [79.65156717365261, 17.99137105217043], [79.65156323331463, 17.991371198085893], [79.65155937863602, 17.991370634016224], [79.65154995608759, 17.991371736359923], [79.65154044787863, 17.99137211952781], [79.65153676451813, 17.991373261775625], [79.65153290983838, 17.991373769575503], [79.65152417256367, 17.99137732038638], [79.65151517830941, 17.991380142831208], [79.6515120089053, 17.991382295196754], [79.65150841120322, 17.99138379932899], [79.65023010429128, 17.99212555375736], [79.64953205180079, 17.991008731301875], [79.65477343803562, 17.98893014955335], [79.65506612571484, 17.99073104879502]]]}, "properties": {"polygon_id": "farmforest_178", "source": "farmforest", "raw_class": 5, "core_class": "greenery"}}, {"type": "Feature", "geometry": {"type": "Polygon", "coordinates": [[[79.91176376866596, 15.42605622313643], [79.91088294007818, 15.42418715795803], [79.91546011171427, 15.42022375282864], [79.91586185832278, 15.421062750683838], [79.9160937329192, 15.421548795263929], [79.91609484318282, 15.421550965379607], [79.9160952702073, 15.421551603034553], [79.91609552642197, 15.42155232121525], [79.9164074245373, 15.422135980508925], [79.91676304852655, 15.422820634847055], [79.91707434643988, 15.423487816869507], [79.9170754566911, 15.42349007532841], [79.91707673775016, 15.423491900005265], [79.91707750638558, 15.423493966262997], [79.91708408248847, 15.423502390924282], [79.91709014616733, 15.423511145480706], [79.91709193964972, 15.423512551949337], [79.91709330611246, 15.423514292206082], [79.91769975726075, 15.42410282117508], [79.91770155073068, 15.424104580904421], [79.91770394202385, 15.424106191258275], [79.91770582089701, 15.42410830813787], [79.91819330171933, 15.424503835561012], [79.91774553343403, 15.425358444982768], [79.91440500567094, 15.429178010289483], [79.91176376866596, 15.42605622313643]]]}, "properties": {"polygon_id": "farmforest_179", "source": "farmforest", "raw_class": 5, "core_class": "greenery"}}, {"type": "Feature", "geometry": {"type": "Polygon", "coordinates": [[[83.71201209285611, 26.080511907759497], [83.71078527035898, 26.081044976553283], [83.71078283777217, 26.081046127821725], [83.70995031989696, 26.081433458050643], [83.70798351604817, 26.08228233078014], [83.7074926770996, 26.07982778848626], [83.71173616125897, 26.078843617893725], [83.71201209285611, 26.080511907759497]]]}, "properties": {"polygon_id": "farmforest_180", "source": "farmforest", "raw_class": 5, "core_class": "greenery"}}, {"type": "Feature", "geometry": {"type": "Polygon", "coordinates": [[[75.5904051849958, 29.674560893492007], [75.5902827099143, 29.674931500342886], [75.59028199939867, 29.674933930288148], [75.59028084481076, 29.67494262558371], [75.59027889089273, 29.674951232535825], [75.59023546061707, 29.675618528388846], [75.58789145013343, 29.675584335091735], [75.58788851920882, 29.67558427059647], [75.58788008169827, 29.67558541385191], [75.5878714665554, 29.67558567249078], [75.58786569352124, 29.675587369775183], [75.58785965403911, 29.6755881726255], [75.58785192705426, 29.67559129737771], [75.58784375598938, 29.675593594557686], [75.58783869348156, 29.67559658135544], [75.5878331868939, 29.675598827079323], [75.58782670333078, 29.675603732741514], [75.58781959805576, 29.67560796419165], [75.58781577897031, 29.675612039916256], [75.58781116054125, 29.675615594789303], [75.58780654211205, 29.67562183109918], [75.58780112433915, 29.675627633055115], [75.58779872630846, 29.675632471350863], [75.58779544011819, 29.675636951973004], [75.58779304208741, 29.675644125713003], [75.58778966708105, 29.675650931961197], [75.58771745968973, 29.675884797976046], [75.58617720454376, 29.675833024722117], [75.58622409987525, 29.674577763270854], [75.5904051849958, 29.674560893492007]]]}, "properties": {"polygon_id": "farmforest_181", "source": "farmforest", "raw_class": 5, "core_class": "greenery"}}, {"type": "Feature", "geometry": {"type": "Polygon", "coordinates": [[[76.25391905137798, 28.951512245745054], [76.26080549502814, 28.951486237097004], [76.26087267206331, 28.95443729863362], [76.25391905137798, 28.954515247002714], [76.25391905137798, 28.951512245745054]]]}, "properties": {"polygon_id": "farmforest_182", "source": "farmforest", "raw_class": 5, "core_class": "greenery"}}, {"type": "Feature", "geometry": {"type": "Polygon", "coordinates": [[[76.55425311321994, 29.434685839932968], [76.55425020283741, 29.434685976571416], [76.55424297097753, 29.434687235004752], [76.5542356509238, 29.434687702420035], [76.55422877183678, 29.434689865830958], [76.55422171636253, 29.434691229199522], [76.55421519004851, 29.434694210699853], [76.55420822276697, 29.43469645197293], [76.55420240199982, 29.434700200771914], [76.55419596387826, 29.434703191294968], [76.55419067227128, 29.434707689343945], [76.55418476330986, 29.4347115160051], [76.55418035363701, 29.434716538737252], [76.55417515022283, 29.434720958920966], [76.55417153429082, 29.434726497312052], [76.55416703642405, 29.434731597906513], [76.55416439061997, 29.43473749622923], [76.55416086288113, 29.434743043643408], [76.55415909901167, 29.434749292873516], [76.55415645320745, 29.43475527808316], [76.55415583585312, 29.434761557741652], [76.55415416017706, 29.43476772910705], [76.55415451295097, 29.43477419492143], [76.55415389559664, 29.434780561467104], [76.55421977610705, 29.43584620381817], [76.5527860074993, 29.43516868816352], [76.55009940121082, 29.43085924354804], [76.55756596778068, 29.433065775685726], [76.55761279726637, 29.43624366498313], [76.55513001729688, 29.436284894414975], [76.55502012901134, 29.434747813086478], [76.55501995262556, 29.434745362166808], [76.5550187179252, 29.4347408045315], [76.55501845334653, 29.43473608549224], [76.55501536659554, 29.434728471044348], [76.55501324996627, 29.434720608303945], [76.55501060417959, 29.434716514506402], [76.55500884032179, 29.434712076504535], [76.55500346055533, 29.4347055307631], [76.55499887452471, 29.434698544905075], [76.55499499403716, 29.434695280546006], [76.55499190728561, 29.434691402293968], [76.5549846754674, 29.434686404819118], [76.55497806099918, 29.434680775403546], [76.55497329858183, 29.434678550354377], [76.55496906532183, 29.434675684341016], [76.55496051060848, 29.434672636828076], [76.55495230866627, 29.434668843414762], [76.55494701709038, 29.434667867546825], [76.55494199009308, 29.4346661367551], [76.55493281802734, 29.43466528517018], [76.55492382234682, 29.43466366963727], [76.55491844257682, 29.434663988069055], [76.55491306280658, 29.434663524505723], [76.55425311321994, 29.434685839932968]]]}, "properties": {"polygon_id": "farmforest_183", "source": "farmforest", "raw_class": 5, "core_class": "greenery"}}, {"type": "Feature", "geometry": {"type": "Polygon", "coordinates": [[[74.02961809388064, 16.39698839912466], [74.03057772975224, 16.394746393814046], [74.03453653519952, 16.394454747091235], [74.03460924132793, 16.398749349721502], [74.0336637905409, 16.398797806247327], [74.0332522051021, 16.398754142028675], [74.03324960523481, 16.39875394056274], [74.03324046087373, 16.398754452602528], [74.03323131651221, 16.398754179941868], [74.03322737188554, 16.398755182102143], [74.03322324795757, 16.398755385668167], [74.03321455184829, 16.3987583737306], [74.03320576608799, 16.398760570145438], [74.03320218006327, 16.398762559171104], [74.03319823543598, 16.398763910086018], [74.03319088408493, 16.398769094886763], [74.03318299482982, 16.398773540493195], [74.03242912120564, 16.399357004016867], [74.03093463345179, 16.399028352857577], [74.03129852930078, 16.39842958526608], [74.031299784422, 16.398427415646843], [74.03130381874013, 16.39841717854496], [74.03130821166421, 16.398407056423032], [74.03130848061873, 16.398405246316983], [74.03130910817931, 16.398403638378845], [74.03130991504291, 16.398392715211553], [74.03131125981557, 16.39838183373233], [74.03131090120952, 16.398380062179104], [74.03131108051252, 16.398378332313417], [74.03130874957327, 16.398367601910675], [74.03130677724003, 16.398356812112272], [74.03130597037642, 16.398355180195885], [74.03130561177038, 16.398353495831024], [74.03130023267957, 16.398343837021898], [74.0312953018462, 16.39833395138888], [74.03129404672497, 16.398332633485424], [74.03129315020979, 16.398331081809474], [74.03128517122452, 16.398323226837555], [74.031277550845, 16.3983151380936], [74.02961809388064, 16.39698839912466]]]}, "properties": {"polygon_id": "farmforest_184", "source": "farmforest", "raw_class": 5, "core_class": "greenery"}}, {"type": "Feature", "geometry": {"type": "Polygon", "coordinates": [[[76.37735359294919, 25.920369512524076], [76.3783336021905, 25.918475975781927], [76.37979914264318, 25.918843417598247], [76.37980179199349, 25.918844023743265], [76.37980682575896, 25.918844503235977], [76.37981159458923, 25.918845753497877], [76.37982077900257, 25.918845832355103], [76.37982987510361, 25.918846610360266], [76.37983482055634, 25.91884584320839], [76.37983985432054, 25.918845880474304], [76.38165650076213, 25.918617724425733], [76.38125627727285, 25.92064780916773], [76.37941083562173, 25.921581111255428], [76.37735359294919, 25.920369512524076]]]}, "properties": {"polygon_id": "farmforest_185", "source": "farmforest", "raw_class": 5, "core_class": "greenery"}}, {"type": "Feature", "geometry": {"type": "Polygon", "coordinates": [[[74.65686991843383, 31.442313507003565], [74.65683203809583, 31.44561063794563], [74.65599697105513, 31.445540051116808], [74.65599536291953, 31.44553993979878], [74.65599411214737, 31.44553987212379], [74.65597990694867, 31.44554077465828], [74.65596570174878, 31.445541421963647], [74.65596507636259, 31.44554160081524], [74.65596436163553, 31.445541683680336], [74.65595104984327, 31.445545843119458], [74.65593764870907, 31.445549906569898], [74.65593711266366, 31.44555026648347], [74.65593648727739, 31.445550445334845], [74.65592505164196, 31.445557641394206], [74.65591352666485, 31.445564741464857], [74.6559130799603, 31.44556519736472], [74.65591254391482, 31.445565557278062], [74.65590396718711, 31.44557522937144], [74.65589521177715, 31.44558479456543], [74.65589494375439, 31.445585272286785], [74.65589449704979, 31.44558572818643], [74.65588940461721, 31.44559710193383], [74.65588413350265, 31.445608368782132], [74.6557771030395, 31.445982986443354], [74.65577647765261, 31.4459853772508], [74.65577585226573, 31.445992787502497], [74.65577424412803, 31.44600007773231], [74.65577478017394, 31.44600541786823], [74.65577433346901, 31.44601072305785], [74.65577620962966, 31.44601792836498], [74.6557770136985, 31.446025343040525], [74.65577933656404, 31.446030305868973], [74.65578067667875, 31.446035488977056], [74.6557847863638, 31.446042031230473], [74.65578800263897, 31.44604897482498], [74.65579184430092, 31.446053187311904], [74.65579488189404, 31.44605789712639], [74.65580095708009, 31.446063148066088], [74.6558063175382, 31.44606899231949], [74.65581132063227, 31.446072070519588], [74.65581578768042, 31.446075934006164], [74.65582338166202, 31.446079498775667], [74.65583035025661, 31.44608383792042], [74.65583624675949, 31.446085664025073], [74.65584178589839, 31.446088297238227], [74.65585018394732, 31.446089918398386], [74.65585840331397, 31.446092453564034], [74.65687197326324, 31.446269576443225], [74.6569589907992, 31.45308434010508], [74.65431976671219, 31.45297286261988], [74.65407398739349, 31.442549483480207], [74.65686991843383, 31.442313507003565]]]}, "properties": {"polygon_id": "farmforest_186", "source": "farmforest", "raw_class": 5, "core_class": "greenery"}}, {"type": "Feature", "geometry": {"type": "Polygon", "coordinates": [[[74.61893150206022, 31.404258116202232], [74.62478985820968, 31.400371334377066], [74.6281023858825, 31.404018476910718], [74.62299430582219, 31.40732566463234], [74.61893150206022, 31.404258116202232]]]}, "properties": {"polygon_id": "farmforest_187", "source": "farmforest", "raw_class": 5, "core_class": "greenery"}}, {"type": "Feature", "geometry": {"type": "Polygon", "coordinates": [[[74.64181030267375, 31.386765442254653], [74.64187543756394, 31.387450137129928], [74.64187570560871, 31.38745263815968], [74.64187793931507, 31.38746006048111], [74.64187919019062, 31.3874676181239], [74.64188160259341, 31.38747225351465], [74.64188312151369, 31.387477290478895], [74.64188767827443, 31.387483804889396], [74.64189125220433, 31.387490795076012], [74.64189518352714, 31.3874946796998], [74.64189822136741, 31.387499136124422], [74.64190474378903, 31.38750435852602], [74.6419105514245, 31.387510174549906], [74.64191555492567, 31.387512998511436], [74.64191984364085, 31.387516501209152], [74.64192788498151, 31.38751995147904], [74.64193530088423, 31.38752417650935], [74.64194101917046, 31.3875257259377], [74.6419463800636, 31.387527997745526], [74.64195513618871, 31.38752940745847], [74.64196371361697, 31.387531731599466], [74.64304804003977, 31.387681162538104], [74.64471034483748, 31.39004583965232], [74.6387426803575, 31.390033011938783], [74.63899938240318, 31.387611186607845], [74.63929915057669, 31.386229045433016], [74.64181030267375, 31.386765442254653]]]}, "properties": {"polygon_id": "farmforest_188", "source": "farmforest", "raw_class": 5, "core_class": "greenery"}}, {"type": "Feature", "geometry": {"type": "Polygon", "coordinates": [[[77.5863556968218, 28.524709333530552], [77.58573801568123, 28.525066209817954], [77.58573565477572, 28.525067656921003], [77.58572647347604, 28.52507522235294], [77.58571702985273, 28.525082412997055], [77.58571598056119, 28.525083805959355], [77.58571458150581, 28.525084991338566], [77.58570811087442, 28.525094472274724], [77.58570129047878, 28.525103745626573], [77.58570076583295, 28.525105362323455], [77.58569980398224, 28.52510676336125], [77.58569665610715, 28.52511751521723], [77.58569307102708, 28.52512805141315], [77.58569307102708, 28.525129716565548], [77.5856925463812, 28.525131333262074], [77.58569289614512, 28.52514240815504], [77.58569280870414, 28.525153442667396], [77.58569333335002, 28.525155068635836], [77.585693420791, 28.525156741863945], [77.58569726819398, 28.525167263398714], [77.58570067839197, 28.525177919832164], [77.58570172768364, 28.525179331337547], [77.58570225232948, 28.5251808696662], [77.58570933504797, 28.52519002485892], [77.58571598056119, 28.525199402589877], [77.58605927325293, 28.52555739039475], [77.58549536680117, 28.52591160392513], [77.58420070599045, 28.524553063959992], [77.58419886970565, 28.524551141552298], [77.58419694597866, 28.524549736904934], [77.58419554690448, 28.524548030161206], [77.58418601571113, 28.52454154083817], [77.58417683428556, 28.524534733264154], [77.5841745607896, 28.524533822145823], [77.5841726370622, 28.52453250513765], [77.5841614444658, 28.52452866681575], [77.58415051419483, 28.524524326886574], [77.58414806581399, 28.524524013090684], [77.58414579231744, 28.52452327725098], [77.58413372529655, 28.5245223379015], [77.58412183315876, 28.524520888867542], [77.5841193847773, 28.524521188547947], [77.58411693639577, 28.524520962390984], [77.58410513169844, 28.524523027014425], [77.58409323955762, 28.524524470082625], [77.58409105350219, 28.524525407470342], [77.58408860512006, 28.524525794789575], [77.58407793716873, 28.52453068123731], [77.58406700688967, 28.52453501761521], [77.58406508316044, 28.524536417431136], [77.58406289710447, 28.524537442457646], [77.58268952094369, 28.525393535318333], [77.58268724741781, 28.525394990420228], [77.58268217570607, 28.525399429651927], [77.58267649189092, 28.525403198864], [77.58267203228192, 28.5254083957527], [77.58266687312619, 28.525413002182248], [77.58266337539334, 28.52541846320859], [77.58265909067046, 28.525423500975037], [77.58265646737068, 28.525429568615902], [77.58265296963751, 28.52543520491857], [77.58265139565756, 28.525441369498207], [77.58264885980093, 28.52544726993884], [77.58264824769758, 28.525453698656577], [77.58264667371755, 28.525460038512758], [77.58264711093423, 28.52546630125339], [77.58264658627421, 28.525472562771203], [77.58264807281091, 28.525478922451], [77.58264859747091, 28.52548536854668], [77.5826509584409, 28.525491283176837], [77.58265244497753, 28.525497467578607], [77.58265585526738, 28.525503128593197], [77.58265839112386, 28.52550923465679], [77.58266267584676, 28.525514362983103], [77.58266599869299, 28.52551984064143], [77.583441705726, 28.526456581433663], [77.58276113698541, 28.526858454336693], [77.58161230177419, 28.525862174356476], [77.58161020311492, 28.525860490606444], [77.58160233314233, 28.525855644484597], [77.5815949878341, 28.52585014573098], [77.58159052818243, 28.525848419120052], [77.58158650575137, 28.525845944160288], [77.58157741155888, 28.52584326352385], [77.58156857969816, 28.525839730741552], [77.58156377026876, 28.525839198748866], [77.58155913572752, 28.525837806531616], [77.58154951686772, 28.525837443651486], [77.5815399854513, 28.525836300105333], [77.5815351760207, 28.525836907408994], [77.58153027914568, 28.525836717888847], [77.58152092261604, 28.525838745477078], [77.58151139119721, 28.52583996816165], [77.57993983287857, 28.526246876629145], [77.57925198504783, 28.52582741731564], [77.58007799657092, 28.5247631354668], [77.58098077846688, 28.524303716109845], [77.58139386611364, 28.52475211986736], [77.58139561499972, 28.52475403422539], [77.58139972488186, 28.524757130745837], [77.5814031352095, 28.52476086374378], [77.5814104805302, 28.524765486133532], [77.58141738862899, 28.524770769237826], [77.58142228550888, 28.524772799164918], [77.58142665772291, 28.524775569366533], [77.58143531470617, 28.52477820960994], [77.58144353446744, 28.52478159820661], [77.58144886856752, 28.52478226630729], [77.58145402777883, 28.52478388227641], [77.58146312198124, 28.524784284304463], [77.58147204129445, 28.52478545892294], [77.58147746283741, 28.52478490815818], [77.58148288438012, 28.524785146142385], [77.58149171624754, 28.524783245322098], [77.58150072300269, 28.524782237047194], [77.5815057073232, 28.524780331303667], [77.58151095397615, 28.52477923854625], [77.5815189113993, 28.524775241240516], [77.5815272185987, 28.5247720649994], [77.58153141592025, 28.52476903487743], [77.58153613790682, 28.52476666670097], [77.58430528673344, 28.522884943569856], [77.58430747278473, 28.5228833926757], [77.58431586722126, 28.522875316342358], [77.58432469886738, 28.52286763095241], [77.58432566072979, 28.52286605462593], [77.58432705980238, 28.522864693963225], [77.58433256865047, 28.522854948852338], [77.58433851470843, 28.522845331763637], [77.58433895191858, 28.52284353169637], [77.58433982633883, 28.522841947292854], [77.58434201238946, 28.522831194146253], [77.58434472309216, 28.522820489458116], [77.58434454820812, 28.52281872049511], [77.58434498541824, 28.522817008067967], [77.58434358634587, 28.522806099061736], [77.58434279936766, 28.52279515895021], [77.58434209983149, 28.522793516808658], [77.58434192494744, 28.522791747845385], [77.58433720307804, 28.52278158361482], [77.5843329184186, 28.522771372125952], [77.5834933843619, 28.521392098823064], [77.58478158258913, 28.520172267688785], [77.58597183252364, 28.521766227636192], [77.58597296925355, 28.521767734875944], [77.58597340645737, 28.52176821345882], [77.58598302494077, 28.521777340018858], [77.5859925559826, 28.521786458502913], [77.58599290574558, 28.5217865784449], [77.58599308062708, 28.521786857519434], [77.58600523489021, 28.521793150807177], [77.58601730171131, 28.521799611301507], [77.58601765147422, 28.52179964360201], [77.58601791379641, 28.52179984311022], [77.58603155454907, 28.521802943298876], [77.58604519530009, 28.521806131127494], [77.5860455450629, 28.52180616342792], [77.58604589482573, 28.52180619572835], [77.58605997277849, 28.521805918274087], [77.58607413817018, 28.521805648893174], [77.58607440049224, 28.521805497835572], [77.58607475025495, 28.521805530135914], [77.5860882161194, 28.521801690495373], [77.58610168198227, 28.52179793849431], [77.58757102532545, 28.52117981490754], [77.58929715581853, 28.523328133756067], [77.58880242945669, 28.523572197713715], [77.58818388729944, 28.52305207687631], [77.58818178876218, 28.52305030556367], [77.58817278253937, 28.523045004263004], [77.58816430095021, 28.52303913791541], [77.58816089082656, 28.52303794662616], [77.5881578304591, 28.52303608650175], [77.58814751264818, 28.523033205689547], [77.58813745715356, 28.523029647967743], [77.58813387215092, 28.523029316942853], [77.58813037458725, 28.5230283805028], [77.58811953213922, 28.523028080483478], [77.58810868969013, 28.52302716697434], [77.58810510468658, 28.523027712361152], [77.5881014322438, 28.523027636185255], [77.58809093954946, 28.52302999769605], [77.58808035941504, 28.523031825284402], [77.588077036728, 28.52303327130417], [77.58807353916256, 28.523034087687435], [77.58806418317452, 28.523038920468572], [77.58805447742911, 28.52304319510579], [77.58620398751125, 28.524175792206456], [77.58620171405606, 28.524177247409565], [77.58619541833376, 28.524182713153515], [77.58618851052692, 28.52418750888727], [77.58618518778424, 28.524191584030913], [77.58618116551666, 28.524195068729536], [77.58617679348652, 28.5242018514536], [77.58617172193134, 28.524208131372486], [77.58616979823795, 28.524212861563186], [77.58616700013839, 28.524217248078543], [77.58616507644491, 28.524224782754636], [77.586162103464, 28.524232132884553], [77.58616184114216, 28.524237104148188], [77.5861605295329, 28.524241978506076], [77.58616105417661, 28.52424973929381], [77.5861605295329, 28.524257490815742], [77.58616184114216, 28.524262344516558], [77.586162103464, 28.52426727659193], [77.58616507644491, 28.524274650010632], [77.58616708757901, 28.524282197519348], [77.5863556968218, 28.524709333530552]]]}, "properties": {"polygon_id": "farmforest_189", "source": "farmforest", "raw_class": 5, "core_class": "greenery"}}, {"type": "Feature", "geometry": {"type": "Polygon", "coordinates": [[[74.65454365697936, 31.431914338831433], [74.6557570013173, 31.431747249556864], [74.65601072954811, 31.432444022119153], [74.65601162295671, 31.43244642850081], [74.65601323109217, 31.43244917740351], [74.65601421384162, 31.43245219028945], [74.6560200209973, 31.432460471901944], [74.65602511342595, 31.432469091674136], [74.6560276149698, 31.432471354062113], [74.65602949112767, 31.432473965518497], [74.65603771048568, 31.432480499606683], [74.65604548313908, 31.432487574749402], [74.65604861006851, 31.4324891477277], [74.65605129029369, 31.432491261761115], [74.65606138580816, 31.432495557449716], [74.6560710346179, 31.4325004792779], [74.65607460825098, 31.432501255944803], [74.65607782452071, 31.432502669660188], [74.65608899212344, 31.432504373519514], [74.656099891703, 31.432506810419724], [74.65610355467629, 31.43250666205719], [74.6561071283087, 31.43250726855281], [74.65677646833952, 31.43253053669894], [74.6567439484094, 31.435635372598295], [74.65385215137586, 31.433239323917725], [74.65454365697936, 31.431914338831433]]]}, "properties": {"polygon_id": "farmforest_190", "source": "farmforest", "raw_class": 5, "core_class": "greenery"}}, {"type": "Feature", "geometry": {"type": "Polygon", "coordinates": [[[76.47292120980147, 30.30001449718955], [76.4712222314522, 30.300041219614464], [76.47121940745143, 30.300041355293448], [76.4712172012008, 30.300041642053028], [76.47121508320015, 30.300041592728828], [76.4712028164457, 30.300044019364343], [76.47119046144003, 30.300046005081963], [76.47118851993905, 30.300046923923148], [76.47118640193793, 30.30004730626501], [76.46920914460453, 30.300710716339697], [76.46777664018576, 30.297616753749118], [76.46900696051684, 30.297112291300518], [76.47051084607185, 30.29705520940304], [76.4705137583385, 30.297055082965194], [76.4705241718975, 30.29705306635666], [76.47053467370617, 30.297051836012592], [76.47053846847714, 30.297050420708324], [76.470542439749, 30.29704962824888], [76.47055179429996, 30.297045255928968], [76.47056159010265, 30.29704153420168], [76.47414195069831, 30.29510560173495], [76.47642067167928, 30.298335475694547], [76.47634124980881, 30.300040389810718], [76.4729240337653, 30.30001453413328], [76.47292120980147, 30.30001449718955]]]}, "properties": {"polygon_id": "farmforest_191", "source": "farmforest", "raw_class": 5, "core_class": "greenery"}}, {"type": "Feature", "geometry": {"type": "Polygon", "coordinates": [[[73.07611195149283, 25.10929069149321], [73.0772688939645, 25.108761067954095], [73.07727132564506, 25.108759861261824], [73.07727934118445, 25.10875448362478], [73.07728789709697, 25.10874969538649], [73.07729059896403, 25.10874694160204], [73.07729384120444, 25.108744777217133], [73.07729996543621, 25.108737599791738], [73.07730663004118, 25.108730836356468], [73.07730834122351, 25.108727528231256], [73.07731086296586, 25.108724577979192], [73.0773144654549, 25.108716140994314], [73.07731878844166, 25.108707963648815], [73.07791391884638, 25.107006953380516], [73.08192353390297, 25.108623593112057], [73.08045086112416, 25.112982129567825], [73.07704598980578, 25.11034350136622], [73.07611195149283, 25.10929069149321]]]}, "properties": {"polygon_id": "farmforest_192", "source": "farmforest", "raw_class": 5, "core_class": "greenery"}}, {"type": "Feature", "geometry": {"type": "Polygon", "coordinates": [[[75.70108805744889, 29.670072166694325], [75.69521758431586, 29.667659893772484], [75.69548126238146, 29.664717042538463], [75.7003534958649, 29.664612773978742], [75.70211423649661, 29.66581925832987], [75.70166970475482, 29.667484846139793], [75.70166908352762, 29.667487287496805], [75.70166908352762, 29.667487633628074], [75.70166899478089, 29.66748788349871], [75.70108805744889, 29.670072166694325]]]}, "properties": {"polygon_id": "farmforest_193", "source": "farmforest", "raw_class": 5, "core_class": "greenery"}}, {"type": "Feature", "geometry": {"type": "Polygon", "coordinates": [[[76.94637307867377, 17.165004464315516], [76.94071330904431, 17.17128577778863], [76.93895889787285, 17.16590621527153], [76.93985843898638, 17.163745541175267], [76.94563535581162, 17.162934658649032], [76.94637307867377, 17.165004464315516]]]}, "properties": {"polygon_id": "farmforest_194", "source": "farmforest", "raw_class": 5, "core_class": "greenery"}}, {"type": "Feature", "geometry": {"type": "Polygon", "coordinates": [[[75.87737737524711, 29.595397404828166], [75.87162440046794, 29.59546613151585], [75.8721062542223, 29.592258398731683], [75.87735193620283, 29.591978862279902], [75.87737737524711, 29.595397404828166]]]}, "properties": {"polygon_id": "farmforest_195", "source": "farmforest", "raw_class": 5, "core_class": "greenery"}}, {"type": "Feature", "geometry": {"type": "Polygon", "coordinates": [[[75.83116437673647, 29.534058404350535], [75.83116721407053, 29.534058364985665], [75.83116881007092, 29.534058191212218], [75.8311704060713, 29.534058277377035], [75.83145582384952, 29.534044905190772], [75.83145866117778, 29.534044779172063], [75.83145972517585, 29.534044547791893], [75.83146078917392, 29.534044576350265], [75.83147391181615, 29.534041751542325], [75.83148712312367, 29.534039109625315], [75.83148809845504, 29.534038695352063], [75.8314891624529, 29.53403846397156], [75.83150077776236, 29.534032529982852], [75.83151265907027, 29.5340267980857], [75.83151336840206, 29.5340261817187], [75.83151434373326, 29.534025680798894], [75.83152365371254, 29.534017157749783], [75.83153322969059, 29.5340088367923], [75.8315336730229, 29.53400793168539], [75.83153447102103, 29.5340073249184], [75.83154067767308, 29.533996819576267], [75.83154715032421, 29.533986516326035], [75.83154741632356, 29.53398559201824], [75.83154785965581, 29.533984773557307], [75.83155051964934, 29.533973191030164], [75.8315533569757, 29.533961714348703], [75.83155326830925, 29.533960751639544], [75.8315535343086, 29.533959827331554], [75.83158394689694, 29.533460917602937], [75.83371041795375, 29.533460918025703], [75.8339277359534, 29.53550330872833], [75.82741913507093, 29.535602332443613], [75.82768656060139, 29.534045438663124], [75.83116437673647, 29.534058404350535]]]}, "properties": {"polygon_id": "farmforest_196", "source": "farmforest", "raw_class": 5, "core_class": "greenery"}}, {"type": "Feature", "geometry": {"type": "Polygon", "coordinates": [[[75.5290447950531, 29.597057526848605], [75.5264594682827, 29.59490097739971], [75.52656449222815, 29.59272979782311], [75.52656458108086, 29.592727298265157], [75.52656351484828, 29.592720344112166], [75.52656351484828, 29.59271324854825], [75.52656164894125, 29.59270776332016], [75.52656084926682, 29.592702136681254], [75.52655756171627, 29.592695628562428], [75.52655534039828, 29.59268889250144], [75.52655178628945, 29.592684085461975], [75.52654920956049, 29.592678867569273], [75.52654396724971, 29.59267344074954], [75.52653961346606, 29.592667420165302], [75.52653472656586, 29.59266367683402], [75.5265305504874, 29.592659320041104], [75.5265237976794, 29.592655369888465], [75.52651766684032, 29.592650709894194], [75.52651171370647, 29.592648319410515], [75.52650638254161, 29.592645132554022], [75.52649856349949, 29.592642967904982], [75.52649118872074, 29.59263998718572], [75.52648479132202, 29.592639105020872], [75.52647857162854, 29.592637377240067], [75.52647039717388, 29.59263716341436], [75.52646240042432, 29.592636017441215], [75.52371886796516, 29.592605844453182], [75.52342280475985, 29.590032982276412], [75.52611827322701, 29.590020171763705], [75.52612031684556, 29.59002013867846], [75.52612120537536, 29.590020150629606], [75.52613515529247, 29.59001797591755], [75.5261491940612, 29.590015984117407], [75.52614954947306, 29.590015763912582], [75.5261499048849, 29.590015716773294], [75.52616269971091, 29.5900102988489], [75.5261754945358, 29.59000488092238], [75.52617576109465, 29.590004650869094], [75.52617611650643, 29.590004517196913], [75.52618660115374, 29.58999616069523], [75.52619717465325, 29.589987900572655], [75.52619735235912, 29.589987574138142], [75.52619761891792, 29.589987344084737], [75.52620508256416, 29.589976835547418], [75.52621254621002, 29.58996632700835], [75.52621263506295, 29.589965990725428], [75.52621281276879, 29.589965664290816], [75.52621654459158, 29.58995379026029], [75.52622036526719, 29.589941839543865], [75.52636439578077, 29.588982748093024], [75.52898473160847, 29.589028514301514], [75.5290447950531, 29.597057526848605]]]}, "properties": {"polygon_id": "farmforest_197", "source": "farmforest", "raw_class": 5, "core_class": "greenery"}}, {"type": "Feature", "geometry": {"type": "Polygon", "coordinates": [[[75.61244912732307, 29.63909660880899], [75.61753707362617, 29.64012476158514], [75.61753991516161, 29.640125247843105], [75.61754843976763, 29.640125754818627], [75.6175567867772, 29.640127020962108], [75.62134379376836, 29.640244302948524], [75.62131147213798, 29.64216623638252], [75.61175603338816, 29.640169162332256], [75.61244912732307, 29.63909660880899]]]}, "properties": {"polygon_id": "farmforest_198", "source": "farmforest", "raw_class": 5, "core_class": "greenery"}}, {"type": "Feature", "geometry": {"type": "Polygon", "coordinates": [[[75.05176386156234, 15.410393390594491], [75.0515208122288, 15.412453031105695], [75.04973915218758, 15.412168051471049], [75.04983772779406, 15.411808908507838], [75.04983835169011, 15.41180642723474], [75.04983844081812, 15.411806172233298], [75.04983852994611, 15.411805917231861], [75.04983959948221, 15.41179354469724], [75.04984075814627, 15.411781178260636], [75.04984066901827, 15.411780911064865], [75.04984075814627, 15.41178056903059], [75.04973041763725, 15.409963183063846], [75.05030056886646, 15.408558587585219], [75.0511462107174, 15.408730260288959], [75.05114879540844, 15.408730698152954], [75.05115334089949, 15.408730921990905], [75.05115788639041, 15.408731929113674], [75.05116644260826, 15.40873138286794], [75.05117508795291, 15.408731713033879], [75.05117954431594, 15.408730625300759], [75.05118417893338, 15.408730333043437], [75.05119228951357, 15.408727580527357], [75.05120066747509, 15.40872554255052], [75.05120458907395, 15.408723286832188], [75.05120895630893, 15.408721844876021], [75.05121590823373, 15.408716924357602], [75.05122339492166, 15.40871273666482], [75.05122651437486, 15.408709555770166], [75.05123025771861, 15.408706939733515], [75.05123560535242, 15.408700342926188], [75.05124148774938, 15.408694391912938], [75.05124362680277, 15.408690447714925], [75.0512464788739, 15.408686900406956], [75.05124968745388, 15.408679199960902], [75.05125360905151, 15.408671809373251], [75.05125450032371, 15.408667431712916], [75.05125619374084, 15.408663282974658], [75.05184140197606, 15.406327178013585], [75.05438123080762, 15.40685008916536], [75.05403274982122, 15.407924170647794], [75.05403203681587, 15.40792655879655], [75.05403105643349, 15.40793397652737], [75.05402909566874, 15.40794115316171], [75.05402927392007, 15.407946474309814], [75.0540285609147, 15.40795173451943], [75.05402971954842, 15.407959124439763], [75.05402989779978, 15.407966534360046], [75.05403159118751, 15.407971610976228], [75.05403248244421, 15.40797689384422], [75.05403569096826, 15.407983640635559], [75.05403809736127, 15.407990680711043], [75.05404121675954, 15.407995071540704], [75.05404344490115, 15.407999923624791], [75.05404852506386, 15.40800549290619], [75.05405289222116, 15.408011709694271], [75.05405717025269, 15.408015048326709], [75.05406073527887, 15.408019121497908], [75.05406724145143, 15.40802313467053], [75.05407321286987, 15.408027894569727], [75.05407829303165, 15.408029982564383], [75.05408292756506, 15.408032823379465], [75.0540903249931, 15.408034982782441], [75.05409736591827, 15.408037901099673], [75.05551392245358, 15.408409253406779], [75.05344211292079, 15.409427043108403], [75.05256626933523, 15.409461927284543], [75.05256368466709, 15.409462098656999], [75.05255200909671, 15.40946443336968], [75.05254024439901, 15.409466587921397], [75.05253917488099, 15.409467124007563], [75.05253792710995, 15.40946738680608], [75.05252741018231, 15.409472846889884], [75.05251671500096, 15.409477946652707], [75.05251582373582, 15.409478843058833], [75.05251475421764, 15.409479379144802], [75.05250619807192, 15.40948749726135], [75.05249746367271, 15.40949525505722], [75.05178400424815, 15.410346987277174], [75.05178239996353, 15.410348966338452], [75.05177660671339, 15.410359014038981], [75.05177054608225, 15.410368782354043], [75.05177018957453, 15.410370063461695], [75.05176956568602, 15.410371152216582], [75.05176689187806, 15.410382283596864], [75.05176386156234, 15.410393390594491]]]}, "properties": {"polygon_id": "farmforest_199", "source": "farmforest", "raw_class": 5, "core_class": "greenery"}}, {"type": "Feature", "geometry": {"type": "Polygon", "coordinates": [[[75.90663987398841, 14.433748433445684], [75.9076734379546, 14.43702372303339], [75.90681844191458, 14.437427012266792], [75.90564839693229, 14.434103373431844], [75.90564759935229, 14.434100983228083], [75.90564600419229, 14.434098197740646], [75.90564502937228, 14.434095102909335], [75.90563980079212, 14.434087066534087], [75.90563501531179, 14.434078710073067], [75.90563271119157, 14.434076402030136], [75.90563093879139, 14.434073692536503], [75.90562349471033, 14.434067430065749], [75.90561658234901, 14.434060679409008], [75.90561374650837, 14.434059119759574], [75.90561126514775, 14.434056974445785], [75.90560231452518, 14.434052962526264], [75.90559371838219, 14.434048364942427], [75.90559043944091, 14.434047645792857], [75.90558742635966, 14.434046248872162], [75.90557776677524, 14.43404479605044], [75.90556810719015, 14.434042736079194], [75.90556482824826, 14.434042884285272], [75.90556154930631, 14.43404242534215], [75.90555180110005, 14.434043655951427], [75.90554196427304, 14.434044187304188], [75.90553886257068, 14.434045300343769], [75.90553558362812, 14.434045708756067], [75.90552654438066, 14.434049497665976], [75.90551723927238, 14.43405275004799], [75.9055145806699, 14.434054583828129], [75.90551156758704, 14.434055875709591], [75.90399420630172, 14.434966217392063], [75.90376317105748, 14.433996388554439], [75.90490753178823, 14.432912525029842], [75.904909392818, 14.432910816395193], [75.90491435556393, 14.432904091668394], [75.90492002727336, 14.432897930318918], [75.90492197692343, 14.432893885218363], [75.90492472415757, 14.43289023539689], [75.90492764863255, 14.432882519786926], [75.90493128207109, 14.432875020615612], [75.9051809256599, 14.432100866683605], [75.90704442085095, 14.431419131821373], [75.90735024509992, 14.43312760812753], [75.90667089076604, 14.43365178141509], [75.90666885252087, 14.433653392604029], [75.90666778908859, 14.433654542455894], [75.90666645979823, 14.433655415988792], [75.90665910439135, 14.433663990736415], [75.90665139450661, 14.43367228379417], [75.90665068555168, 14.433673715335644], [75.90664971073863, 14.433674957293768], [75.9066451025314, 14.43368517303823], [75.90664013984653, 14.433695193828928], [75.90663987398841, 14.433696738959508], [75.90663916503341, 14.433698170501067], [75.90663774712341, 14.433709273476056], [75.9066358861165, 14.433720262862703], [75.90663606335525, 14.433721834846889], [75.9066358861165, 14.433723385348385], [75.90663765850402, 14.433734421462429], [75.90663898779466, 14.43374543072403], [75.90663960813029, 14.433746942826215], [75.90663987398841, 14.433748433445684]]]}, "properties": {"polygon_id": "farmforest_200", "source": "farmforest", "raw_class": 5, "core_class": "greenery"}}, {"type": "Feature", "geometry": {"type": "Polygon", "coordinates": [[[76.85046430401434, 29.542326422510616], [76.85017790717089, 29.542596820201556], [76.84198958085966, 29.533620952796127], [76.84670466580995, 29.533507987417558], [76.84679115927256, 29.536329712713485], [76.8467912472618, 29.53633215472361], [76.84679177519729, 29.536334553930025], [76.84679168720805, 29.536336978301666], [76.84679467884249, 29.53634692401785], [76.84679696656289, 29.536357059878824], [76.84679819841233, 29.536359182039842], [76.84679890232628, 29.536361598884262], [76.84680488559474, 29.536370454057263], [76.84681042891673, 29.536379612732315], [76.84681227669067, 29.53638136212913], [76.84681368451841, 29.53638341502854], [76.846822307463, 29.536390536083925], [76.84683057845012, 29.53639796946049], [76.84683295415908, 29.53639916347451], [76.84683497791113, 29.536400843609634], [76.8468455366169, 29.536405551695882], [76.84685583135416, 29.536410754721615], [76.84685847103025, 29.53641127999549], [76.84686093472786, 29.536412395928505], [76.84687254930174, 29.536414342154163], [76.84688407588533, 29.536416800957447], [76.84688689153917, 29.536416735571475], [76.84688961920378, 29.536417182764175], [76.84753176257254, 29.53644400240177], [76.84753457821168, 29.5364441107991], [76.84754487289166, 29.536442970086185], [76.84755525555951, 29.536442620289034], [76.84755930303994, 29.5364414617499], [76.84756352649767, 29.536441016046236], [76.8475731172657, 29.536437458486844], [76.84758297199905, 29.536434622580636], [76.84758649154648, 29.53643245523072], [76.84759036304855, 29.53643101835352], [76.84759837001833, 29.536425303360517], [76.84760690491963, 29.536420162676944], [76.84760963256838, 29.536417307659704], [76.84761297613773, 29.53641494887153], [76.84761878338952, 29.536407449214117], [76.84762538253898, 29.53640046342212], [76.84762705432345, 29.53639706808168], [76.84762943001714, 29.5363940039892], [76.84763268559729, 29.536385379592307], [76.84763673307522, 29.53637709526126], [76.84763717301846, 29.536373402660356], [76.84763849284818, 29.536369798244923], [76.84763884480277, 29.536360795933685], [76.84764007664383, 29.536351881807416], [76.84755358377407, 29.533369643724296], [76.85019163311767, 29.53342760492591], [76.85046430401434, 29.542326422510616]]]}, "properties": {"polygon_id": "farmforest_201", "source": "farmforest", "raw_class": 5, "core_class": "greenery"}}, {"type": "Feature", "geometry": {"type": "Polygon", "coordinates": [[[80.92498512144542, 26.808419089907545], [80.92914613114797, 26.804899202469684], [80.93101659499968, 26.807268771889493], [80.9295818369762, 26.8084400100882], [80.92498512144542, 26.808419089907545]]]}, "properties": {"polygon_id": "farmforest_202", "source": "farmforest", "raw_class": 5, "core_class": "greenery"}}, {"type": "Feature", "geometry": {"type": "Polygon", "coordinates": [[[75.22113108479638, 13.684446474980659], [75.22112859191951, 13.684446926135097], [75.22112289391507, 13.684448903854417], [75.22111701784779, 13.684449924266369], [75.22111060759231, 13.684452977395756], [75.22110393024256, 13.684455325957678], [75.22109903351924, 13.684458642960998], [75.22109360260774, 13.684461325246442], [75.22108843879006, 13.684466002793455], [75.22108265175282, 13.68447004022359], [75.22107891243634, 13.684474546014561], [75.22107446086896, 13.684478578382356], [75.21994634056465, 13.68582967271359], [75.2199455392767, 13.685830656676771], [75.21994473798874, 13.68583164063995], [75.219938683813, 13.685842115351186], [75.21993245157303, 13.685852493215918], [75.21993227350902, 13.685853170791082], [75.219931917381, 13.685853751519524], [75.21992915738893, 13.685865458591424], [75.21992613030079, 13.685877149464305], [75.21992613030079, 13.685877837839449], [75.21992604126878, 13.685878434767766], [75.21992666449282, 13.68589051913306], [75.21992719868484, 13.685902512052694], [75.21992737674886, 13.685903125180964], [75.21992746578086, 13.685903818956202], [75.219931561253, 13.685915167406023], [75.21993547866104, 13.685926591104128], [75.21999619847305, 13.686044716359755], [75.21936273475347, 13.687432184242459], [75.21884599026949, 13.688096620416987], [75.21862394275064, 13.688263162211891], [75.21862198403014, 13.688264764344098], [75.21861477237718, 13.688272243259398], [75.21860729362561, 13.688279447826092], [75.21860595813422, 13.6882816040563], [75.21860426651178, 13.688283394488636], [75.2185995477754, 13.6882925735078], [75.21859438387503, 13.688301467375977], [75.21859376064566, 13.68830392496164], [75.21859260321969, 13.688306178042827], [75.21859073353156, 13.688316218291861], [75.2185883296468, 13.688326226133201], [75.21853597836937, 13.688881675661634], [75.21811280489756, 13.689009253579858], [75.21711518647278, 13.688538619268044], [75.21734061941443, 13.68793980979274], [75.2182130560701, 13.687767122934344], [75.21821492576277, 13.687766720076697], [75.21821554899365, 13.687766585790817], [75.21822739037991, 13.6877620552629], [75.21823932079825, 13.687757702230664], [75.21823958789716, 13.687757460291737], [75.21823994402904, 13.687757395849408], [75.2182500047542, 13.687749831673596], [75.21826015451167, 13.68774235894613], [75.21882159532899, 13.687194134589397], [75.21933344311509, 13.686823600064782], [75.21933549085898, 13.686822003330052], [75.21933976441137, 13.686817702046083], [75.21934457215768, 13.686813949449235], [75.21934866764515, 13.6868085187486], [75.21935347539119, 13.686803647536108], [75.21935632442579, 13.686798313322912], [75.21935997475131, 13.686793457951044], [75.21936228959184, 13.686787058766932], [75.21936549475559, 13.68678114382468], [75.21936665217584, 13.686775190718352], [75.21936878895161, 13.686769555159673], [75.21936923411323, 13.686762784423939], [75.21937056959807, 13.686756239788082], [75.21937003540414, 13.68675018407339], [75.21937039153342, 13.686744182363872], [75.21933157343585, 13.686274677860283], [75.21950901479832, 13.685683284897872], [75.2203449362897, 13.684662618566708], [75.220345203385, 13.684662290579858], [75.221170080508, 13.683645599868617], [75.22117168307129, 13.683643631944978], [75.22117551141685, 13.683636722285934], [75.2211801410439, 13.683630291443228], [75.22118174360708, 13.683625656100856], [75.22118414745182, 13.683621327483221], [75.22118583904623, 13.683613685938056], [75.22118842095348, 13.683606184424862], [75.22134235596646, 13.68279412789234], [75.22197990705166, 13.68234034637474], [75.22250278424336, 13.682779902540371], [75.22241882842917, 13.683535715750102], [75.22241856133743, 13.68353819489255], [75.22241865036801, 13.683538974705412], [75.22241847230684, 13.683539738324134], [75.22241945164323, 13.68355158601778], [75.22242016388786, 13.683563503564535], [75.2224204309796, 13.683564208127573], [75.22242052001017, 13.683564987940615], [75.22242488250848, 13.683576180301923], [75.22242897791494, 13.683587356470289], [75.22242951209839, 13.683588077227686], [75.22242977919011, 13.683588781790895], [75.22243716872754, 13.683598264674032], [75.2224443802035, 13.683607908854274], [75.22244500341746, 13.683608462917597], [75.22244544857028, 13.68360909223094], [75.22292487742273, 13.684073641440268], [75.22177291023227, 13.68446155997066], [75.22132045429085, 13.684418893350944], [75.22131787238578, 13.684418650738587], [75.22130701057787, 13.684419454868996], [75.22129614876917, 13.684419656674423], [75.22113108479638, 13.684446474980659]]]}, "properties": {"polygon_id": "farmforest_203", "source": "farmforest", "raw_class": 5, "core_class": "greenery"}}, {"type": "Feature", "geometry": {"type": "Polygon", "coordinates": [[[75.24186198071956, 13.72020284014965], [75.2418614466029, 13.720205303957465], [75.2418610905251, 13.720214492563267], [75.24186002229176, 13.720223551866649], [75.24186064542788, 13.720227118839318], [75.24186046738899, 13.720230637182564], [75.24186278189455, 13.720239557504492], [75.24186429522511, 13.720248601351257], [75.24186589757508, 13.720251797376667], [75.24186678776951, 13.720255294483266], [75.24187150579988, 13.720263241696994], [75.24187560069403, 13.720271495395773], [75.24187809323827, 13.720274142916812], [75.2418799626464, 13.720277269076067], [75.2418868171427, 13.720283538356309], [75.24189304850273, 13.720290372352046], [75.24189625320207, 13.720292288408004], [75.24189883476538, 13.720294769179127], [75.2419072916104, 13.720298983797456], [75.2419153033579, 13.720303773937651], [75.24191886413443, 13.720304764761073], [75.24192206883323, 13.720306422586493], [75.24193132685166, 13.720308189604362], [75.2419404958501, 13.720310639833908], [75.24212485491775, 13.720334311106503], [75.2419291013665, 13.720723031924516], [75.24178613613398, 13.720650054369646], [75.24178382162727, 13.720648967031632], [75.24178132908153, 13.72064812711793], [75.24177901457475, 13.720646781548673], [75.24176886635227, 13.7206441857805], [75.24175898518764, 13.720641089760061], [75.2417563146025, 13.720641013732925], [75.24175373303683, 13.720640340569755], [75.24174331775416, 13.720640569133593], [75.24173281345126, 13.720640275831027], [75.2417302318852, 13.72064089382353], [75.24172765031908, 13.720640995353634], [75.24113006111799, 13.720739086991863], [75.24112747954189, 13.72073953282106], [75.24111875559477, 13.720742532405643], [75.24110976458752, 13.72074474108595], [75.24110647085206, 13.720746693069431], [75.24110282103702, 13.720747934822201], [75.241095254347, 13.720753156578127], [75.24108733157708, 13.720757754179937], [75.24108466098038, 13.720760518681995], [75.24108154528417, 13.720762653626435], [75.24107584801095, 13.720769710400138], [75.24106952759823, 13.720776298962376], [75.24085231889183, 13.72107875783299], [75.24024956313974, 13.721463513443066], [75.24000493497152, 13.72153646065177], [75.239578170061, 13.721265317854563], [75.23970217592247, 13.720958924535573], [75.23970315515, 13.720956573838457], [75.23970520262569, 13.720946799327022], [75.2397078732461, 13.720937234800491], [75.23975692363311, 13.720558205040533], [75.23975727971572, 13.720555730442284], [75.23975701265377, 13.72055072179887], [75.23975763579833, 13.720545767198407], [75.2397535408483, 13.720245370605486], [75.2397840749296, 13.72018197849553], [75.2400115224891, 13.720163937734872], [75.24001410408376, 13.720163664070679], [75.24001784294491, 13.720162772049123], [75.24002167082647, 13.720162574041183], [75.24003039483523, 13.720159574510784], [75.24003938590499, 13.720157365877842], [75.24004267966309, 13.720155499997313], [75.24004632950306, 13.720154258266232], [75.24005389624419, 13.720149036577087], [75.24006190808734, 13.720144444441058], [75.24006448968115, 13.720141674565964], [75.24006769441826, 13.720139545052277], [75.24015253090663, 13.720061459350669], [75.24082952976403, 13.720057192980443], [75.24083211134509, 13.720057177533471], [75.24083282350536, 13.720057048609876], [75.24083362468568, 13.720057097242702], [75.2408456423899, 13.720054814060994], [75.24085783813321, 13.720052713838479], [75.24085846127336, 13.720052407358343], [75.24085926245354, 13.720052197761877], [75.2408702119156, 13.720046750984515], [75.2408812503969, 13.72004148176278], [75.24088178451694, 13.720040997726143], [75.240882496677, 13.720040610573134], [75.24104869694038, 13.71992614650516], [75.24131094937756, 13.719987771701792], [75.24131344193086, 13.719988353380081], [75.24131878311633, 13.719988677585336], [75.24132394626211, 13.7199899378251], [75.24133178000022, 13.719989552560756], [75.24133952471819, 13.71999010873421], [75.24134477688303, 13.71998896423488], [75.24135011806743, 13.719988771980328], [75.2418410611486, 13.71989797786504], [75.24191646061028, 13.719951876250775], [75.24186198071956, 13.72020284014965]]]}, "properties": {"polygon_id": "farmforest_204", "source": "farmforest", "raw_class": 5, "core_class": "greenery"}}, {"type": "Feature", "geometry": {"type": "Polygon", "coordinates": [[[75.88985232511973, 29.378309938741037], [75.89051359155613, 29.376965792187118], [75.89180349975956, 29.37690927613782], [75.89459607423265, 29.381934975274238], [75.89387686463799, 29.382795577703668], [75.89071123525812, 29.382297291248936], [75.88923749788066, 29.378990111875265], [75.88983832158841, 29.378330469097044], [75.88984000555743, 29.37832848123944], [75.88984594376386, 29.378319056052174], [75.88985232511973, 29.378309938741037]]]}, "properties": {"polygon_id": "farmforest_205", "source": "farmforest", "raw_class": 5, "core_class": "greenery"}}, {"type": "Feature", "geometry": {"type": "Polygon", "coordinates": [[[78.14971667152584, 13.149436468033587], [78.14952207250946, 13.148613231015217], [78.14968483281989, 13.148533521436532], [78.1496870945862, 13.148532329119337], [78.14968787750529, 13.148531760035647], [78.1496889213974, 13.148531376074217], [78.14969840341703, 13.148524205128245], [78.14970805941779, 13.148517301757007], [78.14970866835473, 13.148516465098135], [78.14970953826467, 13.148515900057657], [78.14971658453484, 13.148506453494663], [78.1497238917775, 13.148497105557782], [78.1497242397414, 13.148496170272947], [78.14972484867828, 13.1484953336141], [78.14972893725425, 13.148484365641764], [78.14973328680301, 13.148473409799854], [78.14973337379398, 13.14847246238537], [78.14973372175787, 13.148471440604506], [78.14973450467663, 13.148459800013047], [78.14973554856829, 13.148448171552415], [78.14973528759536, 13.14844712146897], [78.14973537458634, 13.148446087558535], [78.14973276485716, 13.148434721763422], [78.14973041610085, 13.148423281603131], [78.149729894155, 13.148422305886314], [78.14972972017304, 13.148421346342486], [78.14948370940678, 13.147786968961256], [78.14949119064785, 13.147730489072602], [78.14976303771164, 13.147637339602923], [78.14976547345817, 13.147636501355906], [78.14977678228064, 13.147630366787823], [78.14978817809282, 13.147624236262047], [78.14979739913079, 13.147615150307335], [78.14980653317704, 13.147606146805005], [78.14981279652258, 13.147595020486584], [78.14981897287686, 13.147583803630086], [78.14982175658571, 13.147571477647473], [78.14982454029449, 13.147559151665883], [78.1498236703855, 13.14754639639452], [78.1498228004765, 13.14753381411558], [78.14972128204803, 13.147067383978], [78.15072967671846, 13.14684195931439], [78.15073211244272, 13.146841380539797], [78.15073898466453, 13.146838586060941], [78.15074611785629, 13.146836668661404], [78.15220119193175, 13.146215431845928], [78.15243075550647, 13.14714061513081], [78.1521786617928, 13.14720700751597], [78.15217622610182, 13.14720767280427], [78.15217335546595, 13.14720892335385], [78.15217031085206, 13.14720956034843], [78.15216152496576, 13.147214255367345], [78.15215256510076, 13.14721833683087], [78.15215012940918, 13.147220299556801], [78.15214743275057, 13.147221817677494], [78.15214038664227, 13.14722866943553], [78.1521328185995, 13.14723497796638], [78.15213116580848, 13.147237582541006], [78.15212890409441, 13.147239726342457], [78.15212411969911, 13.147248153621568], [78.1521187263805, 13.147256293119394], [78.15211785649038, 13.147259280055568], [78.15211637767715, 13.14726197921023], [78.15211420295178, 13.147271392708616], [78.1521113323142, 13.147280687375757], [78.1521113323142, 13.14728371473231], [78.15211063640207, 13.147286709752985], [78.1521112453252, 13.147296425588667], [78.1521112453252, 13.147306026635254], [78.15211202822636, 13.147309003874527], [78.15211228919341, 13.147312043357802], [78.15214351824602, 13.147459153671548], [78.15214404017998, 13.147461599812777], [78.1521454320038, 13.147465124326876], [78.15214612791574, 13.147468875992967], [78.15215021639816, 13.147476937108838], [78.15215352197959, 13.147485221335227], [78.1521559576711, 13.147488275378198], [78.15215761046173, 13.147491639027201], [78.1521638736681, 13.14749824426653], [78.15216944096235, 13.147505336146457], [78.15217257256523, 13.147507644061605], [78.1521752692232, 13.147510450743113], [78.15218309822981, 13.147515052834127], [78.15219049229107, 13.147520326683827], [78.15219414582704, 13.147521620898276], [78.15219745140709, 13.14752359091336], [78.15220632427933, 13.147525992610365], [78.15221502317299, 13.147528991695856], [78.15221885068595, 13.147529256040945], [78.1522226781988, 13.14753029885093], [78.15223181203568, 13.147530117790124], [78.1522410328607, 13.147530719235949], [78.15224486037275, 13.147529859131147], [78.15224868788464, 13.147529777491284], [78.15256062963866, 13.147480697237555], [78.15283264279331, 13.14860429875757], [78.15255619321746, 13.148756662121674], [78.14971667152584, 13.149436468033587]]]}, "properties": {"polygon_id": "farmforest_206", "source": "farmforest", "raw_class": 5, "core_class": "greenery"}}, {"type": "Feature", "geometry": {"type": "Polygon", "coordinates": [[[76.43962365625282, 9.756043622715497], [76.43857269257556, 9.755551158244556], [76.43858566857709, 9.75321837441523], [76.43858566857709, 9.7532158811577], [76.43858460931172, 9.753209605355508], [76.43858452103959, 9.753203285549052], [76.43858257905303, 9.75319714041613], [76.43858151978762, 9.753190781506927], [76.43857869507983, 9.753185099477514], [76.43857675309319, 9.753179037454698], [76.43716165506193, 9.750262928248498], [76.4431467856767, 9.749698893031262], [76.44353711075674, 9.751731869502253], [76.44353755210058, 9.75173429741385], [76.44353940574472, 9.751739026102047], [76.44354028843239, 9.751743965034322], [76.44397448177492, 9.753006834339148], [76.44374454219925, 9.754373639490877], [76.44159968517428, 9.755576832481273], [76.43962365625282, 9.756043622715497]]]}, "properties": {"polygon_id": "farmforest_207", "source": "farmforest", "raw_class": 5, "core_class": "greenery"}}, {"type": "Feature", "geometry": {"type": "Polygon", "coordinates": [[[72.99066132297152, 18.10247170252967], [72.9906587101954, 18.102618522355257], [72.9901912930902, 18.103862003748795], [72.99019048222702, 18.103864379963415], [72.99018922088432, 18.103871439472528], [72.9901869684866, 18.103878234471935], [72.99018687839069, 18.10388382514349], [72.99018588733567, 18.103889334408798], [72.99018669819885, 18.10389649367147], [72.99018660810296, 18.103903571527965], [72.9902579640525, 18.104438669943928], [72.99025832443603, 18.10444115199305], [72.99025841453191, 18.10444151006042], [72.99025841453191, 18.10444177250534], [72.9902622886548, 18.104453582655278], [72.99026607268176, 18.104465472146817], [72.99026625287354, 18.104465750873395], [72.9902663429694, 18.104466021459153], [72.99027355063963, 18.104476383187762], [72.99028066821373, 18.10448673677618], [72.99028093850136, 18.104486936161955], [72.9902811186931, 18.104487214888568], [72.99072502064243, 18.104961321814507], [72.9911027015278, 18.106374518756326], [72.99069069417695, 18.106357672415204], [72.98959431684796, 18.1062047084337], [72.98922393133986, 18.105489054516354], [72.98922276008824, 18.105486849114783], [72.98921654344494, 18.105478676432963], [72.98921077728288, 18.10547019453405], [72.98920870506835, 18.105468432604507], [72.98920708333523, 18.105466273975914], [72.98919870438063, 18.105460092932034], [72.98919077590716, 18.105453427707683], [72.98880282095888, 18.10521261251369], [72.98880155960873, 18.105211886157512], [72.98880056854789, 18.105211271708402], [72.98878885601037, 18.105206451562452], [72.9887772335687, 18.10520146459534], [72.98877660289357, 18.10520140760198], [72.98877606231486, 18.105201183787816], [72.98876335871513, 18.105199685852842], [72.98875074521116, 18.10519802109622], [72.9887502046324, 18.105198059726035], [72.98874957395718, 18.105198002732582], [72.98873696045247, 18.105199924710124], [72.98872434694708, 18.105201671723773], [72.98872380636827, 18.105201885316163], [72.98872317569298, 18.10520200328528], [72.98871164334456, 18.10520717229177], [72.98870002089909, 18.10521215819241], [72.98869957041668, 18.105212554889313], [72.98869902983782, 18.105212768481586], [72.98868947961084, 18.105220828530012], [72.9886797491905, 18.10522869733087], [72.98823827599254, 18.1057083522474], [72.98802997243284, 18.105452452817495], [72.98852595443778, 18.104306569786846], [72.98885994209452, 18.103585201453562], [72.98886093315512, 18.10358284154236], [72.98886264498704, 18.103576260197677], [72.98886534787952, 18.103569943368296], [72.98886588845801, 18.103564043515686], [72.98886742009707, 18.10355823321661], [72.98886714980783, 18.103551472765286], [72.98886787057914, 18.103544714386636], [72.98884201290676, 18.103024404124227], [72.989143565446, 18.10229546870474], [72.98941124142763, 18.10246845885435], [72.98941349383279, 18.10246979961643], [72.98941403441003, 18.102470110901645], [72.98941457498725, 18.102470509667594], [72.98942619739745, 18.10247532146372], [72.98943772971086, 18.10248030008052], [72.98943845048042, 18.10248045268521], [72.9894389910576, 18.10248067648966], [72.98945160452467, 18.10248225356196], [72.98946421799107, 18.102484005594935], [72.98946484866438, 18.102483887616785], [72.98946547933768, 18.102484032080902], [72.99066132297152, 18.10247170252967]]]}, "properties": {"polygon_id": "farmforest_208", "source": "farmforest", "raw_class": 5, "core_class": "greenery"}}, {"type": "Feature", "geometry": {"type": "Polygon", "coordinates": [[[83.57422542481906, 18.488517348599526], [83.57427523921542, 18.488496680222894], [83.57434154999835, 18.488470170368732], [83.57434398789346, 18.4884691712168], [83.5743463445253, 18.48846771859375], [83.57434894494655, 18.488466815090305], [83.57440241608444, 18.48844005061339], [83.57440469145101, 18.488438955811947], [83.57446433853087, 18.488407082014785], [83.57449668120177, 18.488396278478852], [83.57449920035384, 18.488395372220467], [83.57450521381318, 18.488392240575706], [83.57451155232377, 18.48838984108989], [83.57457737528058, 18.48835484110728], [83.57462028205981, 18.48833339780846], [83.57466335133532, 18.48832259696221], [83.57466587048071, 18.48832196113225], [83.57467562201029, 18.488317694072062], [83.57468561732658, 18.488314066274103], [83.57475249651571, 18.48827838084409], [83.57475371545532, 18.48827770097733], [83.57475477186962, 18.488277105749887], [83.5747646859107, 18.48826941872649], [83.57477468121282, 18.48826191474212], [83.57477500626327, 18.488261475032235], [83.57477549383894, 18.48826113097048], [83.57478280747354, 18.48825110228245], [83.57479020236988, 18.488241256633813], [83.57481506871825, 18.4881957649255], [83.57483717213077, 18.488162619475425], [83.5748745528843, 18.488116920586943], [83.57487617813395, 18.48811490232425], [83.57487820969595, 18.48811136537917], [83.5748808913577, 18.488108211025903], [83.57490673281954, 18.488067529952183], [83.57492201015678, 18.48805227220044], [83.57492664211469, 18.488069285941716], [83.57492355414279, 18.488103075395202], [83.57492331035553, 18.48810550101907], [83.57492355414279, 18.48810812344299], [83.57492314783069, 18.48811081399381], [83.57492314783069, 18.48815282096609], [83.57491282750239, 18.488190782531493], [83.57490291348465, 18.488227135272634], [83.57488178524491, 18.48826040390808], [83.57484497333334, 18.48830540092495], [83.5748434293454, 18.488307331796324], [83.57484188535744, 18.488310073961472], [83.57483977253173, 18.488312436286403], [83.5748195381589, 18.488342850590204], [83.5747910962584, 18.48836802901342], [83.57474762075707, 18.488400630921912], [83.57470487659002, 18.48842207976146], [83.57465449369427, 18.48844299944387], [83.5746520558112, 18.488444088744508], [83.57464856151195, 18.48844622399067], [83.57464466089863, 18.488447714468997], [83.57463742851075, 18.488453238716716], [83.57462970854527, 18.488458025300247], [83.57462702687283, 18.48846108950644], [83.57462369509781, 18.488463500687885], [83.57459013354944, 18.488497159480882], [83.57454446381077, 18.488527523568496], [83.5745423509751, 18.488528984451793], [83.57454129455722, 18.488529940252846], [83.57453999435059, 18.488530707509344], [83.57448660459252, 18.48857081606573], [83.57443305226306, 18.488610919098868], [83.57443102068669, 18.4886124728768], [83.57442581985089, 18.48861797578094], [83.57441996891009, 18.48862282565919], [83.5743769807312, 18.488670227557616], [83.57435820894634, 18.48868888251401], [83.57431245777622, 18.48871942406786], [83.57431034493273, 18.48872088494797], [83.57430636303522, 18.48872462625966], [83.5743017310317, 18.488727714544893], [83.57426386235839, 18.48876176825117], [83.57420803446585, 18.488795303783622], [83.57416090170872, 18.48881894757036], [83.57411043711413, 18.488839864316322], [83.57410808047345, 18.488840866216886], [83.5741066989944, 18.488841811004665], [83.57410507372488, 18.488842296815697], [83.57409548463389, 18.48884873279469], [83.57408573301443, 18.48885489283651], [83.57408459532539, 18.48885602616947], [83.57408321384581, 18.488856970957034], [83.57403860016572, 18.48889710620729], [83.57403673110375, 18.488898845772884], [83.57403599973166, 18.488899812581053], [83.57403502456886, 18.48890050069992], [83.57400154397024, 18.4889340719771], [83.57396911978131, 18.488955689905833], [83.5739679008265, 18.488956550053892], [83.57391808618694, 18.48899101032718], [83.57387395997249, 18.489009437388944], [83.57387160332296, 18.48901043928578], [83.57386819024417, 18.4890125772667], [83.57386437084628, 18.489014070477268], [83.57385705710496, 18.48901959193566], [83.57384925577998, 18.489024465870646], [83.5738465740743, 18.48902743991995], [83.57384340478559, 18.48902985658994], [83.57381512497176, 18.489058105229688], [83.57377254269936, 18.48907775643337], [83.57377018604602, 18.489078938616235], [83.57376514768346, 18.489082373696476], [83.57375954047302, 18.489085068356566], [83.57372443444856, 18.489108488411194], [83.57367632616099, 18.489132459587637], [83.5736740507681, 18.489133644521818], [83.57366949998209, 18.489136915828222], [83.57366446161146, 18.489139449466965], [83.57361545937287, 18.48917339630624], [83.57355873699933, 18.489196084059444], [83.57355629907383, 18.48919708319843], [83.5735552426394, 18.48919776856133], [83.57355402367659, 18.48919808784317], [83.57349608228375, 18.489224880894863], [83.5734937256201, 18.489226063073385], [83.57349364435582, 18.489226150464276], [83.5734934818273, 18.489226144958423], [83.57344131014669, 18.48925223200861], [83.57338475014504, 18.489278350667153], [83.57338239347722, 18.489279442700123], [83.57338044313136, 18.489280728785626], [83.57337824899219, 18.489281555893065], [83.57336963496358, 18.48928811500579], [83.57336061461164, 18.489294209633965], [83.57335915185173, 18.48929596295626], [83.5733572827696, 18.48929734193828], [83.57333160320066, 18.489323064413284], [83.57327983770861, 18.489342404386242], [83.57327748103684, 18.489343406273743], [83.57327228010574, 18.489346385112334], [83.57326667285142, 18.48934853889115], [83.57322652814642, 18.48937088670232], [83.57322425273728, 18.48937216177352], [83.57322165226958, 18.48937432727054], [83.57321856421405, 18.48937584524234], [83.57316062251248, 18.489415979449777], [83.57315850963033, 18.489417440313844], [83.57315517777761, 18.48942075290141], [83.57315127707174, 18.48942332506653], [83.57310666273122, 18.48946346004509], [83.57310479364158, 18.48946519959932], [83.57310406225866, 18.489466166403105], [83.5731031683462, 18.48946685726914], [83.57306034179777, 18.489509666975206], [83.57301751522019, 18.489548149766247], [83.57301564612791, 18.489549889319463], [83.57301499600884, 18.48955085887608], [83.57301402083023, 18.489551546988412], [83.57297980830425, 18.48958572427263], [83.57292885517292, 18.489621047114994], [83.57287075067457, 18.48966117570731], [83.5728196349247, 18.489696583150515], [83.57276925052014, 18.48971984593703], [83.57276689382925, 18.489721028104164], [83.57276681256407, 18.489721115494675], [83.57276665003366, 18.489721109988007], [83.5727130962411, 18.489747871129453], [83.5727111458745, 18.489748886774844], [83.5726457272932, 18.489783448990465], [83.57260468827273, 18.48979377721732], [83.57254763992655, 18.489806898326286], [83.57254495816542, 18.489807618756934], [83.57253268707512, 18.4898126116155], [83.57252049724798, 18.489817607226527], [83.57247953941145, 18.489841549893267], [83.5724361435794, 18.48985152779226], [83.57243362434477, 18.48985216358414], [83.57242549778081, 18.48985549398627], [83.57241712741884, 18.489858094976707], [83.57235918497969, 18.48988479744586], [83.57235682827346, 18.48988588946273], [83.57235658447625, 18.489886061489745], [83.57235642194479, 18.48988605598264], [83.57230416805614, 18.48991223002848], [83.57224760703292, 18.48993834825867], [83.57218974570371, 18.48996505341618], [83.57213757294274, 18.489989066705746], [83.57208588773503, 18.490005073698345], [83.5720833684864, 18.49000588977205], [83.5720787363193, 18.49000816669465], [83.57207377908748, 18.490009711451652], [83.57201583633234, 18.490036413788662], [83.5719577309914, 18.49006320073967], [83.5718998693958, 18.4900899057858], [83.5718975126724, 18.49009099779548], [83.57188971110457, 18.49009632234815], [83.57188150320407, 18.49010100212459], [83.5718320932457, 18.490139081231447], [83.57178390224567, 18.490161156028023], [83.57178154551791, 18.490162338179708], [83.57177821359231, 18.490164569010997], [83.57177447533411, 18.49016615506606], [83.57173758033903, 18.490188432346965], [83.57167451747804, 18.490212076454945], [83.57167207947957, 18.490212985419504], [83.57166760981546, 18.490215628412603], [83.57166265255127, 18.490217443587543], [83.57160462815109, 18.4902486502037], [83.57160235268333, 18.490249925250367], [83.57160162128295, 18.490250531471567], [83.57160072734916, 18.49025086175335], [83.57155619317666, 18.49027756759664], [83.57155399897393, 18.490278935540395], [83.57155383644039, 18.490279110320092], [83.57155359264007, 18.49027919220197], [83.57149434913671, 18.490317298541], [83.57143965652513, 18.49034672498772], [83.57143738105141, 18.490348000031904], [83.57143421164145, 18.490350506795185], [83.57143047336281, 18.490352363273193], [83.57137253001568, 18.490392496793753], [83.57137041707355, 18.490393957632765], [83.57136700385918, 18.490397357570785], [83.57136285924148, 18.490400191858892], [83.57131840616782, 18.4904406022501], [83.57126550128058, 18.490477210587965], [83.57126338833484, 18.490478671425507], [83.57125997511469, 18.490482071361242], [83.57125583048993, 18.490484905646465], [83.5712069076439, 18.49052931114487], [83.5711664365565, 18.49056579997516], [83.57110841169904, 18.49060728280009], [83.57110629874805, 18.490608833779337], [83.57110499847049, 18.490610051725533], [83.57110345439082, 18.49061099097741], [83.57105436889157, 18.490651154158865], [83.5710524184736, 18.490652890933642], [83.5710502242533, 18.4906553405965], [83.57104754242839, 18.490657413158228], [83.57101633573009, 18.490688627017615], [83.57101454784586, 18.4906904594444], [83.57101414150853, 18.49069098653614], [83.57101357263626, 18.490691508119298], [83.57096993199126, 18.490739067322423], [83.57091840836028, 18.490778697113054], [83.57091637667048, 18.490780250844093], [83.57091475131861, 18.49078199863463], [83.57091280089631, 18.490783374832215], [83.57090597441777, 18.49079152684714], [83.57089874160042, 18.490799394658353], [83.57089768512141, 18.490801432160914], [83.57089614103667, 18.490803272849526], [83.57086720975776, 18.490850429127672], [83.57082958282174, 18.490884580392503], [83.57078236626765, 18.490923184252313], [83.57078041584124, 18.49092492102386], [83.57077578357828, 18.49093026279884], [83.57077041990497, 18.490934948776417], [83.57072905459086, 18.490983847057603], [83.570694353216, 18.491008091478164], [83.57069224025112, 18.491009642451864], [83.57068898953575, 18.49101286759696], [83.5706850886771, 18.491015529842603], [83.57063600285173, 18.49106010994777], [83.57058878615247, 18.4911030406582], [83.57054156941781, 18.491141644446483], [83.57053961898396, 18.49114338121511], [83.57053888757123, 18.491144167719224], [83.57053791235428, 18.491144855815683], [83.57048882641418, 18.491189435875913], [83.57048695724681, 18.491191175398527], [83.57048638836979, 18.491191967411623], [83.57048557568831, 18.491192570873036], [83.57044104072712, 18.49123721503315], [83.57043925282656, 18.49123904745379], [83.57043900902194, 18.491239399765615], [83.5704386026809, 18.49123974656817], [83.57038504690823, 18.491297696683088], [83.57038334027436, 18.49129962200176], [83.57038203998185, 18.491301561093774], [83.57038025207963, 18.491303303369854], [83.57033352279868, 18.49136283702153], [83.57028248625743, 18.491418078039228], [83.57028077962077, 18.491420003356943], [83.57027931678932, 18.49142220737074], [83.57027728507893, 18.491424211813438], [83.57027232770527, 18.49143305817065], [83.5702668014522, 18.49144161481269], [83.57026598876789, 18.491444201440256], [83.57026468847296, 18.491446591251403], [83.57024396501896, 18.49150060618004], [83.57022763005631, 18.491533315600428], [83.57018415140368, 18.491588542357015], [83.57018260730145, 18.491590563327588], [83.57017943782833, 18.491596495537774], [83.57017545566957, 18.491601949479886], [83.57013660929124, 18.491675181764492], [83.57010288281363, 18.491730108079317], [83.57006647445127, 18.491786836504165], [83.5700212890437, 18.491840112352712], [83.57001966366872, 18.491842130567303], [83.57001730687493, 18.491846107156483], [83.57001421866224, 18.491849698375237], [83.56997407188354, 18.49191215942271], [83.56997317792661, 18.491913571423108], [83.56993790725326, 18.491970789119485], [83.56989824803934, 18.492032545534034], [83.56989694773681, 18.49203466491181], [83.56989353444257, 18.492042752312482], [83.56988938972789, 18.49205054448595], [83.56986801599882, 18.49211039674052], [83.56984493561404, 18.492164331776753], [83.56981259055354, 18.49221687100867], [83.56981129024925, 18.492218990386295], [83.56980942106179, 18.492223884945865], [83.569806657915, 18.492228298479198], [83.56977992040018, 18.492290673229473], [83.56977902644051, 18.49229298667074], [83.56977870136427, 18.492294417956373], [83.56977796994272, 18.492295655178328], [83.56975562094676, 18.49235808856259], [83.56975480825585, 18.49236049490325], [83.56975358921947, 18.492367845396043], [83.569751476223, 18.492374985294457], [83.56974424327305, 18.492426122253388], [83.56972197553425, 18.49247801153718], [83.56972100030463, 18.492480322223813], [83.56972067522808, 18.492481753509896], [83.56971994380586, 18.492483080876138], [83.56969767605848, 18.49254551703034], [83.56969686336681, 18.4925479233716], [83.5696956443293, 18.492555183722832], [83.5696935313309, 18.49256223347903], [83.5696862171051, 18.492613367701733], [83.56966394934578, 18.49266534713971], [83.56966297411527, 18.492667657826793], [83.56966061730814, 18.492677764221703], [83.5696577728856, 18.492687854085645], [83.56964997104029, 18.49274573260696], [83.56963168546157, 18.492797035760745], [83.56960600437314, 18.492857102615506], [83.56960502914174, 18.492859413303073], [83.569602834871, 18.492869164634754], [83.56959990917657, 18.492878801025157], [83.56959243240131, 18.492931101645247], [83.56956951445419, 18.492988287427067], [83.56956862049155, 18.492990691014555], [83.56956683256621, 18.49299946453783], [83.56956423194747, 18.49300812036419], [83.56955643009056, 18.493062934017264], [83.5695366003666, 18.49312238797368], [83.56953578767288, 18.49312479431693], [83.56953530005661, 18.493128293413143], [83.56953408101599, 18.493131587422976], [83.56952164680015, 18.493189399088422], [83.56950092310163, 18.493251707365886], [83.56950011040743, 18.493254113709582], [83.56949937898264, 18.493259497571824], [83.56949767232477, 18.493264758225664], [83.5694859695267, 18.49333476419143], [83.56946329534924, 18.493387721484023], [83.56946232011562, 18.49339003217308], [83.56946020710939, 18.493399155258935], [83.56945736267781, 18.493408163402147], [83.5694450909858, 18.493485902517406], [83.56942509868774, 18.493545982011625], [83.56942428599257, 18.493548388356395], [83.56942379837545, 18.493551887455705], [83.56942257933267, 18.49355518146748], [83.56940998255574, 18.493613618678594], [83.56938446391605, 18.49369451446687], [83.56938381375949, 18.493696926323075], [83.56938300106377, 18.493703118734825], [83.56938129440275, 18.49370910054777], [83.56937365506236, 18.493766443836687], [83.56934569831941, 18.49384220889014], [83.56934480435358, 18.49384479276942], [83.56932334917003, 18.4939092397755], [83.56929750541653, 18.493973718277278], [83.56927076768551, 18.494040600373054], [83.56924402994318, 18.4941074824723], [83.56921729218946, 18.494174364575027], [83.56921639822181, 18.494176678021574], [83.56921582933332, 18.49417909263503], [83.56921477282606, 18.49418140057039], [83.56918462172729, 18.494280438693615], [83.569159265536, 18.494343852015245], [83.56915837156753, 18.494346255606768], [83.56915796521821, 18.494348225009265], [83.56915707124973, 18.494349997588746], [83.56913106488818, 18.494432499522574], [83.56910513978583, 18.494501662818728], [83.56910424581659, 18.494504066410673], [83.56910278295781, 18.494512400257253], [83.56910042612971, 18.494520523502143], [83.56909278675523, 18.494577776735824], [83.56906946227642, 18.494639906802128], [83.56906856830668, 18.49464231039454], [83.56906751179696, 18.494648404405925], [83.56906548004747, 18.494654285059372], [83.56905361462907, 18.494717434703034], [83.56902996505563, 18.494776398694103], [83.56902907108534, 18.494778802286934], [83.56902712060463, 18.494788291484205], [83.56902451996359, 18.494797758635546], [83.56901623041956, 18.494863914180723], [83.5690129796177, 18.494876604496376], [83.56901241072734, 18.494879109257454], [83.5690123294573, 18.494880458672135], [83.569011841837, 18.494881794307926], [83.56899851354731, 18.494953187689898], [83.56899818846703, 18.494955249995176], [83.56897583919435, 18.495093405179688], [83.56897567665415, 18.495094391260267], [83.56896259216715, 18.49518210914602], [83.56894950767744, 18.495251798091818], [83.56894902005665, 18.495254215465916], [83.56894902005665, 18.495254576045067], [83.56894893878652, 18.49525493386836], [83.56893552921336, 18.495344173224556], [83.56892244471804, 18.495431710871042], [83.56890936021998, 18.495501490000073], [83.56890887259888, 18.495503907375493], [83.56890887259888, 18.49550706244516], [83.56774499154915, 18.497210542974013], [83.56666983924978, 18.496770312315643], [83.56706750713793, 18.495724871578236], [83.5683214489742, 18.494089810549934], [83.56832299312207, 18.494087789592896], [83.56832827573291, 18.49407769227187], [83.56833388342699, 18.49406769611921], [83.56833420851069, 18.49406635497728], [83.5683348586781, 18.494065024859342], [83.56833697172209, 18.494053918610465], [83.56833940984967, 18.494042823385826], [83.56833932857876, 18.494041468463987], [83.56833957239151, 18.494040034421744], [83.5683382720568, 18.494028812421767], [83.56833737807669, 18.494017514057767], [83.56811323247827, 18.493053212211873], [83.56824440407468, 18.49294561118423], [83.56824513551403, 18.492944914834602], [83.56824635457961, 18.492943964588083], [83.5682544004119, 18.49293468214829], [83.56826252751415, 18.4929255827522], [83.56830706401593, 18.492858673612798], [83.56830787672553, 18.492857529298394], [83.56834469245914, 18.492800274194543], [83.56839296736199, 18.492743948518967], [83.5684496943891, 18.49268286136422], [83.56845140107536, 18.492680936066265], [83.56845505826007, 18.49267529085666], [83.5684595281522, 18.492670214068898], [83.56849691269217, 18.492612076790035], [83.56853372831529, 18.49256699110043], [83.56853527245795, 18.49256506029032], [83.56853722295388, 18.492561700954298], [83.56853974234438, 18.49255872148434], [83.56856956866942, 18.49251222692522], [83.56862036278717, 18.492478432478695], [83.5686224758216, 18.492476971677558], [83.56862580791417, 18.49247383947493], [83.56862970890039, 18.49247126742592], [83.56863523529711, 18.49246487429714], [83.5686414931281, 18.49245904683313], [83.56864376870286, 18.492455157654575], [83.56864677571222, 18.492451743996902], [83.56868058424011, 18.49239916451047], [83.56872536425753, 18.492358134881563], [83.56872715220675, 18.492356392624647], [83.56873259732451, 18.49234936572938], [83.56873869260504, 18.492342811598654], [83.56877884017129, 18.492284767960538], [83.56878030303758, 18.492282654104905], [83.56878038430794, 18.492282476572488], [83.56878054684864, 18.492282301795637], [83.56882069438822, 18.492219931239696], [83.56886084190221, 18.492157380390214], [83.56886214222612, 18.492155261023115], [83.56886555557627, 18.49214717365344], [83.56886970035832, 18.492139381515187], [83.5688880674285, 18.492087901049015], [83.56891943772182, 18.492042540528644], [83.56895560293695, 18.491998424302526], [83.56900729071401, 18.491942484635093], [83.56900899738517, 18.49194055933221], [83.56901094786643, 18.49193747042446], [83.56901362977808, 18.49193476689106], [83.56901793709049, 18.491926619686083], [83.56902297583292, 18.491918857855378], [83.56902395107335, 18.491915375307073], [83.5690257390141, 18.491912100600597], [83.56904418730878, 18.491860532744933], [83.5690775892735, 18.49181217619584], [83.56907905213286, 18.491810062338576], [83.56908222166138, 18.491803138572987], [83.56908612261932, 18.4917966903251], [83.56911042233106, 18.491740182654787], [83.56914276775221, 18.491687643661283], [83.56914398680043, 18.491685521537814], [83.5691459372775, 18.491680629751855], [83.56914870045328, 18.491676216238385], [83.5691754382361, 18.49161384173277], [83.56917633220434, 18.491611528300414], [83.56917852648992, 18.491602137587357], [83.5691813709341, 18.49159294920444], [83.56918982299602, 18.49153806771412], [83.56920014426242, 18.491493165423694], [83.56921777980818, 18.491457886067607], [83.56921891758515, 18.491455580901462], [83.56922005536211, 18.491451653146385], [83.56922200583685, 18.491448023375252], [83.56924841850957, 18.491373288160215], [83.56927028006723, 18.491316427419896], [83.5692711740341, 18.49131411398832], [83.56927206800097, 18.491309366674162], [83.56927377466495, 18.49130491734346], [83.56928588385095, 18.491252864180407], [83.56930595746286, 18.491200450023072], [83.56930685142925, 18.49119804644804], [83.56930831428328, 18.4911902535328], [83.56931067110361, 18.49118267121207], [83.5693178228337, 18.49113676005846], [83.56933944055838, 18.49108980688179], [83.5693404157939, 18.49108758634972], [83.56934317896115, 18.49107713320585], [83.56934634847636, 18.491066783981587], [83.56935520686419, 18.491009662729283], [83.56936837253922, 18.490934748905882], [83.56936861634797, 18.490932954296934], [83.56937747473266, 18.490875562630933], [83.5693851140726, 18.49082984832558], [83.56941388349337, 18.49074771114927], [83.56941469618869, 18.49074530482079], [83.56941575269258, 18.490738760148705], [83.56941770316125, 18.490732335926033], [83.56942656153905, 18.49067485414047], [83.56943346944746, 18.490633261666193], [83.56945533094088, 18.490585866066247], [83.56945630617462, 18.49058355539203], [83.569456712522, 18.490582126868993], [83.56945744394727, 18.490580799509683], [83.56947979304906, 18.490522873636717], [83.56948068701297, 18.49052047006398], [83.56948190605463, 18.490514471766488], [83.5694839377907, 18.490508591162673], [83.56949726597765, 18.490441705704747], [83.5694977535942, 18.4904392883574], [83.5694977535942, 18.490437395341786], [83.56949824121074, 18.490435608999665], [83.56950718084661, 18.49036424789163], [83.56950750592425, 18.49036182503478], [83.5695070995772, 18.490354149055523], [83.56950758719367, 18.490346593524666], [83.56950636815249, 18.4903415943034], [83.56950612434426, 18.490336447854656], [83.569503523723, 18.490329238353365], [83.56950173579582, 18.490321785971183], [83.56949279615918, 18.490299487894323], [83.5694977535942, 18.49026954799797], [83.5694981599413, 18.490267037753192], [83.56949799740246, 18.49025801788776], [83.56949872882727, 18.490249118470672], [83.56949434027833, 18.490191187691483], [83.56949425900889, 18.490190553931782], [83.5694897891902, 18.490137037440658], [83.56948531937118, 18.490083520958432], [83.5694851568323, 18.49008207315244], [83.56948084955185, 18.490038928690918], [83.56947670481001, 18.48997631875346], [83.56947670481001, 18.489925567979455], [83.56947662354057, 18.489923131351006], [83.56947637973221, 18.489921680790808], [83.5694765422711, 18.489920244005262], [83.56947207245116, 18.48984887915659], [83.56947182864279, 18.489846437018873], [83.5694694718285, 18.489836801921424], [83.56946776516982, 18.48982718886363], [83.56945321793441, 18.48978342688636], [83.56945077984994, 18.489754137770777], [83.56946069472622, 18.4897144501956], [83.56946126361251, 18.489712035607983], [83.56946166995986, 18.489706280204576], [83.56946297027136, 18.489700645248618], [83.56946248265456, 18.4896936876772], [83.56946297027136, 18.48968667302138], [83.56946166995986, 18.489681040052197], [83.56946126361251, 18.489675347243644], [83.56945443697661, 18.489644286791762], [83.56945443697661, 18.48958668517198], [83.56945435570714, 18.48958424854604], [83.56945394935974, 18.489581891043915], [83.5694541118987, 18.48957964296943], [83.56944964207715, 18.489526126579353], [83.56944517225529, 18.489472610198185], [83.56944070243311, 18.48941909382592], [83.56943623261061, 18.48936557746256], [83.56943208786583, 18.489315587716213], [83.56943208786583, 18.489265648332474], [83.56943200659633, 18.489263211708913], [83.56943062501468, 18.489255232267265], [83.5694300561281, 18.489247280374453], [83.56942322948883, 18.489216219965655], [83.56942322948883, 18.48915861842013], [83.5694231482193, 18.48915654237039], [83.5694231482193, 18.489156181797366], [83.56942095394223, 18.489143847933782], [83.56941875966508, 18.48913142392744], [83.56940404987928, 18.489087476256252], [83.56940047401923, 18.489048323024264], [83.56940023021058, 18.489045880892657], [83.56939795466316, 18.489037510580353], [83.56939641054164, 18.489029074918722], [83.56938186328976, 18.488985313058443], [83.56937828742846, 18.488942013252487], [83.56937804361972, 18.48893948097853], [83.56937633695857, 18.488933113103283], [83.56937552426275, 18.488926505101926], [83.56936422778996, 18.4888851070298], [83.56936040811885, 18.48883945525091], [83.56936032684925, 18.488838911637075], [83.56935593829066, 18.488789815141125], [83.56935569448184, 18.488787373011547], [83.5693534189328, 18.48877891256319], [83.5693518748102, 18.488770206479202], [83.56933846532284, 18.488729998806345], [83.56933846532284, 18.48868150180435], [83.56933838405322, 18.48867906518529], [83.56933797770508, 18.48867670769002], [83.56933814024433, 18.488674459621734], [83.56933367041455, 18.488620943384387], [83.56933358914492, 18.48862030962784], [83.56932911931482, 18.488571210410882], [83.5693288755059, 18.488568678139895], [83.56932659995589, 18.488560307840718], [83.56932505583264, 18.48855178204902], [83.56931172760923, 18.48851157716028], [83.56931172760923, 18.488476331220934], [83.56931164633957, 18.488473894603434], [83.56931115872159, 18.48847126392572], [83.56931132126091, 18.488468565143528], [83.56930685142925, 18.48841955609329], [83.56930660762022, 18.488417113966577], [83.56930433206942, 18.488408743671563], [83.56930278794562, 18.488400308027078], [83.56928767178425, 18.488354814256947], [83.56928425845699, 18.488327565504463], [83.56928393337819, 18.488325030480652], [83.56928238925389, 18.488320110416154], [83.56928173909627, 18.488315040368672], [83.56927865084751, 18.488307994673523], [83.5692763752957, 18.488300706097633], [83.5692734495861, 18.488296370202736], [83.5692712553038, 18.488291608386177], [83.56924679311463, 18.488253189553372], [83.56926418483815, 18.48824449435602], [83.56930108128242, 18.488227446008914], [83.56932936312374, 18.488227503245], [83.56936048938844, 18.48823522890562], [83.56938389502906, 18.488247019724252], [83.56941908474319, 18.488278590728758], [83.56942103521176, 18.48828027941708], [83.56942404218402, 18.48828218420311], [83.56942656153905, 18.488284703461865], [83.56947174737333, 18.48831751472672], [83.56951262589692, 18.488354416711157], [83.5695145763626, 18.48835610539923], [83.5695157954036, 18.48835686786433], [83.5695167706364, 18.488357892494477], [83.56956138752058, 18.488393569047005], [83.56956341925408, 18.48839517034655], [83.56956967699286, 18.488398627608383], [83.56957528457642, 18.48840278397721], [83.56962428995934, 18.488429504824694], [83.56962656549858, 18.488430753815535], [83.56962697184485, 18.488430857731956], [83.5696272969219, 18.488431049036805], [83.56967045088217, 18.488452703813298], [83.56971799334656, 18.48847856377311], [83.56976691734934, 18.488505371984793], [83.56976919288344, 18.488506530831383], [83.56977138714838, 18.488507326350817], [83.56977325633697, 18.48850856156748], [83.56981738542537, 18.48852853665656], [83.5698572884971, 18.488552515085395], [83.56985923895209, 18.488553572769803], [83.56985956402792, 18.488553764074396], [83.56987167310128, 18.488558591519684], [83.56988386344122, 18.4885634217189], [83.56993628187612, 18.48857655644155], [83.56997659121656, 18.488587568007162], [83.57001535642483, 18.488605197825297], [83.57006135452362, 18.48863019409956], [83.5701103595283, 18.488656914859607], [83.57011263504997, 18.488658163846406], [83.57011304139311, 18.488658267761934], [83.57011336646764, 18.48865845906622], [83.57015643882626, 18.488680111008698], [83.57020398092374, 18.48870597088361], [83.57024762209957, 18.488729805530873], [83.57028110469443, 18.488754107161878], [83.57030434745612, 18.488784011193996], [83.57030589155535, 18.488785956536148], [83.57030938609563, 18.488789139846187], [83.57031214922036, 18.488792839226424], [83.57031897576327, 18.488797848188504], [83.57032523342696, 18.488803559016088], [83.5703294593813, 18.48880568539607], [83.57033327899364, 18.488808519150393], [83.57037448203116, 18.488831009145592], [83.57041674152882, 18.48886561414497], [83.57041877323472, 18.488867215439882], [83.57042738766702, 18.48887219485248], [83.57043559575709, 18.488877611209734], [83.57043884648552, 18.4888787129597], [83.57044169087277, 18.48888034179785], [83.57045144305664, 18.488882835757458], [83.57046095143447, 18.488885862313555], [83.57049435264776, 18.488891952221564], [83.57052962300945, 18.488911176256305], [83.570531898516, 18.488912335096682], [83.5705423008305, 18.48891593280654], [83.57055254060717, 18.488920065867404], [83.57060601496939, 18.488933506672687], [83.57060853427713, 18.48893413291497], [83.57061942418683, 18.48893504284594], [83.57063031409464, 18.48893649363638], [83.57067046045499, 18.48893650208196], [83.57070662466457, 18.48894638147551], [83.57070914396827, 18.48894709785983], [83.5707106880576, 18.488947240333303], [83.57071206961116, 18.488947737871822], [83.57076903835268, 18.488959854769224], [83.5708038209541, 18.488971490191922], [83.57080634025392, 18.488972296718437], [83.57080764053767, 18.488972521071986], [83.57080894082138, 18.4889730158557], [83.57082080590902, 18.488974679971932], [83.57083275226215, 18.488976617271746], [83.57083405254534, 18.488976481051527], [83.57083543409621, 18.48897661801565], [83.57091572652975, 18.48897663480479], [83.57095587270813, 18.488976643185094], [83.57099203675378, 18.48898643238173], [83.57099463731356, 18.488987151516422], [83.57100650236622, 18.488988364903307], [83.57101828614918, 18.48898993610902], [83.57107176011588, 18.488989945413245], [83.5711253153045, 18.488989957454613], [83.57117878918031, 18.48898996672505], [83.57124567209479, 18.48898997966635], [83.57124827264411, 18.4889899776498], [83.57125908117604, 18.48898827062736], [83.5712698897061, 18.488987014321474], [83.57131157973326, 18.48897661830178], [83.57136610992205, 18.488976573169705], [83.57141958359337, 18.48897658236308], [83.57142218413551, 18.488976580343806], [83.57143291137065, 18.48897487055582], [83.57144363860395, 18.48897370162795], [83.57148540978294, 18.48896330831627], [83.57154002108798, 18.488963265880976], [83.57154262162513, 18.4889632638598], [83.57155107337014, 18.488961927674296], [83.57155968764754, 18.488961318143872], [83.57161681815556, 18.48894991282808], [83.57166037708559, 18.488949856411768], [83.57171393177357, 18.488949868263873], [83.57171653230354, 18.488949866239984], [83.57171791383504, 18.488949642622988], [83.57171929536652, 18.488949779580018], [83.57173107901609, 18.488947474566114], [83.57174294392998, 18.488945623022595], [83.57174416292786, 18.48894503332389], [83.57174554445875, 18.488944719563154], [83.57177024947674, 18.488936452198566], [83.57182087848001, 18.48893645502572], [83.5719279062711, 18.488936475855766], [83.57198146073152, 18.488936487622226], [83.57198406125045, 18.488936485594184], [83.5719925129362, 18.48893514938555], [83.57200112715321, 18.488934539831984], [83.57206638387206, 18.488921516701023], [83.57213684154858, 18.488909751491658], [83.57220892446477, 18.488909669840037], [83.57221160624023, 18.48890967056189], [83.57222217080907, 18.488907955214206], [83.57223289790791, 18.48890678623417], [83.5722746685633, 18.488896392713677], [83.57231587033046, 18.48889634641838], [83.57231847083557, 18.488896344385047], [83.57231985235386, 18.488896120762877], [83.57232115260636, 18.488896254961535], [83.57233301740904, 18.48889395265659], [83.57234488220949, 18.488892101068615], [83.57234610119573, 18.48889151136506], [83.57234740144766, 18.48889128498922], [83.57237226876093, 18.488882932892107], [83.57240948844674, 18.488882931942904], [83.57241208894798, 18.488882929908076], [83.57241891526323, 18.488881809039647], [83.57242590410904, 18.488881595113526], [83.57247133158783, 18.488874029750882], [83.57251651523727, 18.48887402817685], [83.5725191157341, 18.488874026140348], [83.57252984278234, 18.48887231627901], [83.57254056982877, 18.48887114727852], [83.57259192960151, 18.488858284115572], [83.57265653558524, 18.488845328858616], [83.57272333566475, 18.4888320873382], [83.57272593615302, 18.4888315444367], [83.57272699260136, 18.488831129510796], [83.57272813031493, 18.488830987768953], [83.57276965684615, 18.48882058585673], [83.5728108582894, 18.488820539436404], [83.57281345877405, 18.48882053739518], [83.5728242670373, 18.48881874012346], [83.57283515656378, 18.488817576609524], [83.57287668302442, 18.48880717466901], [83.57291788439761, 18.488807128221833], [83.57292048487787, 18.488807126178916], [83.57293121185774, 18.488805416290425], [83.57294202010075, 18.488804159872497], [83.57298362775582, 18.48879385080048], [83.57303823776137, 18.488793807868436], [83.57304083823664, 18.48879380582362], [83.57305164646084, 18.488792098680143], [83.57306245468318, 18.488790842254147], [83.57310414352342, 18.4887804457597], [83.57314526348307, 18.488780396502538], [83.5731478639539, 18.488780394456015], [83.5731546901894, 18.488779273556027], [83.57316167895351, 18.48877905959832], [83.57321523236449, 18.48877014674007], [83.57321783283246, 18.488769693974145], [83.57322400894343, 18.48876755946693], [83.57323042884762, 18.488766334655033], [83.57325513328297, 18.488758067053592], [83.5733057610922, 18.488758069423618], [83.57330836155643, 18.488758067374555], [83.5733190884702, 18.488756357459994], [83.57332981538217, 18.488755188406724], [83.57337158530979, 18.488744794594204], [83.57341278635911, 18.488744748022842], [83.57341538681891, 18.488744745972074], [83.57342619497882, 18.488743038803225], [83.57343700313686, 18.48874178235204], [83.57349055631363, 18.48872836221695], [83.57354394691644, 18.48871502670135], [83.57359522460652, 18.48870216045639], [83.57365901692016, 18.488689537835644], [83.57369834870936, 18.488682306525213], [83.57372939155042, 18.48868227635247], [83.57373199199715, 18.488682274296607], [83.57374036218431, 18.488680935242403], [83.57374889489823, 18.488680412986582], [83.57381577508255, 18.488667083613194], [83.57381837552572, 18.488666540693682], [83.57382560800767, 18.48866381094148], [83.57383316554412, 18.488661903493096], [83.57389736393539, 18.488636223700652], [83.57393116964421, 18.488624928970985], [83.57397870889156, 18.488613017702253], [83.57404339471574, 18.488600064628415], [83.57404591388594, 18.488599518952483], [83.5740537964501, 18.488596630922668], [83.57406184154036, 18.488594469547376], [83.57411531292213, 18.488572212358775], [83.574117750826, 18.488571123066762], [83.57411945735865, 18.488570099145527], [83.5741214076816, 18.488569444056814], [83.57417504153958, 18.4885425950221], [83.57422542481906, 18.488517348599526]]]}, "properties": {"polygon_id": "farmforest_209", "source": "farmforest", "raw_class": 5, "core_class": "greenery"}}, {"type": "Feature", "geometry": {"type": "Polygon", "coordinates": [[[73.11021319633694, 25.12607795584831], [73.11021544757044, 25.126079358863215], [73.11021688835986, 25.12607996559296], [73.11021805900126, 25.126080891632842], [73.11022949526688, 25.1260853841162], [73.11024075143327, 25.12609029413078], [73.11024228227186, 25.12609047281737], [73.11024372306112, 25.1260910795469], [73.11025614986802, 25.126092530060824], [73.1102683965756, 25.12609431039485], [73.11027001746332, 25.126094148748923], [73.11027154830171, 25.12609432743518], [73.1102838850578, 25.126092697557674], [73.11029622181321, 25.126091330811157], [73.11029775265143, 25.12609072009987], [73.11029928348964, 25.126090547942567], [73.11165605236476, 25.125718606997047], [73.11204830448234, 25.126317846243698], [73.10880437008447, 25.128144146743246], [73.10880202878722, 25.128145452191564], [73.1088006780388, 25.128146610149255], [73.10879905714069, 25.128147385729854], [73.10674059733509, 25.129481087444248], [73.10545728115831, 25.12781379295521], [73.10524935282439, 25.125887808121103], [73.10634923664063, 25.126039820823316], [73.10635202821719, 25.12604014674822], [73.10635364913261, 25.12604016057586], [73.10635527004801, 25.126040525241592], [73.10636760701489, 25.126039948299184], [73.10638003403196, 25.12603973270729], [73.10638156489632, 25.12603929747318], [73.10638327586237, 25.126039234104567], [73.10829702842314, 25.125702540088668], [73.10975457459028, 25.125784972447374], [73.11021319633694, 25.12607795584831]]]}, "properties": {"polygon_id": "farmforest_210", "source": "farmforest", "raw_class": 5, "core_class": "greenery"}}, {"type": "Feature", "geometry": {"type": "Polygon", "coordinates": [[[76.55168665942904, 10.134717231111294], [76.55168551289185, 10.134719522155304], [76.55168542469669, 10.13472001961671], [76.55168516011118, 10.134720509771912], [76.55168180869472, 10.134732230664746], [76.55167836908302, 10.134743947905758], [76.55167845727819, 10.134744452673509], [76.55167828088784, 10.134744946481925], [76.55167845727819, 10.134757147578622], [76.55167845727819, 10.134769341370836], [76.55167863366853, 10.13476984979186], [76.55167863366853, 10.134770350906653], [76.55168224967059, 10.134782026325722], [76.55168577747736, 10.134793698093494], [76.55168604206287, 10.134794126648663], [76.5516862184532, 10.13479463506986], [76.55184523424285, 10.135128199945218], [76.5514336272443, 10.135651021267371], [76.55143203972814, 10.135652959982423], [76.55142789454699, 10.135660639140562], [76.55142304380293, 10.135667954991295], [76.5514218972634, 10.135671832932573], [76.5514199569657, 10.135675427432549], [76.55141810486333, 10.13568386974292], [76.5514155471981, 10.135692199305876], [76.55141545900275, 10.13569628813022], [76.55141466524456, 10.135700264206598], [76.55141528261204, 10.135708892337806], [76.55141519441669, 10.135717574761664], [76.55141625276093, 10.135721544043147], [76.55141660554234, 10.135725567616564], [76.55141969237965, 10.135733713409435], [76.55142207365408, 10.135742080534943], [76.55142419034244, 10.1357455090201], [76.55142568966336, 10.13574932953073], [76.55143098138403, 10.135756313864418], [76.55143556754177, 10.135763686570662], [76.55185026136111, 10.136254175310446], [76.55185193706716, 10.136256082182287], [76.55185705238021, 10.136260386600911], [76.55186155032773, 10.13626533360987], [76.55186684203049, 10.136268559567856], [76.55187151636775, 10.136272595157418], [76.55187769002048, 10.136275273006934], [76.5518833345027, 10.136278847662293], [76.55314522284776, 10.136831830688001], [76.55314760409028, 10.136832764544817], [76.5531542186526, 10.136834458414674], [76.55316056863211, 10.136836976540051], [76.55316665402886, 10.136837562709163], [76.553172563037, 10.136839060308747], [76.55317944218048, 10.136838844142227], [76.55318623312944, 10.136839543059535], [76.55374935148204, 10.136816347672745], [76.5537584354384, 10.13692872665227], [76.55201977214631, 10.137316487754845], [76.55178570256423, 10.136531128325402], [76.55179752070707, 10.136405585002644], [76.55179769709724, 10.13640308668721], [76.55179734431688, 10.136398144348131], [76.55179778529234, 10.136393234892155], [76.55179637417088, 10.13638557604624], [76.55179575680522, 10.136377783042377], [76.55179399290334, 10.136373199850226], [76.55179302275731, 10.136368315458224], [76.55178949495347, 10.136361320613915], [76.55178667271032, 10.136354020916558], [76.55178367407693, 10.136350054740637], [76.55178138100428, 10.136345700190537], [76.55177591290779, 10.136339961299576], [76.55177115037195, 10.136333750514071], [76.55176718159196, 10.136330746397505], [76.55176374198251, 10.136327179558153], [76.55157588625077, 10.136178581626314], [76.55133573037851, 10.135942626776087], [76.55119073704591, 10.135656995235873], [76.55118959050431, 10.13565477622314], [76.55118438696921, 10.13564779555425], [76.55117980080252, 10.135640339342102], [76.55077630568928, 10.135153659867429], [76.55095684234766, 10.134448304287302], [76.55095710693465, 10.13444714598646], [76.55095745971732, 10.134445907820252], [76.55095842986967, 10.134433837808333], [76.55095948821766, 10.13442177145126], [76.55095940002198, 10.13442118316794], [76.55095940002198, 10.134420598537844], [76.55095693054332, 10.134408720128036], [76.55095454926027, 10.13439684537327], [76.55068784528012, 10.1336398976882], [76.55200372066633, 10.133461215685843], [76.55191173330016, 10.134258346630132], [76.55168665942904, 10.134717231111294]]]}, "properties": {"polygon_id": "farmforest_211", "source": "farmforest", "raw_class": 5, "core_class": "greenery"}}, {"type": "Feature", "geometry": {"type": "Polygon", "coordinates": [[[85.50400422396825, 26.0848446606235], [85.5040069753018, 26.084844296158316], [85.50401656566333, 26.08484144465355], [85.50402647046116, 26.084839322754714], [85.50402992927901, 26.084837540573073], [85.5040337811441, 26.084836400458716], [85.50404219235871, 26.08483126282831], [85.50405099661934, 26.084826767264566], [85.50405382655995, 26.084824155731045], [85.50405712815714, 26.084822098725475], [85.50406357413203, 26.084815010480913], [85.50407064898162, 26.084808481645794], [85.50456447118684, 26.084196741079285], [85.50537421346101, 26.083693872888137], [85.50752888140511, 26.083594097753995], [85.50885814376974, 26.084389106129418], [85.50918693679466, 26.085362818428248], [85.50921696273703, 26.086980065931282], [85.50766439519639, 26.087838355365776], [85.50637983022585, 26.088407200246124], [85.50637739343783, 26.08840838431973], [85.50637071192169, 26.08841267589339], [85.5063635587682, 26.088416322972446], [85.5063593140393, 26.08842015030613], [85.50635451906736, 26.088423240726282], [85.50634948827668, 26.088429113183487], [85.50634367142437, 26.088434331386562], [85.5053939439479, 26.08958483343501], [85.50539229319031, 26.089586851695362], [85.50538765534729, 26.08959516570738], [85.5053823100362, 26.08960309783898], [85.50538128813841, 26.089606395325944], [85.50537955877292, 26.08960949089044], [85.50537767219231, 26.089618610150232], [85.50537499953631, 26.089627615025403], [85.50537507814386, 26.089631036658364], [85.50537437067608, 26.089634433885802], [85.50537531396645, 26.08964373098307], [85.50537554978904, 26.08965300611508], [85.50561467336414, 26.090963679041558], [85.50556420753038, 26.092005228444837], [85.50414634981412, 26.092587534738968], [85.50123293084509, 26.09232750222631], [85.50061007187554, 26.09115840986115], [85.49991244241154, 26.088915614508533], [85.50000945385597, 26.08760215069806], [85.50000961108668, 26.087599636173227], [85.50000882493308, 26.087593403186307], [85.50000913939452, 26.08758711443039], [85.49986613785987, 26.08631684184576], [85.50075998949126, 26.086104646925616], [85.50076266237627, 26.08610401015222], [85.50077296084375, 26.086099741230544], [85.50078357376618, 26.08609602195762], [85.50078577496465, 26.08609447072955], [85.50078836923416, 26.08609347159413], [85.50079693818405, 26.086086809454027], [85.50080597881781, 26.086080611869182], [85.50160665849232, 26.08534552214469], [85.50247225962418, 26.085048395411643], [85.50400422396825, 26.0848446606235]]]}, "properties": {"polygon_id": "farmforest_212", "source": "farmforest", "raw_class": 5, "core_class": "greenery"}}, {"type": "Feature", "geometry": {"type": "Polygon", "coordinates": [[[76.15480661294562, 12.931515389248375], [76.15499211422126, 12.931043441654447], [76.15523325665477, 12.930975669230492], [76.15523573353741, 12.930974944403271], [76.15523882964067, 12.930973480692602], [76.15524227958417, 12.93097263657619], [76.15525050637224, 12.930967930995944], [76.15525917546019, 12.930963849764447], [76.15526174080243, 12.930961585356561], [76.155264748445, 12.930959945297754], [76.15527138295043, 12.930953180811853], [76.15527854821595, 12.930946873836943], [76.15528040587732, 12.93094397081528], [76.15528279429903, 12.930941525304704], [76.15727870403133, 12.928223023294501], [76.15735309783042, 12.92821509517074], [76.15756522166157, 12.93069836058779], [76.15726154303027, 12.930732917836666], [76.1572589777258, 12.930733208954521], [76.15725234331748, 12.93073516891775], [76.15724544353246, 12.930736170853752], [76.15723987062893, 12.930738702645527], [76.1572340323488, 12.930740362206953], [76.15722810560962, 12.930744076137609], [76.15722182503498, 12.93074691308384], [76.1572172251773, 12.930750869918171], [76.15721209456665, 12.93075402605688], [76.15720749470864, 12.930759184046426], [76.15720218717999, 12.93076361762907], [76.15719891420389, 12.930768675335514], [76.15719493355716, 12.930773180228714], [76.15719192595735, 12.9307792817593], [76.15718821068688, 12.930785087867132], [76.15718644151045, 12.930790741173777], [76.15718387620454, 12.93079618010041], [76.15718281469866, 12.930802901001988], [76.15718086860448, 12.930809402769569], [76.15718086860448, 12.930815408548929], [76.15717989555739, 12.930821276236992], [76.15718086860448, 12.9308280206866], [76.15718078014567, 12.930834793884626], [76.15724853958989, 12.931304485118114], [76.15690487678535, 12.931357140604034], [76.15480661294562, 12.931515389248375]]]}, "properties": {"polygon_id": "farmforest_213", "source": "farmforest", "raw_class": 5, "core_class": "greenery"}}, {"type": "Feature", "geometry": {"type": "Polygon", "coordinates": [[[75.64212920904585, 29.691354001422443], [75.64209014449092, 29.692391621530298], [75.63839441280673, 29.696728333284458], [75.63649856723315, 29.69767417125906], [75.63520139090133, 29.696784824863375], [75.63677424901634, 29.694010710628014], [75.6399726524233, 29.692307585838208], [75.63997504960147, 29.69230620638627], [75.63998117572329, 29.692301604654187], [75.63998783455109, 29.692297753619552], [75.6399920962007, 29.692293292497556], [75.63999706812511, 29.692289515133], [75.64000141855881, 29.69228359326165], [75.64000656805162, 29.692278191924864], [75.64000923158231, 29.692272949236003], [75.64001278295649, 29.692268150360885], [75.64001509134964, 29.692261398018964], [75.64001828758629, 29.69225500298889], [75.64087887175658, 29.689566145812254], [75.6408795820272, 29.68956371544423], [75.64088011473017, 29.68955953544536], [75.64088153527138, 29.689555453241283], [75.6408816240552, 29.68954689916486], [75.64088260067727, 29.689538442882814], [75.64088171283902, 29.68953427941855], [75.64088171283902, 29.689530040741833], [75.64058082414489, 29.687576419574125], [75.64351972283326, 29.68757639494361], [75.64334073776284, 29.690841777426954], [75.64219153474598, 29.691274363306185], [75.6421889600381, 29.691275377263885], [75.64217803972484, 29.691281527214475], [75.64216685306164, 29.691287474821006], [75.6421657876651, 29.69128848201244], [75.64216445591941, 29.69128928686154], [75.64215593274675, 29.69129786340922], [75.6421471432244, 29.69130623761296], [75.64214643295995, 29.69130745692514], [75.64214536756326, 29.691308550618967], [75.64214004057969, 29.691318863248174], [75.64213426968062, 29.691328953975955], [75.64213400333142, 29.691330395187848], [75.6421332930669, 29.69133161449964], [75.64213142862252, 29.691342827519325], [75.64212920904585, 29.691354001422443]]]}, "properties": {"polygon_id": "farmforest_214", "source": "farmforest", "raw_class": 5, "core_class": "greenery"}}, {"type": "Feature", "geometry": {"type": "Polygon", "coordinates": [[[74.00840634411963, 16.4291783505503], [74.00934752666684, 16.42970249254251], [74.00934976821259, 16.429703713145333], [74.00935102347819, 16.429704159512976], [74.00935209942013, 16.42970494071875], [74.00936339681012, 16.42970860924802], [74.0093745148758, 16.429712612615123], [74.00937585980306, 16.42971271717391], [74.00937711506849, 16.429713163541464], [74.0102829662519, 16.42987784323198], [74.01029524986214, 16.430669486013254], [74.01029533952352, 16.43067193445983], [74.010297312074, 16.43068220249768], [74.01029874665613, 16.43069251590881], [74.01029973293136, 16.430694598082763], [74.01030018123828, 16.43069690002052], [74.01030502295292, 16.43070617037769], [74.01030941636054, 16.430715754665403], [74.01031094060397, 16.430717529880308], [74.0103121062019, 16.430719625995643], [74.01031945843472, 16.430727173225034], [74.01032645202179, 16.4307351285509], [74.01032842457194, 16.430736502640475], [74.01033012813797, 16.430738204601035], [74.01033945292014, 16.43074346370492], [74.01034841905643, 16.430749305296235], [74.01035075025177, 16.430750009702827], [74.01035281246304, 16.43075112917607], [74.01036330284171, 16.430753775831665], [74.01037370355847, 16.43075693869022], [74.01083285877436, 16.430830040994582], [74.01105611486626, 16.431215712724832], [74.01105745978171, 16.431217909985314], [74.01106400503664, 16.431225743288813], [74.01107019164726, 16.431234071887985], [74.01107225385076, 16.43123562734264], [74.01107395741016, 16.43123767809255], [74.01108265452893, 16.431243498782504], [74.01109090334226, 16.431249807797585], [74.01109341385059, 16.43125078773124], [74.01109565537585, 16.431252269930543], [74.01110569740874, 16.43125557929229], [74.01111547045808, 16.431259390919493], [74.01135746534625, 16.43131726752178], [74.01055993008927, 16.43162706964582], [74.00982640990175, 16.43166630500105], [74.00982380971517, 16.43166653881851], [74.00981887832674, 16.431667550541775], [74.00981376761494, 16.431667850755773], [74.00980596705459, 16.431670383320395], [74.00979798717067, 16.431672204375463], [74.00979359375131, 16.43167456586235], [74.00978875202371, 16.43167610773078], [74.00926342385169, 16.43193478055204], [74.00744130665694, 16.430932657892757], [74.00824118614429, 16.429989148497278], [74.00824280006655, 16.429987181309667], [74.00824719352157, 16.42997967538792], [74.00825230427522, 16.429972574014368], [74.00825364921037, 16.42996866763206], [74.0082558011066, 16.429965085574654], [74.00825786334046, 16.42995670084403], [74.00826073253535, 16.429948466049233], [74.00840634411963, 16.4291783505503]]]}, "properties": {"polygon_id": "farmforest_215", "source": "farmforest", "raw_class": 5, "core_class": "greenery"}}, {"type": "Feature", "geometry": {"type": "Polygon", "coordinates": [[[73.0848715530128, 25.160354977800942], [73.08487299396118, 25.160352778696282], [73.08487632615424, 25.160345188510576], [73.0848804688807, 25.160337868566184], [73.08488145953265, 25.160333424417775], [73.08488335077732, 25.160329173356455], [73.08488416131073, 25.16032102498657], [73.08488587243683, 25.16031289431581], [73.08488542214047, 25.160308456925435], [73.08488596249609, 25.160303960079805], [73.08488425137, 25.160295867383713], [73.08488344083659, 25.160287616999057], [73.0848816396512, 25.16028345998806], [73.08488064899923, 25.160278959361506], [73.08487650627278, 25.160271634430075], [73.084873264139, 25.16026397642236], [73.08413603775375, 25.159081088532183], [73.086261973937, 25.15814809254399], [73.08724361199835, 25.15938202598096], [73.08564371992794, 25.16028547358719], [73.08564137839468, 25.16028677807318], [73.08563984739214, 25.16028800201989], [73.08563795615372, 25.160288920729055], [73.08562940055104, 25.160296425874023], [73.08562039465316, 25.160303615241375], [73.08561931394539, 25.160305242658065], [73.08561778294272, 25.160306554298355], [73.08561183904986, 25.16031594355997], [73.0856055349209, 25.16032520297123], [73.085604904508, 25.160326970775724], [73.08560391385913, 25.160328608730797], [73.08560112203052, 25.16033915609606], [73.08559778984795, 25.16034955253363], [73.08559778984795, 25.160351481803783], [73.08559733955299, 25.16035327068565], [73.08559787990693, 25.160364120292428], [73.08559796996593, 25.160375004898793], [73.08559851031987, 25.160376734319577], [73.08559869043785, 25.160378596973178], [73.08560256297433, 25.160388871881462], [73.08560598521584, 25.160399269483587], [73.08560706592367, 25.160400886749194], [73.08560769633657, 25.160402626708752], [73.08626314470047, 25.16156638342132], [73.08626359499411, 25.161567049973048], [73.08689238418192, 25.162659634974073], [73.08689364500067, 25.162661799475313], [73.08689877833413, 25.162667924894713], [73.08690310114117, 25.162674481630045], [73.08690724383116, 25.162677948000336], [73.08691066605327, 25.162682031613116], [73.08691742043888, 25.162686592848537], [73.08692354441497, 25.16269178186498], [73.08692867774776, 25.162694136444482], [73.08693318067117, 25.162697118805127], [73.08694110581615, 25.162699800081032], [73.08694858066855, 25.162703217909062], [73.08695416429308, 25.16270422207772], [73.0869594777421, 25.16270598387591], [73.08696785317842, 25.16270652549477], [73.08697613855601, 25.162707933514017], [73.08698181223834, 25.16270745742297], [73.08698748592049, 25.162707770577235], [73.08699568123892, 25.162706186462163], [73.08700405667395, 25.162705500363142], [73.0870093701218, 25.162703579013073], [73.08701486368642, 25.16270246798546], [73.08702233853643, 25.162698870292537], [73.08703017361991, 25.162696016304828], [73.09092183562889, 25.16066887911071], [73.09230717685203, 25.161542675833683], [73.08681205200094, 25.164230299789132], [73.08470026021132, 25.160610114913478], [73.0848715530128, 25.160354977800942]]]}, "properties": {"polygon_id": "farmforest_216", "source": "farmforest", "raw_class": 5, "core_class": "greenery"}}, {"type": "Feature", "geometry": {"type": "Polygon", "coordinates": [[[77.12276809556046, 8.292533160502888], [77.12289416184832, 8.29277342088893], [77.12306754667202, 8.293124676874328], [77.12306868793839, 8.293126921111329], [77.12307518437747, 8.293135797597358], [77.12308124186764, 8.293144904984487], [77.12308264650301, 8.29314601344559], [77.1230836999795, 8.293147519152399], [77.12309239116036, 8.29315426025383], [77.12310081897148, 8.293161319725584], [77.1232389120837, 8.293247402883761], [77.12284236582691, 8.293364676962508], [77.12283990771009, 8.293365414162233], [77.12283709843365, 8.293366793830693], [77.12283402578747, 8.293367510978028], [77.12282559795754, 8.293372385651312], [77.12281690675731, 8.293376679544181], [77.12281462421977, 8.29337873032751], [77.12281190273266, 8.293380358083123], [77.12280514290953, 8.29338733070697], [77.12279803192637, 8.293393801426928], [77.12279636391791, 8.293396526190241], [77.1227941691699, 8.293398743320193], [77.12278977967375, 8.293407264626873], [77.12278468785803, 8.293415517794223], [77.12278389774868, 8.29341851642739], [77.12278249310981, 8.293421331526194], [77.12278056173133, 8.293430750454675], [77.12277810361324, 8.293440070455329], [77.12277810361324, 8.29344317661228], [77.1227774890837, 8.293446262716735], [77.12276967577937, 8.293598209617672], [77.12245389495136, 8.293527661974036], [77.12165781103212, 8.292200954804237], [77.1216564941708, 8.292198786615613], [77.12164955870085, 8.292190795089118], [77.12164306218433, 8.292182409190193], [77.121641306369, 8.292181125811185], [77.12163981392594, 8.292179442329624], [77.12163094705801, 8.292173676484447], [77.12162234356175, 8.292167428798136], [77.12116670853936, 8.291927452576795], [77.12111728213104, 8.291343126277892], [77.12111728213104, 8.291342799325339], [77.12111701875757, 8.291340665540622], [77.12111412164953, 8.291329454630578], [77.12111148791487, 8.291318088839361], [77.12111096116794, 8.29131717253394], [77.12111061000331, 8.291316098481058], [77.12110464020449, 8.291306095131901], [77.12109893377888, 8.29129593690136], [77.12109814365839, 8.291295175479343], [77.12109752912023, 8.29129425630991], [77.12108901337679, 8.291286295087586], [77.12108058542393, 8.29127817325463], [77.12084240771864, 8.291104474243074], [77.12078411424564, 8.290906238429127], [77.12078332412307, 8.290903923998844], [77.12077963688434, 8.290896365581021], [77.12077665197671, 8.2908885031285], [77.12077401823463, 8.290884984222973], [77.12077208682372, 8.290881079544526], [77.12076646817366, 8.290874847652463], [77.12076137627182, 8.290868142521902], [77.12065804573399, 8.290764806358087], [77.1207329318506, 8.290087442993707], [77.12100763093206, 8.28994045105989], [77.12116258235685, 8.29013162028003], [77.12134027144904, 8.29052174451594], [77.1214999631501, 8.290891667026289], [77.1214049733899, 8.290996134925974], [77.12140330536201, 8.290997960476425], [77.12139856465105, 8.29100540742845], [77.12139320940325, 8.291012425642355], [77.1213917169571, 8.291016136891797], [77.12138960997427, 8.291019419402744], [77.12138715182759, 8.291027921679651], [77.1213839913532, 8.291036074092288], [77.12138364018938, 8.291040067790977], [77.12138249890694, 8.29104387223625], [77.12138249890694, 8.291052618189294], [77.12138179657929, 8.291061422967568], [77.1213825866979, 8.29106529042662], [77.1213825866979, 8.291069213845837], [77.12138504484467, 8.291077713048473], [77.12138680066377, 8.291086271076372], [77.1213886442738, 8.291089764217915], [77.12138978555618, 8.291093561397599], [77.12139461405843, 8.291100993606358], [77.12139874023293, 8.291108811592], [77.12180011976167, 8.291661706895292], [77.12180161220274, 8.29166371731713], [77.12180600173514, 8.291667947467387], [77.12180968894224, 8.291672808613093], [77.12219921539433, 8.292058165621281], [77.12240341559242, 8.292379525056656], [77.12240482023574, 8.29238161437875], [77.12240666383006, 8.292383636283231], [77.12240798068315, 8.292386049699774], [77.12241517947972, 8.292393068974043], [77.12242193932487, 8.292400482625663], [77.1224242218699, 8.29240194667493], [77.12242624104431, 8.292403892569233], [77.12243510785329, 8.292408677557448], [77.1224437112911, 8.29241394439113], [77.1224463449964, 8.292414684240859], [77.12244880312134, 8.292415990539835], [77.12276809556046, 8.292533160502888]]]}, "properties": {"polygon_id": "farmforest_217", "source": "farmforest", "raw_class": 5, "core_class": "greenery"}}, {"type": "Feature", "geometry": {"type": "Polygon", "coordinates": [[[74.0985668314529, 18.526850624118833], [74.0977018205775, 18.526819399244562], [74.09769922159562, 18.526819352116974], [74.09769599527321, 18.526819779011657], [74.09769276895075, 18.526819502079242], [74.09768282112283, 18.52682146351192], [74.09767269405422, 18.526822705731686], [74.09766973659161, 18.526823947508827], [74.09766659988877, 18.526824558052137], [74.09765754826033, 18.52682905980302], [74.09764813815109, 18.52683291493418], [74.09764571840864, 18.52683490669321], [74.0976428505657, 18.526836332118965], [74.09763550171793, 18.526843003529798], [74.0976276151493, 18.52684918889254], [74.09762582274729, 18.526851762369564], [74.09762349262465, 18.526853849799004], [74.09761838427877, 18.526862297134514], [74.0976127382121, 18.526870346400504], [74.09761175239092, 18.526873253046027], [74.09761013922899, 18.52687584190801], [74.09760771948604, 18.526885311827286], [74.09760467240228, 18.526894551941403], [74.09760458278218, 18.526897535513356], [74.09760377620117, 18.526900545522544], [74.09754122135301, 18.52750249116501], [74.09606705387442, 18.52744280773102], [74.0959432874489, 18.525279456811603], [74.10252851607672, 18.525067487805853], [74.10238889154843, 18.527117576223834], [74.09866953554666, 18.527483120893088], [74.09865815385666, 18.5269387869087], [74.09865806423704, 18.526936315812325], [74.09865743689979, 18.52693318271243], [74.09865752651939, 18.526930023170475], [74.0986549275507, 18.52692073829202], [74.09865304553888, 18.526911338993113], [74.09865152200548, 18.52690856886643], [74.09865062580936, 18.52690550066942], [74.09864542787174, 18.52689731240264], [74.09864085727133, 18.526888738087173], [74.09863852716126, 18.5268864266044], [74.09863682438849, 18.526883729072633], [74.09862938595997, 18.526877284036363], [74.09862248524888, 18.526870269301806], [74.09861961742084, 18.526868703475], [74.09861719769087, 18.526866560257705], [74.09860814610818, 18.526862264210262], [74.09859945300359, 18.526857383080166], [74.09859622669663, 18.526856578293074], [74.09859317962889, 18.526855173039337], [74.09858323184858, 18.52685343943082], [74.09857346330706, 18.526851105355284], [74.09857014738, 18.52685126064112], [74.0985668314529, 18.526850624118833]]]}, "properties": {"polygon_id": "farmforest_218", "source": "farmforest", "raw_class": 5, "core_class": "greenery"}}, {"type": "Feature", "geometry": {"type": "Polygon", "coordinates": [[[75.8144676365765, 15.940930470758554], [75.8184727698319, 15.94240717194097], [75.81720356463714, 15.942844960091348], [75.81281184829139, 15.941313097170342], [75.81280936530393, 15.941312318668086], [75.81280413329452, 15.941311356634642], [75.81279898996306, 15.941309612722907], [75.80915418353139, 15.94057886849662], [75.80332448112944, 15.939065704458613], [75.80381233109514, 15.938150438638251], [75.8144676365765, 15.940930470758554]]]}, "properties": {"polygon_id": "farmforest_219", "source": "farmforest", "raw_class": 5, "core_class": "greenery"}}, {"type": "Feature", "geometry": {"type": "Polygon", "coordinates": [[[79.01535564030591, 14.429646691196794], [79.01297389341254, 14.429304587060777], [79.01277672714949, 14.4276031547658], [79.0127763821513, 14.427600687176978], [79.0127740534135, 14.427592786046944], [79.01277250092157, 14.427584746181035], [79.01277043093233, 14.427580709414615], [79.01276913718903, 14.427576271259174], [79.01276456596256, 14.427569403236863], [79.01276085723148, 14.427562050315535], [79.0127575797481, 14.427558657388659], [79.0127550785107, 14.4275548630728], [79.01274878229212, 14.427549402604887], [79.0127430035706, 14.427543441075438], [79.01273894984037, 14.42754106239428], [79.0127354136075, 14.427538007549654], [79.01272782364377, 14.42753450014358], [79.01272057867786, 14.42753030849282], [79.01088896479611, 14.42677920002153], [79.0103918976232, 14.425979694938896], [79.01095736200423, 14.424396423641397], [79.01095813826483, 14.424394096194895], [79.01135782538871, 14.423166307074714], [79.01401578016893, 14.424469552549587], [79.01401767763451, 14.424470516907233], [79.01570218107531, 14.425250326704054], [79.0175027412825, 14.426137215866747], [79.01750403496214, 14.426137801747469], [79.01750498366056, 14.426138283924018], [79.01751705800305, 14.42614191356981], [79.01752904609874, 14.4261456267281], [79.01805824572634, 14.426233879458708], [79.01740054053471, 14.427834084105854], [79.01739959183529, 14.427836403587923], [79.01739916060826, 14.42783865975027], [79.01739812566342, 14.42784071253718], [79.01739640075532, 14.427851050469373], [79.01739415837473, 14.427861276617566], [79.01739433086553, 14.42786347349927], [79.0173939858839, 14.427865733700711], [79.01739527956502, 14.427876125438415], [79.01739605577367, 14.42788658049662], [79.01739691822775, 14.427888722136538], [79.01739717696395, 14.427890923057436], [79.01740148923415, 14.427900580631459], [79.01740528403174, 14.42791038907815], [79.01740666395811, 14.427912204742194], [79.01740752641207, 14.427914258830365], [79.01741442604353, 14.427922374076799], [79.01742089444758, 14.42793073178666], [79.01742279184602, 14.427932133922408], [79.01742425801751, 14.42793386607329], [79.01743314129136, 14.4279397103021], [79.01744176582832, 14.427946067728175], [79.0174440082078, 14.42794687315339], [79.01744590560578, 14.427948100184775], [79.01873828367198, 14.428563000749355], [79.01769239453432, 14.43050165856381], [79.0153749596848, 14.429651536043453], [79.01537254476266, 14.429650722499817], [79.01536400628743, 14.429649096795902], [79.01535564030591, 14.429646691196794]]]}, "properties": {"polygon_id": "farmforest_220", "source": "farmforest", "raw_class": 5, "core_class": "greenery"}}, {"type": "Feature", "geometry": {"type": "Polygon", "coordinates": [[[85.41599627769304, 23.478266272644735], [85.41599761623323, 23.478268486909695], [85.41599777370854, 23.47826867277745], [85.41599777370854, 23.478268763404458], [85.41631957355347, 23.478780808550077], [85.4157560485661, 23.478740644558084], [85.41575329273579, 23.478740473184885], [85.41575124554747, 23.478740594455733], [85.41574911962104, 23.47874035091186], [85.41573746639328, 23.478741822007823], [85.41572573442497, 23.478742747034275], [85.41572376597365, 23.478743505000164], [85.41572171878423, 23.478743716897487], [85.41571093166938, 23.478748113429972], [85.41569998707621, 23.47875205221284], [85.41569833357633, 23.47875327254115], [85.41569636512402, 23.478754030506604], [85.41539314387799, 23.47892794005863], [85.41539086046048, 23.478929323178086], [85.41538259291345, 23.478936059184353], [85.41537393167235, 23.47894242114625], [85.41537227816252, 23.478944457111368], [85.41537023095981, 23.478946209659576], [85.41536432556697, 23.478954827419177], [85.41535794774197, 23.478963068827316], [85.41535700287893, 23.478965488064926], [85.41535550684577, 23.478967709897933], [85.41535251477934, 23.478977500547707], [85.41534889280395, 23.47898709148529], [85.41534873532675, 23.478989624422333], [85.41534794794075, 23.47899213890114], [85.41534802667935, 23.47900229141466], [85.41534747550917, 23.479012425469765], [85.4153866085793, 23.479403720615277], [85.4141518954263, 23.479392275829863], [85.41416087182385, 23.479204397931323], [85.41416095056418, 23.479201862691585], [85.41415992693996, 23.47919458255201], [85.41415992693996, 23.47918724178893], [85.4141581946528, 23.47918202529194], [85.41415748598986, 23.479176657544773], [85.41415425763633, 23.479169947169414], [85.41415205290696, 23.479162904290423], [85.41385181517582, 23.47856240188471], [85.4142952026484, 23.478401122545414], [85.41429772233244, 23.47840019950016], [85.41429795855281, 23.478400115796756], [85.41429819477318, 23.478400032093347], [85.41430976957011, 23.47839348370129], [85.41432134436457, 23.478387025934914], [85.41432150184475, 23.47838684929682], [85.41432173806503, 23.478386765593374], [85.41433087191461, 23.47837751747914], [85.41434008450274, 23.478368271671787], [85.4143401632428, 23.478368092725884], [85.41434032072293, 23.478367916087763], [85.41434630496734, 23.478356672496822], [85.4143522892111, 23.47834551953213], [85.41435236795114, 23.478345249959368], [85.41435244669118, 23.47834507101344], [85.41455638302376, 23.477764238775478], [85.41473031884973, 23.47737483688934], [85.4155507781936, 23.477502556044556], [85.41599627769304, 23.478266272644735]]]}, "properties": {"polygon_id": "farmforest_221", "source": "farmforest", "raw_class": 5, "core_class": "greenery"}}, {"type": "Feature", "geometry": {"type": "Polygon", "coordinates": [[[81.46057446812446, 19.877174983278966], [81.46165151181452, 19.879843687028707], [81.45403486742896, 19.88088832149213], [81.45147701480255, 19.876006695331263], [81.4592848111106, 19.87238136146727], [81.46057120001555, 19.877165095123324], [81.46057187039688, 19.87716756012149], [81.46057354635018, 19.8771711546487], [81.46057446812446, 19.877174983278966]]]}, "properties": {"polygon_id": "farmforest_222", "source": "farmforest", "raw_class": 5, "core_class": "greenery"}}, {"type": "Feature", "geometry": {"type": "Polygon", "coordinates": [[[74.56352032149577, 14.346452968092045], [74.56352121538518, 14.34645164708921], [74.56352210927454, 14.346451188746594], [74.5635351600591, 14.34644247831874], [74.56353676905985, 14.346441377250597], [74.56353945072777, 14.346440088488427], [74.56354928350976, 14.346435909378194], [74.56357154135054, 14.346422547028682], [74.56357377607334, 14.346421228639276], [74.5635743124068, 14.346420746595049], [74.56357493812918, 14.346420443008183], [74.56358834646538, 14.346411583744677], [74.56358870402099, 14.346411348647848], [74.56359755352229, 14.346405465301503], [74.56360148663381, 14.346403396832171], [74.56360372135624, 14.346402250974323], [74.5636070287454, 14.346399882229715], [74.56361060430113, 14.346398135123026], [74.56361301780123, 14.34639751871172], [74.56361552069018, 14.346396821959651], [74.56362365507901, 14.346393220391843], [74.56363214702299, 14.346390418918858], [74.56364099652207, 14.34638600209209], [74.56364323124399, 14.346384769967598], [74.56364698557672, 14.34638208578432], [74.5636510974649, 14.34638011543016], [74.56366450579517, 14.346371169893397], [74.56366665112792, 14.34636967304522], [74.56367344468146, 14.34636322208314], [74.56368077456786, 14.346357324268348], [74.56368283051155, 14.346354441238471], [74.56368542278834, 14.346352025090106], [74.56368667423231, 14.346349778861134], [74.56369016039757, 14.34634655930498], [74.56369668578363, 14.346341557088458], [74.56371000472154, 14.346328119789938], [74.56371179249837, 14.346326340442225], [74.56371608316267, 14.34632024116837], [74.56372099954872, 14.346314700966973], [74.56372895515493, 14.346302892272607], [74.56373583809484, 14.346296447233424], [74.56374316797861, 14.346290463149906], [74.56374522392156, 14.346287580119563], [74.5637477268086, 14.346285158045124], [74.56375246441611, 14.346277104278963], [74.56375309013785, 14.346276196829379], [74.5637542521925, 14.346275066132929], [74.56375595058005, 14.346273280859657], [74.56376042002088, 14.346267020903666], [74.56376560457211, 14.346261239678933], [74.56376953767983, 14.34625528923575], [74.56377212995534, 14.34625278682022], [74.5637738283427, 14.346251001546811], [74.56377794022785, 14.346245235485839], [74.56378276722334, 14.34624003442194], [74.56378535949865, 14.346234857761052], [74.56378875627311, 14.346230079490454], [74.56379099099313, 14.346223498873563], [74.5637941196011, 14.34621715004021], [74.56379644370983, 14.346209971487045], [74.56379796331937, 14.346206966639821], [74.56379903598493, 14.346204708560572], [74.56380046620566, 14.346199972469119], [74.56380270092552, 14.346195462235862], [74.56380717036515, 14.346182128472043], [74.56380806425305, 14.346179513478939], [74.56380985202887, 14.346167037153764], [74.56381083530556, 14.346160891182581], [74.56381253369256, 14.346157208058617], [74.56381342758044, 14.346150797364858], [74.56381530474498, 14.346144624379374], [74.56381530474498, 14.346138326966875], [74.56381619863285, 14.346132088805675], [74.56381619863286, 14.34612846563712], [74.56381700313193, 14.346126017251441], [74.56381879090765, 14.346113540930205], [74.56382057868335, 14.346102099800724], [74.56382066807214, 14.346101674396298], [74.56382147257119, 14.346099226010956], [74.56382326034687, 14.346086663425796], [74.56382379667957, 14.34608350713826], [74.56382513751132, 14.346079368985814], [74.56382585262156, 14.346077000941541], [74.56382772978597, 14.346064358017182], [74.56382942817281, 14.34605325602938], [74.56382951756159, 14.346052830625075], [74.5638303220606, 14.346050468506194], [74.56383219922495, 14.346037739317941], [74.56383273555763, 14.346034410499552], [74.56383291433518, 14.346033818488623], [74.56383693683016, 14.346029340493642], [74.56384587570753, 14.3460159579293], [74.56384730592788, 14.346013809817729], [74.5638478422605, 14.34601263764601], [74.56385177536636, 14.346009965308733], [74.56385392069679, 14.346008468458418], [74.56385669174855, 14.346005891627227], [74.56386518368112, 14.34600300387122], [74.56386759717766, 14.346002214922631], [74.56387742994102, 14.345997000597393], [74.56388744148131, 14.345992143184922], [74.56390084979331, 14.345983197629355], [74.56390299512313, 14.345981700778298], [74.56390809028136, 14.345976862552348], [74.56390952050117, 14.345976353491414], [74.56391202338584, 14.345975570467056], [74.56391854876355, 14.345972121028524], [74.56392543169594, 14.345969385416486], [74.56392999052113, 14.345966064425152], [74.56393499628983, 14.345963376919574], [74.56394027022456, 14.345958291744903], [74.56394509721552, 14.345954643464644], [74.56394831520943, 14.345953562776044], [74.56395725408107, 14.345949151853988], [74.5639594887989, 14.345948005990458], [74.56396181290542, 14.345946348456755], [74.56396592478612, 14.345945672080836], [74.56396619295225, 14.34594551732403], [74.56396655050708, 14.345945454758038], [74.56397799226148, 14.345940002011735], [74.56398952340383, 14.345934555189457], [74.56398970218123, 14.345934308241798], [74.56398997034732, 14.345934153484942], [74.5639929201743, 14.345932278627808], [74.5639930989517, 14.345932204211858], [74.56399542305776, 14.345932185728794], [74.56399801532989, 14.34593218502054], [74.56400570275731, 14.34593088298279], [74.5640133901844, 14.345930443603248], [74.56401848533937, 14.34592871094408], [74.56402384866024, 14.345927858718127], [74.56402581521118, 14.345926867610467], [74.56403394958076, 14.345925422664294], [74.56404583827405, 14.345923450171698], [74.56404619582872, 14.345923301339658], [74.56405325753337, 14.345923338079029], [74.5640554028613, 14.345926499582445], [74.56406148129031, 14.345935615330117], [74.56406353722947, 14.345939719833682], [74.56406469928206, 14.345941953504669], [74.56406711277582, 14.345945219049321], [74.5640688111603, 14.34594886852414], [74.56407775002572, 14.345962314634388], [74.56407792880302, 14.345962499016032], [74.56408686766797, 14.345975858862186], [74.56408829788633, 14.345977937776913], [74.56409348242774, 14.345983457377342], [74.56409804124851, 14.345989453099138], [74.56410689072379, 14.3459983211955], [74.56410867849651, 14.346000078746659], [74.56411502508955, 14.346004640181034], [74.56411851124618, 14.346007718028957], [74.56412700316591, 14.346020444394865], [74.56412843338393, 14.34602252331052], [74.56413352853552, 14.346027864456513], [74.56413781918938, 14.346033756140207], [74.56414666866262, 14.346042710506342], [74.56414854582354, 14.346044473983184], [74.56415444547207, 14.346048746996905], [74.56415614385568, 14.346051792613679], [74.56415828918234, 14.34605771463259], [74.56416213289255, 14.346062972831492], [74.56416526149381, 14.346068701227232], [74.5641697309241, 14.346073224507197], [74.56417348524543, 14.34607830424998], [74.56417393218845, 14.346078678938614], [74.56417411096565, 14.346078949586465], [74.5641759881263, 14.34608286971404], [74.56418492698619, 14.346096229576194], [74.56419073724486, 14.346104982500357], [74.5641927037939, 14.34610890855387], [74.56419386584561, 14.346111142228615], [74.5641940446228, 14.34611132661053], [74.5641941340114, 14.34611159133354], [74.56420164265295, 14.346121664557193], [74.56420915129418, 14.346131737781858], [74.56420933007135, 14.346131922163808], [74.5642095088485, 14.34613210654576], [74.56421844770666, 14.346141066845558], [74.56422729717579, 14.346149934955141], [74.56422908494727, 14.346151692508915], [74.5642354315359, 14.346156253950003], [74.56424115240432, 14.34616137777928], [74.56425456068894, 14.346170375529555], [74.56425491824318, 14.346170571761423], [74.5642682371382, 14.346179477321249], [74.56427404739406, 14.34618331308498], [74.56427663966201, 14.346185986624578], [74.56427851682153, 14.346187750103843], [74.56428486340835, 14.346192139013983], [74.56429058427514, 14.346197349110966], [74.5642921932689, 14.346198404686751], [74.56429299776576, 14.34620682582437], [74.56429746719274, 14.3462246340941], [74.56429809291252, 14.346227004754175], [74.56429934435205, 14.346229761953326], [74.56429934435205, 14.346230107017872], [74.56429934435205, 14.346232608735844], [74.56430157906546, 14.346245179183533], [74.56430381377886, 14.346257663366389], [74.56430381377886, 14.346270258225546], [74.56430381377886, 14.346283629481377], [74.56430381377886, 14.34629700073849], [74.56430381377886, 14.34630588615522], [74.56430381377886, 14.346314857838703], [74.56430381377886, 14.34633271494121], [74.56430381377886, 14.34634160036022], [74.56430381377886, 14.346359457466157], [74.56430381377886, 14.346368342886873], [74.56430381377886, 14.346381714152129], [74.56430381377886, 14.346395085418662], [74.56430381377886, 14.346412942531458], [74.56430381377886, 14.346415444252758], [74.56430515460688, 14.346423038291888], [74.56430560154956, 14.346430659347767], [74.56430738932023, 14.346435436226047], [74.56430828320556, 14.346440498919595], [74.56431167996979, 14.346447366572669], [74.5643143616257, 14.346454618157559], [74.56431588123071, 14.346456703007112], [74.56431659633893, 14.346461236253898], [74.56431695389304, 14.346461950084207], [74.5643171326701, 14.34646282459708], [74.56432249598173, 14.346473445786108], [74.56432759112761, 14.346484221733796], [74.56433286505039, 14.34649216274438], [74.56433509976337, 14.346498694576757], [74.56433590426005, 14.346501077092382], [74.56433903285817, 14.346506891778551], [74.5643413569596, 14.346512998205212], [74.56434511127722, 14.346518077970194], [74.56434806109816, 14.346523535741955], [74.56435279868926, 14.34652824935096], [74.56435673178365, 14.34653351349943], [74.56436996128231, 14.346546726489722], [74.56437854257821, 14.346555490595351], [74.56437916829769, 14.346556049668646], [74.56438167117557, 14.346558544760926], [74.56438560426932, 14.346564412775573], [74.5643870344852, 14.346566491702381], [74.56439221901768, 14.346572011335821], [74.56439677783058, 14.346578007092749], [74.5644056272906, 14.346586961508883], [74.564418946174, 14.346600266697415], [74.56441930372792, 14.346600721729498], [74.56442815318678, 14.346609417348338], [74.56443691325673, 14.346618193309299], [74.56443870102605, 14.346619950871586], [74.56444522638392, 14.346624610452363], [74.56445112602233, 14.346629918689692], [74.56446453429069, 14.346638830219987], [74.56446667961355, 14.346640180150416], [74.56447695928512, 14.346644743516398], [74.56448697079078, 14.346649720439618], [74.56450011089106, 14.346654042073247], [74.5645133403788, 14.346658542164478], [74.5645157538663, 14.346659306004643], [74.56451691591583, 14.346659469296037], [74.56451798857694, 14.346659971728332], [74.56452987723702, 14.346661622416958], [74.56454167650787, 14.346663525979494], [74.56454274916882, 14.346663338279855], [74.56454391121817, 14.346663501571133], [74.56455276067067, 14.346663484278936], [74.56456590076596, 14.346663492585673], [74.56456652648477, 14.346663534060491], [74.56457957719063, 14.346663450174837], [74.56459271728389, 14.346663458479762], [74.56460603615294, 14.34666347863371], [74.56460862841591, 14.346663477924423], [74.56461336599988, 14.346662670482432], [74.56461524315576, 14.346663571305003], [74.56462024890466, 14.34666511083342], [74.56462373505113, 14.346666808437176], [74.56462418199297, 14.346667269394485], [74.56462596976037, 14.346669026957235], [74.56462891957652, 14.346671120343906], [74.5646334783832, 14.346679617835717], [74.56463490859704, 14.3466810928993], [74.5646359812574, 14.346682803062684], [74.56464402620998, 14.346690151364037], [74.56465171360873, 14.346697907298784], [74.56465350137584, 14.346698888463182], [74.5646549315895, 14.346700277260494], [74.56466476430818, 14.346705242332057], [74.5646744182496, 14.346710540619993], [74.56467638479316, 14.346711016034988], [74.56467817256002, 14.34671191093287], [74.56467987093849, 14.34671245483958], [74.5646829995304, 14.346714646343434], [74.56468514485054, 14.346715996273906], [74.5646855024039, 14.346716192506799], [74.56468585995725, 14.346716388739692], [74.56469739105249, 14.34672146638527], [74.56470892214695, 14.346726630297363], [74.56470936908859, 14.346726659922043], [74.5647097266419, 14.346726856154934], [74.56472233039537, 14.34672855423625], [74.56473484475963, 14.346730418925185], [74.56473529170118, 14.346730362283225], [74.56473564925444, 14.346730385982928], [74.56474449869712, 14.346730368684206], [74.56475763877789, 14.3467303769813], [74.5647581751077, 14.346730412530793], [74.56477131518743, 14.346730334560363], [74.56478445526615, 14.34673034285564], [74.5647848128193, 14.346730366555256], [74.5647919638821, 14.346730322947804], [74.56479777412042, 14.346738213261334], [74.56479795289698, 14.346738397644366], [74.56479813167354, 14.346738582027388], [74.56480063454538, 14.346741077123186], [74.56480456762961, 14.34674711768221], [74.56480474640617, 14.346747302065255], [74.56481055664406, 14.34675605504639], [74.56481252318606, 14.346759981125922], [74.5648136852336, 14.346762214815453], [74.56481618810521, 14.346765572578189], [74.56481797587062, 14.346769314275006], [74.56482029996562, 14.346772832721458], [74.56482101507177, 14.346775036786742], [74.56482181956618, 14.346777419310257], [74.56482512693206, 14.34678341839711], [74.56482745102697, 14.346789783643601], [74.5648311159458, 14.346794598697578], [74.56483397637021, 14.346799964294254], [74.56483880333626, 14.346804856372533], [74.56484291519614, 14.346810304918472], [74.56485185402161, 14.346819179010176], [74.5648537311749, 14.346820942500178], [74.56486007774065, 14.346825331436062], [74.56486579858843, 14.346830541564653], [74.56487911743648, 14.346839360911565], [74.5648847488954, 14.346843098581889], [74.56488725176597, 14.346845593680245], [74.56488751993068, 14.346845956521781], [74.56488993341299, 14.346848273161878], [74.56489377710693, 14.346854135269023], [74.56489395588339, 14.346854319652257], [74.56490289470625, 14.346867679617306], [74.56490432491786, 14.346869758550508], [74.56490950943486, 14.346875278198787], [74.56491406823416, 14.346881273973477], [74.56492291766774, 14.346890142146275], [74.5649318564891, 14.346899102511488], [74.56493453813542, 14.34690178199453], [74.5649385606048, 14.34690782848813], [74.56493999081611, 14.346909907422154], [74.56494186796846, 14.346911843447213], [74.56493909693405, 14.346915886846759], [74.56493409119435, 14.346921421192178], [74.56492515237312, 14.346934803917847], [74.56492121929163, 14.346940754429209], [74.56491862703332, 14.346943256876523], [74.56491809070403, 14.346943825194415], [74.56491594538677, 14.3469460121992], [74.56491067148175, 14.346949458366653], [74.5649085261644, 14.346950955237096], [74.56490262654158, 14.346956430332465], [74.56489610120093, 14.346961346352327], [74.56488716237774, 14.346970329470722], [74.56488528522482, 14.34697227544962], [74.56487795538936, 14.346982745485375], [74.56487491618921, 14.346987116176644], [74.56487384353032, 14.34698825281219], [74.56486517287073, 14.346996822370585], [74.56486347449403, 14.346998607665643], [74.56485900508166, 14.347004867693508], [74.56485382056316, 14.347010648987515], [74.56484988748005, 14.347016599497971], [74.56484729522067, 14.347019101944285], [74.56483835639497, 14.347027998793783], [74.56483790945367, 14.347028400502845], [74.56482459060246, 14.347041837968051], [74.5648228922254, 14.347043623262765], [74.5648192273064, 14.347048901413363], [74.56481484728114, 14.347053614562961], [74.56481189746815, 14.347059371447692], [74.56480814316065, 14.34706464367322], [74.56480698111305, 14.347068362387983], [74.56480546151238, 14.347069900732185], [74.56480081332194, 14.347076321442957], [74.56479553941341, 14.347082355611175], [74.56479473491886, 14.347083510021434], [74.56478552792558, 14.34708798948545], [74.56478302505354, 14.347089635187677], [74.5647700637513, 14.347092830597079], [74.56476756087902, 14.347093527363972], [74.56475942654392, 14.347097128991818], [74.56475182853823, 14.34709964470086], [74.56474333664914, 14.347101756091616], [74.56474083377648, 14.347102452858051], [74.56473877784533, 14.347103351783412], [74.56473663252586, 14.347103813449582], [74.5647243863267, 14.34710783265691], [74.56472420755007, 14.347107820806768], [74.56472322427857, 14.347108014431415], [74.56472224100705, 14.347107862988784], [74.56471035236017, 14.347110094292132], [74.56469837432414, 14.347112060869062], [74.56469748044083, 14.347112519219076], [74.56469649716917, 14.347112712843558], [74.56468442974383, 14.347116657630982], [74.56468237381203, 14.347116693887443], [74.56467978155017, 14.347116694593304], [74.56467191537595, 14.34711798478768], [74.56466395981303, 14.347118406388521], [74.56465904345374, 14.34712006464427], [74.56465394831761, 14.347120848381607], [74.56465108789024, 14.34712221158056], [74.56464688663746, 14.347122882035148], [74.56463633881086, 14.34712399447441], [74.56462990284857, 14.347125638269004], [74.56461980196279, 14.347125658864472], [74.56461953379767, 14.347125641089097], [74.56461077373696, 14.347125664294179], [74.56459316422583, 14.347125618511226], [74.56459280667228, 14.347125594810677], [74.56458386783343, 14.347125606164271], [74.56458351027987, 14.34712558246371], [74.56458216945401, 14.34712557985337], [74.56457600165487, 14.347124049550374], [74.56457349877981, 14.347123452312438], [74.56456402360956, 14.347122737980126], [74.56456035868507, 14.347121546114495], [74.56455794519817, 14.347120782268037], [74.56455705131414, 14.347120636749757], [74.5645562468185, 14.347120238356318], [74.56454408999498, 14.34711856986778], [74.56453202255905, 14.347116734770292], [74.56453112867487, 14.34711684805221], [74.5645303241791, 14.347116708459005], [74.5645236200476, 14.347116695405617], [74.56451182077551, 14.347112721413804], [74.56450940728796, 14.347111957567009], [74.5645080664615, 14.347111696155983], [74.56450681502348, 14.347111181869863], [74.56449510513869, 14.347109629271685], [74.56448348464156, 14.347107737531172], [74.56448268014557, 14.347107511671089], [74.56448151809579, 14.347107348377028], [74.56448044543447, 14.347106845941193], [74.56446909310169, 14.347105317042546], [74.564468556771, 14.347105195224712], [74.56445997547956, 14.34710169333812], [74.56445273501458, 14.347099919397051], [74.56444924886466, 14.347096755246096], [74.56444334922621, 14.347092913514814], [74.56444093573768, 14.347090510600053], [74.56443217566792, 14.347081734593838], [74.5644248458133, 14.347074347391912], [74.56442413070553, 14.347068261321537], [74.56442305804386, 14.347065774751806], [74.56442261110148, 14.347063243391762], [74.56441805228926, 14.347054142004957], [74.56441402980776, 14.34704481737003], [74.56441233142667, 14.347042720657946], [74.56441116937644, 14.34704040069699], [74.56440419707486, 14.347032864665582], [74.56439758232696, 14.347025007268824], [74.56439543700327, 14.34702348479784], [74.5643936492335, 14.347021554694324], [74.56438471038439, 14.34701630377643], [74.56437612908879, 14.347010472692915], [74.56437362621084, 14.347009616654478], [74.56437130210983, 14.347008254866564], [74.564361201209, 14.347005601187243], [74.56435127908458, 14.34700235549163], [74.56434859742924, 14.347002177735732], [74.56434600516236, 14.347001488305223], [74.56433554670596, 14.34700165772306], [74.56432517763747, 14.347001229199167], [74.56423730869587, 14.347009552424366], [74.56392373331005, 14.347001447599299], [74.56391604587897, 14.346997056024263], [74.56390540861915, 14.346989967183626], [74.56390522984167, 14.346989782799897], [74.56389182153002, 14.346980871209626], [74.56388967620005, 14.346979521269722], [74.56388556431756, 14.346977695905391], [74.56388189937873, 14.34697512376983], [74.56387823443981, 14.346973328032474], [74.56386974250789, 14.346967675399183], [74.56386759717766, 14.346966239192929], [74.56386339590588, 14.346964407903263], [74.5638596415778, 14.346961743576092], [74.56385704930362, 14.346960536542248], [74.56385499336199, 14.346957380932583], [74.56385481458446, 14.346957110282458], [74.56384587570754, 14.3469437503102], [74.56384444548719, 14.346941671375971], [74.56384060176994, 14.346937620861159], [74.56383899277199, 14.346934667412027], [74.5638368474414, 14.346928745352322], [74.56383300372396, 14.346923487108223], [74.5638298751167, 14.346917758669077], [74.56382540567765, 14.346913235345461], [74.56382165134876, 14.346908155560367], [74.56381888029644, 14.346905383881197], [74.56381727129829, 14.346902948031385], [74.56381673496557, 14.346899806888775], [74.56381637741042, 14.34689909305606], [74.56381619863285, 14.346898218541329], [74.56381083530556, 14.346887511051177], [74.5638104777504, 14.34688679721854], [74.56381038836162, 14.3468838582361], [74.56380842180823, 14.346877775497301], [74.56380725975394, 14.346871487288178], [74.56380439931259, 14.346865776628071], [74.56380243275913, 14.346859693890275], [74.56380082376083, 14.346856481644286], [74.56379841026336, 14.34684933408381], [74.56379841026336, 14.346837170527891], [74.56379849965215, 14.346836917654208], [74.56379912537373, 14.346834888739448], [74.56379921476251, 14.346834549599421], [74.56380100253843, 14.346822159486772], [74.5638027903143, 14.346809855641377], [74.5638027903143, 14.346800970209184], [74.5638027903143, 14.346787598928787], [74.5638027903143, 14.346775004046492], [74.56380350542466, 14.34677280852516], [74.56380538258931, 14.346760079277473], [74.56380725975394, 14.346747436297054], [74.56380725975394, 14.346738550868693], [74.56380725975394, 14.346720693747391], [74.56380725975394, 14.346707322474485], [74.56380725975394, 14.3467048207526], [74.56380591892207, 14.346697226707429], [74.56380547197811, 14.346689605649646], [74.56380368420224, 14.346684828765323], [74.5638027903143, 14.346679766069334], [74.56379939354011, 14.346672898406059], [74.56379671187622, 14.346665646814513], [74.5637936726571, 14.346661563373058], [74.56379134854834, 14.346656923470595], [74.56378607460907, 14.34665122537079], [74.5637815157801, 14.34664505707643], [74.56377874472712, 14.346642285405077], [74.56377454345318, 14.346636054546284], [74.56377311323224, 14.346633975618339], [74.56376792868123, 14.346628455977555], [74.56376336985177, 14.346622460217], [74.56375443097014, 14.346613499864455], [74.56375264319375, 14.346611742300514], [74.56374611780979, 14.346607082709355], [74.56374021814737, 14.346601774466066], [74.56372680982295, 14.346592862914292], [74.56372466449095, 14.346591512980295], [74.56372412815794, 14.346591304896059], [74.56372368121377, 14.346590930204787], [74.56371223944257, 14.346585944721925], [74.56370088705945, 14.34658087889816], [74.56370026133753, 14.346580837420909], [74.56369972500445, 14.346580543070507], [74.56369042856412, 14.34657932297377], [74.56368604851033, 14.346577393575878], [74.56367424918119, 14.346572039326674], [74.56367085240448, 14.34657155536569], [74.56366548907269, 14.346569129458375], [74.56365520935296, 14.34656413473812], [74.56364206918859, 14.34655972680222], [74.56363509685606, 14.346557453037049], [74.5636231187457, 14.346551483073922], [74.56362079463462, 14.34655029382158], [74.5636169509124, 14.346549176370592], [74.5636122133012, 14.346544807820028], [74.5636067605787, 14.346542030922862], [74.56360175480052, 14.346538593523642], [74.56359514002197, 14.346536257193575], [74.5635889721877, 14.346533174095358], [74.56357565324049, 14.346528668041785], [74.56357493812918, 14.346528448106758], [74.56357359729552, 14.346527927895977], [74.56357073685031, 14.346526012962855], [74.56356859151637, 14.34652466302911], [74.56356465840408, 14.346522935789963], [74.56356108284739, 14.346520455857554], [74.56355223334424, 14.346515987273508], [74.56354999862116, 14.346514890212678], [74.56354445650774, 14.346513142583065], [74.5635392719499, 14.34651064226027], [74.56353793111596, 14.34651012204947], [74.56353533883696, 14.346508397424735], [74.56352228805243, 14.346499595843893], [74.56352175171881, 14.346499301493521], [74.56350834337746, 14.346490303679674], [74.56350548293118, 14.346488475013022], [74.56350682376538, 14.346478211969192], [74.56350789643274, 14.346470519130765], [74.56351066749004, 14.346465009259157], [74.56351102504583, 14.346464687896495], [74.5635153157151, 14.346458502361793], [74.56352032149577, 14.346452968092045]]]}, "properties": {"polygon_id": "farmforest_223", "source": "farmforest", "raw_class": 5, "core_class": "greenery"}}, {"type": "Feature", "geometry": {"type": "Polygon", "coordinates": [[[78.18917615675946, 14.461715148672182], [78.18917833072152, 14.461713685869638], [78.18918241777008, 14.461709873332776], [78.18918702656934, 14.461706786171046], [78.18919180928535, 14.461701173957213], [78.1891972007104, 14.46169611676761], [78.18920007033974, 14.461691368929918], [78.1892036356367, 14.46168709313965], [78.19068574521893, 14.459307968888513], [78.19085983346454, 14.459385794041133], [78.19086218130604, 14.459386786458717], [78.19086800743104, 14.45938830420143], [78.19087357268445, 14.45939068248686], [78.1908806162079, 14.459391562786635], [78.19088757277379, 14.459393399793763], [78.19089357281152, 14.459393266239953], [78.19089957284889, 14.459394006416339], [78.1909066163706, 14.459393051881502], [78.19091374684888, 14.459392888099558], [78.19091948601398, 14.459391168642775], [78.19092548604988, 14.459390248730575], [78.19093192087061, 14.459387341217171], [78.1909387904761, 14.459385329412907], [78.19094383398364, 14.459382089447187], [78.190949225319, 14.45937965342185], [78.19095461665411, 14.459375033070305], [78.190960616688, 14.459371229846443], [78.1909645297534, 14.459366796885476], [78.1909690515177, 14.459362918933104], [78.19097287762578, 14.459357170980738], [78.1909775733037, 14.459351816478213], [78.19098000809957, 14.459346522431787], [78.19098322550833, 14.45934161743943], [78.19122853089686, 14.458824363011347], [78.19122905263761, 14.458823253538363], [78.19122957437833, 14.458822056692613], [78.19123279177946, 14.45881042400252], [78.19123618309405, 14.458798800104104], [78.19123618309405, 14.458798188494777], [78.19123635700761, 14.458797585676457], [78.19123609613727, 14.458785515049486], [78.19123600918049, 14.458773365841788], [78.19123583526692, 14.458772832814317], [78.19123574831013, 14.458772129436857], [78.19123200916839, 14.45876066934688], [78.19122844394008, 14.458749043303506], [78.19122809611292, 14.458748588857887], [78.19122792219933, 14.45874796845779], [78.19122096565592, 14.458737918445802], [78.19121418302564, 14.45872778985294], [78.19104861714594, 14.458543277577894], [78.19130018326696, 14.457429327983402], [78.19353955613288, 14.45785101597219], [78.19393702614481, 14.458457462303132], [78.19396737327943, 14.459390659701931], [78.19398450332005, 14.4607321952833], [78.19243131033996, 14.461577848013391], [78.19064939708738, 14.462337741559935], [78.18931946424298, 14.46283143834104], [78.18709287177147, 14.46358942841068], [78.18689799377638, 14.463209365455372], [78.18917615675946, 14.461715148672182]]]}, "properties": {"polygon_id": "farmforest_224", "source": "farmforest", "raw_class": 5, "core_class": "greenery"}}, {"type": "Feature", "geometry": {"type": "Polygon", "coordinates": [[[74.64520362766001, 18.058917771870014], [74.64434178900092, 18.058808589357277], [74.64447706025362, 18.056897162551543], [74.64917968001465, 18.056814784962846], [74.6505736262113, 18.058597089053254], [74.6507065695946, 18.06152348833763], [74.64733980013949, 18.061766403634323], [74.64617714451687, 18.059462962606588], [74.64617598301878, 18.059460756181913], [74.64617580432677, 18.05946056568522], [74.64617571498077, 18.059460294401205], [74.64616812057001, 18.059450173881903], [74.6461605261589, 18.05944005336315], [74.64616034746687, 18.05943986286648], [74.64616016877486, 18.059439672369813], [74.64614989398281, 18.05943197547059], [74.64613961919014, 18.05942427857149], [74.64613935115207, 18.05942416886211], [74.64613917246002, 18.05942397836546], [74.6452384727974, 18.058929041564717], [74.64523614978847, 18.05892788537197], [74.64523257592849, 18.058926539930155], [74.64522935945448, 18.058924607290063], [74.64522015676455, 18.05892219018377], [74.64521113276713, 18.058918995382577], [74.6452072908671, 18.058918772473593], [74.64520362766001, 18.058917771870014]]]}, "properties": {"polygon_id": "farmforest_225", "source": "farmforest", "raw_class": 5, "core_class": "greenery"}}, {"type": "Feature", "geometry": {"type": "Polygon", "coordinates": [[[76.59149990346647, 26.200335078916563], [76.58976598335788, 26.201718858247748], [76.58976466082265, 26.20171935216526], [76.5897580481463, 26.20172120291608], [76.58975196448374, 26.201724783332956], [76.58974535180674, 26.201727606540086], [76.58773226071489, 26.20292027041022], [76.58721364128543, 26.201512056922382], [76.58852332323379, 26.20039713520068], [76.58882027901275, 26.200543736924025], [76.58882274776337, 26.20054494257652], [76.58882997767563, 26.200547216796533], [76.58883676673922, 26.20055024502291], [76.58884329129349, 26.2005513033458], [76.58884955133848, 26.200553309142546], [76.58885713392779, 26.20055358335083], [76.58886462834701, 26.20055482168949], [76.58887115289987, 26.20055428871419], [76.58887776562202, 26.200554559715247], [76.5888851718704, 26.200552960752155], [76.5888927544576, 26.200552262498956], [76.58889883816097, 26.20055009658363], [76.58890527454248, 26.200548671224137], [76.58891188726287, 26.200545317602124], [76.5889189408309, 26.200542801269485], [76.58892414283707, 26.200539137583416], [76.58892996203016, 26.200536239437973], [76.58893525220547, 26.200531346403707], [76.58894124773724, 26.200527138832808], [76.58952986651836, 26.19997415240595], [76.58953171807107, 26.199972293955522], [76.58953815442077, 26.199963707679444], [76.58954511978514, 26.199955436585846], [76.58954600147682, 26.19995322131299], [76.58954750035264, 26.199951241145445], [76.58955102711919, 26.199941407590067], [76.58955517106979, 26.199931720733527], [76.58955534740811, 26.19992935043308], [76.58955614093054, 26.19992703842634], [76.58955649360718, 26.19991672826149], [76.58955737529875, 26.19990637965645], [76.58955684628381, 26.199904031140136], [76.58955693445296, 26.19990165251173], [76.58955402487071, 26.199891653062526], [76.5895517324725, 26.199881535095148], [76.58955040993506, 26.199879465252785], [76.5895497927509, 26.199877108408618], [76.5895438854168, 26.199868240310508], [76.58953850709746, 26.199859156960777], [76.58925133978398, 26.19950395954245], [76.59021317582067, 26.198688817031027], [76.59149990346647, 26.200335078916563]]]}, "properties": {"polygon_id": "farmforest_226", "source": "farmforest", "raw_class": 5, "core_class": "greenery"}}, {"type": "Feature", "geometry": {"type": "Polygon", "coordinates": [[[76.4397644490817, 25.870140514127243], [76.44084567998796, 25.870629803028997], [76.44150391210404, 25.87180896567275], [76.440343331106, 25.872117474463728], [76.44034068297816, 25.87211819693682], [76.4403307966337, 25.87212256931255], [76.44032055720476, 25.872126377396867], [76.44031817388927, 25.872128186656145], [76.44031534921903, 25.87212942326632], [76.44030722829172, 25.872136086235276], [76.44029857773815, 25.87214234514716], [76.44029681231899, 25.872144566820506], [76.44029451727404, 25.872146472913577], [76.44028877966149, 25.87215495413233], [76.4402824241519, 25.87216311141125], [76.43979384342744, 25.873031240028062], [76.43918900708917, 25.873428723316543], [76.43918680029647, 25.87343019534887], [76.43917929720101, 25.87343709362688], [76.43917135274653, 25.873443596204023], [76.4391694990404, 25.87344616337716], [76.43916711570392, 25.873448414965576], [76.43916208421568, 25.87345696291982], [76.43915643482512, 25.87346518692879], [76.4391554638361, 25.873468103125425], [76.43915387494496, 25.873470872327754], [76.43915166815165, 25.873480307122176], [76.43914884345618, 25.87348959492181], [76.43914884345618, 25.87349269155182], [76.43914813728232, 25.873495721302753], [76.43914901999966, 25.873505360216722], [76.4391491082714, 25.873515012366568], [76.43915007926047, 25.873517935529645], [76.43915034407566, 25.873521057239014], [76.43915413976015, 25.873529998802027], [76.43915722927069, 25.8735393158614], [76.43953670888146, 25.874274296265817], [76.43617158048392, 25.875513321873463], [76.435280365713, 25.874369330739388], [76.43534798384543, 25.873821093388297], [76.4397644490817, 25.870140514127243]]]}, "properties": {"polygon_id": "farmforest_227", "source": "farmforest", "raw_class": 5, "core_class": "greenery"}}, {"type": "Feature", "geometry": {"type": "Polygon", "coordinates": [[[73.83509479601885, 17.73764135698456], [73.83509273194674, 17.73763978096546], [73.83509003967876, 17.737638327409016], [73.83508779612208, 17.737636385691385], [73.83375897789678, 17.736780290024026], [73.83375817021093, 17.736779783836873], [73.83336123709157, 17.736529988661086], [73.83335908325832, 17.736528668045242], [73.83334974998061, 17.736524727583383], [73.83334068593165, 17.736520283870792], [73.83298539283338, 17.736400644695408], [73.83324475057604, 17.735823816061608], [73.83430595993948, 17.736340806087526], [73.83426961417392, 17.736486052469598], [73.83426907571808, 17.73648819842478], [73.83426907571808, 17.736488461374208], [73.83426817829168, 17.736501007463552], [73.83426728086528, 17.73651355355342], [73.83426728086528, 17.73651364120324], [73.83426728086528, 17.736513816502868], [73.83427015262976, 17.736526066075346], [73.83427293465155, 17.736538308100275], [73.83427302439418, 17.736538490948284], [73.83427311413682, 17.73653858614647], [73.83427939612136, 17.736549632510982], [73.83428567810569, 17.73656059122641], [73.83428585759096, 17.7365607816228], [73.83428585759096, 17.736560869272637], [73.83429519082445, 17.736569718087132], [73.83430443431487, 17.7365786470035], [73.83492877275982, 17.737029091467807], [73.83493092657596, 17.73703058737751], [73.83493128554532, 17.73703079287069], [73.83493155477234, 17.73703099081568], [73.83494313153369, 17.737036609993094], [73.83495452880969, 17.73704230172416], [73.83495497752133, 17.737042339465056], [73.83495533649064, 17.73704254495822], [73.83496799015846, 17.737044836354308], [73.83498073356778, 17.737047222948036], [73.83498109253705, 17.73704716549047], [73.83498154124862, 17.737047290881545], [73.83499437439937, 17.737046091362792], [73.83500729729161, 17.737044987041305], [73.83500765626083, 17.73704484193343], [73.83500801523004, 17.737044872126038], [73.8350200406984, 17.737040273962283], [73.83503215590831, 17.737035858645914], [73.83503242513518, 17.73703561833958], [73.83503278410437, 17.737035473231625], [73.83512207766535, 17.73698679978087], [73.83569777337362, 17.7374569941318], [73.8354536750085, 17.737922047931796], [73.83509479601885, 17.73764135698456]]]}, "properties": {"polygon_id": "farmforest_228", "source": "farmforest", "raw_class": 5, "core_class": "greenery"}}, {"type": "Feature", "geometry": {"type": "Polygon", "coordinates": [[[78.84564592437327, 11.536460136753956], [78.84510291065597, 11.534501941726443], [78.8477863281291, 11.533696946587515], [78.84923993402931, 11.537920837274765], [78.84488777789747, 11.539350140765126], [78.84393686816752, 11.537037337495065], [78.84558285372208, 11.53657017302155], [78.84558527287109, 11.5365694124813], [78.84558985197441, 11.536567198177472], [78.84559477667021, 11.536565851237151], [78.84560151572721, 11.536561670763065], [78.84560860037638, 11.536558357652348], [78.84561240189522, 11.536555003090259], [78.84561672180284, 11.536552266364879], [78.84562199208986, 11.536546491921587], [78.84562786716359, 11.536541338653192], [78.84563054550591, 11.53653708668381], [78.84563391503323, 11.536533288425392], [78.84563728456044, 11.536526330328272], [78.8456414316707, 11.536519743879394], [78.84564281404074, 11.536514929431307], [78.8456449739939, 11.53651040123025], [78.84564626996578, 11.536502679809342], [78.84564834352074, 11.53649524463572], [78.8456482571226, 11.536490202637387], [78.84564912110383, 11.536485282760353], [78.84564817072449, 11.536477645350441], [78.84564799792824, 11.53646986718278], [78.84564652916015, 11.53646511337883], [78.84564592437327, 11.536460136753956]]]}, "properties": {"polygon_id": "farmforest_229", "source": "farmforest", "raw_class": 5, "core_class": "greenery"}}, {"type": "Feature", "geometry": {"type": "Polygon", "coordinates": [[[76.85315939343579, 28.6489049703198], [76.85847294077445, 28.64892649565796], [76.85818163552197, 28.65145670991811], [76.85303049574806, 28.651383711918793], [76.85315939343579, 28.6489049703198]]]}, "properties": {"polygon_id": "farmforest_230", "source": "farmforest", "raw_class": 5, "core_class": "greenery"}}, {"type": "Feature", "geometry": {"type": "Polygon", "coordinates": [[[74.40360405808106, 16.85495176731458], [74.40123692509717, 16.855420925803816], [74.4012343304223, 16.85542142483039], [74.40122520432416, 16.85542491806797], [74.40121580981089, 16.8554276904656], [74.40121294672105, 16.85542948127984], [74.40120963627335, 16.855430712402466], [74.40120185224742, 16.855436497251695], [74.40119362086332, 16.855441634903254], [74.4011913840741, 16.855444174282976], [74.40118869992699, 16.855446241476574], [74.40118288427479, 16.85545384142667], [74.40117644232136, 16.85546095532697], [74.40117501077611, 16.855463994619317], [74.4011730424014, 16.855466729804867], [74.40116964248138, 16.85547556697669], [74.40116561626022, 16.855484180615566], [74.4011651689023, 16.855487471167777], [74.40116391630013, 16.855490611829104], [74.40116328999905, 16.85550001390644], [74.40116194792529, 16.85550927302486], [74.4011751002477, 16.859749628448856], [74.39666997042733, 16.859381745141157], [74.39684864959445, 16.851920459339407], [74.40319777272302, 16.851937851386705], [74.40360405808106, 16.85495176731458]]]}, "properties": {"polygon_id": "farmforest_231", "source": "farmforest", "raw_class": 5, "core_class": "greenery"}}, {"type": "Feature", "geometry": {"type": "Polygon", "coordinates": [[[76.3820402973434, 25.91656641915756], [76.38294935914992, 25.915457984133212], [76.38328219748189, 25.91580154203613], [76.38328405197808, 25.915803399117724], [76.38329376600524, 25.915810515395766], [76.38330330341303, 25.915817968643225], [76.38330471636226, 25.91581854542191], [76.38330586438352, 25.915819450761553], [76.3833175212141, 25.915823833285465], [76.3833289131157, 25.915828632816496], [76.38333041437399, 25.915828775768997], [76.38333191563224, 25.91582936095641], [76.38334436724422, 25.915830723514414], [76.38335681885502, 25.91583235141221], [76.38335840842227, 25.915832148985377], [76.38335990968021, 25.91583238038452], [76.38337236128955, 25.915830470401037], [76.3833848128977, 25.915829002651112], [76.38338622584605, 25.91582842961801], [76.3833877271037, 25.915828218781815], [76.38339911899922, 25.915823289136938], [76.38341059920303, 25.91581872168751], [76.38423717124608, 25.915354360104022], [76.38543816411021, 25.915681599746275], [76.38249677184835, 25.917552551241798], [76.3820402973434, 25.91656641915756]]]}, "properties": {"polygon_id": "farmforest_232", "source": "farmforest", "raw_class": 5, "core_class": "greenery"}}, {"type": "Feature", "geometry": {"type": "Polygon", "coordinates": [[[74.38509525920442, 15.555801743938039], [74.38509409596907, 15.55579948753371], [74.385090606263, 15.555794890732614], [74.38508792187368, 15.555789743805159], [74.3850829110135, 15.55578460268572], [74.38507861599037, 15.555778904979043], [74.38507387356889, 15.555775434275507], [74.3850698469845, 15.555771320088212], [74.38506349392895, 15.555767733087398], [74.38505776723082, 15.555763409245458], [74.38505221949181, 15.555761270736454], [74.38504711915097, 15.55575838246438], [74.38504005025726, 15.555756655497278], [74.3850332498023, 15.555754078948695], [74.38502734414384, 15.555753565627576], [74.38502161744452, 15.555752109367612], [74.38374518527804, 15.555618663815741], [74.38268725635669, 15.55543199588668], [74.38268475089296, 15.555431641160682], [74.38268036633136, 15.555431585210826], [74.38267616073134, 15.555430760125383], [74.38209247617829, 15.555396341537964], [74.38224343080543, 15.554157692966417], [74.38298513784761, 15.554275989362345], [74.38298621161597, 15.554276153794028], [74.38298773278783, 15.554276437427658], [74.38300017060419, 15.554276292820584], [74.38301260841969, 15.554276495792633], [74.38301332426516, 15.554276286798656], [74.3830141295913, 15.554276258056058], [74.38302603052179, 15.554272859563724], [74.38303802093213, 15.554269641321744], [74.38338583196285, 15.554122530280123], [74.38338815845576, 15.554121481739276], [74.38339200611705, 15.55411906582206], [74.38339621170022, 15.55411737090963], [74.38340292273699, 15.554112120421948], [74.38341017065642, 15.554107516965995], [74.38341312351238, 15.554104167486422], [74.3834167027317, 15.55410138460491], [74.38342162415813, 15.554094527678107], [74.38342726142821, 15.554088156915302], [74.38342914051822, 15.554084121636821], [74.38343173545198, 15.554080572522405], [74.38364451989281, 15.553672584466705], [74.38402901661884, 15.553030387027526], [74.38591354864927, 15.55258971784381], [74.38650831611018, 15.554023851789252], [74.3857075673399, 15.554620629622333], [74.38562068288493, 15.554458204627197], [74.38561943017365, 15.55445602868149], [74.3856132560964, 15.554448022979674], [74.38560761889526, 15.554439795351913], [74.38560538191062, 15.554437982823803], [74.38560359232291, 15.554435681221241], [74.38559536021916, 15.554429786229743], [74.38558757551199, 15.554423315268126], [74.38558489113012, 15.554422165606429], [74.38558256466582, 15.554420520410138], [74.38557290089066, 15.554416955140958], [74.38556350555321, 15.554412887876866], [74.38556064221217, 15.554412507357753], [74.3855578683505, 15.554411525027527], [74.38554757821811, 15.554410782100796], [74.38553737756455, 15.554409437362537], [74.3855345142231, 15.554409838906105], [74.38553156140216, 15.554409625718147], [74.38552153970655, 15.554411595943328], [74.38551133905149, 15.554413031872008], [74.38503870806223, 15.5545467908673], [74.38503709742817, 15.554547282848441], [74.38503620263147, 15.554547565826383], [74.38502483871291, 15.554552914940851], [74.38501329583427, 15.55455816423744], [74.38501293791555, 15.554558485978466], [74.38501257999681, 15.554558720823701], [74.38500309515021, 15.554566899377397], [74.3849936103031, 15.554575077930426], [74.38499343134373, 15.554575499488319], [74.38499307342495, 15.55457582122929], [74.38498636244789, 15.554586198662602], [74.3849796514706, 15.55459657609578], [74.38497956199089, 15.554597091010054], [74.38497929355178, 15.554597419211571], [74.38497589332319, 15.554609252227415], [74.38497249309452, 15.554620998347911], [74.38497249309452, 15.554621519722815], [74.38497231413511, 15.55462194128074], [74.38497258257422, 15.554634212973395], [74.38497258257422, 15.554646378389359], [74.38497276153362, 15.554646825789707], [74.38497276153363, 15.5546473471647], [74.38497651968109, 15.554659001864167], [74.38498018834879, 15.554670736999952], [74.38530983125514, 15.555361378549929], [74.38558390685677, 15.555957291693728], [74.38562730435879, 15.556543590120132], [74.38562748331753, 15.556546123055972], [74.38562837811128, 15.55654940285608], [74.38562846759066, 15.55655279830137], [74.38563150988935, 15.556561707678974], [74.38563374687365, 15.55657073270229], [74.38563553646108, 15.556573729524837], [74.38563661021352, 15.556576935350593], [74.38564206845501, 15.556584628824107], [74.38564698982015, 15.556592718017404], [74.38564949524235, 15.556595071352039], [74.38565146378834, 15.556597907303075], [74.38565898005464, 15.556603837645476], [74.3856659594445, 15.556610337501622], [74.3856690912219, 15.55661186709279], [74.38567186508185, 15.556614066016593], [74.38592365980215, 15.55676189774142], [74.38601501806885, 15.557025015278704], [74.38594737179554, 15.557247715151037], [74.38594665596183, 15.557250096592144], [74.38594611908654, 15.55725483718801], [74.38594468741908, 15.557259426275365], [74.38594459793987, 15.557267414384754], [74.38594361366849, 15.557275337883329], [74.38594450846065, 15.557280008062694], [74.38594441898144, 15.557284780964908], [74.38594665596183, 15.557292502577111], [74.38594808762926, 15.557300339834688], [74.38595023513038, 15.557304665983024], [74.38595157731858, 15.557309281571488], [74.38612865659202, 15.557696423325545], [74.3861050341018, 15.557706970157955], [74.3853124261616, 15.557071346493673], [74.3855275348281, 15.556741115526615], [74.38552887701947, 15.556738953118764], [74.38553147192275, 15.556733057694217], [74.38553478266135, 15.556727474649858], [74.38553648277033, 15.556721340820172], [74.3855389881941, 15.556715525831786], [74.38553970402944, 15.556709147136086], [74.38554131465897, 15.556702919948616], [74.38554104622072, 15.556696557078368], [74.38554176205606, 15.556690265280357], [74.38554059882362, 15.556683924696793], [74.38554041986478, 15.55667748139132], [74.38553836183816, 15.556671510682811], [74.3855371986057, 15.556665256997166], [74.38553424578483, 15.55665948236959], [74.38553218775813, 15.556653424764875], [74.38509525920442, 15.555801743938039]]]}, "properties": {"polygon_id": "farmforest_233", "source": "farmforest", "raw_class": 5, "core_class": "greenery"}}, {"type": "Feature", "geometry": {"type": "Polygon", "coordinates": [[[76.5664601773399, 26.190213111087896], [76.56292708348403, 26.192715404755322], [76.5606521796184, 26.18882553213838], [76.56301297804201, 26.1869799397065], [76.5664601773399, 26.190213111087896]]]}, "properties": {"polygon_id": "farmforest_234", "source": "farmforest", "raw_class": 5, "core_class": "greenery"}}, {"type": "Feature", "geometry": {"type": "Polygon", "coordinates": [[[76.85321324007514, 28.6399512414279], [76.85505219432656, 28.639878960440125], [76.85509750575802, 28.642038639754148], [76.85321728737061, 28.64208683939006], [76.85321324007514, 28.6399512414279]]]}, "properties": {"polygon_id": "farmforest_235", "source": "farmforest", "raw_class": 5, "core_class": "greenery"}}, {"type": "Feature", "geometry": {"type": "Polygon", "coordinates": [[[74.68581562696716, 31.43427488450336], [74.6858143764142, 31.434272604821302], [74.68580794499879, 31.43426458832222], [74.68580213885966, 31.434256222553394], [74.68579963775352, 31.434254130857166], [74.68579758327344, 31.434251668122883], [74.68578882940153, 31.434245495927723], [74.68578052215534, 31.43423886760187], [74.68577730644702, 31.434237454657858], [74.68577462669005, 31.434235596468238], [74.68576408631219, 31.434231759343177], [74.6857539925599, 31.434227295903256], [74.68575050887534, 31.43422678631747], [74.6857472038412, 31.43422553267226], [74.68573594885963, 31.434224416505945], [74.68572469387729, 31.434222619602313], [74.68125158325186, 31.434046265154233], [74.67829561749983, 31.430322088899], [74.68058082088288, 31.42853677780846], [74.68778970266453, 31.434511498637566], [74.68640008082106, 31.43535775557282], [74.68581562696716, 31.43427488450336]]]}, "properties": {"polygon_id": "farmforest_236", "source": "farmforest", "raw_class": 5, "core_class": "greenery"}}, {"type": "Feature", "geometry": {"type": "Polygon", "coordinates": [[[76.8719090123436, 28.642386374987193], [76.8669561243744, 28.642440949852958], [76.86591608064371, 28.639935422940102], [76.86610505219066, 28.639561159026858], [76.86866678460031, 28.639497028401006], [76.8719090123436, 28.642386374987193]]]}, "properties": {"polygon_id": "farmforest_237", "source": "farmforest", "raw_class": 5, "core_class": "greenery"}}, {"type": "Feature", "geometry": {"type": "Polygon", "coordinates": [[[74.0154793112004, 16.43036300548682], [74.01607903899482, 16.43093366912061], [74.01598552497771, 16.431809453606064], [74.01598525600156, 16.431811961442904], [74.01598597327127, 16.431822044954597], [74.01598615258871, 16.431832173856204], [74.01598686985842, 16.431834671144514], [74.01598704917585, 16.431837301020185], [74.01599072518312, 16.431846829699047], [74.01599377357932, 16.431856483997773], [74.01599520811871, 16.43185868823941], [74.01599619436452, 16.43186111923451], [74.01600238081542, 16.43186927345812], [74.01600811897261, 16.431877741633702], [74.01695814024373, 16.432922355101756], [74.01652473172996, 16.43415026498972], [74.01552127158575, 16.435556049404397], [74.01430118892522, 16.435709631558172], [74.01316394436617, 16.435531400946253], [74.01269977377665, 16.434749417283047], [74.01256295217463, 16.43389426755705], [74.01296292645135, 16.43264286021594], [74.01444168531941, 16.431506349271746], [74.01524745300736, 16.43093217256534], [74.01524870823422, 16.430931223751198], [74.01524951516578, 16.43093058888572], [74.01525830175353, 16.430921767252958], [74.015267267659, 16.430913046753126], [74.0152674469771, 16.430912624702703], [74.0152678056133, 16.430912216588514], [74.01527372311065, 16.430901428028385], [74.01527973026688, 16.430890559238932], [74.0154793112004, 16.43036300548682]]]}, "properties": {"polygon_id": "farmforest_238", "source": "farmforest", "raw_class": 5, "core_class": "greenery"}}, {"type": "Feature", "geometry": {"type": "Polygon", "coordinates": [[[76.4288674302485, 25.880879158500623], [76.42896303601924, 25.881038532597472], [76.42814610320211, 25.882030507164796], [76.42702645379786, 25.88235156861801], [76.42702380540031, 25.882352379134087], [76.42702080388302, 25.882353775452295], [76.42701762580582, 25.882354535745428], [76.42700835641352, 25.88235958427912], [76.42699873390083, 25.88236406851497], [76.42699635034253, 25.88236614270962], [76.42699343710456, 25.882367724335595], [76.42536183708809, 25.883569322011606], [76.42504005230103, 25.88302949380484], [76.42597194593523, 25.882207344761493], [76.42597388810904, 25.88220558261084], [76.42597953806907, 25.882198598506605], [76.42598580599321, 25.882192115344406], [76.42598774816682, 25.882188406876796], [76.42599048486596, 25.882185039156184], [76.4259936629681, 25.8821769359686], [76.42599772387628, 25.882169093429823], [76.42599843012117, 25.882165002358697], [76.42599993089155, 25.882161075096654], [76.42600054885581, 25.882152552206946], [76.42600196134556, 25.88214401618816], [76.4260013433813, 25.882139888018557], [76.42600160822313, 25.882135755091234], [76.42599948948849, 25.882127326571524], [76.42599825355995, 25.882118804824984], [76.4259963996671, 25.882115001804088], [76.42599534029975, 25.882111008716414], [76.42599074970781, 25.88210349590106], [76.42598686536063, 25.882095607709758], [76.4248187310021, 25.880405134186276], [76.42637026752608, 25.879715154915118], [76.42724653544717, 25.88109086816178], [76.42724794792346, 25.881093036883], [76.42725033147718, 25.881095651552755], [76.42725209707251, 25.881098649980466], [76.42725933601305, 25.88110535225452], [76.42726586871515, 25.88111260685551], [76.42726904678635, 25.881114500628527], [76.42727169517893, 25.881116963468756], [76.42728061143359, 25.881121613031645], [76.42728926284842, 25.881126856771342], [76.42729279403798, 25.881127899327755], [76.42729614866798, 25.881129632901004], [76.42730621255745, 25.881131825653505], [76.42731601160698, 25.881134701052275], [76.42731980763497, 25.881134884021794], [76.42732351538315, 25.88113567790855], [76.42733393238936, 25.88113525005035], [76.42734426111502, 25.881135521578248], [76.42734796886249, 25.8811347230111], [76.42735176488958, 25.881134552101134], [76.4288674302485, 25.880879158500623]]]}, "properties": {"polygon_id": "farmforest_239", "source": "farmforest", "raw_class": 5, "core_class": "greenery"}}, {"type": "Feature", "geometry": {"type": "Polygon", "coordinates": [[[76.69071920631248, 28.383616595262424], [76.69042240016066, 28.383613217028966], [76.68788405799741, 28.383543611000565], [76.6868092205369, 28.381694993248598], [76.69081717245238, 28.38163657263002], [76.69071920631248, 28.383616595262424]]]}, "properties": {"polygon_id": "farmforest_240", "source": "farmforest", "raw_class": 5, "core_class": "greenery"}}, {"type": "Feature", "geometry": {"type": "Polygon", "coordinates": [[[74.4705023874612, 17.165716939857052], [74.47179742410904, 17.165732690115558], [74.47169600376516, 17.167421772905595], [74.47153993795428, 17.16951224234786], [74.46956857784544, 17.17019736298361], [74.46832047958594, 17.168746096901955], [74.46946957101883, 17.16754163228463], [74.46947135976055, 17.167539844136208], [74.46947547386642, 17.167533680347223], [74.46948030346886, 17.16752809854239], [74.47038996566741, 17.16611018694741], [74.4703904128505, 17.16610952077841], [74.47039130721669, 17.16610801313771], [74.47039586848415, 17.16609697588866], [74.47040069806133, 17.16608604731602], [74.4705023874612, 17.165716939857052]]]}, "properties": {"polygon_id": "farmforest_241", "source": "farmforest", "raw_class": 5, "core_class": "greenery"}}, {"type": "Feature", "geometry": {"type": "Polygon", "coordinates": [[[77.39619053475357, 26.49652458877512], [77.39619018440938, 26.496522167979045], [77.39618816993026, 26.496516412588424], [77.39618729406975, 26.496510493349042], [77.39618414097188, 26.4965043708028], [77.39618195132054, 26.496497803266756], [77.39617827270618, 26.49649287281281], [77.39617546995233, 26.496487401048906], [77.39617056513289, 26.496482272621126], [77.39616644858783, 26.49647659506387], [77.39616136859588, 26.496472690006314], [77.3961569892923, 26.496468139499147], [77.39615068309483, 26.496464478970918], [77.39614490241352, 26.49645998035266], [77.39613885897367, 26.496457582292038], [77.39613325346394, 26.49645433832193], [77.39612598381812, 26.496452361791633], [77.39611906451626, 26.49644953153225], [77.39611249555841, 26.49644867956563], [77.39610610177242, 26.496446958230962], [77.39609848178043, 26.496446808935325], [77.39609103696017, 26.496445878772214], [77.39608438041459, 26.49644670049744], [77.39607772386864, 26.496446637215534], [77.3952394339465, 26.49654472340427], [77.39523671875665, 26.496545100482052], [77.39523093802966, 26.496546708361038], [77.39522489454204, 26.49654740777485], [77.39521744966554, 26.496550371576927], [77.39520956685462, 26.49655258827404], [77.39520448682062, 26.496555497718898], [77.39519896885243, 26.496557748559493], [77.39457447328921, 26.496909001485452], [77.39411770476394, 26.49618968483763], [77.39476716512705, 26.49596420803027], [77.3947697927408, 26.49596329213479], [77.3947724203545, 26.49596184523601], [77.3947753983166, 26.49596096062188], [77.39478459496381, 26.495955409722168], [77.39479414195873, 26.49595024410499], [77.39479624404923, 26.495948219279963], [77.39479887166233, 26.495946595379205], [77.39480587863028, 26.495938901955732], [77.39481341112035, 26.495931697956152], [77.39481481251381, 26.49592916806489], [77.39481682701685, 26.495926958417634], [77.39482111878411, 26.495917872053997], [77.39482611124785, 26.495908936752862], [77.39482672435743, 26.4959062479775], [77.39482795057654, 26.495903613944407], [77.39482926438275, 26.49589373068446], [77.39483127888555, 26.495883998487184], [77.39483092853723, 26.495881223687913], [77.39483136647262, 26.49587843077091], [77.39482952714398, 26.495868619980595], [77.39482838851195, 26.4958587832519], [77.39482724987991, 26.495856115070687], [77.39482672435743, 26.49585332463049], [77.39482199465495, 26.49584440627651], [77.39481779047483, 26.49583518084179], [77.39481586355888, 26.49583297328103], [77.39481454975254, 26.495830466460127], [77.39415291498098, 26.49494134278658], [77.39424199152693, 26.49464467642445], [77.3942499619913, 26.494636626499243], [77.39500172321277, 26.495563179646595], [77.39500338736477, 26.495565098243937], [77.39500478875591, 26.495566373875675], [77.39500583979927, 26.495567883729095], [77.39501494884122, 26.49557524607729], [77.39502370753475, 26.49558284264666], [77.39502545927336, 26.495583707055015], [77.39502686066423, 26.495584894185814], [77.39503789661681, 26.49558968505241], [77.39504875739452, 26.495594814280924], [77.39505059671967, 26.495595155504656], [77.39505243604478, 26.49559593923206], [77.39556516867945, 26.495743050541755], [77.39556779627507, 26.49574381613976], [77.39557988321418, 26.495745337771623], [77.395591794979, 26.495747286266916], [77.39619517681402, 26.495768852277013], [77.39685136959794, 26.496053818686843], [77.39782987119449, 26.496543051591754], [77.39783232356903, 26.496544244016693], [77.39783284907786, 26.49654437942774], [77.39783319941708, 26.496544676204234], [77.39784616196731, 26.49654866535045], [77.39785903693131, 26.496552735178238], [77.39785956244, 26.496552782088116], [77.39786008794871, 26.49655291749906], [77.39787375117412, 26.49655351764774], [77.3978874143979, 26.496554206295976], [77.39788785232172, 26.496554068385308], [77.3978883778303, 26.496554115295073], [77.39952042076507, 26.496415878197094], [77.39952322343785, 26.49641559733546], [77.39952576336, 26.49641493901639], [77.39952839086561, 26.496414908024956], [77.39953942638854, 26.496411644906587], [77.39955063707743, 26.49640901693178], [77.39955282666497, 26.49640770783302], [77.39955536658645, 26.496407049513177], [77.39956491318746, 26.496401175458686], [77.39957481012162, 26.49639577517891], [77.39957656179128, 26.496394072988007], [77.39957875137834, 26.49639267538697], [77.40162310691902, 26.49472197508464], [77.40298350906278, 26.49473034412886], [77.4030992033751, 26.49498599694997], [77.40146808679519, 26.495121891317698], [77.40146528416959, 26.495122172237615], [77.40146510900547, 26.49512224510914], [77.40146484625933, 26.49512222166275], [77.40145135862252, 26.49512553170561], [77.40143787098414, 26.495128753244227], [77.40143769582, 26.495128826115703], [77.40143752065585, 26.495128898987183], [77.40142560949334, 26.495135447290895], [77.40141361074751, 26.495141899274877], [77.40141343558332, 26.495142060648753], [77.40141326041915, 26.495142133520176], [77.3991865518837, 26.49679017618858], [77.39756755440204, 26.497040197754423], [77.39756475168184, 26.497040655565012], [77.39756317515172, 26.49704122283627], [77.39756142345152, 26.497041331966212], [77.39754977464465, 26.497045425135276], [77.39753803825158, 26.497049156481033], [77.39753663689113, 26.49705009339234], [77.39753506036061, 26.49705066066313], [77.39752516325184, 26.49705747672505], [77.39751500338708, 26.497064003827234], [77.39751395236655, 26.49706514901433], [77.39751255100582, 26.497066174425957], [77.39701313999106, 26.497525513785295], [77.3970112131117, 26.497527288775743], [77.3970045566191, 26.49753598707474], [77.39699746219894, 26.497544380775643], [77.39699658634457, 26.497546426596053], [77.39699518497754, 26.497548248500678], [77.39699150638907, 26.4975581861532], [77.39698721470236, 26.49756806907101], [77.39659185332941, 26.49910391520484], [77.39655051285081, 26.49907907282807], [77.39619053475357, 26.49652458877512]]]}, "properties": {"polygon_id": "farmforest_242", "source": "farmforest", "raw_class": 5, "core_class": "greenery"}}, {"type": "Feature", "geometry": {"type": "Polygon", "coordinates": [[[76.29080560959203, 25.8633440097489], [76.29126717057544, 25.86355739102848], [76.29126973332582, 25.8635585208149], [76.2912832540425, 25.863562291770794], [76.29129659801644, 25.863566134241466], [76.29131082569582, 25.86356634686786], [76.29132478826166, 25.86356662254695], [76.29133848571409, 25.863563335257613], [76.29135227153574, 25.863560056428106], [76.29165891732839, 25.863441723979314], [76.29260226847754, 25.864321725269793], [76.29349966096147, 25.865318749418233], [76.29291332987509, 25.865743810457342], [76.29291120900439, 25.865745376175877], [76.29290369758702, 25.865753058710624], [76.29289574432113, 25.86576025674241], [76.29289441877677, 25.865762517685322], [76.29289256301463, 25.86576437410437], [76.29288770268512, 25.865773637059494], [76.29288231213764, 25.865782583929242], [76.2928816935502, 25.865785089439306], [76.29288045637534, 25.86578735884282], [76.29287868898265, 25.865797448571758], [76.29287630300249, 25.86580739063289], [76.29287647974176, 25.865809972293004], [76.29287603789358, 25.865812406285773], [76.2928775401774, 25.865822543758657], [76.29287833550411, 25.865832790420423], [76.29287930757009, 25.865835094473862], [76.29287966104863, 25.865837604616843], [76.29288416789993, 25.865846968497724], [76.29288805616365, 25.865856538467934], [76.29399974145774, 25.867710710606136], [76.29229871780588, 25.868216254971856], [76.29130640716201, 25.86671320366772], [76.29135395057801, 25.866587486463114], [76.29135483428448, 25.866585183245373], [76.29135554124963, 25.866581182769625], [76.29135713192123, 25.86657735535643], [76.29135775051576, 25.866568659172735], [76.29135934118732, 25.866560056075127], [76.29135872259283, 25.866556105540095], [76.29135907607538, 25.866552071214205], [76.29135704355059, 25.866543563350724], [76.29135580636158, 25.86653486633281], [76.29135403894868, 25.866531159540756], [76.29135306687157, 25.866527263594417], [76.29134847159787, 25.86651957158415], [76.29134458328922, 25.866511593518467], [76.29134175542832, 25.866508492686254], [76.2913396345326, 25.86650492892155], [76.29038478618074, 25.865346301116663], [76.2907319965208, 25.864995284130195], [76.29073385231302, 25.864993339307915], [76.29073782901054, 25.864987617833005], [76.29074268941844, 25.864982334738123], [76.29082743722958, 25.86485743799618], [76.2908288511655, 25.86485527398028], [76.29082946976246, 25.864853918192935], [76.29083044184338, 25.864852773133073], [76.29083468365097, 25.864842124451734], [76.29083927894239, 25.864831686497034], [76.29083945568436, 25.86483019995861], [76.29083998591028, 25.864828835708646], [76.29084078124916, 25.86481759167645], [76.29084193007198, 25.864806381493157], [76.29084166495902, 25.86480494108181], [76.29084175333, 25.864803534519883], [76.29083901382941, 25.864792482626527], [76.29083671618373, 25.864781473044626], [76.29083600921582, 25.864780167199463], [76.29083565573185, 25.864778718325656], [76.29082955813344, 25.864768848325575], [76.29082390238973, 25.864758843758924], [76.29082284193777, 25.86475776938133], [76.29082204659878, 25.864756455073717], [76.29042234397303, 25.864277664529933], [76.29062391867275, 25.863529049447823], [76.29080560959203, 25.8633440097489]]]}, "properties": {"polygon_id": "farmforest_243", "source": "farmforest", "raw_class": 5, "core_class": "greenery"}}, {"type": "Feature", "geometry": {"type": "Polygon", "coordinates": [[[76.8682944793878, 28.6485018153278], [76.86443359410958, 28.648505969606113], [76.86446245046488, 28.646711872512228], [76.86742221455351, 28.645607097971425], [76.8682944793878, 28.6485018153278]]]}, "properties": {"polygon_id": "farmforest_244", "source": "farmforest", "raw_class": 5, "core_class": "greenery"}}, {"type": "Feature", "geometry": {"type": "Polygon", "coordinates": [[[74.6085578073945, 18.085003741731807], [74.60823332052883, 18.085194511964524], [74.60823108638414, 18.085195914718124], [74.6082242945841, 18.08520161195359], [74.60821705595485, 18.085206656792895], [74.60821437498097, 18.085209959550866], [74.60821106844647, 18.085212683407203], [74.60820624269329, 18.085219948578345], [74.60820070201353, 18.08522671560162], [74.60819909342906, 18.08523063355997], [74.60819676991814, 18.085234141384422], [74.60819426767556, 18.085242387434977], [74.60819096114065, 18.0852503921194], [74.60819060367743, 18.085254499729306], [74.6081893525561, 18.08525853474083], [74.6081893525561, 18.085267160094897], [74.60818854826381, 18.085275720110584], [74.60834350850863, 18.088154230769142], [74.60653571966408, 18.087981907361264], [74.60653303866398, 18.087981689510944], [74.60652946399713, 18.08798192712857], [74.60652579996353, 18.087981453371388], [74.60651614836246, 18.087982781448524], [74.60650640739418, 18.0879833981503], [74.60650301146013, 18.08798461844603], [74.60649934742597, 18.087985112843583], [74.60517778777, 18.088357044741564], [74.60366604262397, 18.08798810007505], [74.60708237470915, 18.084777472113316], [74.60845718167901, 18.084462468235525], [74.6085578073945, 18.085003741731807]]]}, "properties": {"polygon_id": "farmforest_245", "source": "farmforest", "raw_class": 5, "core_class": "greenery"}}, {"type": "Feature", "geometry": {"type": "Polygon", "coordinates": [[[73.93832374903135, 19.653753109365493], [73.93956368769895, 19.653490960478685], [73.93956628883508, 19.653490404016214], [73.93956682700119, 19.65349018853995], [73.93956736516728, 19.653490149429537], [73.93957929451527, 19.653485417129833], [73.93959122386255, 19.653480773011722], [73.93959167233425, 19.653480461173668], [73.93959212080593, 19.653480237518547], [73.93960216657143, 19.653472511608957], [73.93961230203074, 19.65346488205989], [73.93961266080804, 19.65346447386008], [73.93961301958535, 19.653464153843206], [73.93962037452008, 19.653454154362485], [73.93962781914884, 19.65344416305976], [73.93962799853746, 19.653443650319545], [73.93962835731476, 19.653443242119664], [73.93963239355912, 19.653431705464723], [73.93963660919206, 19.653420185166976], [73.93963660919206, 19.653419656069367], [73.93963678858069, 19.65341914332914], [73.93963732674658, 19.65340702315645], [73.9396379546068, 19.653394822979756], [73.93963777521816, 19.65339427752482], [73.93963786491248, 19.653393844788848], [73.939606651288, 19.65311295794091], [73.93960629251067, 19.653110456106198], [73.93960557495603, 19.653107921557122], [73.93960539556737, 19.653105259713907], [73.93952072410036, 19.652690575470594], [73.93952018593414, 19.652688145464968], [73.93951668785367, 19.652679360958338], [73.9395139073281, 19.65267028914895], [73.93951193405188, 19.6526674637393], [73.93951076802502, 19.652664359205108], [73.9395047585018, 19.652656844808202], [73.93949937683908, 19.65264894674724], [73.93949668600766, 19.652646761371813], [73.93949453334248, 19.652644095970903], [73.93948655054228, 19.652638429850647], [73.93947901621371, 19.65263218734369], [73.93947587691007, 19.65263075472043], [73.93947300668951, 19.65262881753623], [73.93946367847248, 19.65262540967204], [73.93945461933822, 19.652621497246695], [73.93945112125655, 19.65262100191915], [73.93944780256363, 19.65261981748675], [73.93943784648454, 19.652619086036452], [73.93942798009932, 19.65261756911958], [73.93942448201717, 19.65261804380142], [73.93942098393498, 19.65261781302142], [73.93941111754891, 19.652619647046738], [73.93940125116235, 19.652620951975003], [73.93813960526394, 19.652952286613058], [73.93825943775985, 19.652342851432874], [73.93886550561758, 19.65203771481976], [73.93886783767908, 19.652036516545767], [73.93887537203143, 19.652031030781778], [73.93888335485681, 19.652026203187404], [73.9388859560021, 19.65202326580016], [73.93888909531532, 19.652020994761678], [73.93889474607899, 19.65201374996089], [73.93890093501042, 19.652006906961166], [73.93890263920892, 19.652003446874982], [73.93890497126996, 19.652000396768827], [73.93890820027754, 19.651991961137576], [73.93891214684226, 19.651983855482353], [73.93927774189896, 19.65081561696051], [73.93927845945484, 19.65081321327876], [73.93927998426102, 19.65080056586469], [73.9392815987617, 19.65078792662877], [73.93927935639965, 19.650775464834297], [73.9392771140376, 19.650762914857985], [73.93906256471533, 19.650126430310163], [73.93971679589447, 19.650188282954982], [73.93965759766101, 19.65063631965802], [73.93965732857808, 19.650638764233108], [73.93965759766101, 19.65064593154361], [73.93965705949516, 19.650653025254837], [73.93965822552116, 19.65065851069388], [73.93965849460406, 19.650664178903213], [73.93966091635033, 19.650670925202203], [73.93966244115352, 19.65067785427155], [73.93966531137124, 19.65068287781054], [73.9396671949516, 19.65068816412454], [73.93967158997236, 19.65069403214452], [73.93967508805005, 19.650700347482196], [73.93967921398776, 19.650704339137747], [73.93968271206529, 19.650708979008996], [73.93968863188869, 19.650713398766307], [73.93969383415758, 19.650718546744084], [73.93969903642633, 19.650721313795366], [73.93970370052925, 19.65072482542255], [73.93971069668338, 19.650727579662924], [73.93971724436588, 19.650731086656865], [73.93972307449394, 19.650732411849717], [73.93972863553901, 19.65073459433407], [73.93973616985787, 19.650735369442955], [73.93974352478791, 19.650737010020944], [73.94019836388219, 19.650777155714355], [73.94020096500981, 19.650777392860103], [73.94020616726493, 19.650776985325066], [73.94021127982587, 19.65077745143882], [73.94021953167835, 19.65077608737896], [73.9402278732245, 19.65077543695716], [73.94023271670275, 19.650773762154348], [73.94023773956896, 19.65077280916734], [73.94024527386802, 19.65076926330281], [73.94025307724888, 19.650766535613812], [73.94025720317427, 19.650763649016156], [73.94026186726373, 19.650761428761292], [73.94026796645747, 19.6507560765862], [73.94027469350917, 19.650751310748344], [73.94027783279988, 19.6507474523719], [73.94028159994866, 19.650744092150287], [73.94028590526149, 19.650737341869057], [73.9402909281263, 19.650731097919834], [73.94029272200657, 19.650726499603614], [73.94029541282694, 19.650722335791627], [73.94029747578918, 19.650714675614317], [73.94030043569151, 19.650707273575865], [73.94030088416156, 19.650702464416447], [73.94030222957169, 19.650697737030594], [73.94036465659143, 19.650180505453296], [73.94036483597938, 19.650178052695228], [73.94036456689746, 19.650172472661115], [73.9403651947553, 19.65016697439839], [73.94036375965163, 19.650159877140453], [73.94036340087571, 19.650152701643055], [73.94036142760814, 19.65014740715679], [73.94036035128036, 19.650141929894147], [73.94035694290903, 19.650135534565802], [73.9403544314775, 19.650128780095994], [73.94035093341209, 19.650124228424808], [73.94034833228649, 19.650119229429535], [73.94034313003517, 19.650113993297754], [73.94033864533566, 19.65010811712256], [73.94033407094203, 19.650104701882043], [73.94033003471228, 19.650100542061274], [73.94032348705049, 19.650096858741357], [73.94031747755251, 19.65009243084119], [73.94031200621835, 19.650090344750115], [73.94030689366008, 19.650087497724545], [73.93964584770644, 19.649823794320096], [73.93973554199798, 19.649084098086288], [73.94239567641041, 19.64897377303946], [73.94117010685167, 19.651315656947293], [73.9397685494868, 19.652876928057037], [73.9397669349902, 19.652878809051643], [73.93976164302902, 19.652887321178135], [73.93975572320785, 19.65289542332368], [73.93975482626523, 19.652898163391423], [73.93975321176852, 19.652900661665896], [73.93975061063489, 19.652910212790633], [73.93974747133564, 19.652919538478887], [73.9397472919471, 19.652922432157027], [73.93974657439298, 19.652925276764478], [73.93974693317003, 19.652935097778133], [73.93974657439298, 19.652944941547226], [73.93982353205762, 19.653598604358713], [73.93927379534169, 19.654532333479125], [73.93840187329481, 19.654178131236016], [73.93832374903135, 19.653753109365493]]]}, "properties": {"polygon_id": "farmforest_246", "source": "farmforest", "raw_class": 5, "core_class": "greenery"}}, {"type": "Feature", "geometry": {"type": "Polygon", "coordinates": [[[80.47481333610483, 28.557328196398164], [80.47480332412778, 28.55733516562052], [80.47446045560874, 28.556966269154756], [80.47409323430277, 28.556475243380792], [80.47409162219085, 28.556473100870175], [80.47408670100697, 28.556468519856878], [80.47408262830282, 28.55646329291207], [80.47369478716651, 28.55609757641262], [80.47334207161305, 28.555660939150826], [80.4733403746378, 28.555658878861067], [80.47333570795567, 28.5556548450312], [80.47333180491223, 28.555650159293112], [80.4729804454027, 28.5553339407451], [80.47276195860191, 28.555067398170227], [80.4727602616148, 28.555065426083782], [80.47275737673664, 28.555062929218888], [80.47275517065327, 28.555060039112178], [80.4722681338891, 28.554581646189387], [80.47206865163015, 28.554260777533905], [80.47206720917906, 28.554258646941403], [80.47206288182565, 28.55425384303298], [80.47205948782282, 28.554248575607165], [80.47173841452742, 28.5538873802106], [80.4717373114722, 28.55388624389584], [80.4713318104118, 28.55344499667638], [80.47113241075435, 28.553225314297578], [80.47147987495403, 28.552979244452686], [80.47188902385203, 28.552707879304496], [80.47210216739835, 28.552644298687756], [80.4723478078688, 28.55268463221253], [80.47235060791144, 28.55268500594824], [80.47235281400555, 28.552685073184005], [80.47235493524984, 28.55268557552006], [80.47288558401962, 28.55273902172986], [80.47288846889336, 28.55273922500004], [80.4728989053474, 28.55273872533641], [80.47290934180016, 28.552738931399173], [80.47342955064036, 28.55268489851594], [80.4736552478021, 28.552815304580893], [80.47381153848458, 28.553197969674784], [80.47396647130287, 28.553720183597427], [80.47396715008786, 28.553722613241334], [80.47396978037962, 28.553727650413098], [80.4739713924939, 28.553733056927825], [80.47397571974783, 28.55373918402851], [80.47397911367233, 28.55374577466552], [80.47398318638155, 28.55374994308946], [80.47398649545762, 28.553754675221192], [80.47399251967273, 28.553759598645144], [80.47399786510267, 28.553765091754645], [80.47400312568418, 28.553768108850203], [80.47400779232879, 28.553771878040465], [80.47423077278717, 28.55390562011746], [80.47423314852702, 28.553906934295952], [80.47423374246198, 28.55390724078669], [80.47423433639693, 28.553907635492955], [80.47424689387776, 28.553912489895833], [80.47425945135667, 28.55391752072854], [80.47426013013927, 28.553917656765808], [80.47426072407403, 28.553917875040884], [80.4742743845724, 28.553919454961218], [80.47428804506849, 28.553921299526625], [80.47428872385085, 28.553921170917143], [80.4742894026332, 28.553921218738722], [80.47430297827906, 28.55391944048783], [80.47431663877046, 28.55391784464402], [80.47431731755259, 28.553917539603273], [80.4743179963347, 28.55391749920914], [80.47433046895512, 28.553912379269914], [80.4743430264214, 28.553907441737707], [80.47434362035557, 28.553907042503553], [80.47434421428973, 28.553906819700487], [80.47455047888336, 28.55378955707806], [80.47507381677819, 28.553746942738663], [80.4750764470349, 28.55374668695038], [80.47571856656428, 28.553679797648783], [80.47572136649322, 28.553679465582633], [80.47572204526385, 28.553679336963963], [80.47572272403448, 28.5536792965612], [80.47573587521434, 28.553675723928507], [80.47574911123841, 28.553672333702547], [80.47574970516253, 28.55367202267522], [80.47575029908664, 28.55367179986381], [80.47604013354216, 28.553551422922336], [80.47604267892224, 28.553550367189775], [80.47604972114004, 28.5535460113483], [80.47605727243318, 28.553542485308938], [80.4760615147324, 28.553538814406], [80.47606635095323, 28.55353580284982], [80.47607169624962, 28.55352991602167], [80.47607780515935, 28.553524612276675], [80.47608077476809, 28.55352005778219], [80.47608450799035, 28.55351599815508], [80.4760877321367, 28.553509079755234], [80.47609197443437, 28.553502497719446], [80.47609324712363, 28.553497382616214], [80.47609553796423, 28.553492515661198], [80.47609647126964, 28.55348508303392], [80.4760984227264, 28.55347772212247], [80.47612523404048, 28.553201288634266], [80.47612540373231, 28.55319883053203], [80.47612447042721, 28.55318906100568], [80.47612430073539, 28.55317934526542], [80.47607305378516, 28.552899883140267], [80.47616502676598, 28.55278965105661], [80.47629823468482, 28.552739575709612], [80.4767989927321, 28.552739647242266], [80.47680179262458, 28.552739579792238], [80.47680374406474, 28.552739364368044], [80.47680578035008, 28.55273941956939], [80.47718325588079, 28.55271748590945], [80.47766771847624, 28.5527395192115], [80.47767051833941, 28.552739628174148], [80.4776740818015, 28.55273926161231], [80.47767756041908, 28.55273950659259], [80.4778838167288, 28.552731448451052], [80.4779922474421, 28.552767578457242], [80.47811968304453, 28.55287253257732], [80.47827774703848, 28.553090355404894], [80.47827927422536, 28.5530924037174], [80.47828029234994, 28.553093445797877], [80.47828105594336, 28.553094646387482], [80.47848620778751, 28.553344366952434], [80.47848790465756, 28.553346427209988], [80.47848832887504, 28.553346721732915], [80.47848858340555, 28.55334718073974], [80.47863570190533, 28.553512184301127], [80.47863748361567, 28.553514162313654], [80.47864427108327, 28.55351958040266], [80.47865037980364, 28.553525568210553], [80.47886342114496, 28.553683127978587], [80.47900748463327, 28.553861148344623], [80.47900918149266, 28.55386312037574], [80.47901393269875, 28.553867336459952], [80.4790180051609, 28.55387212226413], [80.47924572335133, 28.554074999440118], [80.47925157749924, 28.55409164346371], [80.47914026377526, 28.554190635189855], [80.47891992664192, 28.554328792361538], [80.47891763587928, 28.554330307157766], [80.47891237560928, 28.55433505327699], [80.47890635175128, 28.55433903989647], [80.47861313357109, 28.554601565181542], [80.47824559126379, 28.55484235857832], [80.47802779707392, 28.55498007473349], [80.47802550628664, 28.554981589500606], [80.47802041564803, 28.55498608284921], [80.47801464625724, 28.5549899991021], [80.47776893771211, 28.555209376960807], [80.47755479058287, 28.555362256975958], [80.47755317853822, 28.55536346667033], [80.47727217322054, 28.555573034891438], [80.47727005210191, 28.55557473801529], [80.47726911880969, 28.555575642648492], [80.47726801582797, 28.555576358899703], [80.47703282585147, 28.555772392118875], [80.47682062826246, 28.555902294943085], [80.47681833744186, 28.555903721455326], [80.47681808290623, 28.555903968171616], [80.4768177435254, 28.5559041206968], [80.47660817559462, 28.556042323945473], [80.47660596961359, 28.556043844642254], [80.47660512115932, 28.556044667027034], [80.47660410301421, 28.55604521281469], [80.47617325681558, 28.556360665676753], [80.47583607865184, 28.556586825405965], [80.47583387265028, 28.55658834607844], [80.47583200603354, 28.55659006708745], [80.47582980003186, 28.556591411331016], [80.47558306686042, 28.556786185450594], [80.47537782299287, 28.55689310922422], [80.4753753624391, 28.556894435522228], [80.47536730200376, 28.556900483736477], [80.47535873248745, 28.556905966800915], [80.47505964732935, 28.557161094399856], [80.47481452396643, 28.557327397949013], [80.47481333610483, 28.557328196398164]]]}, "properties": {"polygon_id": "farmforest_247", "source": "farmforest", "raw_class": 5, "core_class": "greenery"}}, {"type": "Feature", "geometry": {"type": "Polygon", "coordinates": [[[76.67517396107687, 28.381813561683792], [76.68589366325845, 28.381831179100494], [76.68685970286147, 28.383516261905598], [76.68685987906501, 28.383516629331755], [76.68686102438802, 28.383518492619576], [76.68686886544526, 28.383527843320824], [76.68687644219675, 28.383537342858432], [76.69272732080648, 28.38902342632644], [76.67551802979371, 28.389456655763208], [76.67517396107687, 28.381813561683792]]]}, "properties": {"polygon_id": "farmforest_248", "source": "farmforest", "raw_class": 5, "core_class": "greenery"}}, {"type": "Feature", "geometry": {"type": "MultiPolygon", "coordinates": [[[[73.98484138038776, 16.401222300681226], [73.98480344857926, 16.401074119816368], [73.98514976660944, 16.401237734076417], [73.9851253755102, 16.401234007076685], [73.98512286466156, 16.401233637516476], [73.98511847067638, 16.401233644591315], [73.98511416636428, 16.401232874071596], [73.98484138038776, 16.401222300681226]]], [[[73.98568762542953, 16.40144753533063], [73.98569444056997, 16.40144841387423], [73.98574752691881, 16.40144853107008], [73.98587656614134, 16.401461352788896], [73.98587916665294, 16.401461642138948], [73.98588275356542, 16.40146139795551], [73.985886250805, 16.40146184419558], [73.98613042970966, 16.40146182359061], [73.98596247267784, 16.401486512517135], [73.9857198179987, 16.40147087282202], [73.98570242145782, 16.401460367014764], [73.98568762542953, 16.40144753533063]]], [[[73.9936459305039, 16.40751301643252], [73.99364503381209, 16.407515300583952], [73.99364431645861, 16.407519429448875], [73.99364279208248, 16.40752323404464], [73.99362180949211, 16.407611746872167], [73.99361795371672, 16.407615544606475], [73.99361257356487, 16.407619746927843], [73.9933691215356, 16.407867505722205], [73.99315812952686, 16.408012299820506], [73.99308818737329, 16.408039555262278], [73.9930857662983, 16.408040500395707], [73.99308083447876, 16.408043429848775], [73.99307545431184, 16.40804562701128], [73.99293521124082, 16.408125740718052], [73.99292229883014, 16.40812752670306], [73.99292202982157, 16.40812759297097], [73.992919698414, 16.408127934813635], [73.99290822071474, 16.408131575921416], [73.99289665334526, 16.408134861338702], [73.99289566698039, 16.408135482099645], [73.99289459094598, 16.40813592153052], [73.99288463762738, 16.408142383707897], [73.9928745049692, 16.408148744763437], [73.99284778344324, 16.40817107783198], [73.99284581071299, 16.408172755251606], [73.99284132723507, 16.408177986220576], [73.99283621607012, 16.40818264531642], [73.99279156062313, 16.40823610227356], [73.99278994657062, 16.40823806911426], [73.99278662879601, 16.40824365223976], [73.99278259366464, 16.40824883088056], [73.99270296705495, 16.408387097685573], [73.99265651818403, 16.408436927994444], [73.99257868491564, 16.408483621033003], [73.99257653284326, 16.408485022967046], [73.99257195968936, 16.40848885207949], [73.99256693818691, 16.40849203607881], [73.99248973257023, 16.40855638816745], [73.99240373928582, 16.408616482672127], [73.99240167688123, 16.408617978753725], [73.99239952480686, 16.408620078122635], [73.99239692438364, 16.408621706737406], [73.9922230546262, 16.408768862059308], [73.99222144056891, 16.408770218634093], [73.99222108188953, 16.408770539468435], [73.99221292193305, 16.408780279483267], [73.99220476197623, 16.408789932317813], [73.9920843353204, 16.408981693705478], [73.99208415598058, 16.40898202848211], [73.9920829902717, 16.408983855810884], [73.99207859644586, 16.408994673233163], [73.99207393361017, 16.409005382561674], [73.99206057279189, 16.4090544722378], [73.99205994510241, 16.409056951653856], [73.9920591380731, 16.409065258177435], [73.99205761368435, 16.409073421750357], [73.9920487363615, 16.409276471012813], [73.99204003837808, 16.40937265172218], [73.99203985903821, 16.40937516599882], [73.99204012804802, 16.4093789356529], [73.99203967969835, 16.409382649534958], [73.992044163195, 16.40955648637499], [73.99204425286494, 16.40955902156865], [73.99204550824399, 16.409565047415775], [73.99204577725378, 16.409571170935898], [73.99204801900206, 16.409577447831044], [73.99204936405101, 16.409583916550893], [73.99205232315866, 16.40958937741839], [73.992054385567, 16.409595204470712], [73.99208998452485, 16.409662136754825], [73.9920912399036, 16.409664326680357], [73.99209581306896, 16.40967026176041], [73.99209966887497, 16.40967666414884], [73.99227811190528, 16.409895149596164], [73.99227981563189, 16.40989711284266], [73.99228429912294, 16.409901035814492], [73.99228806525532, 16.4099056004562], [73.99240831244373, 16.410012940058003], [73.99247735814795, 16.410093544871728], [73.99252075829217, 16.410180263652734], [73.99252551078672, 16.41020391034397], [73.99249116728582, 16.410214142940774], [73.99241808644753, 16.41021805092457], [73.99241548602454, 16.41021819746895], [73.99240768475539, 16.410219944809157], [73.9923997041464, 16.410220806400744], [73.99237029246092, 16.41022810954976], [73.9923366662906, 16.410231859345664], [73.99233406586652, 16.410232180249572], [73.99232904435783, 16.410233620624865], [73.99232384350942, 16.4102341752519], [73.99213239838794, 16.410282060488232], [73.99189656642993, 16.41031629424546], [73.99181191793018, 16.41032061026121], [73.99180931749898, 16.410320756795134], [73.99180061950472, 16.410322608742472], [73.99179174216995, 16.41032374930263], [73.99165795440848, 16.410359465421042], [73.99165544364531, 16.41036014200608], [73.9916454005923, 16.41036467913208], [73.9916350885284, 16.41036884661979], [73.99157267811238, 16.410404445691], [73.99157052602871, 16.41040567324459], [73.99156801526439, 16.41040774471256], [73.99156505614927, 16.410409258238026], [73.99155797220679, 16.41041594340358], [73.99155035024309, 16.410422150834357], [73.99154855683983, 16.410424801160858], [73.99154622541555, 16.410426973752948], [73.99145709325092, 16.41053852142828], [73.9914554791872, 16.41054057543591], [73.9914520717193, 16.410546761834272], [73.99144785721943, 16.4105525367611], [73.99140768496072, 16.41062831138226], [73.99140660891797, 16.410630494403563], [73.99140454650266, 16.41063678538601], [73.99140167705525, 16.41064266489642], [73.9913659882994, 16.410754183364663], [73.99136527093741, 16.410756568636483], [73.99136500192665, 16.410758640048606], [73.99136419489442, 16.410760582446173], [73.99134195667112, 16.410854228653818], [73.99134141864955, 16.410856715051526], [73.99134123930904, 16.4108595780606], [73.99134043227669, 16.4108623922628], [73.99128420901474, 16.411268379136086], [73.9912608050683, 16.411317995834164], [73.99123614573467, 16.41134275562259], [73.99118467496992, 16.411372143481298], [73.99118252288189, 16.41137345820699], [73.99118126749718, 16.411374406756543], [73.99117992244216, 16.411375086791587], [73.99111240066715, 16.41141918055549], [73.99110818615983, 16.41112435700839], [73.99115167628419, 16.410998101400075], [73.99116485782508, 16.410965038822653], [73.99130608856362, 16.410763910576357], [73.99130752328804, 16.410761842625522], [73.99131119976934, 16.41075384635889], [73.99131568328303, 16.410746174384848], [73.99131666965603, 16.410742327964783], [73.9913183733912, 16.410738711684544], [73.99131962877497, 16.410730004081643], [73.99132169119119, 16.410721446410758], [73.99133505206095, 16.41057427874084], [73.99133523140148, 16.410571764457003], [73.99133505206095, 16.41056913510367], [73.991335410742, 16.41056646040394], [73.991335410742, 16.41040596155857], [73.991335410742, 16.410403520512517], [73.9913344243691, 16.410398300185168], [73.9913344243691, 16.410393069372457], [73.99131218614235, 16.410245923731367], [73.99131182746126, 16.41024345479875], [73.99130895801245, 16.410235123935998], [73.99130689559611, 16.410226507102983], [73.99106164723233, 16.409615573626017], [73.99106066085801, 16.40961323025904], [73.99105635667917, 16.409606269936628], [73.99105285953377, 16.40959893646453], [73.99104963139949, 16.409595459818423], [73.99104721029876, 16.409591435662858], [73.99104102304119, 16.409585898163378], [73.99103546347624, 16.40957979921046], [73.99100865202368, 16.409557576037127], [73.9910066792745, 16.409556027775515], [73.9910008506973, 16.409552610478986], [73.99099556014247, 16.40954853757727], [73.99081720558958, 16.409445921135063], [73.99081496382692, 16.40944461349652], [73.99080949392594, 16.40944261896275], [73.99080447237736, 16.40943978749356], [73.99079720906578, 16.40943800223513], [73.990790304436, 16.409435460248705], [73.99078447585221, 16.40943491987917], [73.99077882660931, 16.409433608837418], [73.99053348789984, 16.40940877901365], [73.99051555377135, 16.40935045635595], [73.99051483640616, 16.409348133911667], [73.99051142892155, 16.409341417685358], [73.99050882847271, 16.40933441549182], [73.99042408968994, 16.409178314027844], [73.99042391034855, 16.409177951365916], [73.99042283430029, 16.409176124111838], [73.99041548130357, 16.40916683445259], [73.99040839731866, 16.40915739135201], [73.99040750061168, 16.409156798553557], [73.9904068729168, 16.40915587795442], [73.99039709881053, 16.4091489282471], [73.99038750404517, 16.409141818125804], [73.9902983713422, 16.409092780099815], [73.99029612957348, 16.409091559641766], [73.99028483105876, 16.409087629861144], [73.99027371188487, 16.40908336530765], [73.99021569489457, 16.409069961954014], [73.99021318411253, 16.409069418012674], [73.99020636913252, 16.40906897529705], [73.99019964382308, 16.409067667761093], [73.99019318752578, 16.40906812472662], [73.99018673122825, 16.409067709899524], [73.99018009558891, 16.409069111891483], [73.99017328060773, 16.40906962814616], [73.99011086971618, 16.409082995857496], [73.99010835893276, 16.40908358524449], [73.990106565516, 16.409084230410294], [73.9901046824284, 16.409084519886854], [73.99009437028167, 16.409089035997333], [73.9900838787927, 16.40909318944535], [73.99008235438826, 16.409094291423983], [73.99008065064213, 16.40909511792022], [73.99002272326433, 16.409130803368843], [73.99002057116327, 16.409132118077384], [73.99001913642923, 16.409133401386025], [73.99001743268252, 16.40913431506056], [73.98995493206937, 16.409178885878024], [73.98995286963844, 16.40918038191619], [73.9899447992564, 16.409188472314447], [73.98993645986128, 16.40919636743629], [73.98988301598712, 16.409263262881446], [73.98988140191015, 16.409265229677125], [73.98987691836297, 16.409273424614046], [73.989871807119, 16.409281222026163], [73.98984571287151, 16.409337167200814], [73.98977765260102, 16.40941713629276], [73.98977603852316, 16.409419103087266], [73.98977236201246, 16.409425355652928], [73.9897678784627, 16.409431196747594], [73.9897128204632, 16.40952865372741], [73.9896719304729, 16.409583186847698], [73.98958252842428, 16.409643973282993], [73.98953195392697, 16.40966296875168], [73.98938220312097, 16.40968366751308], [73.98937960265684, 16.409684075552434], [73.98937269797605, 16.40968624119211], [73.98936552428145, 16.409687514120147], [73.98936014401033, 16.409690147016313], [73.9893544050543, 16.409691880228], [73.98934839708453, 16.4096957720015], [73.98934185108739, 16.40969892450298], [73.98931512906937, 16.40971681060079], [73.98931306663158, 16.409718306627543], [73.98931261827553, 16.409718707658776], [73.98931208024828, 16.409719014537785], [73.98930320279838, 16.409727565210492], [73.98929423567685, 16.409736108909534], [73.98929387699198, 16.40973660409294], [73.98929351830712, 16.40973701209711], [73.98921765644191, 16.409835117745107], [73.98921613203059, 16.40983717868416], [73.98921353156422, 16.40984212004098], [73.98921012405648, 16.409846562743688], [73.98920752359003, 16.40985333486495], [73.98920411608219, 16.40985978269061], [73.98920312969834, 16.409865198280244], [73.9892011569306, 16.40987044998658], [73.9891799048406, 16.40996835610077], [73.9891679785612, 16.41000404398108], [73.989167261191, 16.410006429216608], [73.98916627480695, 16.4100131524986], [73.98916439171012, 16.410019631690357], [73.98915094101794, 16.410117795802268], [73.98915076167536, 16.4101190023669], [73.9891505823328, 16.410120296110904], [73.9891511203605, 16.410132368702772], [73.98915138937434, 16.41014442037574], [73.98915156871692, 16.410145044577824], [73.98915165838821, 16.410145661806684], [73.98915560392466, 16.410157127589326], [73.98915945978976, 16.41016867357905], [73.98917291048134, 16.410195437486585], [73.9891740762079, 16.41019762044443], [73.989174434893, 16.41019817141382], [73.98917470390683, 16.41019880258938], [73.989281681706, 16.410390460095673], [73.98928293710313, 16.41039265002999], [73.98928535822613, 16.41039562805297], [73.98928715165054, 16.41039908034039], [73.98938973549964, 16.410541837386102], [73.98939117023839, 16.410543866910217], [73.98939269464832, 16.410545380329825], [73.98939386037354, 16.4105471273953], [73.98950343851304, 16.410677787455107], [73.98955428203115, 16.410775721077737], [73.98959472369114, 16.41088487669105], [73.98960934007614, 16.41095410081859], [73.98956925710358, 16.411074168946982], [73.98956853973486, 16.411076467018095], [73.98956674631307, 16.41108914300071], [73.98956486322018, 16.411101637650688], [73.98956486322018, 16.411181930392708], [73.98956486322018, 16.41118437143207], [73.98956683598416, 16.411195335164916], [73.9895683603927, 16.411206351211376], [73.98959068849264, 16.411282103424515], [73.98959149553234, 16.41128452004634], [73.98959418566467, 16.411290047231674], [73.9895960687573, 16.411295860376384], [73.98959983494245, 16.41130138406349], [73.98960288375896, 16.41130746222358], [73.98960709829937, 16.41131197461781], [73.98961050580003, 16.41131703451155], [73.98965955586885, 16.41137054162677], [73.98966134928979, 16.411372424697472], [73.98966915067062, 16.411378523732935], [73.98967650369595, 16.41138502380192], [73.98972411901161, 16.411416798693534], [73.98975980807289, 16.41148356435347], [73.98975191702473, 16.41149367385271], [73.98973299644204, 16.41151260261663], [73.98970735053081, 16.411519936484172], [73.9896278123157, 16.411519940786267], [73.98954746702775, 16.41151194889857], [73.98950236245959, 16.41150364629167], [73.98949976199711, 16.41150326969792], [73.98949222962275, 16.41150311981828], [73.98948478691925, 16.41150210511096], [73.98944013069213, 16.41150211946699], [73.98943753022878, 16.411502178772807], [73.98943672318842, 16.411502290370542], [73.98943591614805, 16.411502227608125], [73.9889142086812, 16.411524511190148], [73.98891187722492, 16.411524591409275], [73.98871460005216, 16.41153784378315], [73.98849042120064, 16.411537844674697], [73.98848782072443, 16.411537903965574], [73.98848432353222, 16.41153841659421], [73.98848073666835, 16.411538311990224], [73.98817343185769, 16.411568986018185], [73.98801327806132, 16.411568996622986], [73.98801067757864, 16.4115689687266], [73.9880025174431, 16.411570339193588], [73.98799417796357, 16.41157082391513], [73.98795669513714, 16.411578370190462], [73.98779053314139, 16.411586108178955], [73.98766992437118, 16.411545865957745], [73.9875179303112, 16.411457239046186], [73.98751568851, 16.411456018529748], [73.98751228097214, 16.411454707344326], [73.98750923212242, 16.41145281380113], [73.98732199678787, 16.411368071512545], [73.98731966531226, 16.411367018379813], [73.9873128502295, 16.41136518062044], [73.9873063938351, 16.411362498966245], [73.987168119336, 16.41132681081025], [73.98716560851409, 16.411326266802785], [73.9871545788317, 16.41132523456071], [73.98714372849314, 16.411323780371188], [73.9868627852158, 16.41132381048659], [73.98686018471754, 16.411323869754515], [73.98685794290867, 16.41132421845907], [73.98685570109977, 16.411324044088747], [73.98684494041667, 16.411326345559786], [73.9868340900606, 16.41132811698035], [73.98683202759617, 16.411329002708964], [73.98682987545932, 16.41132953274618], [73.98672504843172, 16.411367148174225], [73.98669186963433, 16.41137389562483], [73.98653718462488, 16.411390545747196], [73.98623938200357, 16.411386299388095], [73.98606344419456, 16.41136991153261], [73.98600452920414, 16.411349113531518], [73.98598686367075, 16.411340242025453], [73.98589889467071, 16.411256333217068], [73.98589701154182, 16.411254617518306], [73.98589351430243, 16.4112522531921], [73.98589055509981, 16.4112492332872], [73.9857657305114, 16.411155570570685], [73.98576357836262, 16.41115409548318], [73.98575613551454, 16.4111502037434], [73.98574905135766, 16.411145642475223], [73.98574447804107, 16.411144240590854], [73.98574035308874, 16.41114200179603], [73.98573201351095, 16.411140306948973], [73.98572385327857, 16.411137841444106], [73.98569713075693, 16.411133408977562], [73.98569461991578, 16.411132952132704], [73.98568421785923, 16.411132927603695], [73.98567381580212, 16.411132380002087], [73.98561579742152, 16.411136759178593], [73.98561319690636, 16.411136905607798], [73.9856125691958, 16.41113711831622], [73.98561185181231, 16.411137062513347], [73.98559974596536, 16.411140218235584], [73.9855875504447, 16.411143192624078], [73.98558692273406, 16.411143492511016], [73.98558629502341, 16.41114370521931], [73.98557553426917, 16.411149929643614], [73.98556468384139, 16.41115605991291], [73.98556423547659, 16.41115654810778], [73.98556369743882, 16.411156854969988], [73.98551877128062, 16.411192241962667], [73.98544281825072, 16.411208041236865], [73.98520105964624, 16.411212250352307], [73.9847510793562, 16.411190148710485], [73.98420541631077, 16.411146218130526], [73.98416649796695, 16.411138395717725], [73.98416389743218, 16.411137844698853], [73.98415295725101, 16.411137516686136], [73.98414201706923, 16.41113657842565], [73.98406373197973, 16.41114068812676], [73.98394473499566, 16.41113143076881], [73.98407781074388, 16.410942407082278], [73.98407924552235, 16.410940339247826], [73.98407951454331, 16.410939749929636], [73.98407996291157, 16.410939174563524], [73.98458374883195, 16.410152614861765], [73.98500010205832, 16.409714328115385], [73.9851459106638, 16.409572934069047], [73.98514770412689, 16.409571155657687], [73.98514967693627, 16.409568432240636], [73.9851522774577, 16.409566106359655], [73.98526822480835, 16.40942788169325], [73.98526983892411, 16.409425914974836], [73.98527243944392, 16.409421496824965], [73.98527575734843, 16.409417483185127], [73.98535601475119, 16.40928816426533], [73.98535727017399, 16.409285995291373], [73.98535816690455, 16.40928379841828], [73.98535960167344, 16.409281817749346], [73.98545053012997, 16.409104160569107], [73.9854738451119, 16.409082436008113], [73.98548989657857, 16.409082463982568], [73.98563400102657, 16.40912139470313], [73.98580115129008, 16.409200824762884], [73.98594498648616, 16.40928367210234], [73.98594731797849, 16.40928489957428], [73.98595054619855, 16.409286196791147], [73.98595350540025, 16.409287996152088], [73.98613186447278, 16.40936821079835], [73.98613419596282, 16.40936926391386], [73.98613715516169, 16.409370017138286], [73.98613975566974, 16.40937135271114], [73.98635819822073, 16.40944718753285], [73.98635864658367, 16.409447309582745], [73.98636061938062, 16.40944798608727], [73.98637263550701, 16.409450053965696], [73.98638456196008, 16.40945237640358], [73.98652875540918, 16.40946062703012], [73.98664667472272, 16.4094972593093], [73.98664918555141, 16.40949797765718], [73.9866522344148, 16.40949838913736], [73.98665510393323, 16.409499484095104], [73.98684233991817, 16.40953958943485], [73.9868448507443, 16.409540046245947], [73.98684807894931, 16.409540210136814], [73.98685112780952, 16.40954105750606], [73.98718560541629, 16.40958119367909], [73.98718820591014, 16.40958139592485], [73.98719815952424, 16.409581036717434], [73.98720811313781, 16.409581287758748], [73.98724819660346, 16.409576820595504], [73.98725070742428, 16.409576492795416], [73.98726057136297, 16.409573685612408], [73.9872705249733, 16.40957158283056], [73.98727321513816, 16.40957013565755], [73.98727617431948, 16.40956931965577], [73.98728478284667, 16.409564061016383], [73.98729375006207, 16.409559353343052], [73.98737400662134, 16.40950143161041], [73.98737606907997, 16.40949984843945], [73.9873783108828, 16.40949758178822], [73.98738109071826, 16.40949570569411], [73.98745695330935, 16.40942881151379], [73.98745883642293, 16.409427127215267], [73.98746314068248, 16.409421795355637], [73.9874681623185, 16.40941695517864], [73.98747121116887, 16.40941178722115], [73.9874750670678, 16.409407030741622], [73.98747757788567, 16.409400687621034], [73.98748107509623, 16.409394769925967], [73.98755236437427, 16.409216367495592], [73.98755326109458, 16.409214083414792], [73.987554516503, 16.409207729842695], [73.98755675830374, 16.409201714516314], [73.98763701475306, 16.408813822549423], [73.987637463113, 16.408811329246856], [73.98763773212899, 16.4088037656576], [73.98763880819288, 16.40879626482986], [73.98763880819288, 16.40857770903576], [73.98763880819288, 16.40857526804702], [73.98763719409703, 16.408566075996777], [73.98763629737712, 16.408556852555968], [73.98762741984972, 16.408521203753438], [73.98762670247373, 16.408518794156674], [73.98762365362583, 16.40851184434547], [73.98762141182587, 16.40850460858242], [73.987575858445, 16.40840935475046], [73.98754519061163, 16.40829442301467], [73.98754519061163, 16.4082531878196], [73.98755344043863, 16.408217388965276], [73.98759459989633, 16.408145442286358], [73.98761495544184, 16.408125056365655], [73.98763154476148, 16.40812172598038], [73.98779134018868, 16.408324374728387], [73.9877928646113, 16.40832641119145], [73.98779367165858, 16.40832708419717], [73.98779420969008, 16.40832791063945], [73.9880060146441, 16.408570608789592], [73.98805748626145, 16.408639210538393], [73.98805901068197, 16.408641159827948], [73.9880651083639, 16.408646951884574], [73.98807057834313, 16.408653305377428], [73.98816849991188, 16.40873842168856], [73.98819558077645, 16.408769383650828], [73.98819728453934, 16.408771259710168], [73.98820454794932, 16.408777229601682], [73.98821136300042, 16.408783687698193], [73.98830202109131, 16.408848449730748], [73.98846432676531, 16.408984428803347], [73.98846629954062, 16.408986064248932], [73.9884685413307, 16.408987371899414], [73.98847042443435, 16.408989174729154], [73.98854628659493, 16.409042673537236], [73.98854843871251, 16.40904414857219], [73.98855821291296, 16.40904883168224], [73.98856771809822, 16.409054016945024], [73.98863900697268, 16.409080744982674], [73.9886414281038, 16.409081630685733], [73.98864501496467, 16.409082345502643], [73.98864833281091, 16.409083649651386], [73.98865792766324, 16.40908483166436], [73.98866734317204, 16.40908669716066], [73.98867101970393, 16.40908645998411], [73.98867451689273, 16.409086906291275], [73.98899114672265, 16.409082410197502], [73.98899204343626, 16.40908239274775], [73.98899374719205, 16.409082350875323], [73.98900594249633, 16.409080160751856], [73.98901813779983, 16.409078232163903], [73.98901894484194, 16.409077859025693], [73.9890198415554, 16.409077667218078], [73.98903087113061, 16.409072335184945], [73.9890419903765, 16.40906718448139], [73.98904261807584, 16.409066623039553], [73.98904342511786, 16.409066249901176], [73.98905248192244, 16.409058149097085], [73.98906162839792, 16.40905022962286], [73.98909283401687, 16.40901455901598], [73.98909453777178, 16.40901268638629], [73.98909731758239, 16.409008020528574], [73.98910099410604, 16.40900386029331], [73.98910404293049, 16.40899712306168], [73.9891078987966, 16.40899071012196], [73.98910924386617, 16.40898549680485], [73.98911148564875, 16.408980527573608], [73.98917389686535, 16.408762028523572], [73.98917452456428, 16.40875963632713], [73.98917533160572, 16.40875194017178], [73.98917703535992, 16.40874440092234], [73.989190396379, 16.408557133822075], [73.98919048605026, 16.408554612613113], [73.98918940999508, 16.408544329037163], [73.98918887196747, 16.40853400011879], [73.98917102738459, 16.40844482368066], [73.9891705790282, 16.408442434995074], [73.98916770954737, 16.408435150404706], [73.98916573677928, 16.408427586826054], [73.98911229269048, 16.408302776032663], [73.98911121663485, 16.40830051289863], [73.98911103729223, 16.408300150239384], [73.98911085794964, 16.408299787580134], [73.98903060211659, 16.408130349035176], [73.98902952606049, 16.40812808590405], [73.98902925704647, 16.40812771627274], [73.98902907770378, 16.40812726643553], [73.98887062837828, 16.407823596011397], [73.98878857901572, 16.407616096134547], [73.98878032924179, 16.40759148068764], [73.98877952219867, 16.407589151304833], [73.98877557665448, 16.407581957446894], [73.98877243815338, 16.407574390450907], [73.98876947899512, 16.407570760414405], [73.98876723720855, 16.407566663089042], [73.98876140856332, 16.407560804838386], [73.9887562076182, 16.407554385148543], [73.98857336740622, 16.407384904255835], [73.98857148430358, 16.40738318863085], [73.98856987021558, 16.4073821041689], [73.98856852514224, 16.40738069191262], [73.98843034122393, 16.407269256838877], [73.98842836844827, 16.407267708598287], [73.98841967030074, 16.407262847728944], [73.98841133083933, 16.407257404504797], [73.98833555829708, 16.407221697913304], [73.98833322683376, 16.407220557671753], [73.98832345262187, 16.407217792576333], [73.98831394742452, 16.407214438153744], [73.98818455115325, 16.407187725788557], [73.98818204034464, 16.40718726902273], [73.98817692905556, 16.4071870459402], [73.98817208678156, 16.407185971998093], [73.98806205952296, 16.4071778524756], [73.98799606107188, 16.407158510635522], [73.98799480566636, 16.40715815148509], [73.98799363993264, 16.40715779930734], [73.98798108587671, 16.40715621288861], [73.98797642294144, 16.407155588776114], [73.98771314625888, 16.406951259433022], [73.98758742613526, 16.4067708774796], [73.987585901711, 16.406768753864306], [73.9875825838464, 16.406765444666323], [73.98757998335789, 16.406761581008933], [73.98748977328627, 16.40666285591841], [73.98737687612899, 16.406506486228604], [73.98737535170305, 16.40650444979472], [73.987373737605, 16.406502842273873], [73.9873724821954, 16.406500913935407], [73.98722488183697, 16.40632720024691], [73.98709691958751, 16.406126768499433], [73.98699272041178, 16.405918421030478], [73.98697379955709, 16.40587676130875], [73.98694322129987, 16.40576977157298], [73.98694322129987, 16.405750679881194], [73.98694322129987, 16.405748238934432], [73.98694241424903, 16.405743730170368], [73.98694241424903, 16.405739196983728], [73.98694017244111, 16.40573126394419], [73.98693873768403, 16.405723219305692], [73.98693667522072, 16.40571913598507], [73.98693541980823, 16.405714679535226], [73.9869157815693, 16.40567165644405], [73.98684386434833, 16.405417611215377], [73.9868272749606, 16.40526445991326], [73.9868272749606, 16.40500563331291], [73.98697711743222, 16.40482044010116], [73.98697864186131, 16.404818379223617], [73.98698070432418, 16.40481479100708], [73.98698339449311, 16.404811513125363], [73.98727321513816, 16.40434777817762], [73.98727456022057, 16.404345616177302], [73.98727689169675, 16.40433986947038], [73.98728011989448, 16.40433445401158], [73.98732029301723, 16.404236365950286], [73.98732118973864, 16.404233994738114], [73.98732361088636, 16.40422276290867], [73.98732639072263, 16.40421164614332], [73.98734862941124, 16.40397974332355], [73.9873488087555, 16.403977316338867], [73.98734853973913, 16.403974418615192], [73.98734898809975, 16.40397148948991], [73.98734898809975, 16.403766364454025], [73.98734898809975, 16.40376392352843], [73.98734764301787, 16.40375675770385], [73.98734728432936, 16.403749407040703], [73.98730271727706, 16.403526433327663], [73.98730226891632, 16.403524044723056], [73.98730137219484, 16.40352170843605], [73.98730101350624, 16.40351932680317], [73.98716587753073, 16.40305297908299], [73.98715744834263, 16.40272044679651], [73.98718264623358, 16.402577433141765], [73.9871830945946, 16.40257493991408], [73.9871830945946, 16.40257206312838], [73.98718372230003, 16.402569147966823], [73.9871961867359, 16.402411545128295], [73.98720999625382, 16.402373564191997], [73.98721080330355, 16.402371186026517], [73.98721223805859, 16.40236284156824], [73.98721456953552, 16.402354741173188], [73.98722353675421, 16.402283431563248], [73.98722362642638, 16.402282479607187], [73.98722380577075, 16.4022809243959], [73.98722317806546, 16.402269019769697], [73.98722272970454, 16.4022570419115], [73.98721376248582, 16.40220796256484], [73.98721331412486, 16.40220557397928], [73.98721071363134, 16.402198572151633], [73.98720900985971, 16.402191291335605], [73.98718228754477, 16.40212444279213], [73.98718139082271, 16.40212236805254], [73.98718130115051, 16.402122186731123], [73.98717457573507, 16.40211129005378], [73.98716793999158, 16.40210048752363], [73.98690035792816, 16.401779367673054], [73.9868987438261, 16.401777411519333], [73.98689264610714, 16.4017722300355], [73.98688717609436, 16.401766487126114], [73.98670881772345, 16.401623864212564], [73.98670675525766, 16.40162222190383], [73.9866983260494, 16.401617556570702], [73.98669016585809, 16.401612214753438], [73.98668684797802, 16.40161117224538], [73.98668388878762, 16.401609547399136], [73.98667438350908, 16.40160723930339], [73.98666505757495, 16.401604334926777], [73.98665250343215, 16.401602225681696], [73.98637989898603, 16.401465962453063], [73.98637756749898, 16.401464822278385], [73.9863666274439, 16.401461443713938], [73.98635577706081, 16.401457636247734], [73.98628897096957, 16.40144424818543], [73.98628637046353, 16.401443784492287], [73.98628421832058, 16.401443704354023], [73.98657861331789, 16.40128535516151], [73.98658085513003, 16.40128404747325], [73.98658677351393, 16.401279538620535], [73.98659322993255, 16.401275681816244], [73.98659699617664, 16.40127152870267], [73.98660147980046, 16.401268128754477], [73.98660578407923, 16.401262099627512], [73.98661089541014, 16.40125674346243], [73.98661331656685, 16.401251788385018], [73.98661654477573, 16.401247244745917], [73.98661896593237, 16.401240371828624], [73.98662228381362, 16.401233830146218], [73.98670263032601, 16.40098866496742], [73.98670334770543, 16.400986279850645], [73.98670415475729, 16.400980589075736], [73.98670585853338, 16.400975142359663], [73.98672890434565, 16.400829173252767], [73.98672890434565, 16.400970570165153], [73.98672890434565, 16.40097301104987], [73.98672962172496, 16.400976815319222], [73.98672953205256, 16.400980644024386], [73.98673186353534, 16.400989281192356], [73.98673338796638, 16.400998029970992], [73.98673509174223, 16.40100147504934], [73.98673616781119, 16.401005220028832], [73.98685650815098, 16.40128167794295], [73.98685749454688, 16.401283933990104], [73.98685874995986, 16.401285775077177], [73.9868594673387, 16.401287923036694], [73.98693533013592, 16.40143059760849], [73.98693658554839, 16.40143278739655], [73.98693936539026, 16.401436316138568], [73.98694133818123, 16.401440305189734], [73.98704930362008, 16.40159236237356], [73.9870508280486, 16.401602680337835], [73.98705118673765, 16.40160514911768], [73.98705477362823, 16.401615976116332], [73.9870580018297, 16.401626949581317], [73.98711593010229, 16.401751754242873], [73.98711709584134, 16.401754024240145], [73.98711826158039, 16.401755771187833], [73.98711897895826, 16.401757657630068], [73.98722604757538, 16.401949397296068], [73.98722730298593, 16.40195158709276], [73.98723062085668, 16.40195568072583], [73.98723322134992, 16.401960328815754], [73.98732235547642, 16.402076314138917], [73.98732396957492, 16.402078270296673], [73.98732737711612, 16.40208149915324], [73.98733024662447, 16.402085209234244], [73.98736593613087, 16.402120848765826], [73.98736772957321, 16.40212264451602], [73.98736826760592, 16.40212303504327], [73.9873686262944, 16.402123498803537], [73.98737884891547, 16.402130570120708], [73.98738898186387, 16.402137721642195], [73.98738960956864, 16.402137944790162], [73.98739014760127, 16.40213833531744], [73.98739857677914, 16.40214256478215], [73.98743193479858, 16.40218429969581], [73.98751461244542, 16.40237440537684], [73.98759352383217, 16.402624195259342], [73.98759433088028, 16.402626611737887], [73.9875953172724, 16.402628606281375], [73.98759585530448, 16.402630740320042], [73.98766275061294, 16.40279573357617], [73.98766373700472, 16.402798076824492], [73.98766606847616, 16.402801745098998], [73.98766759289978, 16.402805873686383], [73.98770668987794, 16.40287525376964], [73.98782245634224, 16.403106900361852], [73.98789177271232, 16.403347315215324], [73.98788441961862, 16.40344699588527], [73.98785877346035, 16.403575591684877], [73.98785832510092, 16.403578084931887], [73.98785814575713, 16.403585306597186], [73.98785706969447, 16.403592545724756], [73.98785706969447, 16.4036370926687], [73.98785706969447, 16.403639533597428], [73.9878584147728, 16.403646699426996], [73.98785877346035, 16.403653962923332], [73.98787213457122, 16.403720906760988], [73.9878725829306, 16.40372338254811], [73.98787446604013, 16.403728149280127], [73.98787545243081, 16.403733107826103], [73.98789769105584, 16.403795511305837], [73.98789858777454, 16.40379784759927], [73.98790235399301, 16.40380459143284], [73.98790540283649, 16.4038117153757], [73.98814491624191, 16.404206240162402], [73.98822391704128, 16.40435561291433], [73.98822517244533, 16.4043578027507], [73.98823028373312, 16.40436438965614], [73.98823467764707, 16.404371443848742], [73.98823808517211, 16.40437458558986], [73.98824095466684, 16.404378208560924], [73.98824776971664, 16.404383184396163], [73.98825404673597, 16.404388728637965], [73.9883641635562, 16.404462236141576], [73.98836918516864, 16.40453201910319], [73.98834488415005, 16.40464956178789], [73.98834443579175, 16.404652055052733], [73.98834416677676, 16.40465961850613], [73.98834309071681, 16.404667119215738], [73.98834309071681, 16.40470730765518], [73.98834309071681, 16.404709748601878], [73.98834506349337, 16.40472088623724], [73.98834676725491, 16.404732177311985], [73.9883868504828, 16.404865971515814], [73.98838720916937, 16.404867307053582], [73.98838756785592, 16.404868293884345], [73.98839303782596, 16.40487926754075], [73.98839841812418, 16.404890234226436], [73.98839877681073, 16.404890697996763], [73.98839904582563, 16.40489115479546], [73.98840756463083, 16.404900186069487], [73.9884159040924, 16.404909377754414], [73.9885675387551, 16.40503423509439], [73.98856798711289, 16.405034618659897], [73.98856951152935, 16.405035783299624], [73.98858000310112, 16.405041829589162], [73.98859049467231, 16.405048137409448], [73.98862170036786, 16.405061460633103], [73.98862403182767, 16.40506242648631], [73.98863102620693, 16.405064190745872], [73.98863766189983, 16.40506671171132], [73.98864375956339, 16.405067272954835], [73.9886496778837, 16.405068692024344], [73.98865685160504, 16.405068465156898], [73.98866402532613, 16.405069110058502], [73.98886300630784, 16.405060518986925], [73.98894523498134, 16.405067347678663], [73.98901948287002, 16.40510450374013], [73.9890800110189, 16.405148875002627], [73.98908207345919, 16.405150343001043], [73.98909068190537, 16.40515467369221], [73.98909902133727, 16.40515968088617], [73.9892461718983, 16.40522211951127], [73.98924859302176, 16.405223092331852], [73.98925316625488, 16.405224232464196], [73.98925747047419, 16.405226049100133], [73.98928867606129, 16.4052349262317], [73.9892910971842, 16.405235637520367], [73.98929531173145, 16.405236139526284], [73.98929925726496, 16.405237318035972], [73.98948299349668, 16.405267991484646], [73.98969327217945, 16.40531947138026], [73.98993628051946, 16.405404792270907], [73.99000577546784, 16.405441491562172], [73.99000810691084, 16.405442718939607], [73.9900082862526, 16.405442732881674], [73.99000846559436, 16.40544292117884], [73.99002075050504, 16.405446927424265], [73.99003303541491, 16.40545102084684], [73.99003330442754, 16.40545104175991], [73.99003348376927, 16.40545114287952], [73.99008253372998, 16.405460099499965], [73.99008513418457, 16.40546047601417], [73.99008549286796, 16.405460503898173], [73.99008576188051, 16.405460611988758], [73.99009867448211, 16.40546074403649], [73.99011158708285, 16.405460963260854], [73.9901119457662, 16.40546090396721], [73.9901122147787, 16.40546092488017], [73.99018359275021, 16.40545200228865], [73.99018619320346, 16.405451594202848], [73.9901952499541, 16.4054489855189], [73.9902044860459, 16.405447001019525], [73.9904630067652, 16.405353679885167], [73.99060136856102, 16.405346302775154], [73.99069749542716, 16.405365457160915], [73.99075569161282, 16.405381401399048], [73.99080007852223, 16.405455378702662], [73.99084661751318, 16.405569450811015], [73.9908476038886, 16.405571706935483], [73.99084975598038, 16.40557518699118], [73.99085119070821, 16.405578959993214], [73.99100730696743, 16.40585986566034], [73.99100802433077, 16.40586122909694], [73.99100856235326, 16.40586205552374], [73.99101636367932, 16.40587172849387], [73.99102407533465, 16.405881481672093], [73.99120242969519, 16.406050959360403], [73.99120431277204, 16.406052674952438], [73.99121301079333, 16.406058581800735], [73.9912214398033, 16.406064903628323], [73.9913781834529, 16.40615206163213], [73.99146211478242, 16.406209149567225], [73.9915867563258, 16.406358149831608], [73.99163266743504, 16.406439133296182], [73.99163481951803, 16.40645412094257], [73.99163517819852, 16.406456589824256], [73.991635536879, 16.40645766384924], [73.99163562654913, 16.406458804140946], [73.99163948236438, 16.40646973966024], [73.99164315883932, 16.40648074841771], [73.99164378653016, 16.406481668997603], [73.99164423488077, 16.406482749993383], [73.99174457571777, 16.406671184221082], [73.99175426008533, 16.40672581348205], [73.99175426008532, 16.4068209254731], [73.99175426008533, 16.40682336647807], [73.99175587414655, 16.406832558540646], [73.99175686051728, 16.406841876166432], [73.99177022135672, 16.406895396422012], [73.99177084904713, 16.40689779904423], [73.9917715664076, 16.406899336849307], [73.9917718354178, 16.406901014158436], [73.99177667760094, 16.406910980243982], [73.99178125077381, 16.406921099775744], [73.99178232681446, 16.40692240392752], [73.99178313384495, 16.406923948703586], [73.99182043658385, 16.40697819684654], [73.99182205064452, 16.406989219674863], [73.99182240932464, 16.406991688565448], [73.99182321635496, 16.40699401795196], [73.99182339569505, 16.406996385722334], [73.9918271618365, 16.40700609380867], [73.99183038995767, 16.407015847250214], [73.99183182467817, 16.407017876716743], [73.99183272137849, 16.40702021307441], [73.99190409870988, 16.40714510969409], [73.99190535408984, 16.4071472124001], [73.9919066094698, 16.407148792032466], [73.99190750616975, 16.407150605318755], [73.99207671337761, 16.407402193758955], [73.9921269285245, 16.40751951745771], [73.99212800456323, 16.40752178058656], [73.99213257772772, 16.40752876171403], [73.9921363438631, 16.407536203180147], [73.99213957197907, 16.407539505399694], [73.99214199306603, 16.40754335513681], [73.99214844929773, 16.407548826246643], [73.99215427784006, 16.40755485881577], [73.99221668806683, 16.407603910335126], [73.99221875047343, 16.407605465530516], [73.9922226959468, 16.407607690187263], [73.99222628274072, 16.407610584395076], [73.99223417368708, 16.407613900378188], [73.99224170595377, 16.407618060270885], [73.99224618944572, 16.40761910624232], [73.99225040392804, 16.4076209159149], [73.99228447846258, 16.407630190420118], [73.99233863902609, 16.40766622118318], [73.99233917704485, 16.40766652454545], [73.99234079110114, 16.407667608990888], [73.9923519101552, 16.407672570787796], [73.99236293953885, 16.407677787151822], [73.99243431667291, 16.407700161440477], [73.99243682742589, 16.407700879695778], [73.9924388898301, 16.407701214380175], [73.99244086256454, 16.407701977990737], [73.9926280929042, 16.40774652240861], [73.99262979662771, 16.407746916388433], [73.99263060365463, 16.407747066303312], [73.99264342641528, 16.407747975919623], [73.99265615950544, 16.407749052923407], [73.99273641382183, 16.407744568508086], [73.99273901424046, 16.407744334756554], [73.99274529111287, 16.407742991925502], [73.99275174732428, 16.40774244765067], [73.99275811386586, 16.407740065635657], [73.99276474941603, 16.407738663506375], [73.99277039860044, 16.407735615470013], [73.99277649613263, 16.407733386901484], [73.99278187630794, 16.40772944615803], [73.9927878841702, 16.40772625164393], [73.99279236764937, 16.40772180529733], [73.99279756848506, 16.40771802497112], [73.99280160361612, 16.40771275915617], [73.99280644577328, 16.40770816633207], [73.99280949453883, 16.40770264948239], [73.99281335033048, 16.40769771844408], [73.99281577140893, 16.407691542544438], [73.99281899951347, 16.40768577809717], [73.992820344557, 16.407679692910758], [73.99282258629623, 16.40767385178824], [73.99284491401741, 16.407575766941843], [73.99284545203474, 16.40757336773988], [73.99284554170431, 16.407571718300797], [73.9928459900521, 16.407570096743452], [73.99287271157831, 16.407400692014185], [73.99287307025648, 16.40739819169361], [73.99287298058692, 16.40739269242248], [73.99287378761284, 16.407387175675606], [73.99287378761284, 16.40735596546226], [73.99287378761284, 16.407353524440193], [73.99287244256966, 16.40734600963987], [73.99287199422193, 16.407338390184485], [73.99287020083102, 16.40733354309301], [73.99286930413557, 16.40732850416694], [73.99286580702322, 16.40732160669408], [73.99286320660632, 16.407314430207467], [73.99286006817208, 16.407310263175983], [73.99285773676374, 16.407305635801556], [73.99285244626012, 16.407299993792652], [73.99284778344324, 16.407293790320985], [73.99283496069624, 16.407280937177223], [73.99277434406247, 16.40716768704039], [73.9927730886882, 16.40716549715421], [73.99276932256532, 16.407160671080625], [73.99276645313833, 16.40715547881418], [73.99271776254237, 16.407092063353538], [73.99272045263086, 16.407092272462897], [73.99273094397563, 16.40709369824338], [73.9928736979433, 16.407093635975084], [73.99287629836004, 16.407093576574173], [73.99287692604686, 16.407093538186572], [73.99287755373366, 16.40709358697821], [73.99288992813011, 16.407091410417184], [73.99290239219532, 16.40708932800455], [73.99290293021251, 16.407089108288115], [73.99290355789923, 16.407088982721152], [73.9929148562597, 16.407083496882994], [73.99292624428905, 16.407078192372488], [73.99292669263664, 16.40707787850649], [73.99292723065376, 16.40707757161071], [73.99295395216863, 16.407059771858556], [73.9929560145673, 16.407058362946188], [73.99296184308508, 16.4070528878186], [73.99296820961969, 16.407048064766528], [73.99298605384938, 16.40703018521445], [73.99298775756971, 16.407028399703876], [73.99299286873064, 16.407021212407795], [73.99299860757782, 16.40701450979879], [73.99307437827842, 16.406894164004978], [73.99307446794788, 16.406893996616603], [73.99307563365072, 16.406891994926127], [73.99308002745373, 16.406881264698324], [73.99308477993439, 16.40687056235083], [73.99308486960385, 16.406869435991126], [73.99308531795107, 16.4068683375116], [73.99308639398441, 16.406856826317327], [73.99308782869552, 16.406845343003777], [73.99308764935664, 16.406844282913283], [73.99308773902608, 16.406843069374506], [73.99308540762051, 16.40683172921629], [73.99308343489271, 16.40682032975984], [73.99308289687603, 16.406819328968584], [73.9930826278677, 16.406818174729054], [73.99307715803137, 16.406807898309477], [73.99307195720324, 16.406797468442427], [73.99303268197943, 16.406741410644578], [73.9930604795131, 16.406633376939247], [73.9931232481227, 16.406510364179617], [73.99312486217238, 16.406511274249247], [73.99313248407353, 16.40651666153864], [73.99327963154069, 16.406592437275343], [73.9932819629439, 16.406593577462], [73.99329057120163, 16.406596338866688], [73.99329891045095, 16.4065998639741], [73.99336580377098, 16.40661770444471], [73.99336831451177, 16.406618335495406], [73.99337423268634, 16.40661888268207], [73.99338006119142, 16.406620381869924], [73.99349116143125, 16.406632766135303], [73.99370116671281, 16.40669860704806], [73.99376187272274, 16.40673078701071], [73.99382903488858, 16.406782996975263], [73.99385378355791, 16.40681090006741], [73.99387638016626, 16.40684752819903], [73.99388131196534, 16.406877116652982], [73.99388131196534, 16.406983562826717], [73.99382338573535, 16.407138075879075], [73.99376178305361, 16.407232410807968], [73.99376043801666, 16.407234572929823], [73.99375891364146, 16.40723811598557], [73.99375676158232, 16.40724126153395], [73.99372107326471, 16.407312590193055], [73.99371999723493, 16.40731486040406], [73.99371901087429, 16.407318183740443], [73.99371730716045, 16.407321276958374], [73.9936459305039, 16.40751301643252]]]]}, "properties": {"polygon_id": "farmforest_249", "source": "farmforest", "raw_class": 5, "core_class": "greenery"}}, {"type": "Feature", "geometry": {"type": "Polygon", "coordinates": [[[70.44778847103555, 27.399170422114285], [70.44791404558399, 27.3988281726279], [70.44920420204623, 27.398773271348112], [70.44920692599914, 27.39877306433531], [70.44921119352533, 27.39877222095749], [70.44921546105148, 27.39877215186432], [70.44922508568484, 27.398769504779526], [70.44923489191486, 27.398767572294133], [70.44923861465027, 27.398765789556844], [70.44924270057936, 27.398764661735363], [70.44925114483273, 27.398759692599224], [70.44925995227963, 27.398755464409664], [70.44926303942594, 27.39875272913928], [70.44926658056434, 27.3987506619583], [70.44927311805053, 27.398743781572225], [70.44928020032714, 27.398737496416626], [70.44928228869074, 27.398734186077444], [70.44928510344165, 27.398731239221583], [70.44974472482868, 27.39808282508406], [70.46182176531386, 27.400944699956035], [70.4614366981845, 27.40491390228648], [70.46143651659182, 27.404916456961736], [70.46143678898083, 27.404919507636933], [70.46143633499915, 27.404922625048105], [70.46143796933322, 27.404932153671695], [70.4614388772966, 27.404941749030925], [70.46144014844533, 27.40494460040185], [70.46144060242702, 27.40494767740951], [70.46185971815414, 27.406178336050317], [70.46186062611682, 27.40618070457926], [70.46186335000476, 27.40618565933519], [70.46186516593005, 27.40619082655914], [70.46186970574325, 27.4061969049769], [70.46187333759379, 27.406203453962338], [70.46187751422187, 27.40620750094967], [70.46188096447983, 27.406212044837684], [70.46188722942186, 27.406216738786735], [70.46189276799372, 27.40622210170285], [70.46189803417677, 27.40622493015575], [70.46190275558222, 27.40622845390876], [70.46191029167157, 27.406231439456516], [70.4619172829833, 27.40623520633748], [70.46192327553612, 27.406236591523083], [70.46192890490387, 27.40623887040821], [70.46193698577036, 27.40623978412247], [70.46194497584051, 27.406241717068646], [70.46195105918927, 27.40624156682113], [70.46195723333422, 27.406242290072164], [70.46426935475282, 27.40623350237578], [70.46478798040303, 27.406694991462114], [70.46385614267034, 27.40796721770107], [70.46385468993559, 27.40796932994927], [70.46385332799673, 27.407971971562315], [70.46385142128234, 27.40797436211545], [70.46384769864947, 27.407983630114416], [70.4638433404451, 27.407992633887083], [70.46384288646547, 27.40799557922164], [70.46384179691437, 27.407998260330668], [70.46384116134288, 27.408008061990568], [70.46383979940401, 27.40801784435844], [70.46384025338365, 27.408020749282034], [70.46384007179178, 27.40802364807965], [70.46384252328177, 27.408033209102758], [70.46384433920026, 27.408042936066007], [70.46384570113914, 27.408045542479282], [70.46384642750652, 27.40804840086617], [70.46472932633716, 27.410099517161125], [70.46473041588644, 27.410101825964905], [70.46473686238625, 27.41011153605381], [70.46474303649866, 27.410121464743657], [70.4647441260479, 27.410122483057346], [70.46474494320982, 27.41012371997226], [70.46475420437828, 27.41013142927906], [70.46476319315929, 27.41013935718668], [70.46476464589155, 27.410140084031905], [70.46476582623652, 27.410141029478396], [70.46477717570718, 27.410146202514383], [70.46478834358608, 27.410151607316475], [70.46478988711405, 27.41015191716372], [70.46479124905046, 27.410152544810494], [70.46480377886549, 27.410154619755417], [70.46481621788443, 27.410157111696982], [70.46481785220807, 27.410157004546065], [70.46481939573596, 27.41015731439297], [70.4648321071418, 27.41015623245705], [70.46484481854733, 27.410155494650322], [70.46484627127937, 27.41015501703717], [70.46484781480717, 27.410154810687573], [70.46485970905059, 27.41015068514697], [70.46487169408948, 27.410146830868204], [70.46487296522994, 27.410145982792763], [70.46487441796191, 27.410145505179113], [70.46488449628981, 27.410138535343563], [70.464894756209, 27.410131849935386], [70.4648957549622, 27.41013070426489], [70.46489702610262, 27.41012985618895], [70.46490447135355, 27.41012069786381], [70.46491218899162, 27.410111751099038], [70.46491282456181, 27.41011046673354], [70.46491373251921, 27.410109307897134], [70.46491799991901, 27.410098656385152], [70.46492263050175, 27.410088143566593], [70.46549782119779, 27.40793028968642], [70.4666868795677, 27.40789938503222], [70.46650628741445, 27.41542540956388], [70.46650628741445, 27.41542790446628], [70.46650783093737, 27.415437247586095], [70.46650864809658, 27.41544674347107], [70.4667650544324, 27.41647620530555], [70.44937499386664, 27.41343944328893], [70.44937217911617, 27.41343894873744], [70.44936990915613, 27.413438877358015], [70.44936772999448, 27.413438389028546], [70.44935565380678, 27.413438614909605], [70.44934357761882, 27.41343832463549], [70.44934139845707, 27.41343886861325], [70.44933912849687, 27.41343888325886], [70.449327597099, 27.41344202705243], [70.44931597490246, 27.413444813563654], [70.44931397733741, 27.41344581402548], [70.44931188897394, 27.41344645720645], [70.44417476244351, 27.415614207716008], [70.44390073012418, 27.415073768434002], [70.44389954973283, 27.41507144648201], [70.44389900493684, 27.415070765223778], [70.44389873253883, 27.415070037491308], [70.44389101459538, 27.41506022862405], [70.4438835690498, 27.415050373282224], [70.4438828426551, 27.415049837704046], [70.44388229785908, 27.415049156445768], [70.44387185593523, 27.415041704825192], [70.44386159560985, 27.415034107523958], [70.44386077841577, 27.415033816831674], [70.44386005202104, 27.41503328125341], [70.44384770331055, 27.415028735639737], [70.44383544539912, 27.415023945139133], [70.44383453740566, 27.415023899332652], [70.44383362941221, 27.415023509434324], [70.44382037270763, 27.415022186884414], [70.44380702520338, 27.415020679104195], [70.44380611720989, 27.415020805343413], [70.44380520921638, 27.415020759536713], [70.44379204331045, 27.415022805061685], [70.44377878660484, 27.415024579333046], [70.44377796941065, 27.41502489080087], [70.4437770614171, 27.415025103062753], [70.44376498510276, 27.415030317582584], [70.44375290878813, 27.41503536005459], [70.44375218239327, 27.415035856751008], [70.44375136519903, 27.41503625424147], [70.43997101129584, 27.41731588557768], [70.43174991603085, 27.413521881181865], [70.43048486950836, 27.412740430821973], [70.4303519359368, 27.4119226877368], [70.43860864633452, 27.40559513280189], [70.43950756788605, 27.405469810390763], [70.43950874828711, 27.40546963766987], [70.43951038268855, 27.405469358813857], [70.4395230946996, 27.40546552677643], [70.43953589751041, 27.405461965996167], [70.43953662391101, 27.405461555308833], [70.4395374411117, 27.405461243829897], [70.43954851872077, 27.405454421682137], [70.43955968712969, 27.40544778476617], [70.44544231898819, 27.400748700119557], [70.44672948507285, 27.400895144263803], [70.44673229983728, 27.40089546669545], [70.44673456980856, 27.400895365950532], [70.44673683977985, 27.40089578138476], [70.44674882522806, 27.400894853713186], [70.44676090147483, 27.400894369365773], [70.44676308064716, 27.40089373926485], [70.44676535061832, 27.400893552489407], [70.44677660967513, 27.400889680419365], [70.44678795953055, 27.400886251673313], [70.44678986630625, 27.400885151893878], [70.44679204547845, 27.400884349732426], [70.44680157935674, 27.40087790450524], [70.4468114764302, 27.40087177007066], [70.44681292921163, 27.400870174260465], [70.44681474518838, 27.400868975274253], [70.44682182749767, 27.400860367660673], [70.44682945459991, 27.40085201116215], [70.44683027178942, 27.400850151058872], [70.44683163377195, 27.400848456042], [70.44683581051834, 27.400838480461566], [70.44684044125887, 27.400828656790445], [70.44684071365538, 27.400826545570403], [70.44684153084486, 27.40082468546664], [70.44717394526974, 27.39943871101074], [70.44773226665468, 27.399225241529585], [70.44773480901776, 27.39922423393152], [70.4477456140607, 27.399217972927506], [70.44775660070077, 27.399211996364198], [70.44775759948622, 27.399211108916443], [70.44775877986902, 27.39921041988024], [70.4477672241459, 27.399201751583632], [70.44777594081869, 27.399193208840853], [70.4477765764094, 27.399192096631452], [70.44777748439614, 27.399191196008434], [70.44778284151786, 27.399180789299752], [70.44778847103555, 27.399170422114285]]]}, "properties": {"polygon_id": "farmforest_250", "source": "farmforest", "raw_class": 5, "core_class": "greenery"}}, {"type": "Feature", "geometry": {"type": "Polygon", "coordinates": [[[75.64372125833957, 29.718135596279488], [75.64388568269649, 29.718348915741966], [75.64388665929849, 29.718350061198986], [75.64388736955448, 29.718350917846006], [75.64389695801007, 29.7183597582388], [75.64390654646505, 29.71836868511775], [75.64390707915697, 29.718369003276553], [75.64390743428493, 29.718369388356482], [75.64391959741663, 29.718375485407122], [75.64393158298338, 29.718381735864785], [75.64393220445719, 29.71838189083236], [75.64393273714902, 29.71838212250405], [75.64394632079004, 29.718385089572198], [75.64395981564785, 29.718388219829986], [75.64396043712154, 29.718388201823384], [75.64396105859522, 29.71838835679083], [75.64397508614333, 29.718387826802147], [75.64398911369013, 29.71838755627271], [75.64398964638174, 29.718387355508966], [75.6439902678553, 29.718387337502193], [75.64400358514519, 29.71838352922608], [75.64401690243388, 29.718379807435007], [75.64401743512538, 29.718379520184044], [75.64401805659882, 29.718379329202985], [75.64402959824794, 29.71837247119265], [75.64404122867803, 29.718365622963127], [75.64405747576588, 29.718352883395735], [75.64483910948533, 29.719304743413964], [75.64520000551477, 29.7205635343213], [75.64520080454558, 29.720565870999867], [75.64520115967039, 29.720566688503787], [75.64520133723278, 29.720567659415], [75.64520701922952, 29.72057831786817], [75.64521252366362, 29.72058912972791], [75.64521314513199, 29.720589890092842], [75.64521358903794, 29.720590630892996], [75.64522255593818, 29.72059957562822], [75.6452312564943, 29.720608663987566], [75.64523214430614, 29.72060910775541], [75.64523285455559, 29.720609791416567], [75.64524421854637, 29.72061623272143], [75.64525558253627, 29.72062276051129], [75.6452565591291, 29.720623041089297], [75.6452573581596, 29.720623561560632], [75.6461670071589, 29.720985841034754], [75.64613620028275, 29.721010122300285], [75.64613406954756, 29.72101187671654], [75.64613051832217, 29.721015723260916], [75.6461262568516, 29.72101914560685], [75.64612155147768, 29.721025719025786], [75.64611604707783, 29.721031858464077], [75.64611391634234, 29.721036466917294], [75.64611089780036, 29.72104071809451], [75.64610850072285, 29.721048151239472], [75.64610512705814, 29.721055390298233], [75.64610459437424, 29.72106034779435], [75.64610308510316, 29.721065197690578], [75.6461031738838, 29.721072904723943], [75.64610228607728, 29.721080677129105], [75.6461033514451, 29.721085551238673], [75.64610344022576, 29.721090577206215], [75.64610601486466, 29.721097952726836], [75.64610761291635, 29.721105566591195], [75.64611027633582, 29.721110097856624], [75.64611187438747, 29.7211148576842], [75.64611675732299, 29.721121363213072], [75.64612084123256, 29.721128299621174], [75.64612474758073, 29.721131929999686], [75.64612785490309, 29.721136077743555], [75.6465960832338, 29.721599857777726], [75.64659803640156, 29.721601716200894], [75.64660167639592, 29.72160427938743], [75.64660460614742, 29.72160736972225], [75.64661295149985, 29.721612267529764], [75.64662076416977, 29.721617712048165], [75.64662502562592, 29.721619305875176], [75.64662884318028, 29.721621542680786], [75.6466384314559, 29.721624155825754], [75.64664766460962, 29.721627594701854], [75.64665228118625, 29.72162801685297], [75.6466567202021, 29.72162928429876], [75.64666675237744, 29.72162952474704], [75.64667669577179, 29.72163053378502], [75.64668131234752, 29.721629831619772], [75.64668592892309, 29.72162999431218], [75.64669560597525, 29.72162777402993], [75.64670554936764, 29.72162627497733], [75.64670972204104, 29.721624572559808], [75.64671416105516, 29.72162350488693], [75.64672277274214, 29.721619005079607], [75.64673182832998, 29.721615246064758], [75.64673529076047, 29.721612514050626], [75.64673928587248, 29.72161044612542], [75.64677257846829, 29.721587044083748], [75.6473671385612, 29.72233838041147], [75.64743931658896, 29.7224429367242], [75.64742395767581, 29.723037733796758], [75.6470575627779, 29.72310910502747], [75.64469457326085, 29.720877655484333], [75.64469324153822, 29.720876384427264], [75.64264654706463, 29.719016952662667], [75.64264557045435, 29.719016066661204], [75.64058544091324, 29.71719230756241], [75.63910140872912, 29.71587759600259], [75.63808552829596, 29.714937501976497], [75.63808357501442, 29.714935643403336], [75.6380769160999, 29.714931363403565], [75.63807096746935, 29.714926296822163], [75.6375849546563, 29.714618622454857], [75.63758264622476, 29.714617243650686], [75.63757350128407, 29.714613294997992], [75.63756480027202, 29.714608703379273], [75.63703856565188, 29.714412486756], [75.63703590206707, 29.714411501230142], [75.6370308412558, 29.714410424416847], [75.63702604680286, 29.71440859857741], [75.63455173296938, 29.713797822192607], [75.63378185306514, 29.71360128158762], [75.63392968523742, 29.71268524584464], [75.63400968324552, 29.712280826694116], [75.63400986082152, 29.712279721927715], [75.63401012718552, 29.712278367486437], [75.63401012718552, 29.712266345640444], [75.6340103935495, 29.712254353161704], [75.63395809740956, 29.711893207133745], [75.63398864048847, 29.71153652334363], [75.63398881806448, 29.711534034754557], [75.63398766382035, 29.71152344238005], [75.63398704230427, 29.71151282225198], [75.63393447979185, 29.711276534831576], [75.63392178310104, 29.711153099385985], [75.63389505789513, 29.710757579853183], [75.63389496910708, 29.710756359218202], [75.633894880319, 29.710755138583202], [75.63389168394853, 29.71074336962531], [75.6338887539422, 29.71073154354519], [75.63388839878992, 29.710730985454383], [75.63388822121378, 29.71073036045298], [75.63388147332017, 29.710719843216104], [75.63387481421432, 29.710709249278672], [75.63387428148584, 29.71070875809836], [75.63387392633352, 29.710708200007467], [75.63386407085628, 29.710699761838715], [75.63385430416643, 29.710691246969308], [75.63385359386169, 29.71069090918847], [75.63385306113314, 29.710690418008053], [75.63384089716388, 29.710684752432932], [75.6338287331936, 29.710678827389614], [75.63381177466403, 29.710673152126656], [75.63375264176538, 29.709549103728836], [75.63378815702268, 29.708299432421576], [75.63381204102838, 29.707606940232516], [75.63454906933929, 29.707575582042647], [75.63487838243915, 29.70759294391691], [75.63515149244441, 29.707625472633836], [75.63528751453246, 29.707698762230326], [75.63624277313957, 29.708940121934575], [75.63624446008576, 29.70894229717386], [75.63849624955185, 29.711689114584924], [75.63849722618987, 29.711690260104497], [75.6400393294757, 29.71350862201996], [75.64137623791005, 29.71517971538619], [75.64137783601349, 29.715181707757193], [75.64137836871464, 29.715182198904287], [75.64137881263225, 29.715182766755383], [75.64262346354698, 29.7166064370512], [75.6426089919552, 29.716617901973322], [75.64260686116856, 29.716619656384644], [75.64259780532498, 29.716629642397965], [75.64258874948086, 29.716639714897017], [75.64258333373068, 29.716651485839], [75.64257791798028, 29.71666317029165], [75.64257649745555, 29.716675900420817], [75.64257507693081, 29.71668845757336], [75.6425777404147, 29.71670094584668], [75.64258049268132, 29.716713530390376], [75.64258706260787, 29.716724805876726], [75.64259372131693, 29.716736177633567], [75.64372125833957, 29.718135596279488]]]}, "properties": {"polygon_id": "farmforest_251", "source": "farmforest", "raw_class": 5, "core_class": "greenery"}}, {"type": "Feature", "geometry": {"type": "Polygon", "coordinates": [[[76.96154750111923, 29.702465047215746], [76.96150521776582, 29.70080762892464], [76.96452057311383, 29.700110104234952], [76.96712833564986, 29.699945663086076], [76.96713123645357, 29.699945431079275], [76.9671338735478, 29.699944912311004], [76.9671365985451, 29.69994483645104], [76.96833778900789, 29.699784376617604], [76.96877149804692, 29.699984306706565], [76.96883241408959, 29.70048773962168], [76.96907757228553, 29.703932715867733], [76.969077748089, 29.70393516457374], [76.96907792389248, 29.70393587671265], [76.96907792389248, 29.703936658167823], [76.9690812641585, 29.703948191754595], [76.96908442862095, 29.703959881485147], [76.96908486812963, 29.70396053306374], [76.96908504393309, 29.703961245202553], [76.96909207607156, 29.703971583631372], [76.96909884450446, 29.703981982619627], [76.96909945981653, 29.70398247805353], [76.96909989932514, 29.703983129632025], [76.96956595336825, 29.70449200059354], [76.96989795645395, 29.708418306912733], [76.97017431734814, 29.71375896000076], [76.97017449315004, 29.713761495371443], [76.97017589956519, 29.71376684484172], [76.97017625116898, 29.71377234969599], [76.9714103742152, 29.719199287958276], [76.97154310322894, 29.720388825657935], [76.97150882223923, 29.721572914831405], [76.9656720355742, 29.71694145366551], [76.96201182587858, 29.707544107149], [76.96383913147402, 29.706958958328915], [76.9638417686394, 29.70695809241883], [76.9638495922297, 29.706954183548437], [76.96385785534702, 29.706951013082406], [76.96386216271644, 29.706947882515287], [76.96386708542418, 29.70694542104895], [76.96387332671408, 29.706939791630276], [76.96388027124752, 29.70693475324719], [76.9638834358449, 29.70693064053808], [76.96388739159153, 29.70692712762559], [76.96389152314897, 29.70692015922196], [76.963896533761, 29.706913712549817], [76.96389829187044, 29.70690893871849], [76.96390092903454, 29.70690459979375], [76.96390268714391, 29.706896960726482], [76.96390541221339, 29.706889504850096], [76.96390558802433, 29.706884573327727], [76.96390673079537, 29.706879738171192], [76.96390593964618, 29.706871931871802], [76.96390620336257, 29.706864143873208], [76.96390470896966, 29.706859306375627], [76.96390426944232, 29.706854400353734], [76.96390101694, 29.706847130185935], [76.96389873139779, 29.706839522257056], [76.96320313342457, 29.705408164168052], [76.96320199064692, 29.705405879626003], [76.96320119949317, 29.705404845691994], [76.9632007599633, 29.70540367314915], [76.96154750111923, 29.702465047215746]]]}, "properties": {"polygon_id": "farmforest_252", "source": "farmforest", "raw_class": 5, "core_class": "greenery"}}, {"type": "Feature", "geometry": {"type": "MultiPolygon", "coordinates": [[[[74.4797713485614, 17.184584199794568], [74.47954517526958, 17.184327506217866], [74.47954347606225, 17.184325619799004], [74.47954025651147, 17.18432308823957], [74.47953766298443, 17.184319992122443], [74.47945556441864, 17.184246145276788], [74.47941880785879, 17.18419601469956], [74.47936505920148, 17.18405960856084], [74.47936407544887, 17.18405725225989], [74.47935906725364, 17.184049057851134], [74.4793546850827, 17.184040561869548], [74.47924611452703, 17.183888550366092], [74.47920408142734, 17.183812759945393], [74.47920282937741, 17.183810557939758], [74.47919943095611, 17.183806434470828], [74.47919692685618, 17.183801855137844], [74.47914747087508, 17.183737141820014], [74.47909855147319, 17.183598747797053], [74.47909765715127, 17.18359639851336], [74.47909595793962, 17.18359337251246], [74.47909488475331, 17.18359004493918], [74.47904140429361, 17.183478556031737], [74.47904033110696, 17.183476280390394], [74.47903872132696, 17.18347396268832], [74.4790376481403, 17.18347142406468], [74.47903120902018, 17.183463555829444], [74.47902530649318, 17.183455291351468], [74.47902307068745, 17.183453538204265], [74.47902128204285, 17.18345138180383], [74.47896332994782, 17.183397836874317], [74.47896145187033, 17.18339611176814], [74.47895554934101, 17.183392230330266], [74.47895027283734, 17.183387696677574], [74.47883875076525, 17.183316365272713], [74.47883651495715, 17.183315050429712], [74.47883383198737, 17.183313875857163], [74.47883141731455, 17.183312108690483], [74.47872633429859, 17.18325741157705], [74.47861606413855, 17.18317697395998], [74.47861400719249, 17.18317549781638], [74.47860738919196, 17.1831721739214], [74.47860121835342, 17.18316809613277], [74.47850436298945, 17.183121582755966], [74.47848441954223, 17.18310161076387], [74.4787707821862, 17.182990988747473], [74.47908576266934, 17.182917673459393], [74.4793806203785, 17.18287363679339], [74.47938312447582, 17.182873219441305], [74.47939001074329, 17.182871041709927], [74.47939707587454, 17.1828696669437], [74.47949571938643, 17.18283681174139], [74.47954249231063, 17.182830133826354], [74.47977868197286, 17.182830062041653], [74.47983904845812, 17.18283812456571], [74.47983949561718, 17.182838247273953], [74.47984164198071, 17.182838503162458], [74.4798538941387, 17.182838148549624], [74.47986605686405, 17.182838049908813], [74.47989726855978, 17.182833571007723], [74.47989986208154, 17.182833160656195], [74.47990630116985, 17.18283112317298], [74.47991300855325, 17.182829983326016], [74.47991891105043, 17.182827202498892], [74.47992508184272, 17.182825231647215], [74.47993071604421, 17.18282155318291], [74.47993679740432, 17.182818698712925], [74.47994162671957, 17.182814431198228], [74.47994699262523, 17.182810819365656], [74.47995128534964, 17.18280580850739], [74.47995629352799, 17.182801467350064], [74.47995969193465, 17.18279603575402], [74.47996389522699, 17.182791193207525], [74.47996648874776, 17.182785260222545], [74.47997006601771, 17.18277966732343], [74.47998258646199, 17.182751369924468], [74.48003839185988, 17.18268570277401], [74.48269977006024, 17.185703850289865], [74.48267195721648, 17.185768644871775], [74.48265165652067, 17.185795631893285], [74.48265022563452, 17.185797711318653], [74.4826479898749, 17.18580200689591], [74.48264503867219, 17.185805895748942], [74.48257814473028, 17.185926361439286], [74.4825768927044, 17.185928630208064], [74.48257528295682, 17.185933325500343], [74.48257277890498, 17.18593777537502], [74.48253709616243, 17.18603140786557], [74.48253629128845, 17.186033799343377], [74.48253548641448, 17.186037593427486], [74.4825340555274, 17.186041250783997], [74.48250642151831, 17.186151556433888], [74.48250570607466, 17.186152113999974], [74.48247243794133, 17.186158711143115], [74.48230752806909, 17.186146311857808], [74.48230493458286, 17.186146196247996], [74.48230251995773, 17.18614635764554], [74.48230010533257, 17.186145993065885], [74.48217973175468, 17.186146025951295], [74.48217713826658, 17.186146085665186], [74.48216908951017, 17.186147383394825], [74.48216095132277, 17.18614788514918], [74.48200042326322, 17.18617913445077], [74.48199782977248, 17.186179632475394], [74.48198674036334, 17.186183760066076], [74.48197547209205, 17.18618761064827], [74.48191922015552, 17.186215724492616], [74.4818576917846, 17.186236324056313], [74.48180922029117, 17.186239274842066], [74.48179687883868, 17.186237518539635], [74.48171308214197, 17.186122248706706], [74.4817115618173, 17.18612020096326], [74.48170887889144, 17.186117623780447], [74.48170682198158, 17.186114569689618], [74.48161765938741, 17.186016499546785], [74.48161596020013, 17.186014700773057], [74.48160692767794, 17.186007593423295], [74.48159816344807, 17.186000244115142], [74.48152679755987, 17.18595564051589], [74.48152456178595, 17.1859543256595], [74.4815145455185, 17.185950121729988], [74.4815047081124, 17.185945493507106], [74.48143012267009, 17.185921939541636], [74.48132799243274, 17.185863002469343], [74.48117631729473, 17.185750302055997], [74.48117417094748, 17.18574881888457], [74.48117077256431, 17.18574706225065], [74.48116782133677, 17.185744639367183], [74.48081546229798, 17.185537751073486], [74.4806635184234, 17.185424854388483], [74.4806613720699, 17.18542337121785], [74.48066038832454, 17.185422855797672], [74.48065958344196, 17.185422091411304], [74.48053348512681, 17.185337957568915], [74.48051309475247, 17.185317687281696], [74.48051130612303, 17.185315881503712], [74.48050844431587, 17.185313816281457], [74.48050602966606, 17.185311260137574], [74.48041337863329, 17.185236322721394], [74.48035685790205, 17.18518779843585], [74.48019614933116, 17.18500540041359], [74.48019445013013, 17.185003513987112], [74.48018890536873, 17.18499904692182], [74.48018416549193, 17.184993941653424], [74.47999242395328, 17.184842335092057], [74.47999036702332, 17.18484077127323], [74.47998562714118, 17.184838208196016], [74.47998142384934, 17.18483489822503], [74.4799443096724, 17.184813229435722], [74.47991882161865, 17.18477932272909], [74.47988161799672, 17.184713027207366], [74.47988036595162, 17.184710912850143], [74.47987821958856, 17.184708202422378], [74.47987669924804, 17.1847051904195], [74.47982312959438, 17.184629459556945], [74.47982268243527, 17.184628898537355], [74.47982160925339, 17.184627411831958], [74.47981302379813, 17.184618936986947], [74.47980461720611, 17.184610213178193], [74.4797713485614, 17.184584199794568]]], [[[74.4773286794969, 17.182152559892092], [74.4773285900638, 17.18215001074924], [74.47732787459908, 17.182146798914562], [74.47732787459908, 17.182143467844725], [74.4773251021732, 17.182134396885587], [74.47732313464513, 17.182125213702246], [74.47732143541634, 17.182122275391116], [74.47732054108538, 17.182119049535896], [74.47728485727653, 17.182043231807675], [74.47728369464603, 17.18204094917897], [74.47727922299026, 17.182034550135437], [74.47727546679931, 17.18202768121828], [74.47727180004141, 17.18202406271964], [74.4772688487484, 17.18201988668757], [74.47726267786287, 17.182014932318978], [74.477257133009, 17.182009413406526], [74.4772036519903, 17.181969280658844], [74.47720150559456, 17.181967709852056], [74.47719131021444, 17.18196244001038], [74.4771812042669, 17.181956738881066], [74.47705635552188, 17.181907768300906], [74.47705394082465, 17.18190687773863], [74.47705054236182, 17.181906173038517], [74.4770473227654, 17.18190478108313], [74.47703757454255, 17.181903403311722], [74.47702800518563, 17.1819013382847], [74.47702451728907, 17.181901503169023], [74.47702102939242, 17.181901054436484], [74.47700314274188, 17.181900967208172], [74.47700054917739, 17.181901026879025], [74.47699911824525, 17.181901177687816], [74.4769976873131, 17.181901065517994], [74.47698606098892, 17.18190330988083], [74.47697434523069, 17.18190510893442], [74.47697309316487, 17.18190571206184], [74.4769716622325, 17.18190603818941], [74.47692354712491, 17.181922077514514], [74.4769077174305, 17.18191645365148], [74.4768638056719, 17.1818818922907], [74.47671311044947, 17.181713957848093], [74.47671132178137, 17.18171206444683], [74.47670586634354, 17.181707692122945], [74.47670103693943, 17.18170266759912], [74.4766252868241, 17.181643870951067], [74.47658039122676, 17.181598888722487], [74.47657860255731, 17.181597170640977], [74.47657708218826, 17.181596087206618], [74.47657583011963, 17.181594674167307], [74.47654014615965, 17.18156347528493], [74.4765381786228, 17.181561830841538], [74.47653084507617, 17.181557311295244], [74.47652395869673, 17.181552125528643], [74.47566119159707, 17.181071705365156], [74.47435464632058, 17.18024513265312], [74.47405969074967, 17.180035648163035], [74.47404198266752, 17.180013484979508], [74.47403590110353, 17.17999538897123], [74.47402427458358, 17.179917426246124], [74.47400656649786, 17.179635708469426], [74.47400638762831, 17.179633152373317], [74.47400540384572, 17.179629218309646], [74.47400531441093, 17.17962517904405], [74.47397857340923, 17.17948247975869], [74.47397803680047, 17.179480070934698], [74.47397794736568, 17.179479800950485], [74.47397794736568, 17.179479625635214], [74.47397347562584, 17.179467879577956], [74.47396900388591, 17.17945613352157], [74.4739689144511, 17.179455951195028], [74.4739688250163, 17.17945576886848], [74.47396104418853, 17.179445691862615], [74.47395335279522, 17.179435621868702], [74.47395317392561, 17.17943552018849], [74.47395308449079, 17.17943533786198], [74.47394271005277, 17.179427774915496], [74.47393233561411, 17.17942012431159], [74.47393215674448, 17.17942002263139], [74.47393197787484, 17.179419920951183], [74.47391981473906, 17.179415373452247], [74.47390765160246, 17.179410825952914], [74.47390738329796, 17.179410804918977], [74.4739072044283, 17.179410703238762], [74.47386704818443, 17.179401769755355], [74.47386445457371, 17.17940121579649], [74.47385908848246, 17.179400970431683], [74.47385372239101, 17.17939976083349], [74.47384585212329, 17.179400195726505], [74.47383798185523, 17.17939975404351], [74.47383261576314, 17.179400911198833], [74.4738272496709, 17.179401191778368], [74.4736399729493, 17.179436912978932], [74.47363737933523, 17.179437410906672], [74.47363666385547, 17.179437705445032], [74.47363594837573, 17.179437737010847], [74.47362432182933, 17.179442260285892], [74.47361260584721, 17.179446513575833], [74.47361197980234, 17.179446990440525], [74.47361126432249, 17.179447197321224], [74.47360142647422, 17.179454665863766], [74.47359140975541, 17.179461857409926], [74.47359096258046, 17.179462435955], [74.47359033653551, 17.179462912819563], [74.47358532817587, 17.179469620433704], [74.4735271059845, 17.179374944061173], [74.4734861447385, 17.179297136325435], [74.473405384874, 17.17909304997075], [74.47333982894345, 17.17882669201374], [74.4733392028976, 17.178824276190113], [74.47333517831716, 17.1788151073025], [74.47333169034736, 17.178805717512272], [74.47332999107999, 17.178803480523765], [74.47332882842336, 17.178800934974966], [74.47332229965909, 17.178793235255853], [74.47331621807025, 17.178785132308292], [74.47329842047813, 17.178767345153705], [74.47329663177531, 17.178765539440064], [74.47329278606416, 17.178762871207198], [74.47328956639896, 17.178759550797015], [74.4732822327169, 17.17875529426263], [74.47327525677514, 17.17875036451678], [74.47327087445261, 17.17874879375827], [74.47326676043545, 17.178746542776903], [74.47324422277447, 17.178737500360974], [74.47324422277447, 17.178735484247316], [74.4732543289482, 17.17868534775642], [74.47341262911584, 17.178304615846614], [74.47366617739272, 17.177928457940272], [74.47366760835197, 17.177926378691236], [74.47367127518503, 17.177918163415107], [74.47367556806263, 17.177910347842978], [74.47387509732091, 17.17738277921578], [74.47400307854139, 17.17710932928936], [74.47400406232398, 17.177107039672368], [74.47400513554138, 17.177103179244618], [74.47400692423699, 17.17709955021383], [74.47411397763686, 17.176774057281406], [74.47411469311467, 17.176771658977557], [74.47411496141886, 17.176769926875536], [74.47411567689666, 17.176768229824813], [74.47422264079569, 17.1763446423677], [74.47422317740373, 17.176342230045705], [74.4742232668384, 17.176341272834144], [74.4742235351424, 17.176340417299194], [74.4742534957545, 17.176190593994924], [74.47427039890353, 17.176143883141282], [74.47982661743544, 17.182445482131374], [74.47982411334443, 17.18244528586945], [74.47981481243468, 17.182445784145305], [74.47980551152443, 17.182445581135468], [74.47965329848097, 17.18246249146902], [74.4795253213724, 17.182455003058774], [74.47936550636177, 17.18239356243699], [74.47936309169624, 17.182392671894668], [74.47935244928117, 17.1823904351875], [74.4793418962975, 17.182387767187056], [74.47926614731995, 17.182378849599846], [74.47926355378885, 17.18237855866045], [74.47925505773843, 17.182378944671665], [74.4792465616876, 17.182378454078048], [74.47919299184191, 17.18238284602403], [74.47919039830974, 17.18238316870647], [74.47918610556674, 17.182384234809504], [74.47918163395934, 17.182384497949315], [74.47909247008407, 17.182402404844165], [74.47908996598261, 17.18240290985527], [74.47908558380495, 17.18240458256814], [74.47908093333061, 17.182405445308138], [74.47897388295421, 17.182441060141716], [74.47897137885104, 17.18244191579203], [74.47896735439947, 17.182444054841742], [74.47896297221877, 17.182445464569145], [74.47879671756814, 17.182524213645987], [74.47872418792143, 17.18255236548048], [74.47860336473207, 17.18258576087359], [74.4784689477184, 17.182611866737282], [74.47846635417554, 17.182612364726236], [74.47845839468171, 17.18261533489723], [74.47845016688994, 17.182617407434602], [74.47832540847855, 17.182669078099263], [74.47820118657452, 17.182706326758144], [74.47812159149989, 17.18272147667843], [74.47807311897611, 17.18272144646155], [74.47802276835147, 17.182711977034018], [74.47786089502002, 17.182636961846114], [74.47733154135582, 17.182223525647544], [74.4773286794969, 17.182152559892092]]]]}, "properties": {"polygon_id": "farmforest_253", "source": "farmforest", "raw_class": 5, "core_class": "greenery"}}, {"type": "Feature", "geometry": {"type": "Polygon", "coordinates": [[[78.9784883297334, 16.498418225929395], [78.97764200329787, 16.498903819486607], [78.97653259607372, 16.49950980112893], [78.97653035274244, 16.499511100049506], [78.97652362274823, 16.499516326115398], [78.97651646134365, 16.49952090895349], [78.97608168543663, 16.49989371123113], [78.97503343518231, 16.5006883205243], [78.97473420419789, 16.50048253012417], [78.97473204710842, 16.500481086365472], [78.97472678380991, 16.500478591589683], [78.97472186564548, 16.50047540616418], [78.97471487667451, 16.500473085685666], [78.97470823283749, 16.500469985937116], [78.97470245183605, 16.500469058857103], [78.97469684340147, 16.50046725473047], [78.97468942301064, 16.500466949626894], [78.97468217518647, 16.50046567885633], [78.97467630789984, 16.50046634236242], [78.97467035432923, 16.500466115087345], [78.97395687231929, 16.500533005616987], [78.9739542837911, 16.500533311361206], [78.97394444738335, 16.5005358911111], [78.97393435212172, 16.500537836783696], [78.97393167730861, 16.500539201390637], [78.97392874364257, 16.500539931920876], [78.97392002892819, 16.50054514117449], [78.97391096907576, 16.500549711772315], [78.9739087256836, 16.50055171961267], [78.97390613715413, 16.500553266037993], [78.97389932069284, 16.50056052566214], [78.97389190024074, 16.500567310135196], [78.97389043340713, 16.500569890903442], [78.97388836258317, 16.500571996520836], [78.97388387579774, 16.500580886308843], [78.97387878502172, 16.500589389566127], [78.97387809474698, 16.500592188782086], [78.9738767141975, 16.500594862749093], [78.97387498851062, 16.500604519393725], [78.97387257254893, 16.50061405078968], [78.97383779995079, 16.500965623064562], [78.97320809450761, 16.501212512271806], [78.9732057648142, 16.501213540700324], [78.97319705003463, 16.501218661290423], [78.97318807639938, 16.501223325041426], [78.97318583299045, 16.501225421491863], [78.97318324444161, 16.501226967904337], [78.97317642792932, 16.501234227499168], [78.97316917999169, 16.501241109717196], [78.97316762686212, 16.501243685901485], [78.97316555602266, 16.501245880130103], [78.97316115548867, 16.50125468586349], [78.97315615095957, 16.501263193682362], [78.97315546067968, 16.50126608151855], [78.97315416640485, 16.501268760060448], [78.97315244070506, 16.501278416708757], [78.97315011101031, 16.501287952683324], [78.9731502835803, 16.501290886310926], [78.97314985215533, 16.50129378788474], [78.97315106014523, 16.501303511603776], [78.97315157785516, 16.501313287310648], [78.97315261327505, 16.501316089489258], [78.97315295841501, 16.501319032275536], [78.97315692752444, 16.501328016324845], [78.97316029263884, 16.501337234181705], [78.9735404635263, 16.5020403193791], [78.96969882228225, 16.505144609746417], [78.96950174012312, 16.50471027071586], [78.9699327489646, 16.50369301329155], [78.96993369813109, 16.503690670929306], [78.96993654563055, 16.503678326607794], [78.9699393931299, 16.503665893666223], [78.96997511629655, 16.503211128930083], [78.96997520258438, 16.50320865214038], [78.96997442599394, 16.50320019197418], [78.96997442599394, 16.503191684417775], [78.96997313167653, 16.503187627784527], [78.9699727865252, 16.503183355682214], [78.96996950758768, 16.50317547162864], [78.96996700524055, 16.503167362944115], [78.96996467546901, 16.503163694440257], [78.96996303600012, 16.50315979672407], [78.96995759986625, 16.503153038829492], [78.96995285403482, 16.50314587448209], [78.96970063433176, 16.502863166916416], [78.96942433953308, 16.5023765077938], [78.96942313149661, 16.5023743167802], [78.96942097428862, 16.502371809514326], [78.96941950738716, 16.502368895798195], [78.96941286318614, 16.502361896557932], [78.96940673671465, 16.5023543930855], [78.96940397548795, 16.502352562710897], [78.96940173199118, 16.502350139484037], [78.96855851867618, 16.501682641117227], [78.96795596008039, 16.500688777293217], [78.96795466573595, 16.500686670338748], [78.96794991980622, 16.500681189849498], [78.96794586419337, 16.500675214298887], [78.96709746075962, 16.499733792537047], [78.96766274747952, 16.499529498913873], [78.9676651635964, 16.499528652388815], [78.9676671482638, 16.49952751710255], [78.96766930551092, 16.49952683407011], [78.96767853852806, 16.499521120988064], [78.96768794412405, 16.49951577154099], [78.96768958363151, 16.49951417483806], [78.96769148200853, 16.499513034970196], [78.96817737901262, 16.499104601811702], [78.97027764094192, 16.498657349620615], [78.97158946175841, 16.498714742757993], [78.97159213663632, 16.498714796095022], [78.9715955018052, 16.498714442971707], [78.97159895326033, 16.498714714759217], [78.9728653701169, 16.498647838945907], [78.97286795867427, 16.498647621827637], [78.97287304950352, 16.49864656267883], [78.97287822661775, 16.498646305680133], [78.97288581971812, 16.498643695547678], [78.97289375795877, 16.498641989919957], [78.97289833107538, 16.498639574012618], [78.97290324933262, 16.49863797399116], [78.97329550111266, 16.498443975035702], [78.97419027099274, 16.498307919856238], [78.9741928595146, 16.498307525477554], [78.97419536175235, 16.49830668342478], [78.97419795027409, 16.49830646628448], [78.9755044546268, 16.497998792826273], [78.97550704311347, 16.497998132567453], [78.97550963160006, 16.49799702921159], [78.97551247893524, 16.497996559923045], [78.9777266449032, 16.49727034640049], [78.97888047256048, 16.49694639554441], [78.98125236347408, 16.49647113904285], [78.98172550952808, 16.496433568349595], [78.98184508983773, 16.496989264925347], [78.98034894486659, 16.497632994347633], [78.97849876964007, 16.498413107914054], [78.97849644007422, 16.49841413642877], [78.97849255746434, 16.498416589122108], [78.9784883297334, 16.498418225929395]]]}, "properties": {"polygon_id": "farmforest_254", "source": "farmforest", "raw_class": 5, "core_class": "greenery"}}]}