{"type": "FeatureCollection", "features": [{"type": "Feature", "geometry": {"type": "Polygon", "coordinates": [[[77.14609134292547, 14.71476143108607], [77.1461091608021, 14.714672296244993], [77.14615374936835, 14.714663365520359], [77.14614032013657, 14.71474812191663], [77.14609134292547, 14.71476143108607]]]}, "properties": {"polygon_id": "gt_binary_0", "source": "gt_binary", "raw_class": 1, "core_class": "non_water"}}, {"type": "Feature", "geometry": {"type": "Polygon", "coordinates": [[[77.02332335284068, 20.533290825890543], [77.02332783382859, 20.533259582537347], [77.02338134208324, 20.53325069631849], [77.02338573520655, 20.533277436833945], [77.02332335284068, 20.533290825890543]]]}, "properties": {"polygon_id": "gt_binary_1", "source": "gt_binary", "raw_class": 1, "core_class": "non_water"}}, {"type": "Feature", "geometry": {"type": "Polygon", "coordinates": [[[78.57279855787733, 19.434238330366544], [78.57280748133572, 19.434158132020222], [78.57290555269024, 19.434171507011374], [78.57288770579007, 19.43423834953186], [78.57279855787733, 19.434238330366544]]]}, "properties": {"polygon_id": "gt_binary_2", "source": "gt_binary", "raw_class": 1, "core_class": "non_water"}}, {"type": "Feature", "geometry": {"type": "Polygon", "coordinates": [[[96.47165693934323, 28.078803263544618], [96.47168369443787, 28.078763145403904], [96.4718397524952, 28.078838933323148], [96.47181747008095, 28.07886123474495], [96.47165693934323, 28.078803263544618]]]}, "properties": {"polygon_id": "gt_binary_3", "source": "gt_binary", "raw_class": 1, "core_class": "non_water"}}, {"type": "Feature", "geometry": {"type": "Polygon", "coordinates": [[[84.8659634927273, 20.904827568661265], [84.86598583869117, 20.904778541907355], [84.86609732980986, 20.904796390610233], [84.86609279700832, 20.90481865433138], [84.8659634927273, 20.904827568661265]]]}, "properties": {"polygon_id": "gt_binary_4", "source": "gt_binary", "raw_class": 1, "core_class": "non_water"}}, {"type": "Feature", "geometry": {"type": "Polygon", "coordinates": [[[73.26719060977987, 23.75128131955875], [73.26731101181998, 23.751201083585737], [73.26726196914339, 23.75135719073497], [73.26719060977987, 23.75128131955875]]]}, "properties": {"polygon_id": "gt_binary_5", "source": "gt_binary", "raw_class": 1, "core_class": "non_water"}}, {"type": "Feature", "geometry": {"type": "Polygon", "coordinates": [[[84.54714674559297, 24.874252438057614], [84.54722255340685, 24.874225685215773], [84.54725374013704, 24.874288106366922], [84.54717793236382, 24.874319372110293], [84.54714674559297, 24.874252438057614]]]}, "properties": {"polygon_id": "gt_binary_6", "source": "gt_binary", "raw_class": 1, "core_class": "non_water"}}, {"type": "Feature", "geometry": {"type": "Polygon", "coordinates": [[[83.3983931079128, 23.341944843212588], [83.39842880006516, 23.341940378046328], [83.39843320046614, 23.341984960743073], [83.3983931079128, 23.341989421485604], [83.3983931079128, 23.341944843212588]]]}, "properties": {"polygon_id": "gt_binary_7", "source": "gt_binary", "raw_class": 1, "core_class": "non_water"}}, {"type": "Feature", "geometry": {"type": "Polygon", "coordinates": [[[91.6626546372541, 26.490351065273266], [91.66269036238839, 26.490319871893412], [91.66275277026631, 26.4904223766212], [91.66270815084799, 26.49045367307461], [91.6626546372541, 26.490351065273266]]]}, "properties": {"polygon_id": "gt_binary_8", "source": "gt_binary", "raw_class": 1, "core_class": "non_water"}}, {"type": "Feature", "geometry": {"type": "Polygon", "coordinates": [[[81.54276052337501, 21.543839024504965], [81.54285862716358, 21.543839042824686], [81.54285862716358, 21.543923790437717], [81.54276939624853, 21.543892543903297], [81.54276052337501, 21.543839024504965]]]}, "properties": {"polygon_id": "gt_binary_9", "source": "gt_binary", "raw_class": 1, "core_class": "non_water"}}, {"type": "Feature", "geometry": {"type": "Polygon", "coordinates": [[[91.33412144698316, 26.59881870658157], [91.33423295104657, 26.5987518123071], [91.33423295104657, 26.598783030261792], [91.3341660927041, 26.59885886463783], [91.33412144698316, 26.59881870658157]]]}, "properties": {"polygon_id": "gt_binary_10", "source": "gt_binary", "raw_class": 1, "core_class": "non_water"}}, {"type": "Feature", "geometry": {"type": "Polygon", "coordinates": [[[87.18229258739599, 21.600786243681082], [87.18234163024428, 21.60077734415062], [87.18237288077688, 21.6008664928487], [87.18231045572647, 21.600884347299438], [87.18229258739599, 21.600786243681082]]]}, "properties": {"polygon_id": "gt_binary_11", "source": "gt_binary", "raw_class": 1, "core_class": "non_water"}}, {"type": "Feature", "geometry": {"type": "Polygon", "coordinates": [[[75.93647989829581, 19.094896314794326], [75.93648432832242, 19.094816045008134], [75.93654679168272, 19.094838352690484], [75.93653784303282, 19.094905236172995], [75.93647989829581, 19.094896314794326]]]}, "properties": {"polygon_id": "gt_binary_12", "source": "gt_binary", "raw_class": 1, "core_class": "non_water"}}, {"type": "Feature", "geometry": {"type": "Polygon", "coordinates": [[[82.74905880354787, 21.069493287697636], [82.74906769182726, 21.06942638748408], [82.74917476258247, 21.069435298069852], [82.74915690375192, 21.069511129668438], [82.74905880354787, 21.069493287697636]]]}, "properties": {"polygon_id": "gt_binary_13", "source": "gt_binary", "raw_class": 1, "core_class": "non_water"}}, {"type": "Feature", "geometry": {"type": "Polygon", "coordinates": [[[87.07815478939655, 24.927280054472607], [87.07824844210535, 24.927266685604476], [87.07825735777267, 24.927297884271326], [87.07817262076456, 24.92733801970329], [87.07815478939655, 24.927280054472607]]]}, "properties": {"polygon_id": "gt_binary_14", "source": "gt_binary", "raw_class": 1, "core_class": "non_water"}}, {"type": "Feature", "geometry": {"type": "Polygon", "coordinates": [[[82.74727964272837, 21.069127604447218], [82.74728408698533, 21.069051833596117], [82.74738663401841, 21.069074116506847], [82.74733758264803, 21.069149882032594], [82.74727964272837, 21.069127604447218]]]}, "properties": {"polygon_id": "gt_binary_15", "source": "gt_binary", "raw_class": 1, "core_class": "non_water"}}, {"type": "Feature", "geometry": {"type": "Polygon", "coordinates": [[[86.8278208227208, 21.040794525978843], [86.8278252655145, 21.040723193461016], [86.82794123760644, 21.040709810325083], [86.82793227544012, 21.04078114978189], [86.8278208227208, 21.040794525978843]]]}, "properties": {"polygon_id": "gt_binary_16", "source": "gt_binary", "raw_class": 1, "core_class": "non_water"}}, {"type": "Feature", "geometry": {"type": "Polygon", "coordinates": [[[77.25191466617763, 13.282034469072581], [77.25200832379458, 13.28199430091866], [77.25200385138199, 13.282029999501455], [77.25191913859362, 13.282061207154065], [77.25191466617763, 13.282034469072581]]]}, "properties": {"polygon_id": "gt_binary_17", "source": "gt_binary", "raw_class": 1, "core_class": "non_water"}}, {"type": "Feature", "geometry": {"type": "Polygon", "coordinates": [[[75.74620554204824, 18.740313043226756], [75.74625460385204, 18.740206067116247], [75.74629922967351, 18.740223860292943], [75.74625912853836, 18.740321966289137], [75.74620554204824, 18.740313043226756]]]}, "properties": {"polygon_id": "gt_binary_18", "source": "gt_binary", "raw_class": 1, "core_class": "non_water"}}, {"type": "Feature", "geometry": {"type": "Polygon", "coordinates": [[[81.54305031423053, 21.543651755081648], [81.54307710015725, 21.54359381908832], [81.5431261518608, 21.543593783000592], [81.54311275890737, 21.543656280028376], [81.54305031423053, 21.543651755081648]]]}, "properties": {"polygon_id": "gt_binary_19", "source": "gt_binary", "raw_class": 1, "core_class": "non_water"}}, {"type": "Feature", "geometry": {"type": "Polygon", "coordinates": [[[75.07676076231367, 15.671809414363727], [75.07678304055588, 15.671724654209074], [75.07684996437676, 15.67172467273538], [75.07684550873044, 15.671796022704658], [75.07676076231367, 15.671809414363727]]]}, "properties": {"polygon_id": "gt_binary_20", "source": "gt_binary", "raw_class": 1, "core_class": "non_water"}}, {"type": "Feature", "geometry": {"type": "Polygon", "coordinates": [[[75.74666484149893, 18.739581753648583], [75.74669163466098, 18.739501478816262], [75.74674956820287, 18.739546066433032], [75.7467094671932, 18.7396040623321], [75.74666484149893, 18.739581753648583]]]}, "properties": {"polygon_id": "gt_binary_21", "source": "gt_binary", "raw_class": 1, "core_class": "non_water"}}, {"type": "Feature", "geometry": {"type": "Polygon", "coordinates": [[[77.88445155567024, 22.065464673274274], [77.8845005654426, 22.06546466675885], [77.88450510015352, 22.065504830888425], [77.88445155567024, 22.06550933121782], [77.88445155567024, 22.065464673274274]]]}, "properties": {"polygon_id": "gt_binary_22", "source": "gt_binary", "raw_class": 1, "core_class": "non_water"}}, {"type": "Feature", "geometry": {"type": "Polygon", "coordinates": [[[86.82956435824384, 21.038230514148786], [86.82960893776234, 21.03818591210971], [86.82972934821609, 21.038230486982], [86.82968024958747, 21.03827509604599], [86.82956435824384, 21.038230514148786]]]}, "properties": {"polygon_id": "gt_binary_23", "source": "gt_binary", "raw_class": 1, "core_class": "non_water"}}, {"type": "Feature", "geometry": {"type": "Polygon", "coordinates": [[[76.33855255622139, 19.920552339224123], [76.33861942902512, 19.920534507262825], [76.33863285658533, 19.920574691749387], [76.33855255622139, 19.920592545669084], [76.33855255622139, 19.920552339224123]]]}, "properties": {"polygon_id": "gt_binary_24", "source": "gt_binary", "raw_class": 1, "core_class": "non_water"}}, {"type": "Feature", "geometry": {"type": "Polygon", "coordinates": [[[74.15707117618354, 25.70403319011485], [74.15708900491693, 25.70400194787019], [74.15714249110688, 25.704042153705497], [74.15712466237859, 25.704077790070485], [74.15707117618354, 25.70403319011485]]]}, "properties": {"polygon_id": "gt_binary_25", "source": "gt_binary", "raw_class": 1, "core_class": "non_water"}}, {"type": "Feature", "geometry": {"type": "Polygon", "coordinates": [[[83.41522178189528, 20.925098658028347], [83.41522618113886, 20.925013924438314], [83.41528866665847, 20.92500058102354], [83.41530202730922, 20.92509423537473], [83.41522178189528, 20.925098658028347]]]}, "properties": {"polygon_id": "gt_binary_26", "source": "gt_binary", "raw_class": 1, "core_class": "non_water"}}, {"type": "Feature", "geometry": {"type": "Polygon", "coordinates": [[[77.18824317316032, 18.084080564755155], [77.18824764798683, 18.08403595136174], [77.18830117040856, 18.084035903657384], [77.18830564523289, 18.08409833748378], [77.18824317316032, 18.084080564755155]]]}, "properties": {"polygon_id": "gt_binary_27", "source": "gt_binary", "raw_class": 1, "core_class": "non_water"}}, {"type": "Feature", "geometry": {"type": "Polygon", "coordinates": [[[85.6400991521754, 23.829529691360992], [85.6402061817962, 23.829480617875042], [85.6402284502031, 23.82955199607978], [85.64010809092119, 23.829596526840483], [85.6400991521754, 23.829529691360992]]]}, "properties": {"polygon_id": "gt_binary_28", "source": "gt_binary", "raw_class": 1, "core_class": "non_water"}}, {"type": "Feature", "geometry": {"type": "Polygon", "coordinates": [[[79.65463887162207, 19.905337932605853], [79.65471022353923, 19.90528887438001], [79.6547548505799, 19.905369125061515], [79.65465223405023, 19.905409265168174], [79.65463887162207, 19.905337932605853]]]}, "properties": {"polygon_id": "gt_binary_29", "source": "gt_binary", "raw_class": 1, "core_class": "non_water"}}, {"type": "Feature", "geometry": {"type": "Polygon", "coordinates": [[[77.28488086953227, 23.66636666899208], [77.28492540579471, 23.666331022296845], [77.28496108739434, 23.666393484760782], [77.28489866650531, 23.66641578301689], [77.28488086953227, 23.66636666899208]]]}, "properties": {"polygon_id": "gt_binary_30", "source": "gt_binary", "raw_class": 1, "core_class": "non_water"}}, {"type": "Feature", "geometry": {"type": "Polygon", "coordinates": [[[93.89905878577366, 24.23196356629525], [93.89910339850351, 24.231954640956612], [93.89916580975681, 24.232043780070683], [93.89914358108258, 24.232061642181137], [93.89905878577366, 24.23196356629525]]]}, "properties": {"polygon_id": "gt_binary_31", "source": "gt_binary", "raw_class": 1, "core_class": "non_water"}}, {"type": "Feature", "geometry": {"type": "Polygon", "coordinates": [[[92.607894866201, 24.884026779999182], [92.6079483833822, 24.883986671902797], [92.60803755358886, 24.884084739389415], [92.60796178161117, 24.884102614588553], [92.607894866201, 24.884026779999182]]]}, "properties": {"polygon_id": "gt_binary_32", "source": "gt_binary", "raw_class": 1, "core_class": "non_water"}}, {"type": "Feature", "geometry": {"type": "Polygon", "coordinates": [[[85.15551971147592, 24.311955316278997], [85.15552414179737, 24.311897387032996], [85.15557770119126, 24.311897371579615], [85.15557319176129, 24.311959820910335], [85.15551971147592, 24.311955316278997]]]}, "properties": {"polygon_id": "gt_binary_33", "source": "gt_binary", "raw_class": 1, "core_class": "non_water"}}, {"type": "Feature", "geometry": {"type": "Polygon", "coordinates": [[[92.17027429353409, 26.509248782220933], [92.17030098487905, 26.509150668359116], [92.17036793823817, 26.509155143204772], [92.1703500939961, 26.50924871451761], [92.17027429353409, 26.509248782220933]]]}, "properties": {"polygon_id": "gt_binary_34", "source": "gt_binary", "raw_class": 1, "core_class": "non_water"}}, {"type": "Feature", "geometry": {"type": "Polygon", "coordinates": [[[93.8175865767654, 24.30756755856733], [93.8176401200966, 24.307527466979543], [93.81768023883227, 24.30759436790511], [93.8176401200966, 24.307643358553356], [93.8175865767654, 24.30756755856733]]]}, "properties": {"polygon_id": "gt_binary_35", "source": "gt_binary", "raw_class": 1, "core_class": "non_water"}}, {"type": "Feature", "geometry": {"type": "Polygon", "coordinates": [[[73.78919528630502, 22.336167808163776], [73.78922652383503, 22.336118797281806], [73.78926215974687, 22.336136572124175], [73.78923541037283, 22.336190104908876], [73.78919528630502, 22.336167808163776]]]}, "properties": {"polygon_id": "gt_binary_36", "source": "gt_binary", "raw_class": 1, "core_class": "non_water"}}, {"type": "Feature", "geometry": {"type": "Polygon", "coordinates": [[[78.1159681028464, 13.575376420587183], [78.11608844961239, 13.575322924340597], [78.11603945813987, 13.575465591264976], [78.1159681028464, 13.575376420587183]]]}, "properties": {"polygon_id": "gt_binary_37", "source": "gt_binary", "raw_class": 1, "core_class": "non_water"}}, {"type": "Feature", "geometry": {"type": "Polygon", "coordinates": [[[76.79522244446625, 14.883904092558728], [76.79523582438257, 14.883837161054391], [76.79530272394265, 14.883846118568322], [76.7952893440335, 14.883913050095083], [76.79522244446625, 14.883904092558728]]]}, "properties": {"polygon_id": "gt_binary_38", "source": "gt_binary", "raw_class": 1, "core_class": "non_water"}}, {"type": "Feature", "geometry": {"type": "Polygon", "coordinates": [[[93.81694002607314, 24.30755866237812], [93.81701133869193, 24.30750961546056], [93.81711834660597, 24.307518526308577], [93.8170871521075, 24.307576528584057], [93.81694002607314, 24.30755866237812]]]}, "properties": {"polygon_id": "gt_binary_39", "source": "gt_binary", "raw_class": 1, "core_class": "non_water"}}, {"type": "Feature", "geometry": {"type": "Polygon", "coordinates": [[[75.6573134314706, 13.053175594427149], [75.65736687330768, 13.05314876416826], [75.65735799592747, 13.053242490519596], [75.65732674754479, 13.053242447335002], [75.6573134314706, 13.053175594427149]]]}, "properties": {"polygon_id": "gt_binary_40", "source": "gt_binary", "raw_class": 1, "core_class": "non_water"}}, {"type": "Feature", "geometry": {"type": "Polygon", "coordinates": [[[78.94761716965341, 11.50741035610318], [78.94762165765677, 11.507347929088484], [78.94774645859019, 11.507343471190289], [78.94774205690025, 11.507410342337314], [78.94761716965341, 11.50741035610318]]]}, "properties": {"polygon_id": "gt_binary_41", "source": "gt_binary", "raw_class": 1, "core_class": "non_water"}}, {"type": "Feature", "geometry": {"type": "Polygon", "coordinates": [[[75.82039610890294, 14.32087568843463], [75.82043627794823, 14.320737503059082], [75.82047192464118, 14.32076418087639], [75.82045853496403, 14.320848971051499], [75.82039610890294, 14.32087568843463]]]}, "properties": {"polygon_id": "gt_binary_42", "source": "gt_binary", "raw_class": 1, "core_class": "non_water"}}, {"type": "Feature", "geometry": {"type": "Polygon", "coordinates": [[[75.37582377558628, 15.183109795401172], [75.37589510693472, 15.183047328003385], [75.37594856095319, 15.183118721496248], [75.37589955402515, 15.183176657596627], [75.37582377558628, 15.183109795401172]]]}, "properties": {"polygon_id": "gt_binary_43", "source": "gt_binary", "raw_class": 1, "core_class": "non_water"}}, {"type": "Feature", "geometry": {"type": "Polygon", "coordinates": [[[75.37634541865249, 15.180501191121007], [75.37641230268089, 15.180465490342739], [75.37643462699765, 15.180523518294098], [75.37638562022627, 15.180559179799285], [75.37634541865249, 15.180501191121007]]]}, "properties": {"polygon_id": "gt_binary_44", "source": "gt_binary", "raw_class": 1, "core_class": "non_water"}}, {"type": "Feature", "geometry": {"type": "Polygon", "coordinates": [[[90.4436657296739, 26.32332648953415], [90.44377274200043, 26.323313187696225], [90.44377720385222, 26.32340235949942], [90.44367019151359, 26.323402328551737], [90.4436657296739, 26.32332648953415]]]}, "properties": {"polygon_id": "gt_binary_45", "source": "gt_binary", "raw_class": 1, "core_class": "non_water"}}, {"type": "Feature", "geometry": {"type": "Polygon", "coordinates": [[[90.44157440574799, 26.324468087318362], [90.44162348341368, 26.324445775811576], [90.44166809952631, 26.324552751363562], [90.44161902180518, 26.324592899896817], [90.44157440574799, 26.324468087318362]]]}, "properties": {"polygon_id": "gt_binary_46", "source": "gt_binary", "raw_class": 1, "core_class": "non_water"}}, {"type": "Feature", "geometry": {"type": "Polygon", "coordinates": [[[77.83253420730931, 10.464417685956777], [77.83254319379114, 10.464337466728324], [77.83259222681498, 10.464332956864952], [77.83258777719983, 10.464413266629052], [77.83253420730931, 10.464417685956777]]]}, "properties": {"polygon_id": "gt_binary_47", "source": "gt_binary", "raw_class": 1, "core_class": "non_water"}}, {"type": "Feature", "geometry": {"type": "Polygon", "coordinates": [[[81.60413108118222, 19.021111532922106], [81.60423813748793, 19.021067007263067], [81.60431834597891, 19.02115612746541], [81.60420694062718, 19.021240852472097], [81.60413108118222, 19.021111532922106]]]}, "properties": {"polygon_id": "gt_binary_48", "source": "gt_binary", "raw_class": 1, "core_class": "non_water"}}, {"type": "Feature", "geometry": {"type": "Polygon", "coordinates": [[[84.07437940814982, 24.651413354885932], [84.07446412580967, 24.651368759716693], [84.07451764860869, 24.651547144682013], [84.0744284976551, 24.651582810131362], [84.07437940814982, 24.651413354885932]]]}, "properties": {"polygon_id": "gt_binary_49", "source": "gt_binary", "raw_class": 1, "core_class": "non_water"}}, {"type": "Feature", "geometry": {"type": "Polygon", "coordinates": [[[86.04749153534284, 25.622025840564902], [86.04766099042845, 25.62196791088353], [86.04768775463353, 25.62205258950639], [86.04752273441555, 25.6221284041262], [86.04749153534284, 25.622025840564902]]]}, "properties": {"polygon_id": "gt_binary_50", "source": "gt_binary", "raw_class": 1, "core_class": "non_water"}}, {"type": "Feature", "geometry": {"type": "Polygon", "coordinates": [[[74.4515189915465, 19.642197464377475], [74.45154573595536, 19.64209486593238], [74.45183554133027, 19.642139475753986], [74.45185790283635, 19.6422643339106], [74.4515189915465, 19.642197464377475]]]}, "properties": {"polygon_id": "gt_binary_51", "source": "gt_binary", "raw_class": 1, "core_class": "non_water"}}, {"type": "Feature", "geometry": {"type": "Polygon", "coordinates": [[[92.96376681103766, 23.71822161184655], [92.9638471227709, 23.71806106555591], [92.96390058773171, 23.718123452589573], [92.96383369933791, 23.718203736546954], [92.96376681103766, 23.71822161184655]]]}, "properties": {"polygon_id": "gt_binary_52", "source": "gt_binary", "raw_class": 1, "core_class": "non_water"}}, {"type": "Feature", "geometry": {"type": "Polygon", "coordinates": [[[92.9623934478881, 23.716857109608355], [92.96244248772125, 23.716794673328668], [92.96254949082883, 23.716879444101853], [92.96244691122344, 23.71695968216792], [92.9623934478881, 23.716857109608355]]]}, "properties": {"polygon_id": "gt_binary_53", "source": "gt_binary", "raw_class": 1, "core_class": "non_water"}}, {"type": "Feature", "geometry": {"type": "Polygon", "coordinates": [[[84.6989746086499, 25.09612836174826], [84.69915302300228, 25.09608383899833], [84.699255589071, 25.096146223931967], [84.69920653922429, 25.096271137360755], [84.6989746086499, 25.09612836174826]]]}, "properties": {"polygon_id": "gt_binary_54", "source": "gt_binary", "raw_class": 1, "core_class": "non_water"}}, {"type": "Feature", "geometry": {"type": "Polygon", "coordinates": [[[84.69938487310033, 25.09582515585031], [84.69951415683853, 25.09575380200886], [84.69955881987599, 25.095838571629645], [84.69946072065878, 25.095932237227125], [84.69938487310033, 25.09582515585031]]]}, "properties": {"polygon_id": "gt_binary_55", "source": "gt_binary", "raw_class": 1, "core_class": "non_water"}}, {"type": "Feature", "geometry": {"type": "Polygon", "coordinates": [[[85.23020075016899, 21.13111362351468], [85.2305039740316, 21.13104673091486], [85.23053067787693, 21.13116706803105], [85.23023638182468, 21.13123847565854], [85.23020075016899, 21.13111362351468]]]}, "properties": {"polygon_id": "gt_binary_56", "source": "gt_binary", "raw_class": 1, "core_class": "non_water"}}, {"type": "Feature", "geometry": {"type": "Polygon", "coordinates": [[[77.8695314174384, 24.952803943698235], [77.86968300210559, 24.952723748566093], [77.86973655383073, 24.95285751470617], [77.8695314174384, 24.952803943698235]]]}, "properties": {"polygon_id": "gt_binary_57", "source": "gt_binary", "raw_class": 1, "core_class": "non_water"}}, {"type": "Feature", "geometry": {"type": "Polygon", "coordinates": [[[81.09259640326759, 20.617358289203924], [81.09269895794279, 20.61730031736458], [81.09273465838933, 20.617402833162704], [81.09263656632142, 20.617443010137155], [81.09259640326759, 20.617358289203924]]]}, "properties": {"polygon_id": "gt_binary_58", "source": "gt_binary", "raw_class": 1, "core_class": "non_water"}}, {"type": "Feature", "geometry": {"type": "Polygon", "coordinates": [[[91.66430009932877, 26.49269658808453], [91.66455426208488, 26.49252264467891], [91.66459880928323, 26.492634174466712], [91.66434464626572, 26.492830347188445], [91.66430009932877, 26.49269658808453]]]}, "properties": {"polygon_id": "gt_binary_59", "source": "gt_binary", "raw_class": 1, "core_class": "non_water"}}, {"type": "Feature", "geometry": {"type": "Polygon", "coordinates": [[[86.61764108338626, 21.115680618565445], [86.61782394400012, 21.115564694116262], [86.61788633339413, 21.115680674582073], [86.61772585940503, 21.115805492618772], [86.61764108338626, 21.115680618565445]]]}, "properties": {"polygon_id": "gt_binary_60", "source": "gt_binary", "raw_class": 1, "core_class": "non_water"}}, {"type": "Feature", "geometry": {"type": "Polygon", "coordinates": [[[76.20253664351661, 23.066216290645617], [76.20254106497602, 23.06598439144131], [76.20270607373806, 23.065997841373772], [76.20273728919929, 23.066207352278838], [76.20253664351661, 23.066216290645617]]]}, "properties": {"polygon_id": "gt_binary_61", "source": "gt_binary", "raw_class": 1, "core_class": "non_water"}}, {"type": "Feature", "geometry": {"type": "Polygon", "coordinates": [[[75.07756340085788, 15.671738032673275], [75.07757676773622, 15.671582041727927], [75.07776853776062, 15.67159088747739], [75.07775962651925, 15.67175145902133], [75.07756340085788, 15.671738032673275]]]}, "properties": {"polygon_id": "gt_binary_62", "source": "gt_binary", "raw_class": 1, "core_class": "non_water"}}, {"type": "Feature", "geometry": {"type": "Polygon", "coordinates": [[[82.02092325208893, 19.183396038028455], [82.02103918198193, 19.183373788062898], [82.02103918198193, 19.183507550678467], [82.02092325208893, 19.18351646939928], [82.02092325208893, 19.183396038028455]]]}, "properties": {"polygon_id": "gt_binary_63", "source": "gt_binary", "raw_class": 1, "core_class": "non_water"}}, {"type": "Feature", "geometry": {"type": "Polygon", "coordinates": [[[87.0780522207997, 24.928006908138986], [87.07834651435415, 24.92792663030268], [87.07836876537242, 24.92803813815394], [87.07809230335342, 24.928118402055432], [87.0780522207997, 24.928006908138986]]]}, "properties": {"polygon_id": "gt_binary_64", "source": "gt_binary", "raw_class": 1, "core_class": "non_water"}}, {"type": "Feature", "geometry": {"type": "Polygon", "coordinates": [[[81.39133387442564, 20.625001155897174], [81.39138294077624, 20.624764806292326], [81.39158356730306, 20.62507692460437], [81.39133387442564, 20.625001155897174]]]}, "properties": {"polygon_id": "gt_binary_65", "source": "gt_binary", "raw_class": 1, "core_class": "non_water"}}, {"type": "Feature", "geometry": {"type": "Polygon", "coordinates": [[[77.5925365194316, 13.175912285773375], [77.59275948020155, 13.175818660997516], [77.5927906946742, 13.17589895717079], [77.5925677339659, 13.176005969803919], [77.5925365194316, 13.175912285773375]]]}, "properties": {"polygon_id": "gt_binary_66", "source": "gt_binary", "raw_class": 1, "core_class": "non_water"}}, {"type": "Feature", "geometry": {"type": "Polygon", "coordinates": [[[84.65207829799502, 20.591513280613842], [84.65217639823044, 20.59146427657304], [84.65225214842002, 20.59160692207875], [84.65210056812008, 20.591647117346007], [84.65207829799502, 20.591513280613842]]]}, "properties": {"polygon_id": "gt_binary_67", "source": "gt_binary", "raw_class": 1, "core_class": "non_water"}}, {"type": "Feature", "geometry": {"type": "Polygon", "coordinates": [[[75.14227388255091, 30.164440790622404], [75.1425102013708, 30.164413970206088], [75.14253247037061, 30.16456114653056], [75.14227388255091, 30.164440790622404]]]}, "properties": {"polygon_id": "gt_binary_68", "source": "gt_binary", "raw_class": 1, "core_class": "non_water"}}, {"type": "Feature", "geometry": {"type": "Polygon", "coordinates": [[[84.48942363436973, 25.581880564273717], [84.4895573900321, 25.58182705764523], [84.48964215782466, 25.582005479452125], [84.48949055226186, 25.58208127808167], [84.48942363436973, 25.581880564273717]]]}, "properties": {"polygon_id": "gt_binary_69", "source": "gt_binary", "raw_class": 1, "core_class": "non_water"}}, {"type": "Feature", "geometry": {"type": "Polygon", "coordinates": [[[92.6069585147301, 24.884115983361937], [92.60712791952571, 24.88401785453432], [92.60717696982294, 24.884124944014545], [92.60702535309902, 24.8841962532208], [92.6069585147301, 24.884115983361937]]]}, "properties": {"polygon_id": "gt_binary_70", "source": "gt_binary", "raw_class": 1, "core_class": "non_water"}}, {"type": "Feature", "geometry": {"type": "Polygon", "coordinates": [[[79.85232865990606, 21.486334512399715], [79.85236882930455, 21.48628542988219], [79.85280129018129, 21.48663773650937], [79.85277009495182, 21.4866956406485], [79.85232865990606, 21.486334512399715]]]}, "properties": {"polygon_id": "gt_binary_71", "source": "gt_binary", "raw_class": 1, "core_class": "non_water"}}, {"type": "Feature", "geometry": {"type": "Polygon", "coordinates": [[[84.22384850045918, 25.47585210520195], [84.2240402692504, 25.475834242603945], [84.22412051445683, 25.476012638414318], [84.22386635066201, 25.476008148435344], [84.22384850045918, 25.47585210520195]]]}, "properties": {"polygon_id": "gt_binary_72", "source": "gt_binary", "raw_class": 1, "core_class": "non_water"}}, {"type": "Feature", "geometry": {"type": "Polygon", "coordinates": [[[93.34980902122312, 26.83197173496786], [93.34984023392207, 26.831869187687424], [93.35005872336845, 26.831887020405485], [93.35005872336845, 26.831994039091846], [93.34980902122312, 26.83197173496786]]]}, "properties": {"polygon_id": "gt_binary_73", "source": "gt_binary", "raw_class": 1, "core_class": "non_water"}}, {"type": "Feature", "geometry": {"type": "Polygon", "coordinates": [[[93.86009077355486, 24.691522993025387], [93.86044297871253, 24.69138472158812], [93.86046526829348, 24.69148726246776], [93.86010855849817, 24.691634422846917], [93.86009077355486, 24.691522993025387]]]}, "properties": {"polygon_id": "gt_binary_74", "source": "gt_binary", "raw_class": 1, "core_class": "non_water"}}, {"type": "Feature", "geometry": {"type": "Polygon", "coordinates": [[[90.43580878024724, 26.262638159280428], [90.43585785074703, 26.26252222102285], [90.43595599192963, 26.262553462910816], [90.43592922612837, 26.262664918504118], [90.43580878024724, 26.262638159280428]]]}, "properties": {"polygon_id": "gt_binary_75", "source": "gt_binary", "raw_class": 1, "core_class": "non_water"}}, {"type": "Feature", "geometry": {"type": "Polygon", "coordinates": [[[96.02429316779205, 27.444077022635025], [96.02429760838375, 27.443858460595024], [96.02440458637278, 27.4438139362882], [96.02446255641063, 27.44402792955643], [96.02429316779205, 27.444077022635025]]]}, "properties": {"polygon_id": "gt_binary_76", "source": "gt_binary", "raw_class": 1, "core_class": "non_water"}}, {"type": "Feature", "geometry": {"type": "Polygon", "coordinates": [[[78.5575083100546, 13.420462835437107], [78.55752607302347, 13.42035576929736], [78.5576375897373, 13.420382562045399], [78.55762424586348, 13.42048063061257], [78.5575083100546, 13.420462835437107]]]}, "properties": {"polygon_id": "gt_binary_77", "source": "gt_binary", "raw_class": 1, "core_class": "non_water"}}, {"type": "Feature", "geometry": {"type": "Polygon", "coordinates": [[[76.20289336639708, 23.066416969152765], [76.2030850802377, 23.066421390811072], [76.20309401154928, 23.06660427611524], [76.20292007193918, 23.066617625825796], [76.20289336639708, 23.066416969152765]]]}, "properties": {"polygon_id": "gt_binary_78", "source": "gt_binary", "raw_class": 1, "core_class": "non_water"}}, {"type": "Feature", "geometry": {"type": "Polygon", "coordinates": [[[75.6567961454338, 13.05321122488204], [75.65692096183102, 13.053171091232356], [75.65695221030064, 13.053304885179054], [75.65683183263651, 13.05335838642262], [75.6567961454338, 13.05321122488204]]]}, "properties": {"polygon_id": "gt_binary_79", "source": "gt_binary", "raw_class": 1, "core_class": "non_water"}}, {"type": "Feature", "geometry": {"type": "Polygon", "coordinates": [[[78.96648367523845, 14.883614224191819], [78.9665148262634, 14.883386815533886], [78.96664866337838, 14.883346667331788], [78.96661293898283, 14.883649896809812], [78.96648367523845, 14.883614224191819]]]}, "properties": {"polygon_id": "gt_binary_80", "source": "gt_binary", "raw_class": 1, "core_class": "non_water"}}, {"type": "Feature", "geometry": {"type": "Polygon", "coordinates": [[[78.55712029671672, 13.420922093712239], [78.55728527621878, 13.420828437458784], [78.5573655996499, 13.420917594711007], [78.55722288904377, 13.421020166472944], [78.55712029671672, 13.420922093712239]]]}, "properties": {"polygon_id": "gt_binary_81", "source": "gt_binary", "raw_class": 1, "core_class": "non_water"}}, {"type": "Feature", "geometry": {"type": "Polygon", "coordinates": [[[78.9667333146108, 14.883676709555834], [78.96675566390446, 14.8832843217223], [78.96685817720066, 14.883266453301788], [78.96684040133385, 14.883632105346562], [78.9667333146108, 14.883676709555834]]]}, "properties": {"polygon_id": "gt_binary_82", "source": "gt_binary", "raw_class": 1, "core_class": "non_water"}}, {"type": "Feature", "geometry": {"type": "Polygon", "coordinates": [[[81.2952670438715, 18.79099967863922], [81.29541417588139, 18.790905990154886], [81.29556575850785, 18.79100859281533], [81.29535614610977, 18.791164605664747], [81.2952670438715, 18.79099967863922]]]}, "properties": {"polygon_id": "gt_binary_83", "source": "gt_binary", "raw_class": 1, "core_class": "non_water"}}, {"type": "Feature", "geometry": {"type": "Polygon", "coordinates": [[[78.5804370093623, 25.924352937420934], [78.58061087354116, 25.924237022556575], [78.5807624738511, 25.92441090515342], [78.5806509826739, 25.9245178939312], [78.5804370093623, 25.924352937420934]]]}, "properties": {"polygon_id": "gt_binary_84", "source": "gt_binary", "raw_class": 1, "core_class": "non_water"}}, {"type": "Feature", "geometry": {"type": "Polygon", "coordinates": [[[78.58029424473023, 25.92477650007824], [78.58037896794039, 25.92464274030964], [78.58059753270298, 25.924736438059472], [78.58051722775012, 25.92488353896103], [78.58029424473023, 25.92477650007824]]]}, "properties": {"polygon_id": "gt_binary_85", "source": "gt_binary", "raw_class": 1, "core_class": "non_water"}}, {"type": "Feature", "geometry": {"type": "Polygon", "coordinates": [[[76.20250091811916, 23.0664348276037], [76.20268378960836, 23.066470507122396], [76.20268821106295, 23.06669339908649], [76.20250542800896, 23.066675616318953], [76.20250091811916, 23.0664348276037]]]}, "properties": {"polygon_id": "gt_binary_86", "source": "gt_binary", "raw_class": 1, "core_class": "non_water"}}, {"type": "Feature", "geometry": {"type": "Polygon", "coordinates": [[[75.37576578548784, 15.180639422814636], [75.37593521968579, 15.180572548921361], [75.37602442827162, 15.180759845385126], [75.37584156395562, 15.180831141250259], [75.37576578548784, 15.180639422814636]]]}, "properties": {"polygon_id": "gt_binary_87", "source": "gt_binary", "raw_class": 1, "core_class": "non_water"}}, {"type": "Feature", "geometry": {"type": "Polygon", "coordinates": [[[95.20765335470212, 27.192334002032492], [95.20768902721478, 27.192231393567102], [95.20804575356968, 27.19222694619877], [95.20805021266324, 27.192342920886343], [95.20765335470212, 27.192334002032492]]]}, "properties": {"polygon_id": "gt_binary_88", "source": "gt_binary", "raw_class": 1, "core_class": "non_water"}}, {"type": "Feature", "geometry": {"type": "Polygon", "coordinates": [[[77.83293999421673, 10.46495728387661], [77.83305594552147, 10.464876973934437], [77.83316299752026, 10.465077670699907], [77.83301136230291, 10.465175716868357], [77.83293999421673, 10.46495728387661]]]}, "properties": {"polygon_id": "gt_binary_89", "source": "gt_binary", "raw_class": 1, "core_class": "non_water"}}, {"type": "Feature", "geometry": {"type": "Polygon", "coordinates": [[[76.5433769071949, 9.163974342866782], [76.54367123312299, 9.163858483497357], [76.54373367917293, 9.164067984791084], [76.54343485514579, 9.16417055270562], [76.5433769071949, 9.163974342866782]]]}, "properties": {"polygon_id": "gt_binary_90", "source": "gt_binary", "raw_class": 1, "core_class": "non_water"}}, {"type": "Feature", "geometry": {"type": "Polygon", "coordinates": [[[74.45195146334709, 19.642549714835503], [74.45197382483849, 19.642331262495425], [74.45222346833629, 19.642389208352004], [74.45221908549038, 19.642612159957825], [74.45195146334709, 19.642549714835503]]]}, "properties": {"polygon_id": "gt_binary_91", "source": "gt_binary", "raw_class": 1, "core_class": "non_water"}}, {"type": "Feature", "geometry": {"type": "Polygon", "coordinates": [[[86.872893401037, 21.381144289097485], [86.87295584845201, 21.380921353290194], [86.87328140021538, 21.380903490959167], [86.87328140021538, 21.38111304523362], [86.872893401037, 21.381144289097485]]]}, "properties": {"polygon_id": "gt_binary_92", "source": "gt_binary", "raw_class": 1, "core_class": "non_water"}}, {"type": "Feature", "geometry": {"type": "Polygon", "coordinates": [[[91.66064807344613, 26.4916888143957], [91.66094683232845, 26.491626407579357], [91.66100034381205, 26.49190730096425], [91.66069261662678, 26.491960811886972], [91.66064807344613, 26.4916888143957]]]}, "properties": {"polygon_id": "gt_binary_93", "source": "gt_binary", "raw_class": 1, "core_class": "non_water"}}, {"type": "Feature", "geometry": {"type": "Polygon", "coordinates": [[[84.6260148416698, 24.79669086323063], [84.6263225311053, 24.796583879077467], [84.62638489930652, 24.79673544576054], [84.62607281805523, 24.796855815550597], [84.6260148416698, 24.79669086323063]]]}, "properties": {"polygon_id": "gt_binary_94", "source": "gt_binary", "raw_class": 1, "core_class": "non_water"}}, {"type": "Feature", "geometry": {"type": "Polygon", "coordinates": [[[75.34661220308492, 16.671731617382665], [75.34662109897485, 16.671325826269083], [75.34680390939809, 16.671321330087824], [75.34675489309683, 16.671646864771034], [75.34661220308492, 16.671731617382665]]]}, "properties": {"polygon_id": "gt_binary_95", "source": "gt_binary", "raw_class": 1, "core_class": "non_water"}}, {"type": "Feature", "geometry": {"type": "Polygon", "coordinates": [[[79.83117026593705, 21.640672888590874], [79.83132628011593, 21.640579237784085], [79.83150913693197, 21.640757666349273], [79.83136645906538, 21.64088244478006], [79.83117026593705, 21.640672888590874]]]}, "properties": {"polygon_id": "gt_binary_96", "source": "gt_binary", "raw_class": 1, "core_class": "non_water"}}, {"type": "Feature", "geometry": {"type": "Polygon", "coordinates": [[[79.8308491750677, 21.64013333262646], [79.83097851772264, 21.640053060951445], [79.83117026593705, 21.640298316970895], [79.83100527530048, 21.640396452020195], [79.8308491750677, 21.64013333262646]]]}, "properties": {"polygon_id": "gt_binary_97", "source": "gt_binary", "raw_class": 1, "core_class": "non_water"}}, {"type": "Feature", "geometry": {"type": "Polygon", "coordinates": [[[76.31924018708726, 28.79987561506404], [76.31928480490333, 28.79950547238115], [76.31951222300417, 28.79950547582818], [76.31948986996022, 28.799853320180983], [76.31924018708726, 28.79987561506404]]]}, "properties": {"polygon_id": "gt_binary_98", "source": "gt_binary", "raw_class": 1, "core_class": "non_water"}}, {"type": "Feature", "geometry": {"type": "Polygon", "coordinates": [[[74.56010250169113, 34.2403846117815], [74.5601426381118, 34.24022407535117], [74.56051280452907, 34.2403132605134], [74.56049492643001, 34.24046937339263], [74.56010250169113, 34.2403846117815]]]}, "properties": {"polygon_id": "gt_binary_99", "source": "gt_binary", "raw_class": 1, "core_class": "non_water"}}, {"type": "Feature", "geometry": {"type": "Polygon", "coordinates": [[[83.78748980877415, 21.407742798174123], [83.78786436806983, 21.40773391688853], [83.78788218488792, 21.407921176717306], [83.78750317146913, 21.407947919172962], [83.78748980877415, 21.407742798174123]]]}, "properties": {"polygon_id": "gt_binary_100", "source": "gt_binary", "raw_class": 1, "core_class": "non_water"}}, {"type": "Feature", "geometry": {"type": "Polygon", "coordinates": [[[76.20063699428849, 23.069484833147488], [76.20089123154877, 23.06945358891927], [76.2008823000914, 23.069796958890027], [76.2006415042406, 23.06979690825488], [76.20063699428849, 23.069484833147488]]]}, "properties": {"polygon_id": "gt_binary_101", "source": "gt_binary", "raw_class": 1, "core_class": "non_water"}}, {"type": "Feature", "geometry": {"type": "Polygon", "coordinates": [[[90.45381023228357, 26.471168018002523], [90.45410896547773, 26.471029777478893], [90.45415352370667, 26.471257232897692], [90.45389934811823, 26.47140883705668], [90.45381023228357, 26.471168018002523]]]}, "properties": {"polygon_id": "gt_binary_102", "source": "gt_binary", "raw_class": 1, "core_class": "non_water"}}, {"type": "Feature", "geometry": {"type": "Polygon", "coordinates": [[[71.93695160657401, 21.89076162017574], [71.93696942574057, 21.890565417100497], [71.93731278369226, 21.890529695285906], [71.93730391934533, 21.89072147129626], [71.93695160657401, 21.89076162017574]]]}, "properties": {"polygon_id": "gt_binary_103", "source": "gt_binary", "raw_class": 1, "core_class": "non_water"}}, {"type": "Feature", "geometry": {"type": "Polygon", "coordinates": [[[86.82818198988305, 21.04009444223015], [86.82824441829325, 21.039768873197897], [86.82847184086623, 21.0397822726212], [86.82845399332658, 21.040139016387617], [86.82818198988305, 21.04009444223015]]]}, "properties": {"polygon_id": "gt_binary_104", "source": "gt_binary", "raw_class": 1, "core_class": "non_water"}}, {"type": "Feature", "geometry": {"type": "Polygon", "coordinates": [[[78.53774997194365, 26.661473497770285], [78.53795068916588, 26.661455668275863], [78.53797738209984, 26.661692008800816], [78.53776782504602, 26.661700958958704], [78.53774997194365, 26.661473497770285]]]}, "properties": {"polygon_id": "gt_binary_105", "source": "gt_binary", "raw_class": 1, "core_class": "non_water"}}, {"type": "Feature", "geometry": {"type": "Polygon", "coordinates": [[[93.89748026620008, 24.232520956484873], [93.89758728689597, 24.232413913794808], [93.89784594059468, 24.232775132372634], [93.89772555143654, 24.23292226752872], [93.89748026620008, 24.232520956484873]]]}, "properties": {"polygon_id": "gt_binary_106", "source": "gt_binary", "raw_class": 1, "core_class": "non_water"}}, {"type": "Feature", "geometry": {"type": "Polygon", "coordinates": [[[94.82052756097562, 26.933857697859644], [94.82079516370774, 26.93363922310236], [94.82092888648063, 26.933764085369077], [94.82062126923171, 26.934031602798587], [94.82052756097562, 26.933857697859644]]]}, "properties": {"polygon_id": "gt_binary_107", "source": "gt_binary", "raw_class": 1, "core_class": "non_water"}}, {"type": "Feature", "geometry": {"type": "Polygon", "coordinates": [[[85.15724094378454, 24.310987750029387], [85.15725874362762, 24.310791491630845], [85.15757534254686, 24.310849494651393], [85.1575530335369, 24.311054655030382], [85.15724094378454, 24.310987750029387]]]}, "properties": {"polygon_id": "gt_binary_108", "source": "gt_binary", "raw_class": 1, "core_class": "non_water"}}, {"type": "Feature", "geometry": {"type": "Polygon", "coordinates": [[[80.11058196915272, 12.499386417689324], [80.11082278312496, 12.499328450682132], [80.1108807283538, 12.499627248821778], [80.11064886199041, 12.499698601814083], [80.11058196915272, 12.499386417689324]]]}, "properties": {"polygon_id": "gt_binary_109", "source": "gt_binary", "raw_class": 1, "core_class": "non_water"}}, {"type": "Feature", "geometry": {"type": "Polygon", "coordinates": [[[85.7306367397482, 26.3062659938619], [85.73083290017796, 26.305971660494695], [85.73099790607357, 26.306051996204665], [85.73092213492923, 26.30637750522246], [85.7306367397482, 26.3062659938619]]]}, "properties": {"polygon_id": "gt_binary_110", "source": "gt_binary", "raw_class": 1, "core_class": "non_water"}}, {"type": "Feature", "geometry": {"type": "Polygon", "coordinates": [[[92.1737211318394, 26.508472831244752], [92.17377909250447, 26.50799131962832], [92.17394855102182, 26.50799126969809], [92.17387724339986, 26.508419360165885], [92.1737211318394, 26.508472831244752]]]}, "properties": {"polygon_id": "gt_binary_111", "source": "gt_binary", "raw_class": 1, "core_class": "non_water"}}, {"type": "Feature", "geometry": {"type": "Polygon", "coordinates": [[[85.65740488973553, 20.876369618698007], [85.65758776063612, 20.876226938142825], [85.6578285566798, 20.876498954214], [85.65764568660686, 20.87663718779719], [85.65740488973553, 20.876369618698007]]]}, "properties": {"polygon_id": "gt_binary_112", "source": "gt_binary", "raw_class": 1, "core_class": "non_water"}}, {"type": "Feature", "geometry": {"type": "Polygon", "coordinates": [[[93.14641604709502, 25.29123190014507], [93.14652751748793, 25.290951025471216], [93.1468173723327, 25.291053545331838], [93.14666134354539, 25.291312149810874], [93.14641604709502, 25.29123190014507]]]}, "properties": {"polygon_id": "gt_binary_113", "source": "gt_binary", "raw_class": 1, "core_class": "non_water"}}, {"type": "Feature", "geometry": {"type": "Polygon", "coordinates": [[[81.8035198161524, 20.737080635890372], [81.80460334042665, 20.736835447122836], [81.80485749503481, 20.73778519405207], [81.80379182479007, 20.738480821647695], [81.8035198161524, 20.737080635890372]]]}, "properties": {"polygon_id": "gt_binary_114", "source": "gt_binary", "raw_class": 1, "core_class": "non_water"}}, {"type": "Feature", "geometry": {"type": "Polygon", "coordinates": [[[81.95840664262396, 22.208695517555824], [81.95911122891032, 22.208249617746112], [81.9594322649461, 22.209221625771722], [81.95878120204755, 22.209529375109984], [81.95840664262396, 22.208695517555824]]]}, "properties": {"polygon_id": "gt_binary_115", "source": "gt_binary", "raw_class": 1, "core_class": "non_water"}}, {"type": "Feature", "geometry": {"type": "Polygon", "coordinates": [[[72.4110031326741, 22.622705210970313], [72.41149808622677, 22.62268290491406], [72.41150251109481, 22.623097556908313], [72.41105659239726, 22.623164477417227], [72.4110031326741, 22.622705210970313]]]}, "properties": {"polygon_id": "gt_binary_116", "source": "gt_binary", "raw_class": 1, "core_class": "non_water"}}, {"type": "Feature", "geometry": {"type": "Polygon", "coordinates": [[[71.3425445163807, 21.320393475929865], [71.34269167172678, 21.318703501747525], [71.34368161611465, 21.31885064241877], [71.343690496153, 21.32017945898676], [71.3425445163807, 21.320393475929865]]]}, "properties": {"polygon_id": "gt_binary_117", "source": "gt_binary", "raw_class": 1, "core_class": "non_water"}}, {"type": "Feature", "geometry": {"type": "Polygon", "coordinates": [[[76.95624957299682, 30.201549408135744], [76.9563342312401, 30.200920669840272], [76.9578548169211, 30.20099205799939], [76.95624957299682, 30.201549408135744]]]}, "properties": {"polygon_id": "gt_binary_118", "source": "gt_binary", "raw_class": 1, "core_class": "non_water"}}, {"type": "Feature", "geometry": {"type": "Polygon", "coordinates": [[[73.27539984522606, 23.63831004797548], [73.27547570110413, 23.637792746046845], [73.27578335356215, 23.637926553343984], [73.2757387219364, 23.638555254734282], [73.27539984522606, 23.63831004797548]]]}, "properties": {"polygon_id": "gt_binary_119", "source": "gt_binary", "raw_class": 1, "core_class": "non_water"}}, {"type": "Feature", "geometry": {"type": "Polygon", "coordinates": [[[72.68637040397262, 22.51336358746234], [72.68680746314503, 22.513368063960275], [72.68691887026402, 22.513840713191012], [72.68649976274149, 22.513778229282742], [72.68637040397262, 22.51336358746234]]]}, "properties": {"polygon_id": "gt_binary_120", "source": "gt_binary", "raw_class": 1, "core_class": "non_water"}}, {"type": "Feature", "geometry": {"type": "Polygon", "coordinates": [[[73.27939524597912, 23.693246160809494], [73.27943978688482, 23.692644180582874], [73.2797786574005, 23.692626344948174], [73.27979206464069, 23.693214921056867], [73.27939524597912, 23.693246160809494]]]}, "properties": {"polygon_id": "gt_binary_121", "source": "gt_binary", "raw_class": 1, "core_class": "non_water"}}, {"type": "Feature", "geometry": {"type": "Polygon", "coordinates": [[[79.2692030649198, 11.228261743456782], [79.26929226441881, 11.22730747134004], [79.26999682565386, 11.227267340736713], [79.27002357668412, 11.228150209357478], [79.2692030649198, 11.228261743456782]]]}, "properties": {"polygon_id": "gt_binary_122", "source": "gt_binary", "raw_class": 1, "core_class": "non_water"}}, {"type": "Feature", "geometry": {"type": "Polygon", "coordinates": [[[77.74974658294806, 24.742236309283264], [77.75029062833157, 24.74215609062183], [77.75035296942308, 24.742642106843782], [77.74977775365122, 24.74270005769828], [77.74974658294806, 24.742236309283264]]]}, "properties": {"polygon_id": "gt_binary_123", "source": "gt_binary", "raw_class": 1, "core_class": "non_water"}}, {"type": "Feature", "geometry": {"type": "Polygon", "coordinates": [[[82.14979573043969, 21.563797980649863], [82.1498046959363, 21.56324508142169], [82.15104873064551, 21.563182630696335], [82.15112900359121, 21.56402986024304], [82.14979573043969, 21.563797980649863]]]}, "properties": {"polygon_id": "gt_binary_124", "source": "gt_binary", "raw_class": 1, "core_class": "non_water"}}, {"type": "Feature", "geometry": {"type": "Polygon", "coordinates": [[[86.0473310270971, 25.623898697227858], [86.04750491749104, 25.623689115839003], [86.04813807586284, 25.624175196133436], [86.04794185828435, 25.62438471756282], [86.0473310270971, 25.623898697227858]]]}, "properties": {"polygon_id": "gt_binary_125", "source": "gt_binary", "raw_class": 1, "core_class": "non_water"}}, {"type": "Feature", "geometry": {"type": "Polygon", "coordinates": [[[77.03073880942713, 15.774707635951598], [77.03118916422488, 15.77460509441456], [77.03123827616642, 15.774774515617894], [77.03076112513546, 15.774988524585678], [77.03073880942713, 15.774707635951598]]]}, "properties": {"polygon_id": "gt_binary_126", "source": "gt_binary", "raw_class": 1, "core_class": "non_water"}}, {"type": "Feature", "geometry": {"type": "Polygon", "coordinates": [[[91.22461933934049, 26.376773318915053], [91.22489576152458, 26.37676439280568], [91.22489135988315, 26.377170212275953], [91.22461933934049, 26.37717018562962], [91.22461933934049, 26.376773318915053]]]}, "properties": {"polygon_id": "gt_binary_127", "source": "gt_binary", "raw_class": 1, "core_class": "non_water"}}, {"type": "Feature", "geometry": {"type": "Polygon", "coordinates": [[[86.83000578559052, 21.0408168272936], [86.83005036470394, 21.0406250336333], [86.83066573612038, 21.04067406836527], [86.83065685105208, 21.040861345612853], [86.83000578559052, 21.0408168272936]]]}, "properties": {"polygon_id": "gt_binary_128", "source": "gt_binary", "raw_class": 1, "core_class": "non_water"}}, {"type": "Feature", "geometry": {"type": "Polygon", "coordinates": [[[75.14274206604273, 30.163638104887152], [75.14275542742334, 30.16349098818559], [75.14320134058275, 30.163375041481927], [75.14322360948492, 30.16363808006817], [75.14274206604273, 30.163638104887152]]]}, "properties": {"polygon_id": "gt_binary_129", "source": "gt_binary", "raw_class": 1, "core_class": "non_water"}}, {"type": "Feature", "geometry": {"type": "Polygon", "coordinates": [[[72.55018059178504, 21.994993065420932], [72.55018501434185, 21.994431198432665], [72.55079144545103, 21.99439109487874], [72.55083603193623, 21.994948465467303], [72.55018059178504, 21.994993065420932]]]}, "properties": {"polygon_id": "gt_binary_130", "source": "gt_binary", "raw_class": 1, "core_class": "non_water"}}, {"type": "Feature", "geometry": {"type": "Polygon", "coordinates": [[[76.32119779070986, 28.80167262727687], [76.32157230932144, 28.8007941708783], [76.32267368300835, 28.800976990112652], [76.32237497185986, 28.801877713014957], [76.32119779070986, 28.80167262727687]]]}, "properties": {"polygon_id": "gt_binary_131", "source": "gt_binary", "raw_class": 1, "core_class": "non_water"}}, {"type": "Feature", "geometry": {"type": "Polygon", "coordinates": [[[75.82905125646457, 28.78701997099043], [75.82927416766267, 28.786850524284315], [75.82962644467102, 28.787184961477585], [75.82942135624953, 28.787367800476765], [75.82905125646457, 28.78701997099043]]]}, "properties": {"polygon_id": "gt_binary_132", "source": "gt_binary", "raw_class": 1, "core_class": "non_water"}}, {"type": "Feature", "geometry": {"type": "Polygon", "coordinates": [[[80.94878595633703, 18.770625996393466], [80.94906238088745, 18.77047436714906], [80.94936115788121, 18.770955985995364], [80.94903564105083, 18.77111205760956], [80.94878595633703, 18.770625996393466]]]}, "properties": {"polygon_id": "gt_binary_133", "source": "gt_binary", "raw_class": 1, "core_class": "non_water"}}, {"type": "Feature", "geometry": {"type": "Polygon", "coordinates": [[[79.6532387179978, 19.90746941236644], [79.65332788785797, 19.907170605959916], [79.65372919396464, 19.907264254847497], [79.65363557030932, 19.907540720362935], [79.6532387179978, 19.90746941236644]]]}, "properties": {"polygon_id": "gt_binary_134", "source": "gt_binary", "raw_class": 1, "core_class": "non_water"}}, {"type": "Feature", "geometry": {"type": "Polygon", "coordinates": [[[79.44083837549756, 23.561765144600905], [79.44127977064896, 23.56094905696776], [79.44230095567275, 23.56149314607735], [79.44188626697178, 23.562371532353257], [79.44083837549756, 23.561765144600905]]]}, "properties": {"polygon_id": "gt_binary_135", "source": "gt_binary", "raw_class": 1, "core_class": "non_water"}}, {"type": "Feature", "geometry": {"type": "Polygon", "coordinates": [[[79.44509683598666, 23.56188996360353], [79.44563634138744, 23.56186318498345], [79.44628290233211, 23.562063886792814], [79.44617592947674, 23.56247853946734], [79.44546240189511, 23.562273444244163], [79.44509683598666, 23.56188996360353]]]}, "properties": {"polygon_id": "gt_binary_136", "source": "gt_binary", "raw_class": 1, "core_class": "non_water"}}, {"type": "Feature", "geometry": {"type": "Polygon", "coordinates": [[[75.82053878433474, 14.321285908290044], [75.82069928294045, 14.320768677489484], [75.8210159346314, 14.320875705047861], [75.82089995027972, 14.321410794696611], [75.82053878433474, 14.321285908290044]]]}, "properties": {"polygon_id": "gt_binary_137", "source": "gt_binary", "raw_class": 1, "core_class": "non_water"}}, {"type": "Feature", "geometry": {"type": "Polygon", "coordinates": [[[93.78230171557763, 25.933329077081787], [93.78442425277358, 25.933427208298042], [93.78443766867485, 25.933837398386245], [93.78236413959897, 25.934140605391303], [93.78230171557763, 25.933329077081787]]]}, "properties": {"polygon_id": "gt_binary_138", "source": "gt_binary", "raw_class": 1, "core_class": "non_water"}}, {"type": "Feature", "geometry": {"type": "Polygon", "coordinates": [[[77.0233456699161, 20.533344349718007], [77.02336350600099, 20.533322057473672], [77.02339021619215, 20.533344331292014], [77.02336350600099, 20.53336220476212], [77.0233456699161, 20.533344349718007]]]}, "properties": {"polygon_id": "gt_binary_139", "source": "gt_binary", "raw_class": 2, "core_class": "water"}}, {"type": "Feature", "geometry": {"type": "Polygon", "coordinates": [[[77.14623845004377, 14.714614277821042], [77.14632315065903, 14.714583077202994], [77.14634544490424, 14.714627692357734], [77.1462518792645, 14.714667819492039], [77.14623845004377, 14.714614277821042]]]}, "properties": {"polygon_id": "gt_binary_140", "source": "gt_binary", "raw_class": 2, "core_class": "water"}}, {"type": "Feature", "geometry": {"type": "Polygon", "coordinates": [[[84.86613295602692, 20.904684916070817], [84.86619092810454, 20.904609115546656], [84.86621319445605, 20.904698291992887], [84.86613295602692, 20.904684916070817]]]}, "properties": {"polygon_id": "gt_binary_141", "source": "gt_binary", "raw_class": 2, "core_class": "water"}}, {"type": "Feature", "geometry": {"type": "Polygon", "coordinates": [[[96.47159895645667, 28.078919189297608], [96.47161676606133, 28.078883493957836], [96.47179071492968, 28.078959328260336], [96.47177729669698, 28.078999440529397], [96.47159895645667, 28.078919189297608]]]}, "properties": {"polygon_id": "gt_binary_142", "source": "gt_binary", "raw_class": 2, "core_class": "water"}}, {"type": "Feature", "geometry": {"type": "Polygon", "coordinates": [[[84.5468658240028, 24.87435051386017], [84.54693267594753, 24.874319373329154], [84.54696386283325, 24.874390730037465], [84.54688805468194, 24.87441748269882], [84.5468658240028, 24.87435051386017]]]}, "properties": {"polygon_id": "gt_binary_143", "source": "gt_binary", "raw_class": 2, "core_class": "water"}}, {"type": "Feature", "geometry": {"type": "Polygon", "coordinates": [[[91.33396095814204, 26.5985333034258], [91.33406797515214, 26.598497669028486], [91.33408577457118, 26.59856452728795], [91.33396537120926, 26.598573476808554], [91.33396095814204, 26.5985333034258]]]}, "properties": {"polygon_id": "gt_binary_144", "source": "gt_binary", "raw_class": 2, "core_class": "water"}}, {"type": "Feature", "geometry": {"type": "Polygon", "coordinates": [[[91.66290434321834, 26.490413510145455], [91.66298016695282, 26.490328753023984], [91.66301581823652, 26.49036892900104], [91.66294006855863, 26.49045359527027], [91.66290434321834, 26.490413510145455]]]}, "properties": {"polygon_id": "gt_binary_145", "source": "gt_binary", "raw_class": 2, "core_class": "water"}}, {"type": "Feature", "geometry": {"type": "Polygon", "coordinates": [[[87.18200722544177, 21.600888782602613], [87.18206516477885, 21.60088875892962], [87.18208303319524, 21.600991316396566], [87.18201612164381, 21.601004732200384], [87.18200722544177, 21.600888782602613]]]}, "properties": {"polygon_id": "gt_binary_146", "source": "gt_binary", "raw_class": 2, "core_class": "water"}}, {"type": "Feature", "geometry": {"type": "Polygon", "coordinates": [[[83.39840647210005, 23.342118745718], [83.39843320046614, 23.342114264853187], [83.39844664613389, 23.342145484154493], [83.39841535439368, 23.342154384435677], [83.39840647210005, 23.342118745718]]]}, "properties": {"polygon_id": "gt_binary_147", "source": "gt_binary", "raw_class": 2, "core_class": "water"}}, {"type": "Feature", "geometry": {"type": "Polygon", "coordinates": [[[87.0782171991554, 24.92744064683879], [87.07826627343832, 24.92741835820679], [87.07829302042528, 24.92751195415694], [87.0782439461699, 24.92753424278965], [87.0782171991554, 24.92744064683879]]]}, "properties": {"polygon_id": "gt_binary_148", "source": "gt_binary", "raw_class": 2, "core_class": "water"}}, {"type": "Feature", "geometry": {"type": "Polygon", "coordinates": [[[82.74735544195983, 21.06890467684711], [82.74739107826834, 21.068824359714093], [82.74744012959985, 21.06883332638479], [82.74741782606259, 21.068913579719947], [82.74735544195983, 21.06890467684711]]]}, "properties": {"polygon_id": "gt_binary_149", "source": "gt_binary", "raw_class": 2, "core_class": "water"}}, {"type": "Feature", "geometry": {"type": "Polygon", "coordinates": [[[82.74906324768772, 21.06930149545769], [82.74907666240436, 21.06920793087069], [82.74916134788532, 21.069212359231376], [82.74913904491667, 21.069314949148534], [82.74906324768772, 21.06930149545769]]]}, "properties": {"polygon_id": "gt_binary_150", "source": "gt_binary", "raw_class": 2, "core_class": "water"}}, {"type": "Feature", "geometry": {"type": "Polygon", "coordinates": [[[75.74650434857953, 18.739800271515634], [75.74653114177146, 18.73975567979183], [75.74659794729115, 18.739751191685503], [75.746615779835, 18.73981366499717], [75.74658011474511, 18.739844820787283], [75.74653114177146, 18.739840416027302], [75.74650434857953, 18.739800271515634]]]}, "properties": {"polygon_id": "gt_binary_151", "source": "gt_binary", "raw_class": 2, "core_class": "water"}}, {"type": "Feature", "geometry": {"type": "Polygon", "coordinates": [[[75.74644189025848, 18.740304127563977], [75.74647755538263, 18.74027739901887], [75.7465087845388, 18.740290792095237], [75.74650434857953, 18.740326398001866], [75.74645972282167, 18.740330917869663], [75.74644189025848, 18.740304127563977]]]}, "properties": {"polygon_id": "gt_binary_152", "source": "gt_binary", "raw_class": 2, "core_class": "water"}}, {"type": "Feature", "geometry": {"type": "Polygon", "coordinates": [[[75.93638181747077, 19.095052339523235], [75.9363862475005, 19.095003286152608], [75.93643976224836, 19.09501221925484], [75.93644871090451, 19.09504341920526], [75.9364174349057, 19.095074696719717], [75.93638181747077, 19.095052339523235]]]}, "properties": {"polygon_id": "gt_binary_153", "source": "gt_binary", "raw_class": 2, "core_class": "water"}}, {"type": "Feature", "geometry": {"type": "Polygon", "coordinates": [[[75.07676967361093, 15.671506223360495], [75.07684096397107, 15.671497303843747], [75.07683650832449, 15.671568653719593], [75.07676967361093, 15.67157308738117], [75.07676967361093, 15.671506223360495]]]}, "properties": {"polygon_id": "gt_binary_154", "source": "gt_binary", "raw_class": 2, "core_class": "water"}}, {"type": "Feature", "geometry": {"type": "Polygon", "coordinates": [[[81.54301909187262, 21.543419933910176], [81.54305031423053, 21.543397602416455], [81.54309049311703, 21.543451087075713], [81.54303692126358, 21.54347345688652], [81.54301909187262, 21.543419933910176]]]}, "properties": {"polygon_id": "gt_binary_155", "source": "gt_binary", "raw_class": 2, "core_class": "water"}}, {"type": "Feature", "geometry": {"type": "Polygon", "coordinates": [[[81.54267129234339, 21.543669600564492], [81.54270695128619, 21.543593793934583], [81.54279618227544, 21.543638397901137], [81.54278722569876, 21.543682979304517], [81.54267129234339, 21.543669600564492]]]}, "properties": {"polygon_id": "gt_binary_156", "source": "gt_binary", "raw_class": 2, "core_class": "water"}}, {"type": "Feature", "geometry": {"type": "Polygon", "coordinates": [[[77.25211092615459, 13.281936363715705], [77.25217774918198, 13.281922990633808], [77.25218669399378, 13.281963081328321], [77.2521197832772, 13.281976536331053], [77.25211092615459, 13.281936363715705]]]}, "properties": {"polygon_id": "gt_binary_157", "source": "gt_binary", "raw_class": 2, "core_class": "water"}}, {"type": "Feature", "geometry": {"type": "Polygon", "coordinates": [[[77.88426423697794, 22.06551376761832], [77.88429545678234, 22.0654958750588], [77.88430443901488, 22.065518204113626], [77.88428211424133, 22.065536045503162], [77.88426423697794, 22.06551376761832]]]}, "properties": {"polygon_id": "gt_binary_158", "source": "gt_binary", "raw_class": 2, "core_class": "water"}}, {"type": "Feature", "geometry": {"type": "Polygon", "coordinates": [[[86.8274730579532, 21.040772166839176], [86.82749534867705, 21.04069635032881], [86.82756666360463, 21.040696402843828], [86.82756666360463, 21.040781083240994], [86.8274730579532, 21.040772166839176]]]}, "properties": {"polygon_id": "gt_binary_159", "source": "gt_binary", "raw_class": 2, "core_class": "water"}}, {"type": "Feature", "geometry": {"type": "Polygon", "coordinates": [[[86.82938152051231, 21.038118998738383], [86.8294216575513, 21.038038788514744], [86.82947964172652, 21.03806548687421], [86.82947067984398, 21.038150273511878], [86.82938152051231, 21.038118998738383]]]}, "properties": {"polygon_id": "gt_binary_160", "source": "gt_binary", "raw_class": 2, "core_class": "water"}}, {"type": "Feature", "geometry": {"type": "Polygon", "coordinates": [[[74.15686601123907, 25.70409559445686], [74.15692845666315, 25.704140221379753], [74.15707117618354, 25.704278469408532], [74.15704886786648, 25.704269492054493], [74.15686601123907, 25.704100076448107], [74.15686601123907, 25.70409559445686]]]}, "properties": {"polygon_id": "gt_binary_161", "source": "gt_binary", "raw_class": 2, "core_class": "water"}}, {"type": "Feature", "geometry": {"type": "Polygon", "coordinates": [[[77.2847203459735, 23.666411338463718], [77.28476041113137, 23.666393430378548], [77.28479162161685, 23.66643357651327], [77.28474708530358, 23.666451470526614], [77.2847203459735, 23.666411338463718]]]}, "properties": {"polygon_id": "gt_binary_162", "source": "gt_binary", "raw_class": 2, "core_class": "water"}}, {"type": "Feature", "geometry": {"type": "Polygon", "coordinates": [[[77.18797564842126, 18.083995774746235], [77.188020221296, 18.083986871682946], [77.18802917096569, 18.084022533287023], [77.18801135936752, 18.084049298111584], [77.18797564842126, 18.08403589522091], [77.18797564842126, 18.083995774746235]]]}, "properties": {"polygon_id": "gt_binary_163", "source": "gt_binary", "raw_class": 2, "core_class": "water"}}, {"type": "Feature", "geometry": {"type": "Polygon", "coordinates": [[[85.64004559807931, 23.829752664198708], [85.64012142062703, 23.829699087878254], [85.64015262780768, 23.829797260776036], [85.64009021342811, 23.829841793555143], [85.64004559807931, 23.829752664198708]]]}, "properties": {"polygon_id": "gt_binary_164", "source": "gt_binary", "raw_class": 2, "core_class": "water"}}, {"type": "Feature", "geometry": {"type": "Polygon", "coordinates": [[[83.4155205224323, 20.92499611287076], [83.41560524815488, 20.924978285333047], [83.41561412805582, 20.925076383429744], [83.4155338830345, 20.925085241485025], [83.4155205224323, 20.92499611287076]]]}, "properties": {"polygon_id": "gt_binary_165", "source": "gt_binary", "raw_class": 2, "core_class": "water"}}, {"type": "Feature", "geometry": {"type": "Polygon", "coordinates": [[[90.43552788518772, 26.262544482438837], [90.43557695533836, 26.262446385834934], [90.4356571801295, 26.262473176529653], [90.43561264275894, 26.26256233867695], [90.43552788518772, 26.262544482438837]]]}, "properties": {"polygon_id": "gt_binary_166", "source": "gt_binary", "raw_class": 2, "core_class": "water"}}, {"type": "Feature", "geometry": {"type": "Polygon", "coordinates": [[[76.33866854562034, 19.920695065484846], [76.33867296257945, 19.92066827891695], [76.3386997293485, 19.92066386943873], [76.3386997293485, 19.920690644101768], [76.33866854562034, 19.920695065484846]]]}, "properties": {"polygon_id": "gt_binary_167", "source": "gt_binary", "raw_class": 2, "core_class": "water"}}, {"type": "Feature", "geometry": {"type": "Polygon", "coordinates": [[[76.19138437775588, 21.186879117757965], [76.19145132416476, 21.18682117571675], [76.19150482820612, 21.186852319674102], [76.19138888801697, 21.186937101375506], [76.19138437775588, 21.186879117757965]]]}, "properties": {"polygon_id": "gt_binary_168", "source": "gt_binary", "raw_class": 2, "core_class": "water"}}, {"type": "Feature", "geometry": {"type": "Polygon", "coordinates": [[[92.60800190062494, 24.883924215348628], [92.6081535205309, 24.883861862574975], [92.60819363971, 24.88395544460617], [92.60816245272251, 24.88397326847464], [92.60813126575592, 24.883910837033024], [92.60801083278744, 24.883955456428456], [92.60800190062494, 24.883924215348628]]]}, "properties": {"polygon_id": "gt_binary_169", "source": "gt_binary", "raw_class": 2, "core_class": "water"}}, {"type": "Feature", "geometry": {"type": "Polygon", "coordinates": [[[93.89924609732114, 24.23188326927924], [93.89928620228892, 24.23186540387241], [93.8993308152162, 24.231959071723484], [93.89929514041584, 24.231976914675123], [93.89924609732114, 24.23188326927924]]]}, "properties": {"polygon_id": "gt_binary_170", "source": "gt_binary", "raw_class": 2, "core_class": "water"}}, {"type": "Feature", "geometry": {"type": "Polygon", "coordinates": [[[85.15528340077992, 24.311888465159406], [85.15533245095713, 24.311879532561747], [85.15534131162967, 24.311937522644683], [85.15528783112029, 24.311955359541596], [85.15528340077992, 24.311888465159406]]]}, "properties": {"polygon_id": "gt_binary_171", "source": "gt_binary", "raw_class": 2, "core_class": "water"}}, {"type": "Feature", "geometry": {"type": "Polygon", "coordinates": [[[79.62660004796341, 25.048389280516787], [79.62661787007563, 25.048380334182422], [79.62662232560314, 25.048389234539574], [79.6266134145479, 25.048398180374186], [79.62660004796341, 25.048389280516787]]]}, "properties": {"polygon_id": "gt_binary_172", "source": "gt_binary", "raw_class": 2, "core_class": "water"}}, {"type": "Feature", "geometry": {"type": "Polygon", "coordinates": [[[73.78924438667325, 22.3363016121012], [73.78931126009863, 22.33629714022148], [73.78932912292926, 22.336341717775554], [73.78928899888032, 22.336355106567947], [73.78924438667325, 22.3363016121012]]]}, "properties": {"polygon_id": "gt_binary_173", "source": "gt_binary", "raw_class": 2, "core_class": "water"}}, {"type": "Feature", "geometry": {"type": "Polygon", "coordinates": [[[75.65730890400509, 13.053331639652383], [75.65735355723716, 13.053318290229871], [75.65737140077138, 13.053407432570296], [75.65731787016213, 13.053420796998862], [75.65730890400509, 13.053331639652383]]]}, "properties": {"polygon_id": "gt_binary_174", "source": "gt_binary", "raw_class": 2, "core_class": "water"}}, {"type": "Feature", "geometry": {"type": "Polygon", "coordinates": [[[76.79523582438257, 14.883649909324395], [76.79532508247183, 14.883654410165123], [76.79530272394265, 14.883743592518265], [76.79523582438257, 14.883734635032114], [76.79523582438257, 14.883649909324395]]]}, "properties": {"polygon_id": "gt_binary_175", "source": "gt_binary", "raw_class": 2, "core_class": "water"}}, {"type": "Feature", "geometry": {"type": "Polygon", "coordinates": [[[93.81700691559952, 24.307830691604487], [93.81704261074225, 24.307799467189835], [93.81710057660327, 24.307852974289073], [93.8170738052135, 24.307875283490716], [93.81700691559952, 24.307830691604487]]]}, "properties": {"polygon_id": "gt_binary_176", "source": "gt_binary", "raw_class": 2, "core_class": "water"}}, {"type": "Feature", "geometry": {"type": "Polygon", "coordinates": [[[76.96886432248074, 10.624771428575396], [76.96888664955941, 10.624731322282187], [76.96892673280846, 10.62474915133459], [76.9689088887321, 10.624789277454356], [76.96886432248074, 10.624771428575396]]]}, "properties": {"polygon_id": "gt_binary_177", "source": "gt_binary", "raw_class": 2, "core_class": "water"}}, {"type": "Feature", "geometry": {"type": "Polygon", "coordinates": [[[78.94812552102083, 11.507205249049417], [78.94818792118319, 11.507191832527086], [78.94819689713685, 11.507267669067895], [78.94813441067296, 11.507272115264824], [78.94812552102083, 11.507205249049417]]]}, "properties": {"polygon_id": "gt_binary_178", "source": "gt_binary", "raw_class": 2, "core_class": "water"}}, {"type": "Feature", "geometry": {"type": "Polygon", "coordinates": [[[92.17051061745333, 26.50937809383501], [92.17060426264912, 26.50932458230658], [92.17067556508658, 26.509378025986095], [92.17064437494231, 26.509431581742845], [92.17051061745333, 26.50937809383501]]]}, "properties": {"polygon_id": "gt_binary_179", "source": "gt_binary", "raw_class": 2, "core_class": "water"}}, {"type": "Feature", "geometry": {"type": "Polygon", "coordinates": [[[75.82099811135416, 14.320648320097163], [75.82100697865654, 14.32059479321895], [75.82108722771814, 14.320612648408005], [75.82107836042074, 14.320661669992008], [75.82099811135416, 14.320648320097163]]]}, "properties": {"polygon_id": "gt_binary_180", "source": "gt_binary", "raw_class": 2, "core_class": "water"}}, {"type": "Feature", "geometry": {"type": "Polygon", "coordinates": [[[75.82076179754179, 14.320523457669939], [75.8207840545067, 14.320469961877905], [75.8208464803977, 14.320501120220518], [75.82082865709923, 14.320545700598341], [75.82076179754179, 14.320523457669939]]]}, "properties": {"polygon_id": "gt_binary_181", "source": "gt_binary", "raw_class": 2, "core_class": "water"}}, {"type": "Feature", "geometry": {"type": "Polygon", "coordinates": [[[75.37483384955333, 15.180545771943853], [75.3748828568248, 15.180532385239424], [75.37489175106475, 15.180576998148677], [75.3748560851594, 15.180594832045479], [75.37483384955333, 15.180545771943853]]]}, "properties": {"polygon_id": "gt_binary_182", "source": "gt_binary", "raw_class": 2, "core_class": "water"}}, {"type": "Feature", "geometry": {"type": "Polygon", "coordinates": [[[85.65637036004979, 20.877930313018993], [85.65646403135639, 20.877899100744607], [85.65649969695697, 20.877965985619035], [85.65639716808911, 20.877992708145502], [85.65637036004979, 20.877930313018993]]]}, "properties": {"polygon_id": "gt_binary_183", "source": "gt_binary", "raw_class": 2, "core_class": "water"}}, {"type": "Feature", "geometry": {"type": "Polygon", "coordinates": [[[85.65683416857983, 20.87517902414713], [85.65697236188942, 20.875103193980355], [85.65699470167037, 20.87515222486385], [85.65686089800009, 20.875223628028245], [85.65683416857983, 20.87517902414713]]]}, "properties": {"polygon_id": "gt_binary_184", "source": "gt_binary", "raw_class": 2, "core_class": "water"}}, {"type": "Feature", "geometry": {"type": "Polygon", "coordinates": [[[90.4437593564481, 26.323736724789452], [90.44383074611298, 26.323732270951204], [90.44383966983015, 26.323803681871144], [90.44377274200043, 26.32382145473961], [90.4437593564481, 26.323736724789452]]]}, "properties": {"polygon_id": "gt_binary_185", "source": "gt_binary", "raw_class": 2, "core_class": "water"}}, {"type": "Feature", "geometry": {"type": "Polygon", "coordinates": [[[74.67782279756128, 20.70039119095804], [74.67784066344343, 20.70036889780025], [74.67787630587273, 20.70037779482688], [74.6778629064641, 20.70041793935037], [74.67782279756128, 20.70039119095804]]]}, "properties": {"polygon_id": "gt_binary_186", "source": "gt_binary", "raw_class": 2, "core_class": "water"}}, {"type": "Feature", "geometry": {"type": "Polygon", "coordinates": [[[74.67796545657797, 20.700293058480824], [74.67806362949483, 20.700310897192626], [74.67803236424083, 20.700373334961515], [74.67796545657797, 20.700293058480824]]]}, "properties": {"polygon_id": "gt_binary_187", "source": "gt_binary", "raw_class": 2, "core_class": "water"}}, {"type": "Feature", "geometry": {"type": "Polygon", "coordinates": [[[74.1319664483298, 23.050306187347125], [74.13198867004357, 23.050283889447407], [74.13201098135836, 23.050306239896063], [74.13199315022749, 23.05032854547022], [74.1319664483298, 23.050306187347125]]]}, "properties": {"polygon_id": "gt_binary_188", "source": "gt_binary", "raw_class": 2, "core_class": "water"}}, {"type": "Feature", "geometry": {"type": "Polygon", "coordinates": [[[78.57243737374004, 19.434189306672483], [78.57245522071985, 19.43409563232842], [78.57253986387724, 19.434117994226618], [78.57256663431859, 19.43418042177081], [78.57251318006455, 19.43418928480951], [78.57243737374004, 19.434189306672483]]]}, "properties": {"polygon_id": "gt_binary_189", "source": "gt_binary", "raw_class": 2, "core_class": "water"}}, {"type": "Feature", "geometry": {"type": "Polygon", "coordinates": [[[74.45158142497628, 19.641880856848612], [74.45162596915769, 19.641760478652827], [74.45193366359791, 19.641840676629993], [74.45190244694804, 19.641970003364563], [74.45158142497628, 19.641880856848612]]]}, "properties": {"polygon_id": "gt_binary_190", "source": "gt_binary", "raw_class": 2, "core_class": "water"}}, {"type": "Feature", "geometry": {"type": "Polygon", "coordinates": [[[74.45171514693288, 19.64140373276835], [74.45173303615017, 19.64133242365419], [74.45214323540539, 19.641390375175668], [74.45208527446943, 19.64147511727421], [74.45171514693288, 19.64140373276835]]]}, "properties": {"polygon_id": "gt_binary_191", "source": "gt_binary", "raw_class": 2, "core_class": "water"}}, {"type": "Feature", "geometry": {"type": "Polygon", "coordinates": [[[92.96330751898778, 23.71788712055169], [92.9633387891468, 23.717820305921023], [92.96345021785534, 23.717909436227448], [92.96339675339809, 23.717962976724866], [92.96330751898778, 23.71788712055169]]]}, "properties": {"polygon_id": "gt_binary_192", "source": "gt_binary", "raw_class": 2, "core_class": "water"}}, {"type": "Feature", "geometry": {"type": "Polygon", "coordinates": [[[92.96250937416885, 23.71669661052231], [92.96254949082883, 23.716656477624962], [92.96269218743402, 23.716683239033785], [92.96267884059293, 23.716750074932015], [92.96250937416885, 23.71669661052231]]]}, "properties": {"polygon_id": "gt_binary_193", "source": "gt_binary", "raw_class": 2, "core_class": "water"}}, {"type": "Feature", "geometry": {"type": "Polygon", "coordinates": [[[85.22967899263939, 21.130988740947913], [85.22989302127348, 21.130881691770014], [85.22993315648759, 21.13097092096587], [85.22971912800959, 21.13105564955159], [85.22967899263939, 21.130988740947913]]]}, "properties": {"polygon_id": "gt_binary_194", "source": "gt_binary", "raw_class": 2, "core_class": "water"}}, {"type": "Feature", "geometry": {"type": "Polygon", "coordinates": [[[85.2302810201191, 21.130654310140873], [85.23043705635047, 21.130605245493225], [85.23044148066248, 21.13083265916694], [85.23032115505023, 21.130868298972754], [85.2302810201191, 21.130654310140873]]]}, "properties": {"polygon_id": "gt_binary_195", "source": "gt_binary", "raw_class": 2, "core_class": "water"}}, {"type": "Feature", "geometry": {"type": "Polygon", "coordinates": [[[73.2670390722911, 23.75154447250003], [73.26717279243206, 23.75145523688606], [73.26726196914339, 23.751539949481167], [73.2670390722911, 23.75154447250003]]]}, "properties": {"polygon_id": "gt_binary_196", "source": "gt_binary", "raw_class": 2, "core_class": "water"}}, {"type": "Feature", "geometry": {"type": "Polygon", "coordinates": [[[84.69889437385206, 25.09567803717511], [84.69906385577343, 25.095620114893464], [84.69912175865873, 25.095722587496205], [84.6990459904086, 25.095798464386935], [84.69889437385206, 25.09567803717511]]]}, "properties": {"polygon_id": "gt_binary_197", "source": "gt_binary", "raw_class": 2, "core_class": "water"}}, {"type": "Feature", "geometry": {"type": "Polygon", "coordinates": [[[84.6991752749099, 25.095602253563747], [84.69934028968325, 25.095571055755336], [84.69937147415214, 25.095615650597352], [84.69923772376583, 25.095704797927617], [84.6991752749099, 25.095602253563747]]]}, "properties": {"polygon_id": "gt_binary_198", "source": "gt_binary", "raw_class": 2, "core_class": "water"}}, {"type": "Feature", "geometry": {"type": "Polygon", "coordinates": [[[77.86947786561274, 24.952937724830985], [77.86972312229301, 24.953035844520837], [77.86951798587546, 24.95310272755039], [77.86947786561274, 24.952937724830985]]]}, "properties": {"polygon_id": "gt_binary_199", "source": "gt_binary", "raw_class": 2, "core_class": "water"}}, {"type": "Feature", "geometry": {"type": "Polygon", "coordinates": [[[84.07463807473307, 24.65129292483858], [84.07472722537733, 24.651248323366065], [84.07478518128615, 24.651404407837685], [84.07469159737796, 24.651449015412314], [84.07463807473307, 24.65129292483858]]]}, "properties": {"polygon_id": "gt_binary_200", "source": "gt_binary", "raw_class": 2, "core_class": "water"}}, {"type": "Feature", "geometry": {"type": "Polygon", "coordinates": [[[91.664081590225, 26.49238890190388], [91.6643401989821, 26.492232816585], [91.66442491981354, 26.492335330791146], [91.66417965234926, 26.492518170652406], [91.664081590225, 26.49238890190388]]]}, "properties": {"polygon_id": "gt_binary_201", "source": "gt_binary", "raw_class": 2, "core_class": "water"}}, {"type": "Feature", "geometry": {"type": "Polygon", "coordinates": [[[86.61737798447022, 21.1153685073512], [86.61756084605838, 21.115297189687485], [86.61762323578482, 21.115426434051024], [86.61743152752113, 21.11551565484967], [86.61737798447022, 21.1153685073512]]]}, "properties": {"polygon_id": "gt_binary_202", "source": "gt_binary", "raw_class": 2, "core_class": "water"}}, {"type": "Feature", "geometry": {"type": "Polygon", "coordinates": [[[81.09236898063912, 20.617442977667306], [81.09244922276007, 20.617407286459503], [81.09248938588941, 20.61751435888609], [81.09240021866242, 20.61755003971204], [81.09236898063912, 20.617442977667306]]]}, "properties": {"polygon_id": "gt_binary_203", "source": "gt_binary", "raw_class": 2, "core_class": "water"}}, {"type": "Feature", "geometry": {"type": "Polygon", "coordinates": [[[81.39153903027272, 20.624666724283134], [81.39175299230287, 20.624827282850667], [81.39173076577734, 20.625063619531527], [81.39153903027272, 20.624666724283134]]]}, "properties": {"polygon_id": "gt_binary_204", "source": "gt_binary", "raw_class": 2, "core_class": "water"}}, {"type": "Feature", "geometry": {"type": "Polygon", "coordinates": [[[87.0779362402928, 24.927721533850526], [87.0782706931694, 24.927645748024332], [87.07829302042528, 24.927739348150528], [87.07795407174258, 24.92783304602575], [87.0779362402928, 24.927721533850526]]]}, "properties": {"polygon_id": "gt_binary_205", "source": "gt_binary", "raw_class": 2, "core_class": "water"}}, {"type": "Feature", "geometry": {"type": "Polygon", "coordinates": [[[81.60394381591603, 19.020812769787824], [81.60404192323553, 19.020772695699296], [81.60409545147145, 19.020888583549883], [81.60399734422226, 19.020942153333646], [81.60394381591603, 19.020812769787824]]]}, "properties": {"polygon_id": "gt_binary_206", "source": "gt_binary", "raw_class": 2, "core_class": "water"}}, {"type": "Feature", "geometry": {"type": "Polygon", "coordinates": [[[82.02062003715268, 19.183422841315988], [82.02074045837743, 19.183409434219964], [82.02074494922032, 19.18354771577369], [82.02064681592313, 19.183578936606672], [82.02062003715268, 19.183422841315988]]]}, "properties": {"polygon_id": "gt_binary_207", "source": "gt_binary", "raw_class": 2, "core_class": "water"}}, {"type": "Feature", "geometry": {"type": "Polygon", "coordinates": [[[86.04698767937725, 25.622173056494177], [86.04714818869083, 25.622101629995107], [86.04719277020024, 25.622217630223826], [86.04703226102532, 25.622275619927475], [86.04698767937725, 25.622173056494177]]]}, "properties": {"polygon_id": "gt_binary_208", "source": "gt_binary", "raw_class": 2, "core_class": "water"}}, {"type": "Feature", "geometry": {"type": "Polygon", "coordinates": [[[75.07714421498392, 15.671720223402428], [75.07716203753502, 15.671524004656336], [75.07735380805882, 15.67155080909231], [75.07735380805882, 15.671738063725298], [75.07714421498392, 15.671720223402428]]]}, "properties": {"polygon_id": "gt_binary_209", "source": "gt_binary", "raw_class": 2, "core_class": "water"}}, {"type": "Feature", "geometry": {"type": "Polygon", "coordinates": [[[77.59242949810569, 13.175707193581045], [77.59267475516083, 13.175658189440133], [77.59261232614277, 13.175742896006144], [77.59243395732962, 13.175823150801595], [77.59242949810569, 13.175707193581045]]]}, "properties": {"polygon_id": "gt_binary_210", "source": "gt_binary", "raw_class": 2, "core_class": "water"}}, {"type": "Feature", "geometry": {"type": "Polygon", "coordinates": [[[86.71850597539449, 25.127119197892316], [86.71868431575005, 25.127065650281338], [86.71872891993036, 25.127159267845766], [86.71853269194196, 25.127217301453985], [86.71850597539449, 25.127119197892316]]]}, "properties": {"polygon_id": "gt_binary_211", "source": "gt_binary", "raw_class": 2, "core_class": "water"}}, {"type": "Feature", "geometry": {"type": "Polygon", "coordinates": [[[79.85218148591113, 21.486450454469068], [79.85245797111718, 21.48660204410826], [79.85264967271597, 21.4868874117608], [79.85260958891186, 21.486927595947748], [79.85242677576633, 21.486655541296546], [79.85218148591113, 21.486450454469068]]]}, "properties": {"polygon_id": "gt_binary_212", "source": "gt_binary", "raw_class": 2, "core_class": "water"}}, {"type": "Feature", "geometry": {"type": "Polygon", "coordinates": [[[75.14218017442474, 30.164244580049743], [75.1424655742857, 30.164057286747276], [75.14247002808716, 30.16419552401887], [75.14218017442474, 30.164244580049743]]]}, "properties": {"polygon_id": "gt_binary_213", "source": "gt_binary", "raw_class": 2, "core_class": "water"}}, {"type": "Feature", "geometry": {"type": "Polygon", "coordinates": [[[84.48922744283495, 25.581546131595296], [84.48938353162491, 25.581465908937965], [84.48946821962456, 25.58163091057576], [84.4893523139003, 25.581697784910343], [84.48922744283495, 25.581546131595296]]]}, "properties": {"polygon_id": "gt_binary_214", "source": "gt_binary", "raw_class": 2, "core_class": "water"}}, {"type": "Feature", "geometry": {"type": "Polygon", "coordinates": [[[93.85992131209026, 24.69118851084922], [93.86027359374687, 24.691090397160753], [93.8603092414304, 24.69117070741606], [93.85995253272128, 24.6912687536565], [93.85992131209026, 24.69118851084922]]]}, "properties": {"polygon_id": "gt_binary_215", "source": "gt_binary", "raw_class": 2, "core_class": "water"}}, {"type": "Feature", "geometry": {"type": "Polygon", "coordinates": [[[93.34993387213754, 26.830834677827568], [93.34998292079766, 26.830723180300946], [93.35012122598161, 26.8307410181742], [93.3500453464357, 26.83085691911735], [93.34993387213754, 26.830834677827568]]]}, "properties": {"polygon_id": "gt_binary_216", "source": "gt_binary", "raw_class": 2, "core_class": "water"}}, {"type": "Feature", "geometry": {"type": "Polygon", "coordinates": [[[84.65240827810678, 20.591339360047694], [84.65259106743775, 20.591290337068816], [84.65260894723637, 20.591343821925246], [84.65255985759741, 20.591410742479997], [84.65243054810432, 20.591441925900444], [84.65240827810678, 20.591339360047694]]]}, "properties": {"polygon_id": "gt_binary_217", "source": "gt_binary", "raw_class": 2, "core_class": "water"}}, {"type": "Feature", "geometry": {"type": "Polygon", "coordinates": [[[84.22297455764787, 25.475856497438397], [84.22315290123548, 25.475852066883633], [84.22318409924743, 25.47594127456382], [84.22303253143343, 25.47608390815261], [84.22297455764787, 25.475856497438397]]]}, "properties": {"polygon_id": "gt_binary_218", "source": "gt_binary", "raw_class": 2, "core_class": "water"}}, {"type": "Feature", "geometry": {"type": "Polygon", "coordinates": [[[92.60704768303981, 24.884289873271964], [92.60722155416578, 24.884209672160885], [92.60727060456172, 24.884325538043406], [92.60708780126546, 24.88437015507376], [92.60704768303981, 24.884289873271964]]]}, "properties": {"polygon_id": "gt_binary_219", "source": "gt_binary", "raw_class": 2, "core_class": "water"}}, {"type": "Feature", "geometry": {"type": "Polygon", "coordinates": [[[79.65430892180522, 19.90535572148263], [79.65440699891498, 19.905337935931584], [79.65443817799124, 19.90542260684998], [79.65433119259933, 19.90546276068683], [79.65430892180522, 19.90535572148263]]]}, "properties": {"polygon_id": "gt_binary_220", "source": "gt_binary", "raw_class": 2, "core_class": "water"}}, {"type": "Feature", "geometry": {"type": "Polygon", "coordinates": [[[96.02414154196401, 27.443528534737695], [96.02443583205485, 27.443448249527417], [96.02447151835734, 27.44350179286326], [96.02416382560838, 27.443608814719894], [96.02414154196401, 27.443528534737695]]]}, "properties": {"polygon_id": "gt_binary_221", "source": "gt_binary", "raw_class": 2, "core_class": "water"}}, {"type": "Feature", "geometry": {"type": "Polygon", "coordinates": [[[78.11566484231439, 13.57568409517218], [78.11580755326082, 13.575590449624814], [78.11582983007419, 13.575710850095723], [78.11566484231439, 13.57568409517218]]]}, "properties": {"polygon_id": "gt_binary_222", "source": "gt_binary", "raw_class": 2, "core_class": "water"}}, {"type": "Feature", "geometry": {"type": "Polygon", "coordinates": [[[75.65685855364576, 13.053505558167295], [75.656974492586, 13.053447606029073], [75.65701914592046, 13.053585841221755], [75.6568986795375, 13.053625962415946], [75.65685855364576, 13.053505558167295]]]}, "properties": {"polygon_id": "gt_binary_223", "source": "gt_binary", "raw_class": 2, "core_class": "water"}}, {"type": "Feature", "geometry": {"type": "Polygon", "coordinates": [[[78.55746810507935, 13.420658962514395], [78.55748595470396, 13.4205252561687], [78.55759296573682, 13.420543077508706], [78.55758854665997, 13.420681303114954], [78.55746810507935, 13.420658962514395]]]}, "properties": {"polygon_id": "gt_binary_224", "source": "gt_binary", "raw_class": 2, "core_class": "water"}}, {"type": "Feature", "geometry": {"type": "Polygon", "coordinates": [[[93.81709165280512, 24.307737034458487], [93.81716746633994, 24.307661255977607], [93.8172699738674, 24.307741534556474], [93.8171941601804, 24.30783958598389], [93.81709165280512, 24.307737034458487]]]}, "properties": {"polygon_id": "gt_binary_225", "source": "gt_binary", "raw_class": 2, "core_class": "water"}}, {"type": "Feature", "geometry": {"type": "Polygon", "coordinates": [[[78.94681010243825, 11.50738807804755], [78.94692152661898, 11.507374655124565], [78.94693050268994, 11.507459373206032], [78.94681010243825, 11.507463827936258], [78.94681010243825, 11.50738807804755]]]}, "properties": {"polygon_id": "gt_binary_226", "source": "gt_binary", "raw_class": 2, "core_class": "water"}}, {"type": "Feature", "geometry": {"type": "Polygon", "coordinates": [[[78.96726400107691, 14.883088087208554], [78.96735762594801, 14.882998926997637], [78.96748697481435, 14.883065774910229], [78.96739326377836, 14.883181712622788], [78.96726400107691, 14.883088087208554]]]}, "properties": {"polygon_id": "gt_binary_227", "source": "gt_binary", "raw_class": 2, "core_class": "water"}}, {"type": "Feature", "geometry": {"type": "Polygon", "coordinates": [[[85.39058121222973, 20.428702653339265], [85.39083092692222, 20.428702617327055], [85.39085322000776, 20.428782839623103], [85.39061240693545, 20.42878737328202], [85.39058121222973, 20.428702653339265]]]}, "properties": {"polygon_id": "gt_binary_228", "source": "gt_binary", "raw_class": 2, "core_class": "water"}}, {"type": "Feature", "geometry": {"type": "Polygon", "coordinates": [[[73.7911216812584, 20.780886859430783], [73.79112607960403, 20.78082892540223], [73.79117069138987, 20.78076197902896], [73.79118406594746, 20.780686193550657], [73.79126431327413, 20.780967093665943], [73.79119295239798, 20.780967098986814], [73.7911216812584, 20.780886859430783]]]}, "properties": {"polygon_id": "gt_binary_229", "source": "gt_binary", "raw_class": 2, "core_class": "water"}}, {"type": "Feature", "geometry": {"type": "Polygon", "coordinates": [[[81.29497714595902, 18.790544821252844], [81.29507523436705, 18.790504648734263], [81.29511092575156, 18.79061172555794], [81.29499049875481, 18.790656336799437], [81.29497714595902, 18.790544821252844]]]}, "properties": {"polygon_id": "gt_binary_230", "source": "gt_binary", "raw_class": 2, "core_class": "water"}}, {"type": "Feature", "geometry": {"type": "Polygon", "coordinates": [[[69.05516393693587, 22.36468823150883], [69.05519959165056, 22.36453215523424], [69.0553021899069, 22.364630222662427], [69.05528436255075, 22.364697177724704], [69.05516393693587, 22.36468823150883]]]}, "properties": {"polygon_id": "gt_binary_231", "source": "gt_binary", "raw_class": 2, "core_class": "water"}}, {"type": "Feature", "geometry": {"type": "Polygon", "coordinates": [[[76.20169833219242, 23.066323282176583], [76.2018008222213, 23.06631882751654], [76.20183654780409, 23.06652393126868], [76.20171610656884, 23.066541837666897], [76.20169833219242, 23.066323282176583]]]}, "properties": {"polygon_id": "gt_binary_232", "source": "gt_binary", "raw_class": 2, "core_class": "water"}}, {"type": "Feature", "geometry": {"type": "Polygon", "coordinates": [[[77.88215513537496, 12.014432448712611], [77.88223091897503, 12.01440119492611], [77.88225324416824, 12.014534961355274], [77.88219525098108, 12.014584019489792], [77.88215513537496, 12.014432448712611]]]}, "properties": {"polygon_id": "gt_binary_233", "source": "gt_binary", "raw_class": 2, "core_class": "water"}}, {"type": "Feature", "geometry": {"type": "Polygon", "coordinates": [[[75.3756854709438, 15.182842253460251], [75.37576133839349, 15.182775299792889], [75.37579700408654, 15.182873450182385], [75.37569890117504, 15.182922492461692], [75.3756854709438, 15.182842253460251]]]}, "properties": {"polygon_id": "gt_binary_234", "source": "gt_binary", "raw_class": 2, "core_class": "water"}}, {"type": "Feature", "geometry": {"type": "Polygon", "coordinates": [[[75.37563201683282, 15.180251504315596], [75.37574346107289, 15.180220308438894], [75.37580589827301, 15.180349631273748], [75.37565878836165, 15.180389699371974], [75.37563201683282, 15.180251504315596]]]}, "properties": {"polygon_id": "gt_binary_235", "source": "gt_binary", "raw_class": 2, "core_class": "water"}}, {"type": "Feature", "geometry": {"type": "Polygon", "coordinates": [[[95.20763997751561, 27.192623773491135], [95.20764443657743, 27.1925658068397], [95.20795211268538, 27.192565861009008], [95.2079565717716, 27.192632713258813], [95.20763997751561, 27.192623773491135]]]}, "properties": {"polygon_id": "gt_binary_236", "source": "gt_binary", "raw_class": 2, "core_class": "water"}}, {"type": "Feature", "geometry": {"type": "Polygon", "coordinates": [[[77.83335467879269, 10.464529172895215], [77.83345283134017, 10.464489007559568], [77.8335375478239, 10.46468076151202], [77.8334304961904, 10.464743230219339], [77.83335467879269, 10.464529172895215]]]}, "properties": {"polygon_id": "gt_binary_237", "source": "gt_binary", "raw_class": 2, "core_class": "water"}}, {"type": "Feature", "geometry": {"type": "Polygon", "coordinates": [[[76.5428864212883, 9.16408587545996], [76.54315843348363, 9.163987746569376], [76.54320297498491, 9.16418840379728], [76.5428998278691, 9.164313256808798], [76.5428864212883, 9.16408587545996]]]}, "properties": {"polygon_id": "gt_binary_238", "source": "gt_binary", "raw_class": 2, "core_class": "water"}}, {"type": "Feature", "geometry": {"type": "Polygon", "coordinates": [[[84.62589888872431, 24.796302904417992], [84.62621105077248, 24.79625386356294], [84.62625113899718, 24.796383144379796], [84.6259390570231, 24.796454488776156], [84.62589888872431, 24.796302904417992]]]}, "properties": {"polygon_id": "gt_binary_239", "source": "gt_binary", "raw_class": 2, "core_class": "water"}}, {"type": "Feature", "geometry": {"type": "Polygon", "coordinates": [[[75.34609935415483, 16.671303509761064], [75.34623314873382, 16.671263384449933], [75.34633571856776, 16.671428396914806], [75.34630894188749, 16.671718246131007], [75.34623759668989, 16.671789615344355], [75.34609935415483, 16.671303509761064]]]}, "properties": {"polygon_id": "gt_binary_240", "source": "gt_binary", "raw_class": 2, "core_class": "water"}}, {"type": "Feature", "geometry": {"type": "Polygon", "coordinates": [[[91.66053660452262, 26.49126072480914], [91.66085767137453, 26.491198329917122], [91.66088887398175, 26.491416843617692], [91.66058566860119, 26.491479211814262], [91.66053660452262, 26.49126072480914]]]}, "properties": {"polygon_id": "gt_binary_241", "source": "gt_binary", "raw_class": 2, "core_class": "water"}}, {"type": "Feature", "geometry": {"type": "Polygon", "coordinates": [[[79.8304300283369, 21.640365218499], [79.83062622310737, 21.640253714221412], [79.83078232373369, 21.640548040551014], [79.83061280151821, 21.640623862780256], [79.8304300283369, 21.640365218499]]]}, "properties": {"polygon_id": "gt_binary_242", "source": "gt_binary", "raw_class": 2, "core_class": "water"}}, {"type": "Feature", "geometry": {"type": "Polygon", "coordinates": [[[79.8307332537965, 21.640811135328068], [79.8308402843561, 21.640739744424437], [79.83106768112148, 21.640976130984043], [79.83087148733033, 21.64110544242024], [79.8307332537965, 21.640811135328068]]]}, "properties": {"polygon_id": "gt_binary_243", "source": "gt_binary", "raw_class": 2, "core_class": "water"}}, {"type": "Feature", "geometry": {"type": "Polygon", "coordinates": [[[86.87301829578644, 21.380564651704677], [86.87303612693455, 21.38036842308353], [86.87331706231126, 21.38036400026962], [86.8733437706019, 21.38057350455089], [86.87301829578644, 21.380564651704677]]]}, "properties": {"polygon_id": "gt_binary_244", "source": "gt_binary", "raw_class": 2, "core_class": "water"}}, {"type": "Feature", "geometry": {"type": "Polygon", "coordinates": [[[74.56022738045723, 34.24000562365843], [74.56024078905241, 34.239858453807365], [74.56059307717115, 34.23996992276544], [74.56056626003428, 34.240108169624236], [74.56022738045723, 34.24000562365843]]]}, "properties": {"polygon_id": "gt_binary_245", "source": "gt_binary", "raw_class": 2, "core_class": "water"}}, {"type": "Feature", "geometry": {"type": "Polygon", "coordinates": [[[83.78756561166011, 21.407395046503996], [83.78760124546329, 21.407185487693123], [83.78797134988676, 21.40724338186238], [83.78795353309438, 21.407408399005064], [83.78756561166011, 21.407395046503996]]]}, "properties": {"polygon_id": "gt_binary_246", "source": "gt_binary", "raw_class": 2, "core_class": "water"}}, {"type": "Feature", "geometry": {"type": "Polygon", "coordinates": [[[86.82811511862586, 21.03953705386904], [86.82824441829325, 21.03926506126587], [86.82847184086623, 21.039327433488843], [86.82836483212903, 21.039590572601558], [86.82811511862586, 21.03953705386904]]]}, "properties": {"polygon_id": "gt_binary_247", "source": "gt_binary", "raw_class": 2, "core_class": "water"}}, {"type": "Feature", "geometry": {"type": "Polygon", "coordinates": [[[75.14193940129378, 30.163878890207787], [75.14236304774093, 30.16384766426277], [75.14238977056527, 30.16394577375315], [75.14197066708182, 30.164199947163993], [75.14193940129378, 30.163878890207787]]]}, "properties": {"polygon_id": "gt_binary_248", "source": "gt_binary", "raw_class": 2, "core_class": "water"}}, {"type": "Feature", "geometry": {"type": "Polygon", "coordinates": [[[71.9375580908241, 21.89083294213026], [71.9376026838768, 21.890467242797065], [71.93777653340378, 21.890498521770894], [71.9377408951633, 21.890850760339916], [71.9375580908241, 21.89083294213026]]]}, "properties": {"polygon_id": "gt_binary_249", "source": "gt_binary", "raw_class": 2, "core_class": "water"}}, {"type": "Feature", "geometry": {"type": "Polygon", "coordinates": [[[78.53725060379601, 26.661500305396213], [78.5374645818753, 26.661482490559898], [78.53747801507298, 26.661709858322993], [78.53737990935603, 26.661785703075164], [78.53725060379601, 26.66172321010194], [78.53725060379601, 26.661500305396213]]]}, "properties": {"polygon_id": "gt_binary_250", "source": "gt_binary", "raw_class": 2, "core_class": "water"}}, {"type": "Feature", "geometry": {"type": "Polygon", "coordinates": [[[93.89783700271978, 24.232177548598486], [93.89797526793224, 24.232066086837584], [93.8982427838064, 24.23247190126391], [93.89808671975707, 24.232565526001604], [93.89783700271978, 24.232177548598486]]]}, "properties": {"polygon_id": "gt_binary_251", "source": "gt_binary", "raw_class": 2, "core_class": "water"}}, {"type": "Feature", "geometry": {"type": "Polygon", "coordinates": [[[94.82087542896429, 26.933518813405538], [94.82113852584926, 26.933264641731416], [94.82124552052238, 26.933367201711626], [94.82098685156788, 26.933625883087387], [94.82087542896429, 26.933518813405538]]]}, "properties": {"polygon_id": "gt_binary_252", "source": "gt_binary", "raw_class": 2, "core_class": "water"}}, {"type": "Feature", "geometry": {"type": "Polygon", "coordinates": [[[76.3192669577787, 28.799264659680972], [76.31927588134131, 28.798965915515815], [76.31953007009584, 28.798974859790775], [76.31952556414717, 28.79926019542183], [76.3192669577787, 28.799264659680972]]]}, "properties": {"polygon_id": "gt_binary_253", "source": "gt_binary", "raw_class": 2, "core_class": "water"}}, {"type": "Feature", "geometry": {"type": "Polygon", "coordinates": [[[85.15664341950865, 24.31097436343546], [85.15665678931344, 24.310648798537827], [85.15686635464793, 24.310599832394768], [85.15687529418591, 24.310969885509095], [85.15664341950865, 24.31097436343546]]]}, "properties": {"polygon_id": "gt_binary_254", "source": "gt_binary", "raw_class": 2, "core_class": "water"}}, {"type": "Feature", "geometry": {"type": "Polygon", "coordinates": [[[80.11043480472665, 12.498882524082259], [80.11073356443892, 12.498802308494083], [80.11076032153308, 12.499034156170282], [80.11047494050419, 12.499101030179254], [80.11043480472665, 12.498882524082259]]]}, "properties": {"polygon_id": "gt_binary_255", "source": "gt_binary", "raw_class": 2, "core_class": "water"}}, {"type": "Feature", "geometry": {"type": "Polygon", "coordinates": [[[90.45363185725037, 26.470637402892418], [90.45396183009949, 26.470548220299314], [90.45404209223646, 26.470748824332397], [90.45365856306569, 26.470873738227333], [90.45363185725037, 26.470637402892418]]]}, "properties": {"polygon_id": "gt_binary_256", "source": "gt_binary", "raw_class": 2, "core_class": "water"}}, {"type": "Feature", "geometry": {"type": "Polygon", "coordinates": [[[92.17350713541188, 26.508896515873488], [92.17381478371439, 26.508807278049716], [92.17383705324416, 26.50902134416805], [92.1735383275398, 26.50907040912468], [92.17350713541188, 26.508896515873488]]]}, "properties": {"polygon_id": "gt_binary_257", "source": "gt_binary", "raw_class": 2, "core_class": "water"}}, {"type": "Feature", "geometry": {"type": "Polygon", "coordinates": [[[78.5807535510963, 25.924602645908728], [78.58107459651441, 25.924437650625954], [78.58113705558249, 25.92458034179656], [78.58096761036478, 25.924682906236967], [78.5807535510963, 25.924602645908728]]]}, "properties": {"polygon_id": "gt_binary_258", "source": "gt_binary", "raw_class": 2, "core_class": "water"}}, {"type": "Feature", "geometry": {"type": "Polygon", "coordinates": [[[76.20111416407056, 23.069498158965423], [76.20134602765135, 23.069502668691303], [76.2013772434272, 23.069841583910247], [76.20123451741298, 23.0698370455626], [76.2011185855766, 23.069694349352844], [76.20111416407056, 23.069498158965423]]]}, "properties": {"polygon_id": "gt_binary_259", "source": "gt_binary", "raw_class": 2, "core_class": "water"}}, {"type": "Feature", "geometry": {"type": "Polygon", "coordinates": [[[86.47120421770904, 23.75258343179444], [86.47146284561302, 23.752521038323668], [86.47140937640977, 23.75279744852699], [86.47133353182845, 23.752846498408136], [86.47120421770904, 23.75258343179444]]]}, "properties": {"polygon_id": "gt_binary_260", "source": "gt_binary", "raw_class": 2, "core_class": "water"}}, {"type": "Feature", "geometry": {"type": "Polygon", "coordinates": [[[85.65674049792482, 20.875928151035293], [85.65696342597441, 20.875727489916006], [85.65708829349282, 20.87585680421075], [85.65690996722347, 20.876052966207364], [85.65674049792482, 20.875928151035293]]]}, "properties": {"polygon_id": "gt_binary_261", "source": "gt_binary", "raw_class": 2, "core_class": "water"}}, {"type": "Feature", "geometry": {"type": "Polygon", "coordinates": [[[90.4406825989068, 26.325177089743114], [90.44068706040952, 26.324624129143057], [90.44083867984124, 26.324592946225554], [90.44081637224713, 26.325185959544072], [90.4406825989068, 26.325177089743114]]]}, "properties": {"polygon_id": "gt_binary_262", "source": "gt_binary", "raw_class": 2, "core_class": "water"}}, {"type": "Feature", "geometry": {"type": "Polygon", "coordinates": [[[93.14541726543492, 25.290652274951444], [93.14553317388706, 25.290540778070376], [93.14586313935976, 25.29071462772177], [93.14580074432443, 25.290839532969503], [93.14541726543492, 25.290652274951444]]]}, "properties": {"polygon_id": "gt_binary_263", "source": "gt_binary", "raw_class": 2, "core_class": "water"}}, {"type": "Feature", "geometry": {"type": "Polygon", "coordinates": [[[72.41034319319336, 22.622063116119715], [72.41078911306835, 22.62194717262544], [72.41086045295577, 22.622330610981585], [72.41040559312295, 22.622513460280075], [72.41034319319336, 22.622063116119715]]]}, "properties": {"polygon_id": "gt_binary_264", "source": "gt_binary", "raw_class": 2, "core_class": "water"}}, {"type": "Feature", "geometry": {"type": "Polygon", "coordinates": [[[76.95600430111959, 30.20212909014604], [76.9580465480953, 30.20150034851384], [76.95807775602961, 30.202169220097037], [76.95600430111959, 30.20212909014604]]]}, "properties": {"polygon_id": "gt_binary_265", "source": "gt_binary", "raw_class": 2, "core_class": "water"}}, {"type": "Feature", "geometry": {"type": "Polygon", "coordinates": [[[71.34269167172678, 21.318244196766532], [71.34303953440893, 21.317111613947603], [71.34346758900323, 21.316621130902664], [71.34385994174204, 21.31751734144802], [71.34360577332937, 21.318391410064553], [71.34269167172678, 21.318244196766532]]]}, "properties": {"polygon_id": "gt_binary_266", "source": "gt_binary", "raw_class": 2, "core_class": "water"}}, {"type": "Feature", "geometry": {"type": "Polygon", "coordinates": [[[72.68539389648272, 22.513060384834187], [72.685625732783, 22.512748196731096], [72.68598692790206, 22.51319411868281], [72.68589780188175, 22.513448336223416], [72.68539389648272, 22.513060384834187]]]}, "properties": {"polygon_id": "gt_binary_267", "source": "gt_binary", "raw_class": 2, "core_class": "water"}}, {"type": "Feature", "geometry": {"type": "Polygon", "coordinates": [[[79.26899800036857, 11.229492419736273], [79.26913175686963, 11.228729904198795], [79.27004585486748, 11.228605052247449], [79.2700636602071, 11.229809027634085], [79.26899800036857, 11.229492419736273]]]}, "properties": {"polygon_id": "gt_binary_268", "source": "gt_binary", "raw_class": 2, "core_class": "water"}}, {"type": "Feature", "geometry": {"type": "Polygon", "coordinates": [[[73.27856579369472, 23.693393339699085], [73.27859701743769, 23.692684322310413], [73.27900283571284, 23.69269325956303], [73.27891366373446, 23.693344277233766], [73.27856579369472, 23.693393339699085]]]}, "properties": {"polygon_id": "gt_binary_269", "source": "gt_binary", "raw_class": 2, "core_class": "water"}}, {"type": "Feature", "geometry": {"type": "Polygon", "coordinates": [[[73.27467745840731, 23.638920908693894], [73.27469086595696, 23.638586469091464], [73.27533298765124, 23.638680149968966], [73.27534189599683, 23.639126062479253], [73.27467745840731, 23.638920908693894]]]}, "properties": {"polygon_id": "gt_binary_270", "source": "gt_binary", "raw_class": 2, "core_class": "water"}}, {"type": "Feature", "geometry": {"type": "Polygon", "coordinates": [[[77.74865411848212, 24.74213375398542], [77.74914455882485, 24.742115952312624], [77.74914901180716, 24.742530620052936], [77.74866747748761, 24.742664383021754], [77.74865411848212, 24.74213375398542]]]}, "properties": {"polygon_id": "gt_binary_271", "source": "gt_binary", "raw_class": 2, "core_class": "water"}}, {"type": "Feature", "geometry": {"type": "Polygon", "coordinates": [[[77.03082359152553, 15.775269462381683], [77.03132745074991, 15.775166896245002], [77.03139430968024, 15.77543001314924], [77.03086365434099, 15.775470121438447], [77.03082359152553, 15.775269462381683]]]}, "properties": {"polygon_id": "gt_binary_272", "source": "gt_binary", "raw_class": 2, "core_class": "water"}}, {"type": "Feature", "geometry": {"type": "Polygon", "coordinates": [[[82.1484981289173, 21.563008759888223], [82.14903324402465, 21.56273229301491], [82.14949256316727, 21.563521578901362], [82.14881474886049, 21.563601760664856], [82.1484981289173, 21.563008759888223]]]}, "properties": {"polygon_id": "gt_binary_273", "source": "gt_binary", "raw_class": 2, "core_class": "water"}}, {"type": "Feature", "geometry": {"type": "Polygon", "coordinates": [[[91.22462821592688, 26.376479037481513], [91.22465051744146, 26.3761401547747], [91.22491806318156, 26.376166875506318], [91.2249136615378, 26.376501283272507], [91.22462821592688, 26.376479037481513]]]}, "properties": {"polygon_id": "gt_binary_274", "source": "gt_binary", "raw_class": 2, "core_class": "water"}}, {"type": "Feature", "geometry": {"type": "Polygon", "coordinates": [[[86.04715705831356, 25.622837466049297], [86.04774571776262, 25.622708135811788], [86.04779916826826, 25.6229355662747], [86.04718833539214, 25.623055912384615], [86.04715705831356, 25.622837466049297]]]}, "properties": {"polygon_id": "gt_binary_275", "source": "gt_binary", "raw_class": 2, "core_class": "water"}}, {"type": "Feature", "geometry": {"type": "Polygon", "coordinates": [[[86.83018862097249, 21.040063183607398], [86.83030458742283, 21.039496922128606], [86.83046505573338, 21.039514709699745], [86.83034916626204, 21.04008551573171], [86.83018862097249, 21.040063183607398]]]}, "properties": {"polygon_id": "gt_binary_276", "source": "gt_binary", "raw_class": 2, "core_class": "water"}}, {"type": "Feature", "geometry": {"type": "Polygon", "coordinates": [[[72.54901673469111, 21.994395547482142], [72.54961874594926, 21.994426798777976], [72.5496276813383, 21.994961899741092], [72.54941359294338, 21.99507331346314], [72.54903009267711, 21.995006478900812], [72.54901673469111, 21.994395547482142]]]}, "properties": {"polygon_id": "gt_binary_277", "source": "gt_binary", "raw_class": 2, "core_class": "water"}}, {"type": "Feature", "geometry": {"type": "Polygon", "coordinates": [[[75.82970225549126, 28.78751492542276], [75.83032204068098, 28.787528293890606], [75.83034438481762, 28.787782471621096], [75.82982709942057, 28.787862738479063], [75.82970225549126, 28.78751492542276]]]}, "properties": {"polygon_id": "gt_binary_278", "source": "gt_binary", "raw_class": 2, "core_class": "water"}}, {"type": "Feature", "geometry": {"type": "Polygon", "coordinates": [[[80.94836233405566, 18.770117665486886], [80.94866111368549, 18.76997502392062], [80.94887511748888, 18.77028712386964], [80.94862096154772, 18.770398617308523], [80.94836233405566, 18.770117665486886]]]}, "properties": {"polygon_id": "gt_binary_279", "source": "gt_binary", "raw_class": 2, "core_class": "water"}}, {"type": "Feature", "geometry": {"type": "Polygon", "coordinates": [[[81.9570644554322, 22.209288522760897], [81.95787601345437, 22.20883374094006], [81.95831300246506, 22.20985040701991], [81.95753266309438, 22.210131347379985], [81.9570644554322, 22.209288522760897]]]}, "properties": {"polygon_id": "gt_binary_280", "source": "gt_binary", "raw_class": 2, "core_class": "water"}}, {"type": "Feature", "geometry": {"type": "Polygon", "coordinates": [[[79.65257426698928, 19.90727762115254], [79.65266797740658, 19.906978901511756], [79.65298457056312, 19.907054674463787], [79.65288640624567, 19.90736677774656], [79.65257426698928, 19.90727762115254]]]}, "properties": {"polygon_id": "gt_binary_281", "source": "gt_binary", "raw_class": 2, "core_class": "water"}}, {"type": "Feature", "geometry": {"type": "Polygon", "coordinates": [[[76.32130920105126, 28.800080716848548], [76.32161692635384, 28.800089578358033], [76.32246862286901, 28.799469819193206], [76.3229100186226, 28.800250154961837], [76.32164811409233, 28.80035268667941], [76.32130920105126, 28.800080716848548]]]}, "properties": {"polygon_id": "gt_binary_282", "source": "gt_binary", "raw_class": 2, "core_class": "water"}}, {"type": "Feature", "geometry": {"type": "Polygon", "coordinates": [[[79.4439062040226, 23.559103065933524], [79.44395522731868, 23.55890678495062], [79.44415595640913, 23.558884511616874], [79.44438330003396, 23.559290317386317], [79.4442897183229, 23.559446412094037], [79.44396862071902, 23.55916098029077], [79.4439062040226, 23.559103065933524]]]}, "properties": {"polygon_id": "gt_binary_283", "source": "gt_binary", "raw_class": 2, "core_class": "water"}}, {"type": "Feature", "geometry": {"type": "Polygon", "coordinates": [[[85.7313323780201, 26.306292737617802], [85.73163999954417, 26.306216975198492], [85.73172923293399, 26.306555829431343], [85.7314749956514, 26.30659594823977], [85.7313323780201, 26.306292737617802]]]}, "properties": {"polygon_id": "gt_binary_284", "source": "gt_binary", "raw_class": 2, "core_class": "water"}}, {"type": "Feature", "geometry": {"type": "Polygon", "coordinates": [[[85.012815078085, 21.491658674847113], [85.0129845759801, 21.491061135651282], [85.01308261009231, 21.49104327618323], [85.01308261009231, 21.49182811973719], [85.01286861631507, 21.491819213901216], [85.012815078085, 21.491658674847113]]]}, "properties": {"polygon_id": "gt_binary_285", "source": "gt_binary", "raw_class": 2, "core_class": "water"}}, {"type": "Feature", "geometry": {"type": "Polygon", "coordinates": [[[81.80294459922595, 20.73540847861434], [81.80363575985328, 20.735225722157487], [81.8043269139686, 20.736032756530207], [81.80320768478943, 20.736264688470577], [81.80294459922595, 20.73540847861434]]]}, "properties": {"polygon_id": "gt_binary_286", "source": "gt_binary", "raw_class": 2, "core_class": "water"}}, {"type": "Feature", "geometry": {"type": "Polygon", "coordinates": [[[93.78342093948717, 25.934274384029315], [93.78449117721804, 25.934136185050832], [93.78482114780968, 25.935549750440547], [93.78378657502078, 25.935777113698904], [93.78342093948717, 25.934274384029315]]]}, "properties": {"polygon_id": "gt_binary_287", "source": "gt_binary", "raw_class": 2, "core_class": "water"}}]}