{"type": "FeatureCollection", "features": [{"type": "Feature", "geometry": {"type": "Polygon", "coordinates": [[[77.19757431892798, 28.54328188096811], [77.19756063536924, 28.543279324919286], [77.19754735776037, 28.543266022243326], [77.19754537913555, 28.543241426226274], [77.19756452486433, 28.543224265466165], [77.19759786742954, 28.543224281132574], [77.19760460809606, 28.54323583791212], [77.19760473082242, 28.543261945363827], [77.19759453765032, 28.54327599840364], [77.19757431892798, 28.54328188096811]]]}, "properties": {"node": "acacia", "role": "positive", "name": "acacia", "ts": "2026-07-14T16:25:08.329996+00:00"}}, {"type": "Feature", "geometry": {"type": "Polygon", "coordinates": [[[77.17585980818671, 28.53208699981053], [77.17583046452648, 28.53208097392584], [77.1758171393552, 28.53206891694061], [77.17582103271067, 28.5320396217791], [77.17583100511519, 28.532027732759378], [77.17587129762951, 28.532029613286465], [77.1758894729336, 28.532048990948304], [77.17589265147957, 28.532064458632863], [77.17588700946732, 28.532078263194055], [77.17587854516361, 28.532083992775995], [77.17585980818671, 28.53208699981053]]]}, "properties": {"node": "acacia", "role": "positive", "name": "acacia", "ts": "2026-07-14T16:25:08.330068+00:00"}}, {"type": "Feature", "geometry": {"type": "Polygon", "coordinates": [[[77.17597518207793, 28.532083346182784], [77.17596491311133, 28.532080804033665], [77.17595213770554, 28.532065670615232], [77.17595506121435, 28.53204884198718], [77.17596489235872, 28.532040022857824], [77.17598268213196, 28.532040639973808], [77.17599701753109, 28.53205213940292], [77.17599487365557, 28.53207707574751], [77.17597518207793, 28.532083346182784]]]}, "properties": {"node": "acacia", "role": "positive", "name": "acacia", "ts": "2026-07-14T16:25:08.330118+00:00"}}, {"type": "Feature", "geometry": {"type": "Polygon", "coordinates": [[[77.17632881939905, 28.53221933027196], [77.17630752368112, 28.532217145361777], [77.17629899299187, 28.532209703247336], [77.1762955396666, 28.532190811446366], [77.1763005206265, 28.532174671628315], [77.1763224780158, 28.532159342367837], [77.17635800198231, 28.532157870655972], [77.17637052498578, 28.532170662240908], [77.1763707542071, 28.532201695815473], [77.1763558905575, 28.532214204630073], [77.17632881939905, 28.53221933027196]]]}, "properties": {"node": "acacia", "role": "positive", "name": "acacia", "ts": "2026-07-14T16:25:08.330162+00:00"}}, {"type": "Feature", "geometry": {"type": "Polygon", "coordinates": [[[77.17605338601788, 28.53210049853907], [77.17602063690157, 28.53208785066142], [77.17601216221924, 28.53207318966398], [77.17601842443048, 28.532059736055917], [77.17604817699167, 28.532055830642673], [77.17607237653979, 28.532070059143933], [77.17607466353496, 28.532091856833393], [77.17605338601788, 28.53210049853907]]]}, "properties": {"node": "acacia", "role": "positive", "name": "acacia", "ts": "2026-07-14T16:25:08.330205+00:00"}}, {"type": "Feature", "geometry": {"type": "Polygon", "coordinates": [[[77.17595898829981, 28.53191181813697], [77.1759393901794, 28.5319027488898], [77.17593956554157, 28.53188145307855], [77.1759538942489, 28.53187274231511], [77.17597968376268, 28.53187485525868], [77.17598962906956, 28.53189147762913], [77.17598779771114, 28.531901792583575], [77.17597448663014, 28.53191030659126], [77.17595898829981, 28.53191181813697]]]}, "properties": {"node": "acacia", "role": "positive", "name": "acacia", "ts": "2026-07-14T16:25:08.330246+00:00"}}, {"type": "Feature", "geometry": {"type": "Polygon", "coordinates": [[[77.17633549921439, 28.532265959514692], [77.1763198933139, 28.532262239803195], [77.17630900444424, 28.532249422018296], [77.17630436258867, 28.53223235376149], [77.17630994118053, 28.53222540726841], [77.17634214127355, 28.532221282105585], [77.17636249318689, 28.532237196273407], [77.17636105152283, 28.532256527440317], [77.17634853896242, 28.5322641264385], [77.17633549921439, 28.532265959514692]]]}, "properties": {"node": "acacia", "role": "positive", "name": "acacia", "ts": "2026-07-14T16:25:08.330287+00:00"}}, {"type": "Feature", "geometry": {"type": "Polygon", "coordinates": [[[77.17610916113303, 28.532229347477003], [77.17608871250415, 28.532218667844898], [77.17608697898525, 28.53219397409851], [77.17610580196036, 28.532175266578466], [77.17612950067878, 28.532175067164527], [77.17614117692894, 28.532186428751046], [77.17614299979509, 28.532205527140867], [77.17612440333417, 28.53222531373002], [77.17610916113303, 28.532229347477003]]]}, "properties": {"node": "acacia", "role": "positive", "name": "acacia", "ts": "2026-07-14T16:25:08.330327+00:00"}}, {"type": "Feature", "geometry": {"type": "Polygon", "coordinates": [[[77.17595043273012, 28.532171621594134], [77.17593202309338, 28.532160728807938], [77.17592907846213, 28.532146700968998], [77.17594496349295, 28.532134175829288], [77.17596212935875, 28.53213426159961], [77.17597024777754, 28.53214152989509], [77.17596961940373, 28.53216066757641], [77.175958599717, 28.532171310247453], [77.17595043273012, 28.532171621594134]]]}, "properties": {"node": "acacia", "role": "positive", "name": "acacia", "ts": "2026-07-14T16:25:08.330367+00:00"}}, {"type": "Feature", "geometry": {"type": "Polygon", "coordinates": [[[77.1760115709925, 28.532292986200755], [77.17599698272734, 28.532289069691885], [77.17598668815843, 28.532275340108562], [77.1759838999588, 28.532249039222158], [77.17599072271454, 28.5322429750458], [77.17600215798633, 28.532242611312405], [77.17601556883494, 28.532248892531637], [77.17603641451173, 28.53226894916624], [77.17603328674475, 28.53228578106923], [77.1760115709925, 28.532292986200755]]]}, "properties": {"node": "acacia", "role": "positive", "name": "acacia", "ts": "2026-07-14T16:25:08.330406+00:00"}}, {"type": "Feature", "geometry": {"type": "Polygon", "coordinates": [[[77.17603518228408, 28.53234818609015], [77.17601872965024, 28.532343036322622], [77.1760114953803, 28.532329077241414], [77.17602386746198, 28.532304698754544], [77.17603746070766, 28.532299969650037], [77.17605337838724, 28.532308917421982], [77.17605692065194, 28.532332138584163], [77.17604941428917, 28.532344709890047], [77.17603518228408, 28.53234818609015]]]}, "properties": {"node": "acacia", "role": "positive", "name": "acacia", "ts": "2026-07-14T16:25:08.330445+00:00"}}, {"type": "Feature", "geometry": {"type": "Polygon", "coordinates": [[[77.17620191648513, 28.532457391982174], [77.17618157903026, 28.53245212405826], [77.17617130666652, 28.53243947682962], [77.17617066154757, 28.532408089021704], [77.1761741233278, 28.532397567482082], [77.17618322268692, 28.532392910396773], [77.17619878781944, 28.53239464583647], [77.17621654764366, 28.532403744508482], [77.17622968312007, 28.532426450989803], [77.17622910334038, 28.53243800902764], [77.17622118104103, 28.532450226111482], [77.17620191648513, 28.532457391982174]]]}, "properties": {"node": "acacia", "role": "positive", "name": "acacia", "ts": "2026-07-14T16:25:08.330486+00:00"}}, {"type": "Feature", "geometry": {"type": "Polygon", "coordinates": [[[77.17583044562657, 28.532666712183055], [77.17581197621622, 28.532662857858856], [77.17580128050797, 28.53264949558984], [77.17579866656574, 28.532631673016773], [77.1758108081277, 28.532615959800705], [77.17583002416907, 28.532616373625398], [77.17585035384847, 28.532631205530837], [77.17584968059188, 28.53265810324401], [77.17584184758202, 28.532664724953055], [77.17583044562657, 28.532666712183055]]]}, "properties": {"node": "acacia", "role": "positive", "name": "acacia", "ts": "2026-07-14T16:25:08.330525+00:00"}}, {"type": "Feature", "geometry": {"type": "Polygon", "coordinates": [[[77.1761412392184, 28.532418124442476], [77.17612499454447, 28.532413151804224], [77.17610938527694, 28.532399326971504], [77.17610803361639, 28.532393213366475], [77.17612356573645, 28.53238340059939], [77.17615128312015, 28.53237988868037], [77.17616186761427, 28.53238783923028], [77.17616116141805, 28.53240318872629], [77.17615282316224, 28.5324150515756], [77.1761412392184, 28.532418124442476]]]}, "properties": {"node": "acacia", "role": "positive", "name": "acacia", "ts": "2026-07-14T16:25:08.330564+00:00"}}, {"type": "Feature", "geometry": {"type": "Polygon", "coordinates": [[[77.17585547197348, 28.532721167626015], [77.17584071683498, 28.53270913356552], [77.17583930995893, 28.53269038940231], [77.17585193790599, 28.532678457819426], [77.1758687175668, 28.532679632482782], [77.1758829677818, 28.532686982955145], [77.17588606108835, 28.532698301673786], [77.17587719894534, 28.53271450368373], [77.17585547197348, 28.532721167626015]]]}, "properties": {"node": "acacia", "role": "positive", "name": "acacia", "ts": "2026-07-14T16:25:08.330601+00:00"}}, {"type": "Feature", "geometry": {"type": "Polygon", "coordinates": [[[77.17592992223203, 28.53212810118276], [77.17590994890173, 28.532120661989065], [77.17589843655085, 28.53209738811017], [77.17591679540438, 28.532075981316762], [77.17594327599369, 28.532071947918016], [77.17595067780441, 28.532074175124116], [77.17596177829469, 28.532087350446965], [77.17596320741997, 28.532107176948106], [77.17594440296527, 28.53212678639794], [77.17592992223203, 28.53212810118276]]]}, "properties": {"node": "acacia", "role": "positive", "name": "acacia", "ts": "2026-07-14T16:25:08.330640+00:00"}}, {"type": "Feature", "geometry": {"type": "Polygon", "coordinates": [[[77.17620372578494, 28.53297290612122], [77.17618050992675, 28.53296678209579], [77.17614627236787, 28.53292149682905], [77.17614322051014, 28.532892312990544], [77.1761603238165, 28.532879407397115], [77.1761851889811, 28.532876302084034], [77.1762154800688, 28.53287870371264], [77.17623500019188, 28.532893909431156], [77.17624328924795, 28.532909475630596], [77.17624718821182, 28.53293016477817], [77.17624005295373, 28.532950850355736], [77.17622059111444, 28.532968304994096], [77.17620372578494, 28.53297290612122]]]}, "properties": {"node": "acacia", "role": "positive", "name": "acacia", "ts": "2026-07-14T16:25:08.330681+00:00"}}, {"type": "Feature", "geometry": {"type": "Polygon", "coordinates": [[[77.17580926810069, 28.532968582113586], [77.17579590536003, 28.532964645945384], [77.1757870257984, 28.53295017187504], [77.1757858602645, 28.53293322833512], [77.1757968985787, 28.532923487622625], [77.17582155911965, 28.53293031035774], [77.17583039419904, 28.53294261974897], [77.17582725897239, 28.532959090869074], [77.1758192402065, 28.532966617800295], [77.17580926810069, 28.532968582113586]]]}, "properties": {"node": "acacia", "role": "positive", "name": "acacia", "ts": "2026-07-14T16:25:08.330719+00:00"}}, {"type": "Feature", "geometry": {"type": "Polygon", "coordinates": [[[77.17578979007695, 28.532826159010106], [77.17576876932807, 28.53281747344352], [77.17576789703546, 28.53280485598294], [77.17578620413165, 28.532780923744827], [77.17579793308347, 28.532774961396164], [77.17580937582845, 28.53277495845534], [77.17582055831782, 28.53278217765046], [77.17582099945565, 28.53280364402868], [77.17580686338074, 28.532821735050607], [77.17578979007695, 28.532826159010106]]]}, "properties": {"node": "acacia", "role": "positive", "name": "acacia", "ts": "2026-07-14T16:25:08.330757+00:00"}}, {"type": "Feature", "geometry": {"type": "Polygon", "coordinates": [[[77.17582153583442, 28.53285957466693], [77.17581618407084, 28.53285767549847], [77.17580748283602, 28.53284193542699], [77.17580798481352, 28.532826589204564], [77.17581920922989, 28.532806018559295], [77.175836056018, 28.53280051553175], [77.17584436392323, 28.532807058999055], [77.17584159570242, 28.532841388702664], [77.17583435286316, 28.53285684296098], [77.17582153583442, 28.53285957466693]]]}, "properties": {"node": "acacia", "role": "positive", "name": "acacia", "ts": "2026-07-14T16:25:08.330795+00:00"}}, {"type": "Feature", "geometry": {"type": "Polygon", "coordinates": [[[77.1761274136079, 28.532898701633258], [77.176112324028, 28.532890281948035], [77.17611005924164, 28.53286956660113], [77.17612345605265, 28.53285527683079], [77.176141517319, 28.532849212951216], [77.17615216153351, 28.532850125026606], [77.1761567181236, 28.532863044324152], [77.17615396182617, 28.532878065782967], [77.17614141546012, 28.53289396596631], [77.1761274136079, 28.532898701633258]]]}, "properties": {"node": "acacia", "role": "positive", "name": "acacia", "ts": "2026-07-14T16:25:08.330835+00:00"}}, {"type": "Feature", "geometry": {"type": "Polygon", "coordinates": [[[77.17613228784695, 28.533066260736096], [77.17611481004231, 28.533060946968774], [77.17610248010155, 28.533047610922548], [77.17610417798855, 28.533030801938757], [77.17611888570742, 28.533020641485514], [77.1761414072002, 28.533022806770724], [77.17615102973865, 28.53303365992379], [77.1761500521878, 28.533055690385734], [77.17613228784695, 28.533066260736096]]]}, "properties": {"node": "acacia", "role": "positive", "name": "acacia", "ts": "2026-07-14T16:25:08.330873+00:00"}}, {"type": "Feature", "geometry": {"type": "Polygon", "coordinates": [[[77.1759618453669, 28.532478382674796], [77.17594911773185, 28.53247551903481], [77.1759434282591, 28.532467129114128], [77.17594422345951, 28.53245610897109], [77.17595554012375, 28.53244997276913], [77.17597192604161, 28.532451875528483], [77.17598111402086, 28.532461472518122], [77.17597792321804, 28.532475237794905], [77.1759618453669, 28.532478382674796]]]}, "properties": {"node": "acacia", "role": "positive", "name": "acacia", "ts": "2026-07-14T16:25:08.330913+00:00"}}, {"type": "Feature", "geometry": {"type": "Polygon", "coordinates": [[[77.175933365342, 28.532713242580016], [77.1759151932418, 28.532703970030937], [77.175907171915, 28.532681542450124], [77.17591207955687, 28.532641945430772], [77.17592731478341, 28.5326276262143], [77.17594553506497, 28.532639243828896], [77.17595578073416, 28.532670477763826], [77.17595156784247, 28.532704108827144], [77.17594497527551, 28.532711432456967], [77.175933365342, 28.532713242580016]]]}, "properties": {"node": "acacia", "role": "positive", "name": "acacia", "ts": "2026-07-14T16:25:08.330952+00:00"}}, {"type": "Feature", "geometry": {"type": "Polygon", "coordinates": [[[77.17627040844269, 28.533244676249577], [77.17625783306713, 28.533239283914458], [77.17625623295807, 28.533221084204826], [77.17626664732295, 28.53321081210966], [77.17628278459854, 28.53321055342306], [77.17629340626839, 28.533220307853394], [77.1762937029014, 28.533234739026565], [77.17628305089666, 28.533243390891304], [77.17627040844269, 28.533244676249577]]]}, "properties": {"node": "acacia", "role": "positive", "name": "acacia", "ts": "2026-07-14T16:25:08.330990+00:00"}}, {"type": "Feature", "geometry": {"type": "Polygon", "coordinates": [[[77.17641023856807, 28.533864081763472], [77.17640037795859, 28.53386153310834], [77.17639327701633, 28.53385406808567], [77.17639047688058, 28.533847075461697], [77.17639402396374, 28.533840702878795], [77.17641782380984, 28.533825524505104], [77.17644131120629, 28.533824967512185], [77.17644382888459, 28.533838099932076], [77.17643596214113, 28.533853022874947], [77.17642731571316, 28.53385983810846], [77.17641023856807, 28.533864081763472]]]}, "properties": {"node": "acacia", "role": "positive", "name": "acacia", "ts": "2026-07-14T16:25:08.331030+00:00"}}, {"type": "Feature", "geometry": {"type": "Polygon", "coordinates": [[[77.17649665159075, 28.532372006433764], [77.17647984972882, 28.53236974950774], [77.17646793578244, 28.53235676772145], [77.17646048235399, 28.532342090383537], [77.1764608355926, 28.53232945328265], [77.17646965650306, 28.532321191660444], [77.17649906022922, 28.532310254223155], [77.17652682207412, 28.53230890690504], [77.1765349813336, 28.532318159449968], [77.17653503229617, 28.532350459023426], [77.1765268464408, 28.532359793163252], [77.17649665159075, 28.532372006433764]]]}, "properties": {"node": "acacia", "role": "positive", "name": "acacia", "ts": "2026-07-14T16:25:08.331071+00:00"}}, {"type": "Feature", "geometry": {"type": "Polygon", "coordinates": [[[77.17661294605013, 28.532154685752992], [77.17660142921154, 28.532151080964812], [77.1765908076292, 28.532141326552864], [77.17658500317184, 28.532127344581074], [77.17658506683999, 28.53211056179305], [77.17658966888378, 28.532095871633818], [77.17660417247409, 28.532075789705075], [77.17661645105986, 28.53206675084301], [77.1766282800077, 28.53206565894954], [77.17664146064065, 28.53207068065361], [77.17664776294443, 28.53207906071876], [77.17664825924581, 28.532123082343748], [77.17663608418083, 28.53214709682493], [77.17661294605013, 28.532154685752992]]]}, "properties": {"node": "acacia", "role": "positive", "name": "acacia", "ts": "2026-07-14T16:25:08.331112+00:00"}}, {"type": "Feature", "geometry": {"type": "Polygon", "coordinates": [[[77.17645776292616, 28.53214021141894], [77.17643556487045, 28.53213389066427], [77.17641916820347, 28.532121522082615], [77.17641448892786, 28.53211257464014], [77.17641230939262, 28.532096008261043], [77.17641627270332, 28.532080065202432], [77.1764241541671, 28.532065863822837], [77.17643405572294, 28.532060472065453], [77.17646590284559, 28.532059059270566], [77.1764951235141, 28.532078981570333], [77.17649545691877, 28.53210514134729], [77.17648569965365, 28.532127493012958], [77.17647384812388, 28.532137427263077], [77.17645776292616, 28.53214021141894]]]}, "properties": {"node": "acacia", "role": "positive", "name": "acacia", "ts": "2026-07-14T16:25:08.331153+00:00"}}, {"type": "Feature", "geometry": {"type": "Polygon", "coordinates": [[[77.17614239119611, 28.531778233326932], [77.17613048812397, 28.53177571738215], [77.17610599910284, 28.53175734319786], [77.17610389042828, 28.531734279505702], [77.17614429811789, 28.531731827330145], [77.17616239185031, 28.531747236382422], [77.17616625031334, 28.531756016543152], [77.17616325640141, 28.531769417769514], [77.17614239119611, 28.531778233326932]]]}, "properties": {"node": "acacia", "role": "positive", "name": "acacia", "ts": "2026-07-14T16:25:08.331191+00:00"}}, {"type": "Feature", "geometry": {"type": "Polygon", "coordinates": [[[77.17633798015727, 28.533261457495026], [77.17632381140915, 28.533258075649496], [77.17631877916504, 28.533251840601505], [77.17632011330691, 28.533227278136327], [77.17633873584832, 28.533208754243088], [77.17635709042095, 28.533207016409673], [77.17636379357204, 28.533224953861414], [77.17636123382407, 28.533249535974374], [77.17635510170659, 28.533259378529774], [77.17633798015727, 28.533261457495026]]]}, "properties": {"node": "acacia", "role": "positive", "name": "acacia", "ts": "2026-07-14T16:25:08.331230+00:00"}}, {"type": "Feature", "geometry": {"type": "Polygon", "coordinates": [[[77.17601074198357, 28.533843418383366], [77.17599741990658, 28.53384146652842], [77.17598403886954, 28.533826703730305], [77.17598584429619, 28.533815126048985], [77.17600152528603, 28.533802604166393], [77.17601669320761, 28.533804887332895], [77.17602909367652, 28.533821650785267], [77.17602794926441, 28.533835563710113], [77.17601074198357, 28.533843418383366]]]}, "properties": {"node": "acacia", "role": "positive", "name": "acacia", "ts": "2026-07-14T16:25:08.331267+00:00"}}, {"type": "Feature", "geometry": {"type": "Polygon", "coordinates": [[[77.17667036545895, 28.531737288621517], [77.17665500499638, 28.531725625249724], [77.17664880377107, 28.531692341585217], [77.17665362489116, 28.53167836970818], [77.17666429525649, 28.53167061977103], [77.17667266275765, 28.531670124718968], [77.17668465853579, 28.531677150357634], [77.17670101715765, 28.531717489131704], [77.17669128252379, 28.531730998440874], [77.17667036545895, 28.531737288621517]]]}, "properties": {"node": "acacia", "role": "positive", "name": "acacia", "ts": "2026-07-14T16:25:08.331305+00:00"}}, {"type": "Feature", "geometry": {"type": "Polygon", "coordinates": [[[77.17671436763428, 28.53248616870859], [77.17670369378683, 28.532483813558454], [77.17669306474313, 28.532473698378016], [77.17669127143796, 28.532456043119033], [77.17670213531804, 28.53243782402656], [77.17672334949704, 28.532436040299938], [77.17673752155402, 28.532449527203955], [77.17673927036402, 28.532465017786343], [77.17672634526693, 28.53248236768455], [77.17671436763428, 28.53248616870859]]]}, "properties": {"node": "acacia", "role": "positive", "name": "acacia", "ts": "2026-07-14T16:25:08.331342+00:00"}}, {"type": "Feature", "geometry": {"type": "Polygon", "coordinates": [[[77.17680520673586, 28.53288927906696], [77.17679044747327, 28.532886989431592], [77.17678460927371, 28.532881308670962], [77.17678612503451, 28.532865585297248], [77.17679273238409, 28.53285898318781], [77.17682291591716, 28.532856153381587], [77.17684210204075, 28.53286504864727], [77.17684165584562, 28.532883100709405], [77.17680520673586, 28.53288927906696]]]}, "properties": {"node": "acacia", "role": "positive", "name": "acacia", "ts": "2026-07-14T16:25:08.331379+00:00"}}, {"type": "Feature", "geometry": {"type": "Polygon", "coordinates": [[[77.17682836811906, 28.53285299832496], [77.17680541586711, 28.532849757365412], [77.17678857000088, 28.53282548639867], [77.17678863762862, 28.53279895929936], [77.17680326365425, 28.532784830205397], [77.1768144984172, 28.532784650065395], [77.17683180902328, 28.532791770914763], [77.17685531758367, 28.532822070311767], [77.1768519890941, 28.53284901059488], [77.17682836811906, 28.53285299832496]]]}, "properties": {"node": "acacia", "role": "positive", "name": "acacia", "ts": "2026-07-14T16:25:08.331416+00:00"}}, {"type": "Feature", "geometry": {"type": "Polygon", "coordinates": [[[77.176635307313, 28.5338685935702], [77.17661046077922, 28.533862676221766], [77.17659649280613, 28.533849186041436], [77.17659480702471, 28.53383676208365], [77.17661514596713, 28.533802331114423], [77.17662975330481, 28.533797224787854], [77.17665286552806, 28.533798297815395], [77.17666140008511, 28.533805920287246], [77.1766595270902, 28.53384402507089], [77.17664813556163, 28.53386640295106], [77.176635307313, 28.5338685935702]]]}, "properties": {"node": "acacia", "role": "positive", "name": "acacia", "ts": "2026-07-14T16:25:08.331454+00:00"}}, {"type": "Feature", "geometry": {"type": "Polygon", "coordinates": [[[77.17689964705002, 28.53192705384213], [77.17687924662344, 28.531918719395073], [77.17687219799934, 28.53190385514012], [77.17687458273166, 28.5318906441185], [77.1768854351143, 28.53188180855085], [77.17692157176975, 28.53188032687099], [77.17693572522718, 28.53189291180988], [77.17693550556008, 28.531912042935993], [77.17691778228544, 28.53192459766199], [77.17689964705002, 28.53192705384213]]]}, "properties": {"node": "acacia", "role": "positive", "name": "acacia", "ts": "2026-07-14T16:25:08.331491+00:00"}}, {"type": "Feature", "geometry": {"type": "Polygon", "coordinates": [[[77.17694947574338, 28.532233740098906], [77.1769350843085, 28.532229459637662], [77.1769264348941, 28.53221624509746], [77.17692858568593, 28.532201594233914], [77.17694594868402, 28.53219139112034], [77.17695766980404, 28.532194992602943], [77.17696890765721, 28.532214842251253], [77.1769638377859, 28.532226652737645], [77.17694947574338, 28.532233740098906]]]}, "properties": {"node": "acacia", "role": "positive", "name": "acacia", "ts": "2026-07-14T16:25:08.331529+00:00"}}, {"type": "Feature", "geometry": {"type": "Polygon", "coordinates": [[[77.17694856374851, 28.531781910203307], [77.1769351862911, 28.53177725258232], [77.17692693803295, 28.53176367070935], [77.17692702047894, 28.53173786516656], [77.17693511724248, 28.53172420165528], [77.17695968112828, 28.531726334065628], [77.17698506495206, 28.53175840787312], [77.17697928188315, 28.531775282370653], [77.17694856374851, 28.531781910203307]]]}, "properties": {"node": "acacia", "role": "positive", "name": "acacia", "ts": "2026-07-14T16:25:08.331566+00:00"}}, {"type": "Feature", "geometry": {"type": "Polygon", "coordinates": [[[77.1762882816645, 28.53178798487936], [77.17627555039945, 28.531784940875987], [77.1762628346587, 28.53176276901374], [77.17626018023479, 28.53173303745537], [77.17626677272263, 28.531725713813753], [77.17629762437143, 28.531725580163325], [77.1763088512679, 28.531734963999888], [77.17630990460066, 28.53177626996718], [77.17630090911452, 28.531785977969843], [77.1762882816645, 28.53178798487936]]]}, "properties": {"node": "acacia", "role": "positive", "name": "acacia", "ts": "2026-07-14T16:25:08.331604+00:00"}}, {"type": "Feature", "geometry": {"type": "Polygon", "coordinates": [[[77.17688966454902, 28.532554635384614], [77.17687614206659, 28.532552867272646], [77.17686639312103, 28.532545805629187], [77.17685548561283, 28.532532085945768], [77.17685127815189, 28.532516273890494], [77.17685534154334, 28.532505201342364], [77.17686721903519, 28.532496529786435], [77.17688682161469, 28.532485929870013], [77.17690088271543, 28.532484080363034], [77.1769117942137, 28.53248805572851], [77.176926850132, 28.532504776522316], [77.17692749575684, 28.532526239610178], [77.17691322982225, 28.532547941803337], [77.17688966454902, 28.532554635384614]]]}, "properties": {"node": "acacia", "role": "positive", "name": "acacia", "ts": "2026-07-14T16:25:08.331643+00:00"}}, {"type": "Feature", "geometry": {"type": "Polygon", "coordinates": [[[77.17685606618203, 28.53249075379648], [77.17683550217475, 28.53248440691033], [77.17681193778087, 28.532461326364263], [77.17681005544821, 28.532439341756938], [77.17682291348008, 28.532428669542973], [77.17686744384417, 28.53242795552974], [77.17688331710161, 28.5324347385239], [77.17689043280963, 28.532442925084133], [77.17689408681039, 28.53246163319809], [77.17688963343288, 28.532473614245927], [77.17687273084307, 28.532486336258653], [77.17685606618203, 28.53249075379648]]]}, "properties": {"node": "acacia", "role": "positive", "name": "acacia", "ts": "2026-07-14T16:25:08.331682+00:00"}}, {"type": "Feature", "geometry": {"type": "Polygon", "coordinates": [[[77.17702068878272, 28.53257671456615], [77.17700552102521, 28.532574431503107], [77.17699111868723, 28.532559685178423], [77.17698869769042, 28.532541318194536], [77.17699346288762, 28.532534565166866], [77.17701830568254, 28.53253037736912], [77.17703319471535, 28.532538980618035], [77.17704165818091, 28.532563025075433], [77.17703368033425, 28.532572536358025], [77.17702068878272, 28.53257671456615]]]}, "properties": {"node": "acacia", "role": "positive", "name": "acacia", "ts": "2026-07-14T16:25:08.331718+00:00"}}, {"type": "Feature", "geometry": {"type": "Polygon", "coordinates": [[[77.17706219014829, 28.532935503595553], [77.17704430379004, 28.532930196500583], [77.17703989201267, 28.532914387730067], [77.17705235266445, 28.532904263213176], [77.17707010548789, 28.53290307628244], [77.17708128065176, 28.53290993458894], [77.17708402119365, 28.532923965667646], [77.1770762253395, 28.532932391340374], [77.17706219014829, 28.532935503595553]]]}, "properties": {"node": "acacia", "role": "positive", "name": "acacia", "ts": "2026-07-14T16:25:08.331755+00:00"}}, {"type": "Feature", "geometry": {"type": "Polygon", "coordinates": [[[77.17639386680874, 28.53229227165839], [77.1763793159438, 28.53228023438125], [77.17637703629528, 28.532258797480484], [77.17639120219495, 28.53223222481765], [77.17640542304653, 28.532228207412594], [77.17641677640844, 28.53223379977834], [77.17642581205, 28.53224592546706], [77.17642707069847, 28.53225745403303], [77.17641314986032, 28.532286007711015], [77.17639386680874, 28.53229227165839]]]}, "properties": {"node": "acacia", "role": "positive", "name": "acacia", "ts": "2026-07-14T16:25:08.331792+00:00"}}, {"type": "Feature", "geometry": {"type": "Polygon", "coordinates": [[[77.17660662266864, 28.532582631956604], [77.17657853411242, 28.53257802971139], [77.17657266998378, 28.532571086212318], [77.17657180130803, 28.532558649151234], [77.17658177366918, 28.532546760079107], [77.17660159539041, 28.532536878485587], [77.1766244696942, 28.532536331301294], [77.17662678617903, 28.532569496795748], [77.17662103669959, 28.53257807008314], [77.17660662266864, 28.532582631956604]]]}, "properties": {"node": "acacia", "role": "positive", "name": "acacia", "ts": "2026-07-14T16:25:08.331829+00:00"}}, {"type": "Feature", "geometry": {"type": "Polygon", "coordinates": [[[77.17677680566672, 28.53252161831901], [77.17676260363108, 28.532516613007683], [77.17676231436025, 28.53250254261675], [77.17677323756975, 28.53248720975314], [77.17678465060875, 28.532485763614755], [77.17679649785188, 28.53249549835688], [77.17679777138002, 28.532507748475137], [77.17679062542047, 28.532517968202058], [77.17677680566672, 28.53252161831901]]]}, "properties": {"node": "acacia", "role": "positive", "name": "acacia", "ts": "2026-07-14T16:25:08.331866+00:00"}}, {"type": "Feature", "geometry": {"type": "Polygon", "coordinates": [[[77.17691319622688, 28.533082973844003], [77.17690333939088, 28.53308060561144], [77.17688892957476, 28.533065498500704], [77.17688747058007, 28.53304422890527], [77.17691234372506, 28.533021634830824], [77.1769304791459, 28.53301917863916], [77.17694014626882, 28.533032196406992], [77.17693718553716, 28.533057145854094], [77.17692880254204, 28.533076768776063], [77.17691319622688, 28.533082973844003]]]}, "properties": {"node": "acacia", "role": "positive", "name": "acacia", "ts": "2026-07-14T16:25:08.331903+00:00"}}, {"type": "Feature", "geometry": {"type": "Polygon", "coordinates": [[[77.1768895395109, 28.53303553417495], [77.17687574593783, 28.533030522329025], [77.1768571320728, 28.53300970825485], [77.17685633410728, 28.532990773897268], [77.17686094327766, 28.532986369213305], [77.17689707289225, 28.532984526740442], [77.17691756625489, 28.532997370912234], [77.17691900698645, 28.533007813856013], [77.17691181251503, 28.53302561322829], [77.17690116058408, 28.533034265137914], [77.1768895395109, 28.53303553417495]]]}, "properties": {"node": "acacia", "role": "positive", "name": "acacia", "ts": "2026-07-14T16:25:08.331940+00:00"}}, {"type": "Feature", "geometry": {"type": "Polygon", "coordinates": [[[77.17687872992649, 28.53363281345612], [77.17686993147876, 28.53363223274255], [77.17685964407622, 28.53361886402044], [77.17685700822607, 28.533580109738157], [77.17688267632172, 28.533556420224375], [77.17690060014645, 28.533553606528148], [77.1769204363064, 28.53356429584399], [77.17692315432319, 28.533587169289866], [77.17690242552571, 28.53362250879748], [77.17689035848294, 28.53363190519569], [77.17687872992649, 28.53363281345612]]]}, "properties": {"node": "acacia", "role": "positive", "name": "acacia", "ts": "2026-07-14T16:25:08.331977+00:00"}}, {"type": "Feature", "geometry": {"type": "Polygon", "coordinates": [[[77.176942169249, 28.53347841449658], [77.17692124471917, 28.533474419250673], [77.1769128847706, 28.533465350402206], [77.17691383592255, 28.533451981919995], [77.17692811281977, 28.533440745594152], [77.17694735867697, 28.533442602368815], [77.17696013068948, 28.533457555284308], [77.17695902720085, 28.533473452496185], [77.176942169249, 28.53347841449658]]]}, "properties": {"node": "acacia", "role": "positive", "name": "acacia", "ts": "2026-07-14T16:25:08.332013+00:00"}}, {"type": "Feature", "geometry": {"type": "Polygon", "coordinates": [[[77.17692950504721, 28.533190440422153], [77.17691798808453, 28.53318683566808], [77.1769094238915, 28.53317777009328], [77.17690616327985, 28.533168258576815], [77.17690921275802, 28.53315756318348], [77.17694318104974, 28.533149980982984], [77.17695425608959, 28.533151968779883], [77.17695895029779, 28.533161637755832], [77.1769555590489, 28.533175586713636], [77.1769437593818, 28.533188046461586], [77.17692950504721, 28.533190440422153]]]}, "properties": {"node": "acacia", "role": "positive", "name": "acacia", "ts": "2026-07-14T16:25:08.332051+00:00"}}, {"type": "Feature", "geometry": {"type": "Polygon", "coordinates": [[[77.17717368560838, 28.53199790675302], [77.17715295821746, 28.531993547471654], [77.17713847434325, 28.531974832587146], [77.17713736822517, 28.53195085059782], [77.17715143348268, 28.531929332051504], [77.1771773976113, 28.531929998372895], [77.17720141128947, 28.5319550565932], [77.17720203470317, 28.531975437340982], [77.1771971431701, 28.531985981831536], [77.17718508004107, 28.531995558636076], [77.17717368560838, 28.53199790675302]]]}, "properties": {"node": "acacia", "role": "positive", "name": "acacia", "ts": "2026-07-14T16:25:08.332089+00:00"}}, {"type": "Feature", "geometry": {"type": "Polygon", "coordinates": [[[77.17715272878941, 28.532528943541813], [77.17713362801807, 28.532524197278143], [77.17712260894166, 28.532514990633256], [77.17711856464729, 28.53250711573009], [77.17712210819798, 28.53249063803938], [77.17715812290506, 28.532473278726606], [77.1771877306033, 28.53247226256867], [77.17720172838209, 28.53247727111058], [77.17720872887344, 28.5324897902782], [77.17720473574451, 28.532514214939216], [77.17718881743525, 28.532525116714577], [77.17715272878941, 28.532528943541813]]]}, "properties": {"node": "acacia", "role": "positive", "name": "acacia", "ts": "2026-07-14T16:25:08.332127+00:00"}}, {"type": "Feature", "geometry": {"type": "Polygon", "coordinates": [[[77.17712684768067, 28.53247269757762], [77.17711608480698, 28.53246601311028], [77.17710191667474, 28.532442781935153], [77.17709901320826, 28.532410889010322], [77.17710380435702, 28.53240539870648], [77.17712402314459, 28.532404894023415], [77.17713965505287, 28.532409876366753], [77.17715639335525, 28.532428915992615], [77.17715214772738, 28.532450998864025], [77.17713640375516, 28.53247037894352], [77.17712684768067, 28.53247269757762]]]}, "properties": {"node": "acacia", "role": "positive", "name": "acacia", "ts": "2026-07-14T16:25:08.332164+00:00"}}, {"type": "Feature", "geometry": {"type": "Polygon", "coordinates": [[[77.17711189049244, 28.53293777422157], [77.17710026598473, 28.532928938184003], [77.17709976126774, 28.53291432990408], [77.17711655235604, 28.53290612087669], [77.17713086599579, 28.532906613131853], [77.17713510344912, 28.53291394358885], [77.17713131482003, 28.53292844027009], [77.17712429895137, 28.53293504894657], [77.17711189049244, 28.53293777422157]]]}, "properties": {"node": "acacia", "role": "positive", "name": "acacia", "ts": "2026-07-14T16:25:08.332201+00:00"}}, {"type": "Feature", "geometry": {"type": "Polygon", "coordinates": [[[77.17730945455448, 28.53191290329566], [77.17728036708066, 28.531909399904457], [77.17726768054257, 28.53189859596864], [77.17726113363838, 28.53186838551863], [77.17727045596556, 28.531854702334247], [77.17728915575414, 28.53184989121341], [77.17732065360629, 28.53185137100696], [77.17733731789987, 28.531856878120855], [77.17735167195745, 28.531869279348335], [77.17735306795075, 28.531887482315256], [77.17734535750817, 28.5319000569595], [77.17732943559304, 28.53191077835687], [77.17730945455448, 28.53191290329566]]]}, "properties": {"node": "acacia", "role": "positive", "name": "acacia", "ts": "2026-07-14T16:25:08.332245+00:00"}}, {"type": "Feature", "geometry": {"type": "Polygon", "coordinates": [[[77.17733838173434, 28.53239550150646], [77.17732473314372, 28.532387600193324], [77.1773178478856, 28.532370748406368], [77.17732417695639, 28.532350617056796], [77.17734119817337, 28.532343667457727], [77.1773508580988, 28.53234639971709], [77.17736645267183, 28.53235950284044], [77.17736919694141, 28.53237371430271], [77.17735667678748, 28.53239087731325], [77.17733838173434, 28.53239550150646]]]}, "properties": {"node": "acacia", "role": "positive", "name": "acacia", "ts": "2026-07-14T16:25:08.332284+00:00"}}, {"type": "Feature", "geometry": {"type": "Polygon", "coordinates": [[[77.17728249328881, 28.53213203995451], [77.17727074620096, 28.532127175773127], [77.17726026947999, 28.532114531907645], [77.17726211580363, 28.532095013798497], [77.1772790405405, 28.532083374080003], [77.17729239950312, 28.532087129716086], [77.17731189340388, 28.532110997256233], [77.1773018170545, 28.53212776017044], [77.17728249328881, 28.53213203995451]]]}, "properties": {"node": "acacia", "role": "positive", "name": "acacia", "ts": "2026-07-14T16:25:08.332321+00:00"}}, {"type": "Feature", "geometry": {"type": "Polygon", "coordinates": [[[77.1772924180885, 28.532535184433517], [77.17726123954093, 28.532529368743152], [77.17724658443599, 28.532522205360824], [77.17722472111144, 28.53249242099465], [77.1772235036789, 28.53246302732189], [77.17723030411587, 28.53245588074905], [77.17725481649181, 28.532445562939948], [77.17726312865544, 28.532432437302575], [77.17727566342012, 28.532425920560136], [77.17729073100368, 28.532423333075574], [77.17732134494177, 28.53243150365319], [77.17734655171593, 28.532425144570574], [77.17735735145506, 28.532443557616403], [77.1773589282785, 28.53251029847629], [77.17734873319594, 28.532521288928933], [77.1773286813201, 28.532529911176784], [77.1772924180885, 28.532535184433517]]]}, "properties": {"node": "acacia", "role": "positive", "name": "acacia", "ts": "2026-07-14T16:25:08.332364+00:00"}}, {"type": "Feature", "geometry": {"type": "Polygon", "coordinates": [[[77.17732205853294, 28.532108488393497], [77.17730265711994, 28.532099055296722], [77.1772941862218, 28.532074650076133], [77.17731606578317, 28.53204560778011], [77.1773380524205, 28.532041646183426], [77.17734417994126, 28.53206139730822], [77.17734224411797, 28.532096435472642], [77.17733224220899, 28.532106881477873], [77.17732205853294, 28.532108488393497]]]}, "properties": {"node": "acacia", "role": "positive", "name": "acacia", "ts": "2026-07-14T16:25:08.332402+00:00"}}, {"type": "Feature", "geometry": {"type": "Polygon", "coordinates": [[[77.17760542796641, 28.532315068882184], [77.17758789457811, 28.532307049458375], [77.1775902314335, 28.53227164396382], [77.17760570031723, 28.532258764413292], [77.17763553447205, 28.53225882722187], [77.17764709194901, 28.532274340904944], [77.17764532360742, 28.532297647195225], [77.17762945360879, 28.53231089408222], [77.17760542796641, 28.532315068882184]]]}, "properties": {"node": "acacia", "role": "positive", "name": "acacia", "ts": "2026-07-14T16:25:08.332439+00:00"}}, {"type": "Feature", "geometry": {"type": "Polygon", "coordinates": [[[77.17756235149652, 28.53257524553428], [77.17754731380074, 28.532569351465416], [77.17752939105468, 28.532532466434628], [77.17752928020316, 28.532507205347084], [77.17754705172159, 28.532496995604784], [77.17756937626702, 28.532499524713], [77.1775859068981, 28.532508462467042], [77.17759824415255, 28.53253208385213], [77.17759759381616, 28.532550139186906], [77.17759039948714, 28.53256793858837], [77.17758418961274, 28.532573993011802], [77.17756235149652, 28.53257524553428]]]}, "properties": {"node": "acacia", "role": "positive", "name": "acacia", "ts": "2026-07-14T16:25:08.332480+00:00"}}, {"type": "Feature", "geometry": {"type": "Polygon", "coordinates": [[[77.17745173493545, 28.53225383549597], [77.17744041861981, 28.532250047115465], [77.17743205502336, 28.532240797905082], [77.17743028038483, 28.532214119907916], [77.17744711585395, 28.53220807552092], [77.17746203107056, 28.53220801674908], [77.17748130986475, 28.532221421667362], [77.17748611536632, 28.53223650231236], [77.17747495834197, 28.53225039538668], [77.17745173493545, 28.53225383549597]]]}, "properties": {"node": "acacia", "role": "positive", "name": "acacia", "ts": "2026-07-14T16:25:08.332560+00:00"}}, {"type": "Feature", "geometry": {"type": "Polygon", "coordinates": [[[77.17751189782449, 28.532884081287964], [77.17750039571914, 28.532881198140558], [77.17749245915043, 28.5328728443327], [77.17749095158734, 28.53285915438625], [77.17749762218223, 28.532845694166443], [77.17750832227222, 28.532839387277342], [77.17753883246702, 28.532842506891217], [77.17754598535286, 28.532852497307594], [77.177545498468, 28.53286856508078], [77.1775302226311, 28.532880900183674], [77.17751189782449, 28.532884081287964]]]}, "properties": {"node": "acacia", "role": "positive", "name": "acacia", "ts": "2026-07-14T16:25:08.332631+00:00"}}, {"type": "Feature", "geometry": {"type": "Polygon", "coordinates": [[[77.17388342352307, 28.52842108450658], [77.17386188118977, 28.528415635227272], [77.17384058979093, 28.5284011043588], [77.17383611188993, 28.52837471590785], [77.17386066106538, 28.52834554503534], [77.17389798328455, 28.528342050374615], [77.17391107526672, 28.528351304604314], [77.17392095492622, 28.528374516327375], [77.17392109303982, 28.52839189669259], [77.17390301486694, 28.528416714893243], [77.17388342352307, 28.52842108450658]]]}, "properties": {"node": "acacia", "role": "positive", "name": "acacia", "ts": "2026-07-14T16:25:08.332672+00:00"}}, {"type": "Feature", "geometry": {"type": "Polygon", "coordinates": [[[77.17326462223687, 28.528210811377328], [77.1732474164329, 28.52820355432702], [77.17323832350952, 28.528186703568604], [77.1732389483101, 28.528174525761], [77.17324995457379, 28.52816739655982], [77.17327857610904, 28.52816616587399], [77.1732936552843, 28.52817635405744], [77.17329318898521, 28.528196254919532], [77.1732837961739, 28.528207414234018], [77.17326462223687, 28.528210811377328]]]}, "properties": {"node": "acacia", "role": "positive", "name": "acacia", "ts": "2026-07-14T16:25:08.332710+00:00"}}, {"type": "Feature", "geometry": {"type": "Polygon", "coordinates": [[[77.1732080099581, 28.5281694199082], [77.1731417769902, 28.52816005046432], [77.1731166426492, 28.528139400510177], [77.17311667573226, 28.528119699720826], [77.17313725380531, 28.52809947696236], [77.17316680194494, 28.528090119598513], [77.17319017692141, 28.528088972906406], [77.1732121880693, 28.52809595991114], [77.17322608238479, 28.528112347541075], [77.17323105280289, 28.528141432093136], [77.17322171081577, 28.52816572409599], [77.1732080099581, 28.5281694199082]]]}, "properties": {"node": "acacia", "role": "positive", "name": "acacia", "ts": "2026-07-14T16:25:08.332748+00:00"}}, {"type": "Feature", "geometry": {"type": "Polygon", "coordinates": [[[77.17340356123714, 28.528257258620226], [77.17338973753591, 28.52825496908419], [77.17337753984557, 28.528246666185595], [77.17337539407615, 28.528238009243218], [77.17338266025712, 28.528229781060944], [77.17343222506264, 28.52821546787081], [77.17346162130494, 28.528220018937997], [77.1734620254996, 28.528239712724847], [77.17344671844971, 28.528250387304823], [77.17342977812494, 28.528256066393805], [77.17340356123714, 28.528257258620226]]]}, "properties": {"node": "acacia", "role": "positive", "name": "acacia", "ts": "2026-07-14T16:25:08.332788+00:00"}}, {"type": "Feature", "geometry": {"type": "Polygon", "coordinates": [[[77.17332788851425, 28.528246108978102], [77.17331731220825, 28.528242222335635], [77.1732987716591, 28.528223205130146], [77.1732954978796, 28.528202205295425], [77.17330154423799, 28.52818781616932], [77.17331891848238, 28.528171314322734], [77.17333591427517, 28.52816833831697], [77.17336910538599, 28.52818731414457], [77.17337380902465, 28.5282247079705], [77.17337027499725, 28.52823364897029], [77.17336207495282, 28.528238995003658], [77.17332788851425, 28.528246108978102]]]}, "properties": {"node": "acacia", "role": "positive", "name": "acacia", "ts": "2026-07-14T16:25:08.332826+00:00"}}, {"type": "Feature", "geometry": {"type": "Polygon", "coordinates": [[[77.17383620107466, 28.52854950594824], [77.17382609760573, 28.52854735003473], [77.17381960740255, 28.52854011463665], [77.17382113888895, 28.52851884474487], [77.1738381194829, 28.528504473673195], [77.17385691965055, 28.528504172667777], [77.17386849725806, 28.528514223706157], [77.17386745117149, 28.528527180817594], [77.17385184959716, 28.52854481318924], [77.17383620107466, 28.52854950594824]]]}, "properties": {"node": "acacia", "role": "positive", "name": "acacia", "ts": "2026-07-14T16:25:08.332864+00:00"}}, {"type": "Feature", "geometry": {"type": "Polygon", "coordinates": [[[77.17311289055704, 28.528627911108764], [77.17309670640941, 28.52861716117362], [77.17309569073075, 28.52858897902016], [77.17310872463047, 28.52857409178424], [77.1731347190348, 28.528572710032943], [77.1731517174869, 28.52859117252177], [77.17315544431818, 28.5286129376673], [77.17313948136274, 28.528623622713575], [77.17311289055704, 28.528627911108764]]]}, "properties": {"node": "acacia", "role": "positive", "name": "acacia", "ts": "2026-07-14T16:25:08.332902+00:00"}}, {"type": "Feature", "geometry": {"type": "Polygon", "coordinates": [[[77.17333317785999, 28.528386630074017], [77.1733137542587, 28.52837786341545], [77.17331073077519, 28.528358404693645], [77.1733183351205, 28.528345342606936], [77.1733383280299, 28.528339228389], [77.1733663248237, 28.528350175489276], [77.17337289753247, 28.52837208821337], [77.17337081053228, 28.52837695011492], [77.17335475649624, 28.528383194427693], [77.17333317785999, 28.528386630074017]]]}, "properties": {"node": "acacia", "role": "positive", "name": "acacia", "ts": "2026-07-14T16:25:08.332941+00:00"}}, {"type": "Feature", "geometry": {"type": "Polygon", "coordinates": [[[77.17343090617105, 28.528524126342933], [77.17340886321902, 28.528515594769008], [77.17339332761952, 28.528493825520833], [77.17339456529572, 28.52846889067791], [77.17340328644592, 28.52845696954818], [77.173415198853, 28.52845137094624], [77.17345116128325, 28.528456203183676], [77.17346705088372, 28.52847391082308], [77.17346730053657, 28.528486074632124], [77.17346037183495, 28.52850009160982], [77.17344306096675, 28.52851968269689], [77.17343090617105, 28.528524126342933]]]}, "properties": {"node": "acacia", "role": "positive", "name": "acacia", "ts": "2026-07-14T16:25:08.332979+00:00"}}, {"type": "Feature", "geometry": {"type": "Polygon", "coordinates": [[[77.17313105769261, 28.5282770716097], [77.1731097617602, 28.528272970242984], [77.17309285053457, 28.528258755425455], [77.17309007343655, 28.52824064473192], [77.17309728813457, 28.528229906570665], [77.17313066751854, 28.528226088947797], [77.17314836600131, 28.528236042084657], [77.1731547524365, 28.528248880232603], [77.17315374192175, 28.528263575031037], [77.17314542231011, 28.52827375146046], [77.17313105769261, 28.5282770716097]]]}, "properties": {"node": "acacia", "role": "positive", "name": "acacia", "ts": "2026-07-14T16:25:08.333018+00:00"}}, {"type": "Feature", "geometry": {"type": "Polygon", "coordinates": [[[77.17360755364037, 28.52889483078909], [77.17358623379056, 28.528889571047422], [77.17356833304434, 28.52886977108495], [77.17356813950072, 28.52884968764905], [77.17358576871847, 28.528824297256612], [77.17362403292132, 28.52882407096027], [77.17363223235799, 28.52882934760617], [77.17363885731402, 28.52884314760691], [77.17364437671047, 28.528867008573478], [77.17363988836112, 28.528882724748815], [77.17362564257444, 28.528891837242845], [77.17360755364037, 28.52889483078909]]]}, "properties": {"node": "acacia", "role": "positive", "name": "acacia", "ts": "2026-07-14T16:25:08.333056+00:00"}}, {"type": "Feature", "geometry": {"type": "Polygon", "coordinates": [[[77.17311545960769, 28.52842275552997], [77.17310096422092, 28.528419704156505], [77.17308773362383, 28.528403692171864], [77.17308196338506, 28.528388912760782], [77.17308092394462, 28.528359572147675], [77.17309646292964, 28.52832822793651], [77.17312669865169, 28.528320404692575], [77.1731337693342, 28.528323961179407], [77.17314285036834, 28.528340232715635], [77.17314783197679, 28.528380519199345], [77.17314422988049, 28.528396800595655], [77.17313256707703, 28.528414562986168], [77.17312462523383, 28.52842183627136], [77.17311545960769, 28.52842275552997]]]}, "properties": {"node": "acacia", "role": "positive", "name": "acacia", "ts": "2026-07-14T16:25:08.333094+00:00"}}, {"type": "Feature", "geometry": {"type": "Polygon", "coordinates": [[[77.17379661933876, 28.529060801142705], [77.17377308958974, 28.529054417975598], [77.1737439611444, 28.52902031231869], [77.17374257878264, 28.529006235249767], [77.17374776257671, 28.528992439334804], [77.1737695090226, 28.52897586742976], [77.17381453822081, 28.52897495334805], [77.17383598827732, 28.52899720726427], [77.17383575135592, 28.529038929239363], [77.17381251032589, 28.52905726334196], [77.17379661933876, 28.529060801142705]]]}, "properties": {"node": "acacia", "role": "positive", "name": "acacia", "ts": "2026-07-14T16:25:08.333133+00:00"}}, {"type": "Feature", "geometry": {"type": "Polygon", "coordinates": [[[77.17328485255962, 28.529036739534614], [77.17323329745922, 28.529028680328885], [77.17321953377105, 28.52901866422792], [77.17320715044822, 28.5289906640319], [77.17320506942791, 28.528963850912376], [77.17320638175228, 28.52895320721935], [77.17322164137657, 28.52894021574444], [77.17325293463512, 28.528930637281366], [77.1732782772627, 28.52892945907178], [77.17332970088542, 28.528941769441683], [77.17334037236564, 28.52895028991107], [77.1733466380015, 28.528989203848315], [77.17334003089043, 28.52900823730697], [77.17331228618824, 28.52903089249301], [77.17328485255962, 28.529036739534614]]]}, "properties": {"node": "acacia", "role": "positive", "name": "acacia", "ts": "2026-07-14T16:25:08.333173+00:00"}}, {"type": "Feature", "geometry": {"type": "Polygon", "coordinates": [[[77.17383548555068, 28.52848269105332], [77.17383021124945, 28.528481423520198], [77.17381805771774, 28.52846462180801], [77.17381654060382, 28.528443980145063], [77.17383129152526, 28.528427520235557], [77.17384654245173, 28.52842476524099], [77.17386073081973, 28.52844481774687], [77.17386175920424, 28.528462956417332], [77.17385438145412, 28.528476401183593], [77.17383548555068, 28.52848269105332]]]}, "properties": {"node": "acacia", "role": "positive", "name": "acacia", "ts": "2026-07-14T16:25:08.333213+00:00"}}, {"type": "Feature", "geometry": {"type": "Polygon", "coordinates": [[[77.17323860719766, 28.52922347336633], [77.17322009750161, 28.529216623470077], [77.17321504709135, 28.529194300095696], [77.17322961129867, 28.529179388352404], [77.1732521081187, 28.529178062556987], [77.173264802566, 28.5291892546072], [77.17326664585987, 28.529204483143587], [77.1732547009903, 28.529219159824123], [77.17323860719766, 28.52922347336633]]]}, "properties": {"node": "acacia", "role": "positive", "name": "acacia", "ts": "2026-07-14T16:25:08.333250+00:00"}}, {"type": "Feature", "geometry": {"type": "Polygon", "coordinates": [[[77.1732991425147, 28.529210916005226], [77.17327793819472, 28.529200632733954], [77.17325757332063, 28.529177975077378], [77.17325469246312, 28.529165467105425], [77.17325985255358, 28.529150512747464], [77.17327458384415, 28.52913308750831], [77.17329062214613, 28.529126070893877], [77.17330875471937, 28.529125201227046], [77.17332931112765, 28.52913588114483], [77.17334539498772, 28.529163049532603], [77.17334046540503, 28.52917857962283], [77.17332040364562, 28.529202656946488], [77.1732991425147, 28.529210916005226]]]}, "properties": {"node": "acacia", "role": "positive", "name": "acacia", "ts": "2026-07-14T16:25:08.333288+00:00"}}, {"type": "Feature", "geometry": {"type": "Polygon", "coordinates": [[[77.1736863266586, 28.529248753657917], [77.17366681108368, 28.52924616900216], [77.17365617917959, 28.529239579324724], [77.17365027739169, 28.529229051124485], [77.17364986918221, 28.52920916426668], [77.17365670214932, 28.529201136144287], [77.17367187789033, 28.529194712713874], [77.17370335744921, 28.52919420873074], [77.17371908867632, 28.529204193279273], [77.17372293914171, 28.529221321069215], [77.17370393087359, 28.529243450182598], [77.1736863266586, 28.529248753657917]]]}, "properties": {"node": "acacia", "role": "positive", "name": "acacia", "ts": "2026-07-14T16:25:08.333766+00:00"}}, {"type": "Feature", "geometry": {"type": "Polygon", "coordinates": [[[77.17340188043103, 28.529272814420498], [77.17338755267099, 28.52925662689606], [77.17338737500671, 28.529237315764426], [77.17340080256304, 28.52922029766131], [77.17341936444114, 28.52921903482739], [77.17342942768674, 28.529229882701713], [77.17342992699965, 28.52925421031766], [77.17341927002133, 28.529267707556897], [77.17340188043103, 28.529272814420498]]]}, "properties": {"node": "acacia", "role": "positive", "name": "acacia", "ts": "2026-07-14T16:25:08.333820+00:00"}}, {"type": "Feature", "geometry": {"type": "Polygon", "coordinates": [[[77.17352256203976, 28.529239400744068], [77.17350403647345, 28.529231778582492], [77.1734808534188, 28.529210324914956], [77.17347300860416, 28.529190363963007], [77.17347387972367, 28.529179534191794], [77.1734867273787, 28.529155572333014], [77.17349817093768, 28.529148436108905], [77.17351930061558, 28.52914442819883], [77.17353619287375, 28.52914705487269], [77.1735437404716, 28.529152535097783], [77.17355585441791, 28.529167406067998], [77.17356106406011, 28.52918682978173], [77.17356116249464, 28.529202279385522], [77.17354897860245, 28.529226616904214], [77.1735367517554, 28.529238207886362], [77.17352256203976, 28.529239400744068]]]}, "properties": {"node": "acacia", "role": "positive", "name": "acacia", "ts": "2026-07-14T16:25:08.333863+00:00"}}, {"type": "Feature", "geometry": {"type": "Polygon", "coordinates": [[[77.17360344459314, 28.529014256935824], [77.17359066230769, 28.52900943993554], [77.17358212139646, 28.528998181422168], [77.17358101378748, 28.52897618122249], [77.17358825225708, 28.528966601494023], [77.17360639732546, 28.528955688321567], [77.17365711031677, 28.52895468329951], [77.17366351271419, 28.528968293721718], [77.17365644466794, 28.52898617573454], [77.17363692390906, 28.5290046433877], [77.17360344459314, 28.529014256935824]]]}, "properties": {"node": "acacia", "role": "positive", "name": "acacia", "ts": "2026-07-14T16:25:08.333906+00:00"}}, {"type": "Feature", "geometry": {"type": "Polygon", "coordinates": [[[77.17371791870173, 28.529498750099812], [77.17370272769313, 28.52949377853719], [77.17368159524631, 28.52947634801242], [77.17368041626551, 28.52945087244336], [77.17368879535766, 28.52944359212471], [77.17370998453457, 28.529442480326438], [77.17373657885177, 28.529449007576112], [77.17374368926468, 28.529454494788098], [77.17374639121508, 28.529468937008314], [77.17374289681972, 28.52947980877953], [77.17372857503915, 28.529495875533275], [77.17371791870173, 28.529498750099812]]]}, "properties": {"node": "acacia", "role": "positive", "name": "acacia", "ts": "2026-07-14T16:25:08.333946+00:00"}}, {"type": "Feature", "geometry": {"type": "Polygon", "coordinates": [[[77.17383707257922, 28.528805015869082], [77.17381368222486, 28.528794767680154], [77.1738111796982, 28.528768733882565], [77.17383382429914, 28.528753306427294], [77.1738608879827, 28.528750748577032], [77.17386919840284, 28.528761431344012], [77.17386625223146, 28.528777702252924], [77.17385031645932, 28.52880036160923], [77.17383707257922, 28.528805015869082]]]}, "properties": {"node": "acacia", "role": "positive", "name": "acacia", "ts": "2026-07-14T16:25:08.333984+00:00"}}, {"type": "Feature", "geometry": {"type": "Polygon", "coordinates": [[[77.1735128031194, 28.52958431141301], [77.1734910617661, 28.529579830968665], [77.17347765990183, 28.529566139450907], [77.17348214101843, 28.529539414430726], [77.17348873955781, 28.52953061750969], [77.17350110514619, 28.529525784200697], [77.17351203558407, 28.52952560921927], [77.1735233114472, 28.529531609178818], [77.17353420889809, 28.52955113497702], [77.17352968420107, 28.52957573615895], [77.1735128031194, 28.52958431141301]]]}, "properties": {"node": "acacia", "role": "positive", "name": "acacia", "ts": "2026-07-14T16:25:08.334023+00:00"}}, {"type": "Feature", "geometry": {"type": "Polygon", "coordinates": [[[77.1732485821991, 28.529624271845837], [77.17323958356747, 28.529622677626765], [77.17323010876466, 28.5296085369447], [77.17322456100041, 28.529593947123907], [77.17322586540126, 28.529582917278617], [77.17324130409217, 28.529567991535302], [77.17327142060437, 28.52956499864921], [77.17328390045652, 28.529576387269994], [77.17328422076022, 28.52960264914959], [77.17326839636641, 28.529620091888432], [77.1732485821991, 28.529624271845837]]]}, "properties": {"node": "acacia", "role": "positive", "name": "acacia", "ts": "2026-07-14T16:25:08.334061+00:00"}}, {"type": "Feature", "geometry": {"type": "Polygon", "coordinates": [[[77.17334813780197, 28.529286035654323], [77.17332773590398, 28.52928288571813], [77.17331653603296, 28.52926993149289], [77.17330179551166, 28.529244286717645], [77.17330645101829, 28.529226057059088], [77.17334029169496, 28.529223390827937], [77.17337100713195, 28.52923892975305], [77.17338504098709, 28.529251452328804], [77.17338451857799, 28.52927927281622], [77.17337652121442, 28.529283843049367], [77.17334813780197, 28.529286035654323]]]}, "properties": {"node": "acacia", "role": "positive", "name": "acacia", "ts": "2026-07-14T16:25:08.334099+00:00"}}, {"type": "Feature", "geometry": {"type": "Polygon", "coordinates": [[[77.1733428338057, 28.529059567617423], [77.17332702734444, 28.529045914571597], [77.17332535906571, 28.529028558697036], [77.17333711699843, 28.529015430121582], [77.17335498735531, 28.52901244010924], [77.17336235199043, 28.52901966153187], [77.17336321320884, 28.529040313700676], [77.17335415782333, 28.529057261813033], [77.1733428338057, 28.529059567617423]]]}, "properties": {"node": "acacia", "role": "positive", "name": "acacia", "ts": "2026-07-14T16:25:08.334138+00:00"}}, {"type": "Feature", "geometry": {"type": "Polygon", "coordinates": [[[77.17380141111337, 28.528953338731764], [77.17378795715156, 28.528947759945115], [77.1737810699643, 28.528931839614177], [77.17378128522944, 28.528921020342437], [77.17379461297801, 28.52890979799365], [77.1738043070107, 28.528913312441567], [77.17382082420254, 28.528940280692662], [77.17381663437148, 28.52894923220266], [77.17380141111337, 28.528953338731764]]]}, "properties": {"node": "acacia", "role": "positive", "name": "acacia", "ts": "2026-07-14T16:25:08.334176+00:00"}}, {"type": "Feature", "geometry": {"type": "Polygon", "coordinates": [[[77.17350973241462, 28.529818252792058], [77.17349564234004, 28.52981364986268], [77.1734811909897, 28.52980209968479], [77.17347251924183, 28.529784469650828], [77.1734751953637, 28.529765692255644], [77.17349764935254, 28.529751619877985], [77.1735347013141, 28.5297562414937], [77.1735565523975, 28.529787373455765], [77.17355503338413, 28.5297985998782], [77.17354819244733, 28.529806241844764], [77.17352784132376, 28.529816224631954], [77.17350973241462, 28.529818252792058]]]}, "properties": {"node": "acacia", "role": "positive", "name": "acacia", "ts": "2026-07-14T16:25:08.334214+00:00"}}, {"type": "Feature", "geometry": {"type": "Polygon", "coordinates": [[[77.17389586450858, 28.52876081124967], [77.17388707662454, 28.52875882741718], [77.17387677892133, 28.52874721077126], [77.17387219732579, 28.528726425036158], [77.17389430621674, 28.528695554969946], [77.17391195789241, 28.52869256838807], [77.17393376188473, 28.528710760689673], [77.17393657420985, 28.528741231737538], [77.17391658065816, 28.528757968740496], [77.17389586450858, 28.52876081124967]]]}, "properties": {"node": "acacia", "role": "positive", "name": "acacia", "ts": "2026-07-14T16:25:08.334251+00:00"}}, {"type": "Feature", "geometry": {"type": "Polygon", "coordinates": [[[77.17327146439699, 28.528682735490765], [77.17325091204754, 28.528672248634802], [77.17324669453701, 28.528615919326093], [77.17328421896704, 28.528622271722117], [77.17329893628374, 28.528636135349792], [77.17330017525843, 28.528653884377274], [77.17329354834331, 28.5286719524521], [77.17328214840545, 28.528681212497236], [77.17327146439699, 28.528682735490765]]]}, "properties": {"node": "acacia", "role": "positive", "name": "acacia", "ts": "2026-07-14T16:25:08.334288+00:00"}}, {"type": "Feature", "geometry": {"type": "Polygon", "coordinates": [[[77.17404384169153, 28.52897050928407], [77.17402270870613, 28.528963701502633], [77.17401185483783, 28.528946299582465], [77.17400999222357, 28.528919482985792], [77.17401994966711, 28.528903872367923], [77.17405580128016, 28.528903298300026], [77.17406809026868, 28.528916041883516], [77.1740711127297, 28.52895674596622], [77.17406191080245, 28.528966550298446], [77.17404384169153, 28.52897050928407]]]}, "properties": {"node": "acacia", "role": "positive", "name": "acacia", "ts": "2026-07-14T16:25:08.334326+00:00"}}, {"type": "Feature", "geometry": {"type": "Polygon", "coordinates": [[[77.17391802034807, 28.528465918410355], [77.17390677690268, 28.528450840392566], [77.17390488993911, 28.528433488028533], [77.17391543518572, 28.528425207317223], [77.17392833296488, 28.528425000806966], [77.17394360309748, 28.528433833878303], [77.17394492601892, 28.528445014801132], [77.17393301699826, 28.5284614292196], [77.17391802034807, 28.528465918410355]]]}, "properties": {"node": "acacia", "role": "positive", "name": "acacia", "ts": "2026-07-14T16:25:08.334364+00:00"}}, {"type": "Feature", "geometry": {"type": "Polygon", "coordinates": [[[77.17402422090669, 28.529356909746202], [77.17400883508184, 28.529353100175303], [77.17399860468905, 28.529344765839546], [77.17399424957179, 28.529324362765042], [77.17400449700938, 28.529312224018934], [77.17402640540045, 28.52931419089143], [77.17404376999419, 28.529329170878565], [77.17404281906252, 28.529346761818832], [77.17402422090669, 28.529356909746202]]]}, "properties": {"node": "acacia", "role": "positive", "name": "acacia", "ts": "2026-07-14T16:25:08.334404+00:00"}}, {"type": "Feature", "geometry": {"type": "Polygon", "coordinates": [[[77.17412890695587, 28.528267470556898], [77.1741077384346, 28.52825892509439], [77.17410337542812, 28.52823813586657], [77.17411969615706, 28.52822358218871], [77.17414330163892, 28.528223011059684], [77.17415670340252, 28.528236702518775], [77.17416113835839, 28.528250344422492], [77.17415090688974, 28.528263255480635], [77.17412890695587, 28.528267470556898]]]}, "properties": {"node": "acacia", "role": "positive", "name": "acacia", "ts": "2026-07-14T16:25:08.334443+00:00"}}, {"type": "Feature", "geometry": {"type": "Polygon", "coordinates": [[[77.17420733500008, 28.528263703867385], [77.17418157178331, 28.528255038853278], [77.17415193826258, 28.528228280674714], [77.17414719353245, 28.528210201517215], [77.17414769593549, 28.52818141565272], [77.1741522436449, 28.528168595608623], [77.17416022503502, 28.528163253030442], [77.17419834231758, 28.528155882763915], [77.17422659796645, 28.52815813425251], [77.17425657297807, 28.528190874277843], [77.17425744847473, 28.52824416682075], [77.17424520199509, 28.5282547924767], [77.17420733500008, 28.528263703867385]]]}, "properties": {"node": "acacia", "role": "positive", "name": "acacia", "ts": "2026-07-14T16:25:08.334481+00:00"}}, {"type": "Feature", "geometry": {"type": "Polygon", "coordinates": [[[77.17360458873195, 28.52803656516084], [77.17358338066599, 28.528026088848137], [77.17358458263358, 28.52799941631762], [77.17360088755207, 28.527984090394483], [77.17363376160837, 28.5279876200522], [77.17364716724062, 28.528001504643594], [77.17364424878872, 28.528019127084345], [77.173626799325, 28.528031960518614], [77.17360458873195, 28.52803656516084]]]}, "properties": {"node": "acacia", "role": "positive", "name": "acacia", "ts": "2026-07-14T16:25:08.334517+00:00"}}, {"type": "Feature", "geometry": {"type": "Polygon", "coordinates": [[[77.17427255531835, 28.52789356944577], [77.17425794898594, 28.52788511205858], [77.17424996878378, 28.527869209252476], [77.17425849100428, 28.527858256956623], [77.17427591599493, 28.527854887683368], [77.17428922258546, 28.52786394530175], [77.17429130045122, 28.527879942624498], [77.17428302855102, 28.52789243603155], [77.17427255531835, 28.52789356944577]]]}, "properties": {"node": "acacia", "role": "positive", "name": "acacia", "ts": "2026-07-14T16:25:08.334554+00:00"}}, {"type": "Feature", "geometry": {"type": "Polygon", "coordinates": [[[77.17408439957941, 28.527899672620208], [77.17406769837275, 28.527895690969796], [77.17405057641274, 28.527881865927515], [77.17404924616555, 28.527859676157007], [77.17408937439868, 28.527854398262487], [77.17411078522359, 28.527864098689992], [77.17411368932282, 28.527888387795183], [77.17409923699438, 28.527898083059902], [77.17408439957941, 28.527899672620208]]]}, "properties": {"node": "acacia", "role": "positive", "name": "acacia", "ts": "2026-07-14T16:25:08.334591+00:00"}}, {"type": "Feature", "geometry": {"type": "Polygon", "coordinates": [[[77.17412653609861, 28.527875048583102], [77.1741136231279, 28.527863860108305], [77.17411223281543, 28.527849396890232], [77.1741337875263, 28.5278448026695], [77.17414564710921, 28.527857939407422], [77.17413632973283, 28.527872767223958], [77.17412653609861, 28.527875048583102]]]}, "properties": {"node": "acacia", "role": "positive", "name": "acacia", "ts": "2026-07-14T16:25:08.334632+00:00"}}, {"type": "Feature", "geometry": {"type": "Polygon", "coordinates": [[[77.17362397255668, 28.527979471754858], [77.17360837230417, 28.527975858702135], [77.17359480355519, 28.527964680674657], [77.17358710545462, 28.527951863546388], [77.17359149010018, 28.527941750085766], [77.17361983351613, 28.52793762668609], [77.1736381125104, 28.527943900810442], [77.1736403686147, 28.52796858658293], [77.17362397255668, 28.527979471754858]]]}, "properties": {"node": "acacia", "role": "positive", "name": "acacia", "ts": "2026-07-14T16:25:08.334669+00:00"}}, {"type": "Feature", "geometry": {"type": "Polygon", "coordinates": [[[77.17419157285059, 28.527879415071663], [77.17418077398594, 28.527875338920325], [77.17416310777962, 28.527856307834824], [77.17416099425868, 28.527838572822628], [77.17416677371726, 28.527832492945056], [77.1741986458809, 28.52784048072399], [77.17421201985141, 28.52785282064678], [77.17420976127649, 28.527870625669244], [77.17419157285059, 28.527879415071663]]]}, "properties": {"node": "acacia", "role": "positive", "name": "acacia", "ts": "2026-07-14T16:25:08.334705+00:00"}}, {"type": "Feature", "geometry": {"type": "Polygon", "coordinates": [[[77.17421384558651, 28.528697970834617], [77.17420262585843, 28.528684051302843], [77.17420224530332, 28.528665515984382], [77.17421229387121, 28.528654346108077], [77.17422779513716, 28.528653132178693], [77.17424358578837, 28.528666012812277], [77.1742453538881, 28.52867757288095], [77.17423236771424, 28.528694777132593], [77.17421384558651, 28.528697970834617]]]}, "properties": {"node": "acacia", "role": "positive", "name": "acacia", "ts": "2026-07-14T16:25:08.334742+00:00"}}, {"type": "Feature", "geometry": {"type": "Polygon", "coordinates": [[[77.17397087320738, 28.52864372641], [77.17395641344456, 28.528642412817394], [77.17394048349549, 28.528633397173856], [77.1739342679845, 28.528618238654552], [77.17393505642792, 28.528592731585587], [77.17394501781915, 28.52857731404986], [77.1739616008272, 28.52856488072638], [77.17399542144709, 28.52856124896267], [77.17401422895017, 28.528571956782162], [77.17400618169967, 28.52861670091216], [77.17399356928614, 28.52863080892195], [77.17399073472262, 28.528641863273236], [77.17397087320738, 28.52864372641]]]}, "properties": {"node": "acacia", "role": "positive", "name": "acacia", "ts": "2026-07-14T16:25:08.334781+00:00"}}, {"type": "Feature", "geometry": {"type": "Polygon", "coordinates": [[[77.17420191570353, 28.52983169876621], [77.17418190333012, 28.529826225049792], [77.17417357693164, 28.529814770004965], [77.17418128094053, 28.52979591208572], [77.17419320137606, 28.529790699562945], [77.17420634964272, 28.52979203412613], [77.17422261733293, 28.52980683851148], [77.17422053770692, 28.52982270926873], [77.1742138916424, 28.529829189308288], [77.17420191570353, 28.52983169876621]]]}, "properties": {"node": "acacia", "role": "positive", "name": "acacia", "ts": "2026-07-14T16:25:08.334821+00:00"}}, {"type": "Feature", "geometry": {"type": "Polygon", "coordinates": [[[77.17448222696558, 28.52824307791277], [77.17445785466101, 28.528238253469972], [77.17444887651742, 28.528227002013633], [77.17444920384155, 28.52820034349192], [77.17446581051719, 28.528189068569905], [77.17449585863393, 28.52819341583174], [77.17451039311214, 28.52820902051039], [77.17450824162856, 28.528232038592222], [77.17449575278356, 28.52824150931321], [77.17448222696558, 28.52824307791277]]]}, "properties": {"node": "acacia", "role": "positive", "name": "acacia", "ts": "2026-07-14T16:25:08.334863+00:00"}}, {"type": "Feature", "geometry": {"type": "Polygon", "coordinates": [[[77.17433237943398, 28.528080729515374], [77.17431704986161, 28.528069000342807], [77.17431405453121, 28.528040270491914], [77.17431979095758, 28.528021444075446], [77.17433499027449, 28.52801617903863], [77.17434656390367, 28.52802603696109], [77.17435386396124, 28.528051414498442], [77.17434709001154, 28.52807296148738], [77.17433237943398, 28.528080729515374]]]}, "properties": {"node": "acacia", "role": "positive", "name": "acacia", "ts": "2026-07-14T16:25:08.334903+00:00"}}, {"type": "Feature", "geometry": {"type": "Polygon", "coordinates": [[[77.17393654274572, 28.528249691612874], [77.17392213517486, 28.52824026530958], [77.17391845576812, 28.528220817107268], [77.17392459716555, 28.528211061788767], [77.17394182343898, 28.528208661436395], [77.17395578983135, 28.52821790166191], [77.17395728714801, 28.528237577941255], [77.1739500408313, 28.52824677153328], [77.17393654274572, 28.528249691612874]]]}, "properties": {"node": "acacia", "role": "positive", "name": "acacia", "ts": "2026-07-14T16:25:08.334944+00:00"}}, {"type": "Feature", "geometry": {"type": "Polygon", "coordinates": [[[77.17452181309667, 28.52880776380606], [77.17450655079361, 28.528799316958185], [77.17449982661363, 28.528780690100916], [77.17451236364361, 28.52876291359941], [77.17452801216157, 28.52875822076248], [77.17454068289354, 28.52876825423224], [77.17454322182702, 28.52878540300082], [77.17453223090878, 28.52880392730134], [77.17452181309667, 28.52880776380606]]]}, "properties": {"node": "acacia", "role": "positive", "name": "acacia", "ts": "2026-07-14T16:25:08.334982+00:00"}}, {"type": "Feature", "geometry": {"type": "Polygon", "coordinates": [[[77.17434072478075, 28.52997819337262], [77.17432534281967, 28.52997457691965], [77.17431531112699, 28.529965273731186], [77.17430520126854, 28.52993086363595], [77.17430517067551, 28.52990807364416], [77.17431460315784, 28.529898845021066], [77.17432698856783, 28.529894977017676], [77.17436729198917, 28.52989819435308], [77.17437769349935, 28.52990420824074], [77.17438595197424, 28.529923003667054], [77.1743855572599, 28.529946379888543], [77.17437455034819, 28.52996413187672], [77.17434072478075, 28.52997819337262]]]}, "properties": {"node": "acacia", "role": "positive", "name": "acacia", "ts": "2026-07-14T16:25:08.335020+00:00"}}, {"type": "Feature", "geometry": {"type": "Polygon", "coordinates": [[[77.17445346045861, 28.529962481813595], [77.17441277981388, 28.5299515449596], [77.1743997277822, 28.529933598864595], [77.17439778122476, 28.529913350374176], [77.17441712865383, 28.529865141879174], [77.1744311836355, 28.529857384334193], [77.17445760364323, 28.529855416082682], [77.17447475032385, 28.529859776816288], [77.17448625226822, 28.529876782031963], [77.17449075600206, 28.529947012737416], [77.17448637137474, 28.52995712622417], [77.17445346045861, 28.529962481813595]]]}, "properties": {"node": "acacia", "role": "positive", "name": "acacia", "ts": "2026-07-14T16:25:08.335067+00:00"}}, {"type": "Feature", "geometry": {"type": "Polygon", "coordinates": [[[77.1746687296923, 28.52808190946614], [77.17465796647436, 28.52807957104075], [77.17464837612143, 28.52807045393988], [77.17465107976471, 28.52805302806417], [77.17468009536661, 28.528039043552724], [77.17470093425933, 28.528042186294183], [77.17470814374246, 28.528052500363785], [77.17470563095969, 28.528068571205424], [77.17468855936414, 28.528078501623977], [77.1746687296923, 28.52808190946614]]]}, "properties": {"node": "acacia", "role": "positive", "name": "acacia", "ts": "2026-07-14T16:25:08.335104+00:00"}}, {"type": "Feature", "geometry": {"type": "Polygon", "coordinates": [[[77.1746355728261, 28.528245643567672], [77.17461466252782, 28.528239025446847], [77.17459315300965, 28.528213875509017], [77.17458986762672, 28.528181673798745], [77.17459591380413, 28.52816728462455], [77.17463391156392, 28.528164744643338], [77.17466173686044, 28.5281886345791], [77.1746650029784, 28.5282092482138], [77.17466028033864, 28.528224195611138], [77.17464773546224, 28.528241585970413], [77.1746355728261, 28.528245643567672]]]}, "properties": {"node": "acacia", "role": "positive", "name": "acacia", "ts": "2026-07-14T16:25:08.335143+00:00"}}, {"type": "Feature", "geometry": {"type": "Polygon", "coordinates": [[[77.17464476098095, 28.528426854574565], [77.17462462198493, 28.528415202471223], [77.17462373728573, 28.52838276917301], [77.17463670353433, 28.52836459950778], [77.17464973664363, 28.528360334828218], [77.17466454581923, 28.528368016361302], [77.1746885116006, 28.528395637759566], [77.17469179016109, 28.528406207929713], [77.17468609396923, 28.528416342428997], [77.17467442403687, 28.528423096094375], [77.17464476098095, 28.528426854574565]]]}, "properties": {"node": "acacia", "role": "positive", "name": "acacia", "ts": "2026-07-14T16:25:08.335182+00:00"}}, {"type": "Feature", "geometry": {"type": "Polygon", "coordinates": [[[77.17466170998821, 28.528879495660583], [77.17464852614842, 28.528876423449965], [77.1746420517298, 28.528869960400396], [77.1746405865241, 28.528841206056224], [77.17465030253716, 28.52880319505999], [77.17467629695683, 28.52880181301143], [77.17470304579365, 28.52881587004826], [77.17471009567534, 28.528839706448245], [77.17469294360008, 28.5288670207309], [77.17467913116329, 28.528875933251406], [77.17466170998821, 28.528879495660583]]]}, "properties": {"node": "acacia", "role": "positive", "name": "acacia", "ts": "2026-07-14T16:25:08.335229+00:00"}}, {"type": "Feature", "geometry": {"type": "Polygon", "coordinates": [[[77.17460342410213, 28.529534013858886], [77.17459220765826, 28.529530910134838], [77.17458279216459, 28.529519665698846], [77.17457871951102, 28.52949172567708], [77.17458314772747, 28.529483736026016], [77.17459506810665, 28.529478523470697], [77.17461935347517, 28.529479100196692], [77.17463944853486, 28.529499251140383], [77.1746390697318, 28.529523399665436], [77.17462154482695, 28.529532564784976], [77.17460342410213, 28.529534013858886]]]}, "properties": {"node": "acacia", "role": "positive", "name": "acacia", "ts": "2026-07-14T16:25:08.335274+00:00"}}, {"type": "Feature", "geometry": {"type": "Polygon", "coordinates": [[[77.17488533972511, 28.528002536023994], [77.17485939360829, 28.527995612325025], [77.1748390921046, 28.527976044126625], [77.17483980896276, 28.52794706169118], [77.17485282270678, 28.527931208923203], [77.1748811898438, 28.527928243719874], [77.17490246592884, 28.527931379427972], [77.1749177320957, 28.527940019313576], [77.1749276481268, 28.527954345949567], [77.17492821964566, 28.52797152622615], [77.1749182703495, 28.52798752305293], [77.17490233543339, 28.52799955982583], [77.17488533972511, 28.528002536023994]]]}, "properties": {"node": "acacia", "role": "positive", "name": "acacia", "ts": "2026-07-14T16:25:08.335311+00:00"}}, {"type": "Feature", "geometry": {"type": "Polygon", "coordinates": [[[77.17476533803836, 28.527909240320685], [77.17474562841326, 28.52789719507452], [77.17474347117937, 28.52787733623879], [77.1747620372892, 28.527865643619204], [77.17478320630319, 28.52786356628997], [77.17479661655304, 28.527867021145422], [77.17480313056572, 28.52787541495313], [77.17479740612808, 28.527894820613835], [77.1747829776568, 28.527905674405098], [77.17476533803836, 28.527909240320685]]]}, "properties": {"node": "acacia", "role": "positive", "name": "acacia", "ts": "2026-07-14T16:25:08.335356+00:00"}}, {"type": "Feature", "geometry": {"type": "Polygon", "coordinates": [[[77.17431041028381, 28.5278840788152], [77.1742989080291, 28.52787769626083], [77.1742890164502, 28.527853905336965], [77.17428819471867, 28.527835183942454], [77.17429413727652, 28.52782639749172], [77.17432060435456, 28.5278267462087], [77.1743380797269, 28.52784713230696], [77.17433644131098, 28.527863189141872], [77.17432843162905, 28.52787780288924], [77.17431041028381, 28.5278840788152]]]}, "properties": {"node": "acacia", "role": "positive", "name": "acacia", "ts": "2026-07-14T16:25:08.335395+00:00"}}, {"type": "Feature", "geometry": {"type": "Polygon", "coordinates": [[[77.17474886290775, 28.528874623197073], [77.17473633885344, 28.528871733566582], [77.1747227064302, 28.52885746644741], [77.17471834670891, 28.528847493015597], [77.17472052537792, 28.528836449157776], [77.17474486715983, 28.528818483554907], [77.17477569869348, 28.52881837598627], [77.17478996711344, 28.52883166721446], [77.17479053810442, 28.52885947018057], [77.17477068001388, 28.52887214920211], [77.17474886290775, 28.528874623197073]]]}, "properties": {"node": "acacia", "role": "positive", "name": "acacia", "ts": "2026-07-14T16:25:08.335433+00:00"}}, {"type": "Feature", "geometry": {"type": "Polygon", "coordinates": [[[77.17477158087401, 28.52922480779916], [77.17475584955291, 28.529214823378247], [77.17475746808539, 28.529197801162816], [77.17476844658317, 28.529189320306198], [77.17479296238771, 28.529190472731514], [77.17480366969188, 28.529200730763026], [77.17480285818851, 28.52921445667748], [77.17478991618498, 28.529223162127934], [77.17477158087401, 28.52922480779916]]]}, "properties": {"node": "acacia", "role": "positive", "name": "acacia", "ts": "2026-07-14T16:25:08.335470+00:00"}}, {"type": "Feature", "geometry": {"type": "Polygon", "coordinates": [[[77.17489244456418, 28.529445175503856], [77.17485252697746, 28.52943944132248], [77.17483875912595, 28.529429232321426], [77.1748433435039, 28.52939690456524], [77.17485657998421, 28.529381241364735], [77.1749030523367, 28.529376054725695], [77.17492401443165, 28.529385182777425], [77.17492489132145, 28.529417229911534], [77.17491821309842, 28.529432788061772], [77.17490876881378, 28.52944143749394], [77.17489244456418, 28.529445175503856]]]}, "properties": {"node": "acacia", "role": "positive", "name": "acacia", "ts": "2026-07-14T16:25:08.335509+00:00"}}, {"type": "Feature", "geometry": {"type": "Polygon", "coordinates": [[[77.17491917566674, 28.52958612551861], [77.17490770094562, 28.52958109456222], [77.17490337289708, 28.529572665748855], [77.17490411401519, 28.529534219088042], [77.17491522786533, 28.529521680118314], [77.17493861501376, 28.529521112337413], [77.17495673076535, 28.529540715519314], [77.17495765179014, 28.529564263801046], [77.17494291676877, 28.529581496133986], [77.17491917566674, 28.52958612551861]]]}, "properties": {"node": "acacia", "role": "positive", "name": "acacia", "ts": "2026-07-14T16:25:08.335547+00:00"}}, {"type": "Feature", "geometry": {"type": "Polygon", "coordinates": [[[77.17509327664035, 28.528437825250478], [77.17507525971475, 28.528433671667287], [77.17506434179357, 28.52842380330761], [77.17506190639182, 28.52840105184226], [77.17508967036721, 28.52837936170651], [77.17510863754883, 28.528376547037364], [77.17512843058552, 28.528392646821484], [77.175131367155, 28.528407857809785], [77.1751146167753, 28.528433427448274], [77.17509327664035, 28.528437825250478]]]}, "properties": {"node": "acacia", "role": "positive", "name": "acacia", "ts": "2026-07-14T16:25:08.335586+00:00"}}, {"type": "Feature", "geometry": {"type": "Polygon", "coordinates": [[[77.17497854308772, 28.528377472254856], [77.17496469606115, 28.52836340173536], [77.17496241980741, 28.528337750622754], [77.17497232896561, 28.52833044572046], [77.17500116910554, 28.528329211168142], [77.17501258370604, 28.528341968672127], [77.17501107625336, 28.52836439702154], [77.17499838866321, 28.52837483666964], [77.17497854308772, 28.528377472254856]]]}, "properties": {"node": "acacia", "role": "positive", "name": "acacia", "ts": "2026-07-14T16:25:08.335634+00:00"}}, {"type": "Feature", "geometry": {"type": "Polygon", "coordinates": [[[77.17489079215565, 28.529673493031964], [77.17487967533337, 28.529664593547594], [77.1748825737764, 28.529646005712348], [77.17489452984653, 28.52964253081572], [77.17491540078699, 28.52964721811496], [77.17491889406048, 28.529657591696438], [77.17491492687493, 28.52966673281016], [77.17489079215565, 28.529673493031964]]]}, "properties": {"node": "acacia", "role": "positive", "name": "acacia", "ts": "2026-07-14T16:25:08.335672+00:00"}}, {"type": "Feature", "geometry": {"type": "Polygon", "coordinates": [[[77.17511566901617, 28.528026851606985], [77.17509345503593, 28.528020640723593], [77.17508949386756, 28.527987484157862], [77.17510812340475, 28.52797888071033], [77.17514275029262, 28.527982575059664], [77.1751557268325, 28.527996852647732], [77.17515473642531, 28.528012512826976], [77.17513638894339, 28.528024201997027], [77.17511566901617, 28.528026851606985]]]}, "properties": {"node": "acacia", "role": "positive", "name": "acacia", "ts": "2026-07-14T16:25:08.335711+00:00"}}, {"type": "Feature", "geometry": {"type": "Polygon", "coordinates": [[[77.17517849362228, 28.52860487782596], [77.17516464208833, 28.52860123694263], [77.17515034193053, 28.528586401145372], [77.17515125253527, 28.528577502133253], [77.17516589172766, 28.528566258646485], [77.17518644867371, 28.528566315591142], [77.17520382122305, 28.528581681581308], [77.17519975050162, 28.52859642541055], [77.17517849362228, 28.52860487782596]]]}, "properties": {"node": "acacia", "role": "positive", "name": "acacia", "ts": "2026-07-14T16:25:08.335755+00:00"}}, {"type": "Feature", "geometry": {"type": "Polygon", "coordinates": [[[77.17521654512008, 28.528647531491664], [77.17520278131032, 28.528637515598852], [77.17520217452308, 28.528607974954493], [77.17521068876314, 28.528596636449855], [77.17522881724632, 28.528595573456048], [77.17524144439362, 28.528603483020913], [77.17524913829905, 28.528626729652487], [77.17523762305758, 28.528641013333374], [77.17521654512008, 28.528647531491664]]]}, "properties": {"node": "acacia", "role": "positive", "name": "acacia", "ts": "2026-07-14T16:25:08.335792+00:00"}}, {"type": "Feature", "geometry": {"type": "Polygon", "coordinates": [[[77.17519995266257, 28.52887241871991], [77.1751827149048, 28.528863617319917], [77.17517873731356, 28.528840311147395], [77.1751898470965, 28.528827579083625], [77.17520904485897, 28.528825340122427], [77.17522150101844, 28.52883557010296], [77.17522439351512, 28.528859279937535], [77.17521801773702, 28.52886826650744], [77.17519995266257, 28.52887241871991]]]}, "properties": {"node": "acacia", "role": "positive", "name": "acacia", "ts": "2026-07-14T16:25:08.335829+00:00"}}, {"type": "Feature", "geometry": {"type": "Polygon", "coordinates": [[[77.17514250632594, 28.528620132973742], [77.17513046313108, 28.528619360211433], [77.17511674295618, 28.528611468146508], [77.17511666016428, 28.528596790859392], [77.1751297572197, 28.528584992662644], [77.17514684819106, 28.52858665025615], [77.17516400609779, 28.528602212829774], [77.17516057929251, 28.52861636692323], [77.17514250632594, 28.528620132973742]]]}, "properties": {"node": "acacia", "role": "positive", "name": "acacia", "ts": "2026-07-14T16:25:08.335865+00:00"}}, {"type": "Feature", "geometry": {"type": "Polygon", "coordinates": [[[77.18502432446932, 28.530636764878597], [77.18499585457567, 28.53062840291255], [77.18498587390772, 28.530618640862624], [77.18498442122436, 28.530608741565732], [77.18499441941094, 28.5305891028128], [77.18501405000977, 28.530572432842263], [77.18502836406988, 28.530570364940523], [77.18506292658516, 28.530581568896487], [77.18506594568424, 28.530606878255202], [77.1850562009967, 28.530628717972085], [77.18502432446932, 28.530636764878597]]]}, "properties": {"node": "acacia", "role": "positive", "name": "acacia", "ts": "2026-07-14T16:25:08.335903+00:00"}}, {"type": "Feature", "geometry": {"type": "Polygon", "coordinates": [[[77.18517905641085, 28.530693810592002], [77.18516148587372, 28.530689315806395], [77.1851430752653, 28.53067436060432], [77.1851401627778, 28.530664301051825], [77.18514992310615, 28.530653302519283], [77.1851754653629, 28.530650870131435], [77.18519900772733, 28.53066243517396], [77.18520097120262, 28.53067692007738], [77.18519682686984, 28.530687828222725], [77.18517905641085, 28.530693810592002]]]}, "properties": {"node": "acacia", "role": "positive", "name": "acacia", "ts": "2026-07-14T16:25:08.335940+00:00"}}, {"type": "Feature", "geometry": {"type": "Polygon", "coordinates": [[[77.18574856853051, 28.531058029535004], [77.18573520342191, 28.531055672160473], [77.18572402014645, 28.531048134569172], [77.18571396677926, 28.531024776011208], [77.18571570876203, 28.530998287506048], [77.18572596792656, 28.530981217047184], [77.18573587989148, 28.530977566160818], [77.18576056042224, 28.530983783933742], [77.18578419392631, 28.53099975747818], [77.18579384970835, 28.531013934771856], [77.18579017830683, 28.53102759161685], [77.18577434485137, 28.531046773109544], [77.18574856853051, 28.531058029535004]]]}, "properties": {"node": "acacia", "role": "positive", "name": "acacia", "ts": "2026-07-14T16:25:08.335978+00:00"}}, {"type": "Feature", "geometry": {"type": "Polygon", "coordinates": [[[77.1856805165962, 28.530886029600076], [77.1856667317189, 28.530883495222447], [77.18565419809156, 28.53087101802678], [77.1856499346327, 28.530845912473442], [77.1856650606673, 28.530822699813132], [77.18569448290096, 28.53081671355268], [77.18570985268927, 28.530825470021153], [77.18571511769497, 28.530838615489934], [77.18571581104307, 28.530862124737574], [77.18570326388695, 28.530879232030056], [77.1856805165962, 28.530886029600076]]]}, "properties": {"node": "acacia", "role": "positive", "name": "acacia", "ts": "2026-07-14T16:25:08.336014+00:00"}}, {"type": "Feature", "geometry": {"type": "Polygon", "coordinates": [[[77.1853914747839, 28.530571870694015], [77.18535154165741, 28.530552484374812], [77.18534478659704, 28.530537709094382], [77.18534999744398, 28.530528070050817], [77.18536199316716, 28.530524569405102], [77.18537993418809, 28.53052685316323], [77.18540060625556, 28.53054048565849], [77.1854066885565, 28.530562989400735], [77.1854014094719, 28.53056932198656], [77.1853914747839, 28.530571870694015]]]}, "properties": {"node": "acacia", "role": "positive", "name": "acacia", "ts": "2026-07-14T16:25:08.336051+00:00"}}, {"type": "Feature", "geometry": {"type": "Polygon", "coordinates": [[[77.18578279424801, 28.530992429884765], [77.18576559792987, 28.530985907870594], [77.18574465705844, 28.530969339713348], [77.1857392593271, 28.530949765021163], [77.18575174202314, 28.530929534958805], [77.18577441671748, 28.53090914080886], [77.1858061876386, 28.530906056761744], [77.18582226866444, 28.530919028089176], [77.1858231516373, 28.53095172194181], [77.18580199417406, 28.530985138149425], [77.18578279424801, 28.530992429884765]]]}, "properties": {"node": "acacia", "role": "positive", "name": "acacia", "ts": "2026-07-14T16:25:08.336087+00:00"}}, {"type": "Feature", "geometry": {"type": "Polygon", "coordinates": [[[77.18539275053386, 28.530522788045946], [77.18537425703379, 28.530513898066086], [77.18537261475986, 28.53049481416462], [77.18539090198969, 28.530463465507108], [77.18541914439098, 28.53046080585886], [77.18543629183603, 28.530475046343916], [77.18543636111633, 28.530498565642127], [77.18541737355525, 28.53051614408618], [77.18539275053386, 28.530522788045946]]]}, "properties": {"node": "acacia", "role": "positive", "name": "acacia", "ts": "2026-07-14T16:25:08.336126+00:00"}}, {"type": "Feature", "geometry": {"type": "Polygon", "coordinates": [[[77.18546512345648, 28.53082352961277], [77.18544662610539, 28.530814455954147], [77.18544632280066, 28.530799760578745], [77.18547064309766, 28.53078852764966], [77.18549463511809, 28.530791632751892], [77.18550002847613, 28.530800917346454], [77.1854947006251, 28.530814968356157], [77.18546512345648, 28.53082352961277]]]}, "properties": {"node": "acacia", "role": "positive", "name": "acacia", "ts": "2026-07-14T16:25:08.336163+00:00"}}, {"type": "Feature", "geometry": {"type": "Polygon", "coordinates": [[[77.18511770284725, 28.53051361736801], [77.18510550621009, 28.530507382303657], [77.18510142485259, 28.53049109395161], [77.18511008452312, 28.530477173084627], [77.18512808190394, 28.530472105839518], [77.18514516108108, 28.530483039903086], [77.18514644747563, 28.53049496316002], [77.18513838148101, 28.530507404448112], [77.18511770284725, 28.53051361736801]]]}, "properties": {"node": "acacia", "role": "positive", "name": "acacia", "ts": "2026-07-14T16:25:08.336199+00:00"}}, {"type": "Feature", "geometry": {"type": "Polygon", "coordinates": [[[77.1849842517334, 28.53094335896792], [77.18497021716446, 28.530938807251832], [77.18496274763194, 28.530929739801238], [77.18496354456492, 28.53090786033878], [77.18498286914932, 28.53089652414011], [77.18500280304791, 28.530894549548318], [77.18501109320992, 28.530903052529798], [77.18501284535715, 28.530927463512825], [77.18500166310403, 28.5309401387002], [77.1849842517334, 28.53094335896792]]]}, "properties": {"node": "acacia", "role": "positive", "name": "acacia", "ts": "2026-07-14T16:25:08.336235+00:00"}}, {"type": "Feature", "geometry": {"type": "Polygon", "coordinates": [[[77.18552549554198, 28.530734356229125], [77.1855077316249, 28.530720493188046], [77.18550452010851, 28.53070602838117], [77.18551649636028, 28.530691502841545], [77.1855326407139, 28.530687384137565], [77.18554776076475, 28.530694123360604], [77.18555276087122, 28.530704516802995], [77.1855519976506, 28.530717943074055], [77.18554123148505, 28.530730611604813], [77.18552549554198, 28.530734356229125]]]}, "properties": {"node": "acacia", "role": "positive", "name": "acacia", "ts": "2026-07-14T16:25:08.336271+00:00"}}, {"type": "Feature", "geometry": {"type": "Polygon", "coordinates": [[[77.1854660572948, 28.530526018111694], [77.18545226488607, 28.53052311632491], [77.18543967445952, 28.530507883722073], [77.18543918211657, 28.530494110155107], [77.18544795927045, 28.530485883727223], [77.18547297984371, 28.530488421019765], [77.1854833689569, 28.530497808951402], [77.18548171359215, 28.530518415959616], [77.1854660572948, 28.530526018111694]]]}, "properties": {"node": "acacia", "role": "positive", "name": "acacia", "ts": "2026-07-14T16:25:08.336307+00:00"}}, {"type": "Feature", "geometry": {"type": "Polygon", "coordinates": [[[77.18546232545421, 28.53068796477522], [77.18545436838859, 28.530685520316354], [77.18544709167034, 28.530675714776418], [77.18544484812764, 28.530657743074844], [77.18545334525953, 28.530646029842533], [77.18547445505979, 28.53064054494358], [77.18548321431442, 28.530651612889756], [77.18548383557123, 28.53067163199043], [77.1854745291904, 28.530684460770622], [77.18546232545421, 28.53068796477522]]]}, "properties": {"node": "acacia", "role": "positive", "name": "acacia", "ts": "2026-07-14T16:25:08.336343+00:00"}}, {"type": "Feature", "geometry": {"type": "Polygon", "coordinates": [[[77.18558361110442, 28.530455218319307], [77.18557138411796, 28.530447513760436], [77.18556358471746, 28.530422465122857], [77.18558076849185, 28.530408223255012], [77.18560091407237, 28.53040642892468], [77.18560893178379, 28.530411812450932], [77.1856077195178, 28.53044380502644], [77.1855979251335, 28.530453150358916], [77.18558361110442, 28.530455218319307]]]}, "properties": {"node": "acacia", "role": "positive", "name": "acacia", "ts": "2026-07-14T16:25:08.336388+00:00"}}, {"type": "Feature", "geometry": {"type": "Polygon", "coordinates": [[[77.18556454090427, 28.5308417745735], [77.18555138003461, 28.530839230138508], [77.18554521154255, 28.530832714322514], [77.18554324263067, 28.53078772648006], [77.18555863029543, 28.530777188591042], [77.18558382860678, 28.530778252973334], [77.1856049849979, 28.53079518519518], [77.18560642690527, 28.530814639823298], [77.18558838885916, 28.53083789935568], [77.18556454090427, 28.5308417745735]]]}, "properties": {"node": "acacia", "role": "positive", "name": "acacia", "ts": "2026-07-14T16:25:08.336425+00:00"}}, {"type": "Feature", "geometry": {"type": "Polygon", "coordinates": [[[77.1854183852926, 28.530555083485176], [77.1854048951439, 28.530546664231334], [77.18539908908515, 28.530527463600503], [77.18541341777667, 28.530516024008318], [77.18542998568999, 28.53051226600586], [77.18543806785304, 28.530520772309607], [77.18543747901506, 28.530542648422315], [77.18543139447442, 28.530550280247226], [77.1854183852926, 28.530555083485176]]]}, "properties": {"node": "acacia", "role": "positive", "name": "acacia", "ts": "2026-07-14T16:25:08.336461+00:00"}}, {"type": "Feature", "geometry": {"type": "Polygon", "coordinates": [[[77.18536272096566, 28.530408609398734], [77.18532760651415, 28.53040090571359], [77.18532335554694, 28.530396564059803], [77.18532409226, 28.53038185194245], [77.18534060708177, 28.530375522260766], [77.18538066042757, 28.530380573898768], [77.18538248416091, 28.530398368606907], [77.18537493604755, 28.530405656481182], [77.18536272096566, 28.530408609398734]]]}, "properties": {"node": "acacia", "role": "positive", "name": "acacia", "ts": "2026-07-14T16:25:08.336497+00:00"}}, {"type": "Feature", "geometry": {"type": "Polygon", "coordinates": [[[77.18502592097633, 28.53096620876178], [77.18500659542244, 28.530957332125173], [77.18500432162021, 28.5309378908753], [77.18501607811407, 28.530912711225035], [77.18502955263781, 28.53091028932648], [77.18504446469323, 28.530917031952995], [77.18505002101776, 28.530934215333325], [77.18504323758319, 28.530958396182633], [77.18502592097633, 28.53096620876178]]]}, "properties": {"node": "acacia", "role": "positive", "name": "acacia", "ts": "2026-07-14T16:25:08.336537+00:00"}}, {"type": "Feature", "geometry": {"type": "Polygon", "coordinates": [[[77.18538267628514, 28.53045808531568], [77.18536558950754, 28.53044678389867], [77.18536232873693, 28.530429931087607], [77.18537626037755, 28.530419416656827], [77.18540021819143, 28.53042086855076], [77.18540917404442, 28.530431382078756], [77.18540884955058, 28.53044590380743], [77.18539594653274, 28.53045585042448], [77.18538267628514, 28.53045808531568]]]}, "properties": {"node": "acacia", "role": "positive", "name": "acacia", "ts": "2026-07-14T16:25:08.336575+00:00"}}, {"type": "Feature", "geometry": {"type": "Polygon", "coordinates": [[[77.18506341453727, 28.531290848566673], [77.18504682325651, 28.531283397957754], [77.18503787775954, 28.531253222645134], [77.18504042207584, 28.53123535763201], [77.1850537715465, 28.531226873885355], [77.18507224240714, 28.53123466174934], [77.1850871934012, 28.531263454130567], [77.18508464530177, 28.531281135451888], [77.18506341453727, 28.531290848566673]]]}, "properties": {"node": "acacia", "role": "positive", "name": "acacia", "ts": "2026-07-14T16:25:08.336612+00:00"}}, {"type": "Feature", "geometry": {"type": "Polygon", "coordinates": [[[77.18541241778175, 28.53129423499912], [77.18540047074109, 28.53129001723366], [77.18538618209455, 28.531273158187798], [77.18538568543742, 28.531249094511207], [77.18540258984913, 28.53124147227391], [77.18542183965913, 28.53124667500544], [77.18544032244556, 28.53126512031237], [77.18543157608534, 28.531284922698116], [77.18541241778175, 28.53129423499912]]]}, "properties": {"node": "acacia", "role": "positive", "name": "acacia", "ts": "2026-07-14T16:25:08.336650+00:00"}}, {"type": "Feature", "geometry": {"type": "Polygon", "coordinates": [[[77.1851976240668, 28.530595387510804], [77.18518859289827, 28.53059130654453], [77.18518130104748, 28.530580766219583], [77.18518201453976, 28.530554845528307], [77.18520408851938, 28.530545670088138], [77.18522869689623, 28.530548397813078], [77.18523112615287, 28.530575370439674], [77.1852123124245, 28.530591292279574], [77.1851976240668, 28.530595387510804]]]}, "properties": {"node": "acacia", "role": "positive", "name": "acacia", "ts": "2026-07-14T16:25:08.336688+00:00"}}, {"type": "Feature", "geometry": {"type": "Polygon", "coordinates": [[[77.18581671352631, 28.53133531850076], [77.18579792139815, 28.531332129743163], [77.18578411315033, 28.531318386811808], [77.18578895672547, 28.531301036031515], [77.18580749478299, 28.53129191741765], [77.18583002333456, 28.531294678510953], [77.1858463844759, 28.531311136633075], [77.1858402853206, 28.531328140123822], [77.18581671352631, 28.53133531850076]]]}, "properties": {"node": "acacia", "role": "positive", "name": "acacia", "ts": "2026-07-14T16:25:08.336727+00:00"}}, {"type": "Feature", "geometry": {"type": "Polygon", "coordinates": [[[77.18568759535871, 28.531359998891276], [77.18567315987337, 28.531356188718693], [77.18566646483178, 28.531334246118664], [77.18567979150907, 28.53132466015969], [77.18570119664106, 28.531323396789997], [77.18571262965678, 28.53133295164632], [77.18571392750752, 28.531345425968873], [77.18570005266494, 28.53135869582003], [77.18568759535871, 28.531359998891276]]]}, "properties": {"node": "acacia", "role": "positive", "name": "acacia", "ts": "2026-07-14T16:25:08.336764+00:00"}}, {"type": "Feature", "geometry": {"type": "Polygon", "coordinates": [[[77.18526384431587, 28.531515476598376], [77.18524977553962, 28.5315092716866], [77.18524084184229, 28.531489753888028], [77.18524233095651, 28.531471170844238], [77.18525958317697, 28.531460235467005], [77.1852844338903, 28.53146461305157], [77.1853030640374, 28.531480115952764], [77.18529601576662, 28.531501544776845], [77.18527545826956, 28.531513635880255], [77.18526384431587, 28.531515476598376]]]}, "properties": {"node": "acacia", "role": "positive", "name": "acacia", "ts": "2026-07-14T16:25:08.336800+00:00"}}, {"type": "Feature", "geometry": {"type": "Polygon", "coordinates": [[[77.18557046797999, 28.531643026879088], [77.18555335498026, 28.5316405460711], [77.1855312532005, 28.531628222898043], [77.18552320452879, 28.531611263418355], [77.1855233052969, 28.531585903854833], [77.18553159827725, 28.53157437765606], [77.18556480159083, 28.531549955228332], [77.18560140603532, 28.531549182201893], [77.18561422737017, 28.53156551358387], [77.18561546726434, 28.531625580917094], [77.18560509427473, 28.531637140605977], [77.18557046797999, 28.531643026879088]]]}, "properties": {"node": "acacia", "role": "positive", "name": "acacia", "ts": "2026-07-14T16:25:08.336838+00:00"}}, {"type": "Feature", "geometry": {"type": "Polygon", "coordinates": [[[77.18577671267248, 28.53153441595058], [77.18575894155595, 28.531530291984932], [77.18574389665355, 28.53151712021994], [77.18574529846457, 28.531494312256353], [77.1857563561, 28.531485681586062], [77.18578461392578, 28.531483756616236], [77.18580254430057, 28.531495595648387], [77.18580141875987, 28.531521706721396], [77.1857873017779, 28.531533326701464], [77.18577671267248, 28.53153441595058]]]}, "properties": {"node": "acacia", "role": "positive", "name": "acacia", "ts": "2026-07-14T16:25:08.336876+00:00"}}, {"type": "Feature", "geometry": {"type": "Polygon", "coordinates": [[[77.1852631418993, 28.531310051804528], [77.18525204582072, 28.531306739094894], [77.18523952735008, 28.531294996630525], [77.18523538148607, 28.531275585519545], [77.18524682102675, 28.531265294963802], [77.18527147834835, 28.53126030425107], [77.18528484019465, 28.53127258439716], [77.18528825212262, 28.531286678476413], [77.18528045854102, 28.531302239193366], [77.1852631418993, 28.531310051804528]]]}, "properties": {"node": "acacia", "role": "positive", "name": "acacia", "ts": "2026-07-14T16:25:08.336914+00:00"}}, {"type": "Feature", "geometry": {"type": "Polygon", "coordinates": [[[77.1851331971129, 28.531677812249914], [77.18511980539837, 28.531674168973037], [77.18511090632188, 28.53166641081506], [77.18510347034473, 28.531648890187064], [77.18510873004763, 28.53163153272938], [77.1851260538379, 28.531613981099834], [77.18517723637409, 28.531593679462702], [77.18518754647003, 28.53160931629386], [77.18518809666647, 28.53164605808217], [77.1851658149618, 28.531665343297934], [77.1851331971129, 28.531677812249914]]]}, "properties": {"node": "acacia", "role": "positive", "name": "acacia", "ts": "2026-07-14T16:25:08.336952+00:00"}}, {"type": "Feature", "geometry": {"type": "Polygon", "coordinates": [[[77.18505107182561, 28.531862336009016], [77.18502975326805, 28.531857717783875], [77.18502667395794, 28.53183957577426], [77.18503781459702, 28.531824879966987], [77.18506061141461, 28.531820470491066], [77.18508141968479, 28.531830609521272], [77.18508342866711, 28.531847298730288], [77.18506807492047, 28.531859489804866], [77.18505107182561, 28.531862336009016]]]}, "properties": {"node": "acacia", "role": "positive", "name": "acacia", "ts": "2026-07-14T16:25:08.336988+00:00"}}, {"type": "Feature", "geometry": {"type": "Polygon", "coordinates": [[[77.18523577716488, 28.5320004855904], [77.18522239298812, 28.5319972097106], [77.18520959819175, 28.531982164137442], [77.18521602300677, 28.531970851778862], [77.18522961846418, 28.531964201585364], [77.1852425525122, 28.531965830931036], [77.18525398935385, 28.531975569515826], [77.1852531015006, 28.53199304036154], [77.18523577716488, 28.5320004855904]]]}, "properties": {"node": "acacia", "role": "positive", "name": "acacia", "ts": "2026-07-14T16:25:08.337025+00:00"}}, {"type": "Feature", "geometry": {"type": "Polygon", "coordinates": [[[77.18545952381875, 28.531862744145414], [77.1854183730236, 28.53185495392144], [77.18540270031473, 28.531841608472043], [77.18540585668265, 28.53181307591724], [77.18542787728812, 28.53179122232106], [77.18545594616145, 28.531790219224074], [77.18548652296292, 28.531799833434626], [77.18550191563354, 28.531809692071565], [77.18550276873617, 28.531851022807118], [77.18549186217118, 28.53185689472876], [77.18545952381875, 28.531862744145414]]]}, "properties": {"node": "acacia", "role": "positive", "name": "acacia", "ts": "2026-07-14T16:25:08.337063+00:00"}}, {"type": "Feature", "geometry": {"type": "Polygon", "coordinates": [[[77.18537811647114, 28.531880408619635], [77.18536739462786, 28.53187506861283], [77.18536270053114, 28.531859341397872], [77.18537056996244, 28.53184745451927], [77.18538469513855, 28.531846308380306], [77.18539904400633, 28.531856000077923], [77.18540117763042, 28.531868644703433], [77.18539407954715, 28.53187757911601], [77.18537811647114, 28.531880408619635]]]}, "properties": {"node": "acacia", "role": "positive", "name": "acacia", "ts": "2026-07-14T16:25:08.337100+00:00"}}, {"type": "Feature", "geometry": {"type": "Polygon", "coordinates": [[[77.1853936069602, 28.53202605930793], [77.18538165604413, 28.532021657853537], [77.18537122886664, 28.532010433002057], [77.18536883965342, 28.531955161748115], [77.18538018119686, 28.53195020159991], [77.18540867749198, 28.531949742890458], [77.18544901527281, 28.531958464969414], [77.18545763162815, 28.5319827654416], [77.18545633159566, 28.53200042667564], [77.18543333107911, 28.53201512967683], [77.1853936069602, 28.53202605930793]]]}, "properties": {"node": "acacia", "role": "positive", "name": "acacia", "ts": "2026-07-14T16:25:08.337138+00:00"}}, {"type": "Feature", "geometry": {"type": "Polygon", "coordinates": [[[77.18533491120363, 28.53207551497647], [77.18532071344313, 28.532063064542914], [77.18531247847652, 28.5320269977173], [77.18531865357625, 28.532013668088574], [77.18533518760276, 28.532008256855903], [77.18537201969376, 28.53201850541285], [77.18537973905073, 28.532029590099057], [77.185380825083, 28.532041884081348], [77.18537575824664, 28.532058503430395], [77.18536639108008, 28.532068393133436], [77.18533491120363, 28.53207551497647]]]}, "properties": {"node": "acacia", "role": "positive", "name": "acacia", "ts": "2026-07-14T16:25:08.337176+00:00"}}, {"type": "Feature", "geometry": {"type": "Polygon", "coordinates": [[[77.18507586693428, 28.53219673530317], [77.18504715448877, 28.53218672349078], [77.18504305410312, 28.53216951668274], [77.18507804304382, 28.532150945728397], [77.1850990475146, 28.53215042390868], [77.18510692557511, 28.532159117264865], [77.18510745251518, 28.53218465048029], [77.18509907983419, 28.532192319121155], [77.18507586693428, 28.53219673530317]]]}, "properties": {"node": "acacia", "role": "positive", "name": "acacia", "ts": "2026-07-14T16:25:08.337212+00:00"}}, {"type": "Feature", "geometry": {"type": "Polygon", "coordinates": [[[77.18513685485138, 28.53184496880863], [77.18509773102774, 28.531834573316424], [77.18507620776965, 28.531820035719033], [77.185072516313, 28.531812561249954], [77.18507342694163, 28.53179619255672], [77.18511760146005, 28.531769021108346], [77.18513931326045, 28.531772530471624], [77.18516810520875, 28.531786399806943], [77.18516864023972, 28.531822406825967], [77.18516331988381, 28.53183682521032], [77.18513685485138, 28.53184496880863]]]}, "properties": {"node": "acacia", "role": "positive", "name": "acacia", "ts": "2026-07-14T16:25:08.337251+00:00"}}, {"type": "Feature", "geometry": {"type": "Polygon", "coordinates": [[[77.18562608573438, 28.531887993278684], [77.18559026334603, 28.53187625850955], [77.18558771369543, 28.531863620585323], [77.18559603323028, 28.531853380227275], [77.18562813323383, 28.5318460645901], [77.18564029972386, 28.53185083005908], [77.18564677108272, 28.53186193482115], [77.18564484328424, 28.531879422409215], [77.1856387359382, 28.531885952092562], [77.18562608573438, 28.531887993278684]]]}, "properties": {"node": "acacia", "role": "positive", "name": "acacia", "ts": "2026-07-14T16:25:08.337288+00:00"}}, {"type": "Feature", "geometry": {"type": "Polygon", "coordinates": [[[77.1859942752963, 28.531016587920444], [77.1859810537209, 28.53101110445502], [77.18596741936545, 28.53099570496258], [77.18596207031835, 28.530968411863412], [77.18597386013822, 28.5309347789558], [77.18599761707898, 28.530926495054842], [77.18600723438165, 28.530928728995384], [77.18602935939234, 28.530952260665295], [77.18603039733736, 28.530982379474185], [77.18602300150432, 28.531007121483942], [77.18601169801597, 28.53101391860051], [77.1859942752963, 28.531016587920444]]]}, "properties": {"node": "acacia", "role": "positive", "name": "acacia", "ts": "2026-07-14T16:25:08.337325+00:00"}}, {"type": "Feature", "geometry": {"type": "Polygon", "coordinates": [[[77.1856069323972, 28.53057703878059], [77.18558685828943, 28.530572216846622], [77.18558023210664, 28.530563687114018], [77.18557621080545, 28.530540231436962], [77.18558139455722, 28.530519200121887], [77.18562721671407, 28.530481160565117], [77.18565652943977, 28.53047995366272], [77.18566840110361, 28.530490603985147], [77.18566865297635, 28.530533046922695], [77.1856553231413, 28.530552555602103], [77.18563550740366, 28.530570331161265], [77.1856069323972, 28.53057703878059]]]}, "properties": {"node": "acacia", "role": "positive", "name": "acacia", "ts": "2026-07-14T16:25:08.337363+00:00"}}, {"type": "Feature", "geometry": {"type": "Polygon", "coordinates": [[[77.18556365055485, 28.530667590858435], [77.1855499177269, 28.530647415320804], [77.1855457447698, 28.5306166119555], [77.18555505439666, 28.530593860444775], [77.18557418655617, 28.530593368703506], [77.1855888456326, 28.530608016731556], [77.18559779500823, 28.530638375697073], [77.18558366348155, 28.530659367301702], [77.18556365055485, 28.530667590858435]]]}, "properties": {"node": "acacia", "role": "positive", "name": "acacia", "ts": "2026-07-14T16:25:08.337402+00:00"}}, {"type": "Feature", "geometry": {"type": "Polygon", "coordinates": [[[77.18583405765047, 28.531278443277603], [77.18581665707316, 28.53127210831385], [77.1858056432897, 28.53125262404461], [77.1858133262605, 28.53122162981357], [77.18582625207685, 28.531212785307716], [77.18584985853566, 28.531217366575838], [77.18587374238653, 28.531245463781104], [77.18587364871532, 28.531261084309794], [77.18586876666896, 28.531266491755122], [77.18583405765047, 28.531278443277603]]]}, "properties": {"node": "acacia", "role": "positive", "name": "acacia", "ts": "2026-07-14T16:25:08.337439+00:00"}}, {"type": "Feature", "geometry": {"type": "Polygon", "coordinates": [[[77.18567969217956, 28.530886410378674], [77.18566860371911, 28.530883465085513], [77.1856584301336, 28.53087444120732], [77.18565425821606, 28.5308638506838], [77.18565689721476, 28.53085057796851], [77.18566698683685, 28.5308454542018], [77.18571177507671, 28.530848040716474], [77.18571659754153, 28.530859907037204], [77.18570998759148, 28.53087232491615], [77.1856968803465, 28.53088245860331], [77.18567969217956, 28.530886410378674]]]}, "properties": {"node": "acacia", "role": "positive", "name": "acacia", "ts": "2026-07-14T16:25:08.337476+00:00"}}, {"type": "Feature", "geometry": {"type": "Polygon", "coordinates": [[[77.1859816095885, 28.531209365184925], [77.18596542668082, 28.531201540608727], [77.18596377290461, 28.53118190564626], [77.18597228518391, 28.531170927151607], [77.18598449274687, 28.53116760679137], [77.1860081940089, 28.53117678033501], [77.18601701783534, 28.53119097100635], [77.18600172117861, 28.531205917558285], [77.1859816095885, 28.531209365184925]]]}, "properties": {"node": "acacia", "role": "positive", "name": "acacia", "ts": "2026-07-14T16:25:08.337512+00:00"}}, {"type": "Feature", "geometry": {"type": "Polygon", "coordinates": [[[77.18591579644999, 28.53124662421748], [77.18587947918728, 28.53124114509277], [77.18585452120408, 28.531211411403703], [77.18585305592482, 28.531180748213124], [77.18587184689652, 28.53116372413241], [77.18592002717806, 28.531159273338613], [77.18594165715616, 28.531189060599555], [77.18594377680112, 28.531221183277673], [77.1859319181146, 28.531241403309792], [77.18591579644999, 28.53124662421748]]]}, "properties": {"node": "acacia", "role": "positive", "name": "acacia", "ts": "2026-07-14T16:25:08.337548+00:00"}}, {"type": "Feature", "geometry": {"type": "Polygon", "coordinates": [[[77.18593343646519, 28.53107306094921], [77.18591464817393, 28.53107005589744], [77.18590514405645, 28.53106322629881], [77.18589821880411, 28.5310502913232], [77.18589912551418, 28.53103373893793], [77.1859238075815, 28.530999714707985], [77.1859518231425, 28.53099613983028], [77.1859705096039, 28.53100429160606], [77.18597797543235, 28.53101317530395], [77.18598855425658, 28.531031747796984], [77.18598900117088, 28.531043317051466], [77.18597280484191, 28.531065076953247], [77.18593343646519, 28.53107306094921]]]}, "properties": {"node": "acacia", "role": "positive", "name": "acacia", "ts": "2026-07-14T16:25:08.337588+00:00"}}, {"type": "Feature", "geometry": {"type": "Polygon", "coordinates": [[[77.18597267923951, 28.531250485932564], [77.18595916620444, 28.531240964589188], [77.18596062864566, 28.53122109569914], [77.18597190182051, 28.531212829048695], [77.18599504677469, 28.531215212683936], [77.18600228186655, 28.531222997575714], [77.18600175704339, 28.531237890033246], [77.18599298366911, 28.53124630018928], [77.18597267923951, 28.531250485932564]]]}, "properties": {"node": "acacia", "role": "positive", "name": "acacia", "ts": "2026-07-14T16:25:08.337625+00:00"}}, {"type": "Feature", "geometry": {"type": "Polygon", "coordinates": [[[77.18571939314288, 28.530944939762577], [77.1857008356294, 28.530943033483876], [77.18568476598881, 28.530930613217958], [77.18567566218674, 28.53091293571839], [77.18567593734849, 28.530896025993822], [77.18568140926398, 28.53088895528039], [77.18571106550922, 28.530874145094664], [77.1857322235321, 28.5308508353176], [77.18575447573458, 28.530850293318743], [77.18577733463923, 28.530879142060297], [77.18577784654526, 28.53090394050049], [77.18575899169169, 28.530927948217524], [77.18571939314288, 28.530944939762577]]]}, "properties": {"node": "acacia", "role": "positive", "name": "acacia", "ts": "2026-07-14T16:25:08.337662+00:00"}}, {"type": "Feature", "geometry": {"type": "Polygon", "coordinates": [[[77.18596535350126, 28.53151043087297], [77.18594395155564, 28.53150177156309], [77.18591911047609, 28.531467625931498], [77.1859187464219, 28.531449991488277], [77.18592337117325, 28.53144219939244], [77.18593566541762, 28.531432997538225], [77.18595035385515, 28.53142890222278], [77.18596450930363, 28.531429225563677], [77.18597609726217, 28.531436205357124], [77.18599595770132, 28.53147098243298], [77.1859932775985, 28.531492340954085], [77.18598228445299, 28.531504094408483], [77.18596535350126, 28.53151043087297]]]}, "properties": {"node": "acacia", "role": "positive", "name": "acacia", "ts": "2026-07-14T16:25:08.337700+00:00"}}, {"type": "Feature", "geometry": {"type": "Polygon", "coordinates": [[[77.18587290994792, 28.531507509218418], [77.18585762347128, 28.531502794002108], [77.18584679546693, 28.53149231065265], [77.185843273486, 28.531472889520625], [77.18586892475273, 28.531455571232776], [77.18589117328771, 28.531454845512503], [77.1859019444091, 28.53146257347666], [77.18590157505335, 28.531484997311], [77.18589091504127, 28.53150280924948], [77.18587290994792, 28.531507509218418]]]}, "properties": {"node": "acacia", "role": "positive", "name": "acacia", "ts": "2026-07-14T16:25:08.337738+00:00"}}, {"type": "Feature", "geometry": {"type": "Polygon", "coordinates": [[[77.18592726352487, 28.53159042553283], [77.18591378078595, 28.531582373724433], [77.18590962777171, 28.53157270167329], [77.18591812756445, 28.53154095927364], [77.18593956249869, 28.53153105898584], [77.18596726838098, 28.531532634174678], [77.18597336925677, 28.531545949924297], [77.18596932794766, 28.531571924191372], [77.18594906953821, 28.531588420654813], [77.18592726352487, 28.53159042553283]]]}, "properties": {"node": "acacia", "role": "positive", "name": "acacia", "ts": "2026-07-14T16:25:08.337777+00:00"}}, {"type": "Feature", "geometry": {"type": "Polygon", "coordinates": [[[77.18586478278684, 28.531305327818746], [77.18584806308712, 28.531301738194642], [77.18583505271205, 28.5312863286439], [77.18583745714943, 28.531271773430447], [77.18585367249644, 28.531250932002838], [77.1858682888629, 28.531243346546923], [77.18591103139478, 28.531247619704267], [77.18592198015843, 28.531253874782184], [77.18592325584957, 28.531275353364503], [77.18591963697868, 28.531281475486136], [77.18588198238861, 28.53130192709319], [77.18586478278684, 28.531305327818746]]]}, "properties": {"node": "acacia", "role": "positive", "name": "acacia", "ts": "2026-07-14T16:25:08.337814+00:00"}}, {"type": "Feature", "geometry": {"type": "Polygon", "coordinates": [[[77.1860115095956, 28.531750588095225], [77.18599289125889, 28.5317457427911], [77.18597480154064, 28.531726188719677], [77.18597323497205, 28.531710778677663], [77.1859881005283, 28.531695104055604], [77.18601785612995, 28.53169517620362], [77.18604027595887, 28.531712823014992], [77.18604058752753, 28.531737992181174], [77.18602786587864, 28.53174664966806], [77.1860115095956, 28.531750588095225]]]}, "properties": {"node": "acacia", "role": "positive", "name": "acacia", "ts": "2026-07-14T16:25:08.337850+00:00"}}, {"type": "Feature", "geometry": {"type": "Polygon", "coordinates": [[[77.18545727171889, 28.531320157190745], [77.18543720884715, 28.531315886318993], [77.18542787861361, 28.531307400108812], [77.185430033402, 28.531290827633757], [77.18544453227454, 28.531277547763985], [77.18546730294139, 28.531281958799564], [77.18547799113236, 28.531295751990303], [77.18547690289604, 28.531313593569422], [77.18545727171889, 28.531320157190745]]]}, "properties": {"node": "acacia", "role": "positive", "name": "acacia", "ts": "2026-07-14T16:25:08.337886+00:00"}}, {"type": "Feature", "geometry": {"type": "Polygon", "coordinates": [[[77.18574025172592, 28.531874762592896], [77.18573330802981, 28.531871015567294], [77.18572807329723, 28.531859339641045], [77.1857282574354, 28.531838021307756], [77.18573471575688, 28.531818255741197], [77.18574704363064, 28.531800600714572], [77.18576596800337, 28.53180011228322], [77.1857845641504, 28.53181396188139], [77.1857921178054, 28.53183717692065], [77.18579115799145, 28.531851157614977], [77.18577774081365, 28.53186644139192], [77.18574025172592, 28.531874762592896]]]}, "properties": {"node": "acacia", "role": "positive", "name": "acacia", "ts": "2026-07-14T16:25:08.337925+00:00"}}, {"type": "Feature", "geometry": {"type": "Polygon", "coordinates": [[[77.18593762701774, 28.532142804435402], [77.18592693546061, 28.532138934012778], [77.18592047543133, 28.532128380343327], [77.18592018985392, 28.532094390606865], [77.18593636036773, 28.53208145127501], [77.18596543518564, 28.532078778094426], [77.18597504938295, 28.532090934753377], [77.18597616698756, 28.532124911092158], [77.18596083985969, 28.53213838810853], [77.18593762701774, 28.532142804435402]]]}, "properties": {"node": "acacia", "role": "positive", "name": "acacia", "ts": "2026-07-14T16:25:08.337964+00:00"}}, {"type": "Feature", "geometry": {"type": "Polygon", "coordinates": [[[77.18544036206525, 28.53195254040927], [77.18542582792686, 28.531943954218352], [77.18542165766533, 28.53189312171286], [77.18542879692544, 28.531876101495346], [77.18544938533222, 28.531875586321025], [77.1854700652666, 28.53188958617263], [77.18547548522598, 28.53190015660894], [77.18547585300472, 28.53191797474838], [77.18545938830933, 28.53194690529032], [77.18544036206525, 28.53195254040927]]]}, "properties": {"node": "acacia", "role": "positive", "name": "acacia", "ts": "2026-07-14T16:25:08.338001+00:00"}}, {"type": "Feature", "geometry": {"type": "Polygon", "coordinates": [[[77.18617860070331, 28.530874335024183], [77.18616499347858, 28.5308703278116], [77.1861567070241, 28.53086200859762], [77.18615892119345, 28.53082816236034], [77.18617424432387, 28.53081450163883], [77.18621045904717, 28.530815021005477], [77.18621872653847, 28.530822421755712], [77.18621688287625, 28.53085405698901], [77.18620180187988, 28.530869367594782], [77.18617860070331, 28.530874335024183]]]}, "properties": {"node": "acacia", "role": "positive", "name": "acacia", "ts": "2026-07-14T16:25:08.338039+00:00"}}, {"type": "Feature", "geometry": {"type": "Polygon", "coordinates": [[[77.18611450869292, 28.530783306712625], [77.18609774735384, 28.53077769650174], [77.1860749522784, 28.530741864167744], [77.18607589630373, 28.530717042287808], [77.18610022030002, 28.530705992942544], [77.18612836092713, 28.53070847987253], [77.18615032342444, 28.53073421917901], [77.18614903867885, 28.530752615183978], [77.18613516834661, 28.53077617518081], [77.18611450869292, 28.530783306712625]]]}, "properties": {"node": "acacia", "role": "positive", "name": "acacia", "ts": "2026-07-14T16:25:08.338078+00:00"}}, {"type": "Feature", "geometry": {"type": "Polygon", "coordinates": [[[77.1861493547151, 28.530919090470693], [77.18614184395898, 28.530918108892298], [77.1861335347471, 28.530908687524438], [77.18613023970352, 28.530890181511403], [77.18614038560287, 28.53087770667708], [77.18615803525763, 28.530875952451005], [77.1861701719047, 28.53088935475599], [77.18617159116259, 28.53090770721949], [77.1861623980355, 28.530915940391168], [77.1861493547151, 28.530919090470693]]]}, "properties": {"node": "acacia", "role": "positive", "name": "acacia", "ts": "2026-07-14T16:25:08.338116+00:00"}}, {"type": "Feature", "geometry": {"type": "Polygon", "coordinates": [[[77.18619618611112, 28.530809003230654], [77.18617104409144, 28.530800587929374], [77.18616796842348, 28.53078262964416], [77.1861813778306, 28.530766978452753], [77.18621315248342, 28.53076407800537], [77.18622319774798, 28.530776962723554], [77.18622370217092, 28.53080139377252], [77.18621776499332, 28.530806083207178], [77.18619618611112, 28.530809003230654]]]}, "properties": {"node": "acacia", "role": "positive", "name": "acacia", "ts": "2026-07-14T16:25:08.338153+00:00"}}, {"type": "Feature", "geometry": {"type": "Polygon", "coordinates": [[[77.18605117518051, 28.530991048823843], [77.18603415650976, 28.530983053958533], [77.18603265062879, 28.53097058298937], [77.18604205119117, 28.530952240061126], [77.18606068018295, 28.5309475300275], [77.18607928379295, 28.530961746977194], [77.18608061201851, 28.530975690831628], [77.18607375997412, 28.53098645884636], [77.18605117518051, 28.530991048823843]]]}, "properties": {"node": "acacia", "role": "positive", "name": "acacia", "ts": "2026-07-14T16:25:08.338190+00:00"}}, {"type": "Feature", "geometry": {"type": "Polygon", "coordinates": [[[77.18603756562588, 28.530946615937168], [77.18602332301877, 28.53094206768164], [77.18600941619783, 28.530923548776197], [77.18600865452188, 28.530896733075657], [77.18602233643634, 28.5308842013151], [77.1860457803353, 28.5308909902074], [77.18605639650018, 28.530901293201154], [77.18606230451446, 28.530915347066895], [77.1860591629225, 28.53093450798237], [77.18604874453769, 28.530943863394537], [77.18603756562588, 28.530946615937168]]]}, "properties": {"node": "acacia", "role": "positive", "name": "acacia", "ts": "2026-07-14T16:25:08.338227+00:00"}}, {"type": "Feature", "geometry": {"type": "Polygon", "coordinates": [[[77.18609374197266, 28.530704627230413], [77.18607808132347, 28.530701939344272], [77.18605514769396, 28.53068962964422], [77.18604520105853, 28.53068152090706], [77.18604356682228, 28.530672910821018], [77.1860529755236, 28.530665041692895], [77.18608871672984, 28.530652705995685], [77.18612285140384, 28.53065325888045], [77.18613140272494, 28.530664330130218], [77.18613175980443, 28.530691703604116], [77.18611303663457, 28.530701927757658], [77.18609374197266, 28.530704627230413]]]}, "properties": {"node": "acacia", "role": "positive", "name": "acacia", "ts": "2026-07-14T16:25:08.338268+00:00"}}, {"type": "Feature", "geometry": {"type": "Polygon", "coordinates": [[[77.18620571388813, 28.531089073388358], [77.1861652442488, 28.53108402870989], [77.18615638307894, 28.53107810754232], [77.18615157572454, 28.53106697600921], [77.1861557838513, 28.53104908419077], [77.18618155952748, 28.531027721275784], [77.18619579017897, 28.531021612022787], [77.18621365983121, 28.531030511929636], [77.18622885263045, 28.531050847635505], [77.18622177103673, 28.53108072968267], [77.18620571388813, 28.531089073388358]]]}, "properties": {"node": "acacia", "role": "positive", "name": "acacia", "ts": "2026-07-14T16:25:08.338308+00:00"}}, {"type": "Feature", "geometry": {"type": "Polygon", "coordinates": [[[77.18610972969282, 28.530934796281333], [77.18609631150005, 28.5309298672524], [77.18608477610236, 28.530915352740394], [77.18608279295466, 28.530889842981182], [77.1860913317468, 28.530880150325363], [77.1861176042133, 28.53088285108986], [77.18613755122013, 28.530911746654137], [77.18613250350884, 28.530929284485065], [77.18610972969282, 28.530934796281333]]]}, "properties": {"node": "acacia", "role": "positive", "name": "acacia", "ts": "2026-07-14T16:25:08.338344+00:00"}}, {"type": "Feature", "geometry": {"type": "Polygon", "coordinates": [[[77.18609249136648, 28.530986708495075], [77.18608079726405, 28.530974585329783], [77.18608624581611, 28.530956306033463], [77.18610018503016, 28.530946158913462], [77.18611825069746, 28.530944397993483], [77.18612324328704, 28.53095442402658], [77.18612103930859, 28.530968608509717], [77.18610962264306, 28.530980001285823], [77.18609249136648, 28.530986708495075]]]}, "properties": {"node": "acacia", "role": "positive", "name": "acacia", "ts": "2026-07-14T16:25:08.338381+00:00"}}, {"type": "Feature", "geometry": {"type": "Polygon", "coordinates": [[[77.18608042181312, 28.53095639981086], [77.18606954133644, 28.53095345120232], [77.18606054365671, 28.530940917111423], [77.1860613371514, 28.530928960378255], [77.18607108602461, 28.53091741070741], [77.18608863387604, 28.53092080321823], [77.18610098231282, 28.530934385872428], [77.18609997703008, 28.530946162262676], [77.18608042181312, 28.53095639981086]]]}, "properties": {"node": "acacia", "role": "positive", "name": "acacia", "ts": "2026-07-14T16:25:08.338418+00:00"}}, {"type": "Feature", "geometry": {"type": "Polygon", "coordinates": [[[77.18613644866637, 28.530616473053083], [77.18611879846902, 28.53060812085852], [77.18611186943258, 28.5305950022007], [77.18611215152804, 28.530568353446967], [77.18612401828261, 28.530558607203073], [77.18615090328959, 28.530560746841587], [77.18616796041266, 28.530580685032383], [77.18616827519232, 28.5305959314775], [77.18616242145839, 28.530604662135786], [77.18615096690908, 28.53061421799244], [77.18613644866637, 28.530616473053083]]]}, "properties": {"node": "acacia", "role": "positive", "name": "acacia", "ts": "2026-07-14T16:25:08.338455+00:00"}}, {"type": "Feature", "geometry": {"type": "Polygon", "coordinates": [[[77.1861436592485, 28.531177355384077], [77.18612436391253, 28.53116994845097], [77.18610966237736, 28.531143173462244], [77.18611086369457, 28.53112073623175], [77.18612834272604, 28.531110715862813], [77.18615859759909, 28.531114822516535], [77.18617556000454, 28.53113016839755], [77.18617571230354, 28.531147622495833], [77.18616877741515, 28.531164455703642], [77.1861573341872, 28.531174562639663], [77.1861436592485, 28.531177355384077]]]}, "properties": {"node": "acacia", "role": "positive", "name": "acacia", "ts": "2026-07-14T16:25:08.338494+00:00"}}, {"type": "Feature", "geometry": {"type": "Polygon", "coordinates": [[[77.18604394554862, 28.530550157594554], [77.18602901073689, 28.53054231292544], [77.18602603749467, 28.530529314322127], [77.186041901747, 28.53052170875853], [77.18606770123962, 28.530521660854056], [77.18607264070887, 28.53052911520122], [77.18607019459799, 28.530541649804274], [77.18605909536757, 28.53054825988109], [77.18604394554862, 28.530550157594554]]]}, "properties": {"node": "acacia", "role": "positive", "name": "acacia", "ts": "2026-07-14T16:25:08.338531+00:00"}}, {"type": "Feature", "geometry": {"type": "Polygon", "coordinates": [[[77.18609307691978, 28.53123678713276], [77.18608151931679, 28.53123127688516], [77.18607422733186, 28.531220736616405], [77.18607501644762, 28.53119848977652], [77.1860982772065, 28.53117624860482], [77.18611694795182, 28.531173559174693], [77.18612605884654, 28.53118149760826], [77.18612585320452, 28.531221926616325], [77.18611050346446, 28.531234301490475], [77.18609307691978, 28.53123678713276]]]}, "properties": {"node": "acacia", "role": "positive", "name": "acacia", "ts": "2026-07-14T16:25:08.338568+00:00"}}, {"type": "Feature", "geometry": {"type": "Polygon", "coordinates": [[[77.18578922875648, 28.53060864961173], [77.1857812489396, 28.530605103019163], [77.18577435786247, 28.530593821263377], [77.1857721434988, 28.53055710627239], [77.18577885849179, 28.53052961893695], [77.18578970044598, 28.530520624232842], [77.18581937017389, 28.530546790774554], [77.1858296699869, 28.530582089317313], [77.18582733704719, 28.530590028264985], [77.18581467997343, 28.530601808493227], [77.18578922875648, 28.53060864961173]]]}, "properties": {"node": "acacia", "role": "positive", "name": "acacia", "ts": "2026-07-14T16:25:08.338607+00:00"}}, {"type": "Feature", "geometry": {"type": "Polygon", "coordinates": [[[77.18578344600276, 28.531084479741825], [77.18576121974085, 28.531076201176365], [77.185757315921, 28.531058439966138], [77.18577849292677, 28.53103604864172], [77.18580295353948, 28.531031612261696], [77.18581585770053, 28.531041878438078], [77.18580869635754, 28.531067902935117], [77.18580068293439, 28.531072809533143], [77.18579945824153, 28.531084038195193], [77.18578344600276, 28.531084479741825]]]}, "properties": {"node": "acacia", "role": "positive", "name": "acacia", "ts": "2026-07-14T16:25:08.338646+00:00"}}, {"type": "Feature", "geometry": {"type": "Polygon", "coordinates": [[[77.18610817427168, 28.531111408125504], [77.18609144642627, 28.531097344730856], [77.18608947085544, 28.531072202356867], [77.18609961298327, 28.53105954383258], [77.18612101805219, 28.531058280399815], [77.18613535928493, 28.531067604638555], [77.1861407040002, 28.531084607620937], [77.18613147731276, 28.53110129397721], [77.18610817427168, 28.531111408125504]]]}, "properties": {"node": "acacia", "role": "positive", "name": "acacia", "ts": "2026-07-14T16:25:08.338682+00:00"}}, {"type": "Feature", "geometry": {"type": "Polygon", "coordinates": [[[77.18613644971767, 28.531412675524894], [77.18611515397205, 28.531409159620207], [77.18610029808464, 28.53139506608623], [77.18609283542206, 28.531376259675042], [77.1860928260744, 28.5313455730469], [77.18609697412643, 28.531334848570907], [77.18610457913701, 28.53133031603794], [77.18612711848822, 28.531323521742806], [77.18614749119081, 28.531322642433686], [77.18615922267432, 28.531326496096693], [77.18616758122815, 28.53133830545769], [77.18617478280248, 28.531354543524422], [77.18617673564749, 28.531378583742278], [77.18616806148096, 28.531401876317844], [77.1861551053324, 28.53140925131902], [77.18613644971767, 28.531412675524894]]]}, "properties": {"node": "acacia", "role": "positive", "name": "acacia", "ts": "2026-07-14T16:25:08.338722+00:00"}}, {"type": "Feature", "geometry": {"type": "Polygon", "coordinates": [[[77.18599822927389, 28.53111740475157], [77.18597916091971, 28.531110912908108], [77.18596860484173, 28.531093442567613], [77.18596872447256, 28.53106900146843], [77.18598297732193, 28.531053887973897], [77.1860019919966, 28.53104770171223], [77.18603901984147, 28.53104728926341], [77.18606951361716, 28.531062968541157], [77.18607769068525, 28.531076067103747], [77.18607907200743, 28.53109258264741], [77.1860779794956, 28.531100134119], [77.18606979980011, 28.531107064694748], [77.18602305659338, 28.53111057363574], [77.18599822927389, 28.53111740475157]]]}, "properties": {"node": "acacia", "role": "positive", "name": "acacia", "ts": "2026-07-14T16:25:08.338761+00:00"}}, {"type": "Feature", "geometry": {"type": "Polygon", "coordinates": [[[77.18619198743174, 28.531180068485586], [77.18617676487219, 28.531168369654317], [77.18617778093035, 28.531147037925994], [77.18618771126062, 28.531134199052694], [77.18620873068313, 28.531134411840803], [77.18621874943658, 28.531146010712146], [77.1862182511925, 28.531162189013596], [77.18620771961827, 28.531176140089777], [77.18619198743174, 28.531180068485586]]]}, "properties": {"node": "acacia", "role": "positive", "name": "acacia", "ts": "2026-07-14T16:25:08.338798+00:00"}}, {"type": "Feature", "geometry": {"type": "Polygon", "coordinates": [[[77.18604273082929, 28.531589852621487], [77.18601627294005, 28.531588257354002], [77.18600909470646, 28.53158322784632], [77.18600917581568, 28.531546843413363], [77.18601842910383, 28.531531442907966], [77.18603236839675, 28.531521295791233], [77.18604684504815, 28.531517020122006], [77.18606497907852, 28.531518565661635], [77.18607800409929, 28.531524603540333], [77.18608421817612, 28.531533323632626], [77.18608806956615, 28.53155861955343], [77.18606863618585, 28.531584841666817], [77.18604273082929, 28.531589852621487]]]}, "properties": {"node": "acacia", "role": "positive", "name": "acacia", "ts": "2026-07-14T16:25:08.338838+00:00"}}, {"type": "Feature", "geometry": {"type": "Polygon", "coordinates": [[[77.18590100033715, 28.531285818119493], [77.18588596303935, 28.531273013753133], [77.1858831067771, 28.531255603188185], [77.185889145815, 28.531245767037806], [77.18590991554763, 28.531243962606585], [77.1859269873444, 28.531254529175115], [77.18592838760853, 28.531271963181684], [77.18591407404864, 28.53128413759811], [77.18590100033715, 28.531285818119493]]]}, "properties": {"node": "acacia", "role": "positive", "name": "acacia", "ts": "2026-07-14T16:25:08.338874+00:00"}}, {"type": "Feature", "geometry": {"type": "Polygon", "coordinates": [[[77.18613138334528, 28.53104635329256], [77.1861069904252, 28.531043989774098], [77.18609248670741, 28.531036873186515], [77.18608543190696, 28.531007586274733], [77.18609097147845, 28.53099371558886], [77.18611387307892, 28.530974236496515], [77.18612790710525, 28.530968681676338], [77.18614996649602, 28.530968877729045], [77.1861639599846, 28.530981515121788], [77.1861734874582, 28.53099955326918], [77.1861741505707, 28.53102159297156], [77.18615822995946, 28.531036549586954], [77.18613138334528, 28.53104635329256]]]}, "properties": {"node": "acacia", "role": "positive", "name": "acacia", "ts": "2026-07-14T16:25:08.338911+00:00"}}, {"type": "Feature", "geometry": {"type": "Polygon", "coordinates": [[[77.18602440605198, 28.531296877625724], [77.18600944458576, 28.53128774711617], [77.18600411884043, 28.531271662589052], [77.18601212847537, 28.53126657228672], [77.18604735965597, 28.531259757400623], [77.1860646806014, 28.53126223479996], [77.18606570601946, 28.53127158970048], [77.18605702366658, 28.531284408471002], [77.18604595090756, 28.531292304395112], [77.18602440605198, 28.531296877625724]]]}, "properties": {"node": "acacia", "role": "positive", "name": "acacia", "ts": "2026-07-14T16:25:08.338951+00:00"}}, {"type": "Feature", "geometry": {"type": "Polygon", "coordinates": [[[77.18623536110042, 28.53174900481924], [77.18622094071658, 28.531745929477406], [77.1862115534919, 28.531734687946024], [77.18621558776054, 28.531718452704595], [77.18622600999394, 28.531709280969324], [77.18624453730452, 28.531709717631568], [77.18626073548232, 28.531718276936825], [77.18626075505266, 28.531729301810433], [77.18625189882465, 28.53174377717155], [77.18623536110042, 28.53174900481924]]]}, "properties": {"node": "acacia", "role": "positive", "name": "acacia", "ts": "2026-07-14T16:25:08.338989+00:00"}}, {"type": "Feature", "geometry": {"type": "Polygon", "coordinates": [[[77.1860852434731, 28.53114963051136], [77.186069783173, 28.53114657189458], [77.18605984407597, 28.531138830545622], [77.18605639033613, 28.531122715877654], [77.18606248244464, 28.53111545141021], [77.18608423526216, 28.531110874826343], [77.18609769140286, 28.531117640776156], [77.18610102058314, 28.531137800018264], [77.18609600261102, 28.531146700970123], [77.1860852434731, 28.53114963051136]]]}, "properties": {"node": "acacia", "role": "positive", "name": "acacia", "ts": "2026-07-14T16:25:08.339081+00:00"}}, {"type": "Feature", "geometry": {"type": "Polygon", "coordinates": [[[77.18616999168965, 28.532130242727252], [77.18616287030216, 28.532127968611512], [77.18615598286787, 28.53211687057717], [77.18615996725099, 28.532088140926785], [77.18616967828325, 28.53207475432473], [77.18618795972797, 28.53207335741996], [77.18620725204742, 28.532090687054836], [77.18620991556371, 28.532108835724596], [77.18619256533799, 28.532125101641494], [77.18616999168965, 28.532130242727252]]]}, "properties": {"node": "acacia", "role": "positive", "name": "acacia", "ts": "2026-07-14T16:25:08.339120+00:00"}}, {"type": "Feature", "geometry": {"type": "Polygon", "coordinates": [[[77.1861450064643, 28.532028662064896], [77.18612984825657, 28.53202008600138], [77.18613145039996, 28.53199690730603], [77.18614593030624, 28.53198270890173], [77.18617027793157, 28.531982868096144], [77.18617904875506, 28.53199448706152], [77.18617945458129, 28.532014142113027], [77.18616760284932, 28.532024623136767], [77.1861450064643, 28.532028662064896]]]}, "properties": {"node": "acacia", "role": "positive", "name": "acacia", "ts": "2026-07-14T16:25:08.339157+00:00"}}, {"type": "Feature", "geometry": {"type": "Polygon", "coordinates": [[[77.18596856601734, 28.532069172519368], [77.18594919088494, 28.53205790803645], [77.1859446364328, 28.532038871040328], [77.18595517191342, 28.532025103671717], [77.18598398941134, 28.532020045839886], [77.18599271470922, 28.532029460513094], [77.18599333988108, 28.532049663294053], [77.1859787088288, 28.53206662041411], [77.18596856601734, 28.532069172519368]]]}, "properties": {"node": "acacia", "role": "positive", "name": "acacia", "ts": "2026-07-14T16:25:08.339196+00:00"}}, {"type": "Feature", "geometry": {"type": "Polygon", "coordinates": [[[77.18634935936741, 28.530780443698607], [77.18632860050975, 28.53077269285386], [77.18630349960712, 28.53075619177578], [77.18630093473752, 28.53074281909785], [77.186309011985, 28.530730928823804], [77.18634654233948, 28.530724628101908], [77.18636525153542, 28.53073388197707], [77.1863736100599, 28.530745691327642], [77.1863735278365, 28.530761862929914], [77.18636549231628, 28.53077577382036], [77.18634935936741, 28.530780443698607]]]}, "properties": {"node": "acacia", "role": "positive", "name": "acacia", "ts": "2026-07-14T16:25:08.339236+00:00"}}, {"type": "Feature", "geometry": {"type": "Polygon", "coordinates": [[[77.18627934990691, 28.530836145787617], [77.1862605540663, 28.5308327733977], [77.18624424983363, 28.53081907070533], [77.18624084159214, 28.530805160347462], [77.18624436181952, 28.530794262224305], [77.18629103919233, 28.530767417620602], [77.18631924431547, 28.530773027275313], [77.18632944828619, 28.530783520638224], [77.18632946846307, 28.530804651927028], [77.18630351521246, 28.53082748775237], [77.18627934990691, 28.530836145787617]]]}, "properties": {"node": "acacia", "role": "positive", "name": "acacia", "ts": "2026-07-14T16:25:08.339275+00:00"}}, {"type": "Feature", "geometry": {"type": "Polygon", "coordinates": [[[77.18625560458574, 28.53078452601675], [77.18623734172992, 28.530776734964444], [77.18622935310833, 28.530752608186113], [77.18625334014321, 28.53073531663202], [77.18627660196913, 28.530733288265083], [77.18628961233189, 28.530748697774854], [77.18629040381491, 28.530766876592807], [77.18627923311607, 28.530780102952725], [77.18625560458574, 28.53078452601675]]]}, "properties": {"node": "acacia", "role": "positive", "name": "acacia", "ts": "2026-07-14T16:25:08.339312+00:00"}}, {"type": "Feature", "geometry": {"type": "Polygon", "coordinates": [[[77.18642215897268, 28.53096063569433], [77.18641189110913, 28.530957125988444], [77.18639587766971, 28.530937354778892], [77.18640042589138, 28.530915782414308], [77.18641987547832, 28.530910507857644], [77.18643848988779, 28.530915169418634], [77.1864481798833, 28.530930999890128], [77.18644514015584, 28.530945014083102], [77.18643601911623, 28.530956737421562], [77.18642215897268, 28.53096063569433]]]}, "properties": {"node": "acacia", "role": "positive", "name": "acacia", "ts": "2026-07-14T16:25:08.339350+00:00"}}, {"type": "Feature", "geometry": {"type": "Polygon", "coordinates": [[[77.18642244644151, 28.531085399454597], [77.18640422145164, 28.531079445349253], [77.18639389227455, 28.531062890156086], [77.18639412119009, 28.5310336697183], [77.1864044712767, 28.531021007823686], [77.18642682212287, 28.531025241706526], [77.18644279006537, 28.531042808606376], [77.18644543523659, 28.531070145226238], [77.18643279714733, 28.53108284397107], [77.18642244644151, 28.531085399454597]]]}, "properties": {"node": "acacia", "role": "positive", "name": "acacia", "ts": "2026-07-14T16:25:08.339389+00:00"}}, {"type": "Feature", "geometry": {"type": "Polygon", "coordinates": [[[77.18572493585462, 28.53070946267671], [77.18571057195524, 28.53069903623653], [77.18570328708391, 28.530678756909754], [77.18570627761304, 28.530662354729795], [77.18571802742, 28.530657020479424], [77.18573664175993, 28.53066168214098], [77.18574703525492, 28.530681360159562], [77.18574250965607, 28.530704034662623], [77.18572493585462, 28.53070946267671]]]}, "properties": {"node": "acacia", "role": "positive", "name": "acacia", "ts": "2026-07-14T16:25:08.339426+00:00"}}, {"type": "Feature", "geometry": {"type": "Polygon", "coordinates": [[[77.18629527642358, 28.530730782506872], [77.18627749405056, 28.530726107526153], [77.18626457092488, 28.5307149229331], [77.18625347748016, 28.530691581166046], [77.18625512191468, 28.530680529495424], [77.18626704176502, 28.530673354928545], [77.18632902941506, 28.530672540472242], [77.18634501245621, 28.530690842156588], [77.1863435880163, 28.530712547968715], [77.18631766832061, 28.53072693061009], [77.18629527642358, 28.530730782506872]]]}, "properties": {"node": "acacia", "role": "positive", "name": "acacia", "ts": "2026-07-14T16:25:08.339464+00:00"}}, {"type": "Feature", "geometry": {"type": "Polygon", "coordinates": [[[77.18640094440396, 28.53123311575691], [77.18639213251812, 28.531229582603096], [77.18638146318531, 28.531216707950737], [77.18637380704675, 28.531188533261123], [77.18638595708728, 28.531172351070975], [77.18641405170828, 28.53116252721638], [77.1864429498398, 28.53118153965996], [77.18644795385138, 28.531192116754667], [77.18644820481695, 28.531214346843555], [77.18643208380519, 28.53122967422405], [77.18640094440396, 28.53123311575691]]]}, "properties": {"node": "acacia", "role": "positive", "name": "acacia", "ts": "2026-07-14T16:25:08.339502+00:00"}}, {"type": "Feature", "geometry": {"type": "Polygon", "coordinates": [[[77.18602777639951, 28.531177935054966], [77.186003731189, 28.53117225836322], [77.18599323577727, 28.53115772709919], [77.18599591208405, 28.531136184885458], [77.18600468924188, 28.53112795842173], [77.18602020584413, 28.531123666012533], [77.18604316174071, 28.531126971450277], [77.18605707238896, 28.531145674042076], [77.18605087146292, 28.531167824268504], [77.18603878146665, 28.53117683909001], [77.18602777639951, 28.531177935054966]]]}, "properties": {"node": "acacia", "role": "positive", "name": "acacia", "ts": "2026-07-14T16:25:08.339541+00:00"}}, {"type": "Feature", "geometry": {"type": "Polygon", "coordinates": [[[77.18620480522351, 28.53113576132405], [77.18618828595754, 28.53113180100737], [77.18617804024515, 28.531119287022392], [77.18617752504211, 28.53110441131209], [77.18618797377077, 28.531096525426758], [77.18620571069201, 28.531098996110696], [77.18621636861346, 28.531111319702635], [77.18621823043473, 28.531130951310292], [77.18620480522351, 28.53113576132405]]]}, "properties": {"node": "acacia", "role": "positive", "name": "acacia", "ts": "2026-07-14T16:25:08.339578+00:00"}}, {"type": "Feature", "geometry": {"type": "Polygon", "coordinates": [[[77.18643191606289, 28.531392849717395], [77.18640947789729, 28.531384390922508], [77.18638983416344, 28.531370190773938], [77.18638357076364, 28.531359082699492], [77.18638591259156, 28.531311269167993], [77.18639869043818, 28.531295260619302], [77.18640777419526, 28.531291806774558], [77.18643025723838, 28.531292363462644], [77.18644182245055, 28.531298241063233], [77.18645766713256, 28.53134006535885], [77.18646201363606, 28.53135910568598], [77.18645885693695, 28.531377531838103], [77.18644558722626, 28.53138987325085], [77.18643191606289, 28.531392849717395]]]}, "properties": {"node": "acacia", "role": "positive", "name": "acacia", "ts": "2026-07-14T16:25:08.339615+00:00"}}, {"type": "Feature", "geometry": {"type": "Polygon", "coordinates": [[[77.18634884967217, 28.53142083165005], [77.18632795034713, 28.53140628420626], [77.18631953806, 28.53138179675413], [77.186319930695, 28.53137058148907], [77.18633311697441, 28.5313541988624], [77.18634200032393, 28.53135111575545], [77.1863554375461, 28.531356963216588], [77.18636802502903, 28.531382118441066], [77.18636524320577, 28.531408623693004], [77.18636019869439, 28.531416238809346], [77.18634884967217, 28.53142083165005]]]}, "properties": {"node": "acacia", "role": "positive", "name": "acacia", "ts": "2026-07-14T16:25:08.339652+00:00"}}, {"type": "Feature", "geometry": {"type": "Polygon", "coordinates": [[[77.18627877521322, 28.530838543833223], [77.18625934778721, 28.53083481410741], [77.18624515389412, 28.530822547457426], [77.18623936283751, 28.530804081640813], [77.18624496306266, 28.530793150023474], [77.18625967794783, 28.53079034052435], [77.1862797255721, 28.530793876510053], [77.1862921189267, 28.530799557037252], [77.18630192206922, 28.53081079186954], [77.18629919272966, 28.53082976239719], [77.18627877521322, 28.530838543833223]]]}, "properties": {"node": "acacia", "role": "positive", "name": "acacia", "ts": "2026-07-14T16:25:08.339692+00:00"}}, {"type": "Feature", "geometry": {"type": "Polygon", "coordinates": [[[77.18589492109994, 28.531454968923438], [77.18586639840221, 28.531454141882787], [77.18585381215595, 28.531449199437546], [77.1858484680282, 28.53144230285901], [77.18584772590508, 28.531426512033924], [77.18586464168328, 28.5314194408159], [77.18590260026258, 28.53142379099671], [77.18591359075911, 28.531432066687483], [77.1859163029286, 28.531442496950373], [77.18591128872004, 28.53145158158879], [77.18589492109994, 28.531454968923438]]]}, "properties": {"node": "acacia", "role": "positive", "name": "acacia", "ts": "2026-07-14T16:25:08.339731+00:00"}}, {"type": "Feature", "geometry": {"type": "Polygon", "coordinates": [[[77.18633765323148, 28.531321969009834], [77.18632158346077, 28.53130954882723], [77.18632073188424, 28.53129853735171], [77.1863316301475, 28.531282191571005], [77.18634365246643, 28.53127997668045], [77.1863581789915, 28.5312881953906], [77.18636159485416, 28.53130247312705], [77.18634967555471, 28.531319754118517], [77.18633765323148, 28.531321969009834]]]}, "properties": {"node": "acacia", "role": "positive", "name": "acacia", "ts": "2026-07-14T16:25:08.339768+00:00"}}, {"type": "Feature", "geometry": {"type": "Polygon", "coordinates": [[[77.18630447615949, 28.53158949661149], [77.18628903475411, 28.531587356484078], [77.18627374764417, 28.531572534902942], [77.18627390891874, 28.531550114421698], [77.18629052186047, 28.531538454198973], [77.18630134930267, 28.531538831096984], [77.18631650365835, 28.531547223452844], [77.18633080765817, 28.53156481715822], [77.18632735190006, 28.531578838048475], [77.18630447615949, 28.53158949661149]]]}, "properties": {"node": "acacia", "role": "positive", "name": "acacia", "ts": "2026-07-14T16:25:08.339804+00:00"}}, {"type": "Feature", "geometry": {"type": "Polygon", "coordinates": [[[77.18639497034094, 28.531810380583], [77.18635972321997, 28.531806354386806], [77.18631140050151, 28.53177368950651], [77.18630762111319, 28.53175188374531], [77.18631574333315, 28.531732091360087], [77.18633082503905, 28.53172688715054], [77.18637223631924, 28.531727139023303], [77.18640994212195, 28.53173939451241], [77.18642179504145, 28.53174912629497], [77.18643552060081, 28.53176893434031], [77.18643476632687, 28.531802940817308], [77.18642446106983, 28.531807700609125], [77.18639497034094, 28.531810380583]]]}, "properties": {"node": "acacia", "role": "positive", "name": "acacia", "ts": "2026-07-14T16:25:08.339841+00:00"}}, {"type": "Feature", "geometry": {"type": "Polygon", "coordinates": [[[77.18611619465987, 28.53155026529065], [77.18609981885844, 28.531543178851905], [77.18609233342839, 28.53152327028908], [77.18610308822123, 28.53151005063889], [77.18612280661577, 28.53150771184264], [77.18613093063196, 28.53151823870973], [77.18613287209483, 28.53154172785179], [77.1861270031406, 28.53154972374209], [77.18611619465987, 28.53155026529065]]]}, "properties": {"node": "acacia", "role": "positive", "name": "acacia", "ts": "2026-07-14T16:25:08.339879+00:00"}}, {"type": "Feature", "geometry": {"type": "Polygon", "coordinates": [[[77.18654913972621, 28.530570504038273], [77.18653322936524, 28.530565798941314], [77.18650704676426, 28.530547294035912], [77.18650424291084, 28.530522348762165], [77.18651136357208, 28.530514516452367], [77.18654081221264, 28.530509815859908], [77.18656369654084, 28.530519737480393], [77.18656350180214, 28.530550611146445], [77.18654913972621, 28.530570504038273]]]}, "properties": {"node": "acacia", "role": "positive", "name": "acacia", "ts": "2026-07-14T16:25:08.339917+00:00"}}, {"type": "Feature", "geometry": {"type": "Polygon", "coordinates": [[[77.18644047747117, 28.530578134120503], [77.18641831514151, 28.53056287201041], [77.18641531150774, 28.530548403881667], [77.18643112201572, 28.53052812017083], [77.18645185745622, 28.53052466243598], [77.18647387626453, 28.530543050655844], [77.18647684956157, 28.530556049246286], [77.18646653745598, 28.53057054806501], [77.18644047747117, 28.530578134120503]]]}, "properties": {"node": "acacia", "role": "positive", "name": "acacia", "ts": "2026-07-14T16:25:08.339954+00:00"}}, {"type": "Feature", "geometry": {"type": "Polygon", "coordinates": [[[77.18649693121654, 28.530621693220205], [77.18647508307491, 28.530611571148615], [77.18646875902814, 28.530597524001827], [77.18646839110258, 28.530579705870753], [77.18647946313766, 28.530561703503476], [77.18650636269842, 28.530554471425802], [77.18652614980347, 28.530565545451548], [77.18653138896532, 28.530587511453255], [77.18652108128126, 28.53061230038134], [77.18649693121654, 28.530621693220205]]]}, "properties": {"node": "acacia", "role": "positive", "name": "acacia", "ts": "2026-07-14T16:25:08.339990+00:00"}}, {"type": "Feature", "geometry": {"type": "Polygon", "coordinates": [[[77.18649707007253, 28.530850096153134], [77.18648465394344, 28.53084331349324], [77.1864662766504, 28.530819905297868], [77.18646737168675, 28.530792324689678], [77.18648359883782, 28.53078214068584], [77.18650051509057, 28.53078517580919], [77.18651709183227, 28.53080199788449], [77.18652300748623, 28.53081641911144], [77.18651448074405, 28.530836769281432], [77.18649707007253, 28.530850096153134]]]}, "properties": {"node": "acacia", "role": "positive", "name": "acacia", "ts": "2026-07-14T16:25:08.340028+00:00"}}, {"type": "Feature", "geometry": {"type": "Polygon", "coordinates": [[[77.18658383132929, 28.53064840791462], [77.18657313990693, 28.530644537535157], [77.18656139268789, 28.53062984272282], [77.18656375086982, 28.530602976783523], [77.18658019293994, 28.530583050391026], [77.18659364082271, 28.530579342496868], [77.18661615405941, 28.530581368698865], [77.1866254128746, 28.530596471090373], [77.18662019203023, 28.530625771926335], [77.18660409009495, 28.53064201778252], [77.18658383132929, 28.53064840791462]]]}, "properties": {"node": "acacia", "role": "positive", "name": "acacia", "ts": "2026-07-14T16:25:08.340069+00:00"}}, {"type": "Feature", "geometry": {"type": "Polygon", "coordinates": [[[77.18611439319442, 28.53087849271778], [77.18609118763415, 28.530873170025117], [77.18607273136055, 28.53085601065313], [77.18606972017756, 28.530841175130952], [77.18607328972502, 28.530832665008756], [77.18609093178918, 28.53083054340753], [77.1861212776001, 28.53083905868483], [77.18613102122488, 28.53086756728676], [77.18612804913352, 28.530874781517742], [77.18611439319442, 28.53087849271778]]]}, "properties": {"node": "acacia", "role": "positive", "name": "acacia", "ts": "2026-07-14T16:25:08.340107+00:00"}}, {"type": "Feature", "geometry": {"type": "Polygon", "coordinates": [[[77.18643707413705, 28.53064507507924], [77.18641200420737, 28.53064014997081], [77.18638775428792, 28.530624553968774], [77.18638684961432, 28.53061097080356], [77.18639490787815, 28.53059816206486], [77.18643628396309, 28.53058665429966], [77.186460934089, 28.530591402411652], [77.18646938743765, 28.530607804058384], [77.1864699140535, 28.530623230842693], [77.18645444747165, 28.53064001770931], [77.18643707413705, 28.53064507507924]]]}, "properties": {"node": "acacia", "role": "positive", "name": "acacia", "ts": "2026-07-14T16:25:08.340145+00:00"}}, {"type": "Feature", "geometry": {"type": "Polygon", "coordinates": [[[77.18655789469653, 28.53051082701595], [77.18654314888978, 28.53050206059497], [77.18654508032293, 28.530484756692417], [77.18656666608564, 28.5304720975882], [77.18658854771543, 28.530473766461608], [77.18659455755909, 28.530482673574824], [77.18659068965665, 28.530496884861915], [77.18657407690604, 28.5305085451123], [77.18655789469653, 28.53051082701595]]]}, "properties": {"node": "acacia", "role": "positive", "name": "acacia", "ts": "2026-07-14T16:25:08.340183+00:00"}}, {"type": "Feature", "geometry": {"type": "Polygon", "coordinates": [[[77.18644052816401, 28.530913115308547], [77.18642673189127, 28.53091002993313], [77.18641594941455, 28.53090175093286], [77.18641454149363, 28.530883949550425], [77.18642044452893, 28.530877606878803], [77.18643579859153, 28.5308755220794], [77.18646030147498, 28.530883212610437], [77.18645450905993, 28.530904988766988], [77.18644052816401, 28.530913115308547]]]}, "properties": {"node": "acacia", "role": "positive", "name": "acacia", "ts": "2026-07-14T16:25:08.340222+00:00"}}, {"type": "Feature", "geometry": {"type": "Polygon", "coordinates": [[[77.18656233851127, 28.530574885297703], [77.18655033461732, 28.530567912250195], [77.18655019364365, 28.53055100923047], [77.18656350876154, 28.530540872117257], [77.18658704681292, 28.530542146806916], [77.18659193321291, 28.53054702944426], [77.18658752476207, 28.530565292006372], [77.18657873252285, 28.530572783735163], [77.18656233851127, 28.530574885297703]]]}, "properties": {"node": "acacia", "role": "positive", "name": "acacia", "ts": "2026-07-14T16:25:08.340259+00:00"}}, {"type": "Feature", "geometry": {"type": "Polygon", "coordinates": [[[77.18660258985554, 28.530539140181162], [77.18658676990611, 28.53052873728655], [77.18658398562974, 28.530514816888942], [77.18659865052261, 28.530499512945603], [77.18661216288001, 28.530498927815167], [77.18661942451534, 28.530507998519393], [77.18661981143171, 28.53052673510913], [77.18661396532642, 28.530535833168845], [77.18660258985554, 28.530539140181162]]]}, "properties": {"node": "acacia", "role": "positive", "name": "acacia", "ts": "2026-07-14T16:25:08.340294+00:00"}}, {"type": "Feature", "geometry": {"type": "Polygon", "coordinates": [[[77.18648478814433, 28.53136370023952], [77.18646482323253, 28.53135409910312], [77.1864545844299, 28.531331846113673], [77.18645312655936, 28.531301550323803], [77.18647017440995, 28.53129080184258], [77.18648018878942, 28.531292110587227], [77.18649539622605, 28.531303074613255], [77.18650726173462, 28.531333570292386], [77.186503783873, 28.531356595446102], [77.18648478814433, 28.53136370023952]]]}, "properties": {"node": "acacia", "role": "positive", "name": "acacia", "ts": "2026-07-14T16:25:08.340330+00:00"}}, {"type": "Feature", "geometry": {"type": "Polygon", "coordinates": [[[77.18627161543753, 28.53101579717868], [77.18625380267461, 28.5310096526609], [77.1862389765723, 28.530986922261604], [77.18623969798523, 28.530971475378834], [77.1862563336011, 28.53096091731668], [77.18627802250212, 28.530963324352594], [77.18630299449659, 28.530973579901644], [77.18630361212158, 28.530993415297022], [77.18629918783097, 28.531000836669996], [77.18628652697411, 28.531012433249337], [77.18627161543753, 28.53101579717868]]]}, "properties": {"node": "acacia", "role": "positive", "name": "acacia", "ts": "2026-07-14T16:25:08.340367+00:00"}}, {"type": "Feature", "geometry": {"type": "Polygon", "coordinates": [[[77.18662532075196, 28.532012657956678], [77.18661714038628, 28.53200948215544], [77.18660580520722, 28.531994596966054], [77.18660370050404, 28.531963209081596], [77.18663759152034, 28.531931792702462], [77.18666358796966, 28.531931190239717], [77.18667402350309, 28.53195288877975], [77.18667148389653, 28.531981043910406], [77.18665745800503, 28.53199707258668], [77.18663857598318, 28.53200968816713], [77.18662532075196, 28.532012657956678]]]}, "properties": {"node": "acacia", "role": "positive", "name": "acacia", "ts": "2026-07-14T16:25:08.340408+00:00"}}, {"type": "Feature", "geometry": {"type": "Polygon", "coordinates": [[[77.18671431378952, 28.531042478133116], [77.18669801390438, 28.53103906560463], [77.18668785918808, 28.5310309602696], [77.18668055957328, 28.53102005265162], [77.1866783499524, 28.531003734211467], [77.1866849711731, 28.530991867367444], [77.18670442390682, 28.530976670050123], [77.18671594292992, 28.530970236912356], [77.18672861955203, 28.530969481475726], [77.18674057418748, 28.530974066507568], [77.18674849780497, 28.530984964071582], [77.18675041347902, 28.53101727376706], [77.18673478820705, 28.531036452012042], [77.18671431378952, 28.531042478133116]]]}, "properties": {"node": "acacia", "role": "positive", "name": "acacia", "ts": "2026-07-14T16:25:08.340446+00:00"}}, {"type": "Feature", "geometry": {"type": "Polygon", "coordinates": [[[77.18668098503001, 28.530990277791304], [77.18667029736267, 28.530986591113802], [77.18666324748095, 28.530977700756882], [77.18666172571349, 28.53095438861836], [77.18667672004183, 28.53094495945992], [77.18670151377046, 28.530946581408113], [77.18671166089212, 28.53095431935853], [77.18671195678726, 28.530968647337094], [77.1867018564725, 28.5309833265152], [77.18668098503001, 28.530990277791304]]]}, "properties": {"node": "acacia", "role": "positive", "name": "acacia", "ts": "2026-07-14T16:25:08.340483+00:00"}}, {"type": "Feature", "geometry": {"type": "Polygon", "coordinates": [[[77.18665726900265, 28.530567292529167], [77.186641494564, 28.530559093946124], [77.1866342816025, 28.530542304827186], [77.18663366013087, 28.530522285743288], [77.18664173289692, 28.530500105347027], [77.18665310456888, 28.530496614639645], [77.18669513556519, 28.530496672698103], [77.1867104156188, 28.53052123326771], [77.18671085565991, 28.530542541544886], [77.1866880636345, 28.530557241384738], [77.18665726900265, 28.530567292529167]]]}, "properties": {"node": "acacia", "role": "positive", "name": "acacia", "ts": "2026-07-14T16:25:08.340526+00:00"}}, {"type": "Feature", "geometry": {"type": "Polygon", "coordinates": [[[77.18664469613655, 28.530653675252267], [77.18663423547125, 28.530650903680062], [77.18662041204261, 28.530636426065417], [77.1866213451936, 28.530621159525133], [77.18663339334974, 28.53061012404465], [77.18665422742501, 28.5306114422717], [77.18666657968531, 28.530625208565038], [77.18666367655521, 28.530645835675152], [77.18664469613655, 28.530653675252267]]]}, "properties": {"node": "acacia", "role": "positive", "name": "acacia", "ts": "2026-07-14T16:25:08.340568+00:00"}}, {"type": "Feature", "geometry": {"type": "Polygon", "coordinates": [[[77.18676736511325, 28.530981720128345], [77.18673036257135, 28.53096320579503], [77.18670594182343, 28.53093934371566], [77.18670480254909, 28.53092447806144], [77.18671832190199, 28.530914153889608], [77.1867420939451, 28.530906604629834], [77.18677058613991, 28.530905961957938], [77.18679423873424, 28.53092285377935], [77.18679528134128, 28.530963262674167], [77.18678430351487, 28.53097575095462], [77.18676736511325, 28.530981720128345]]]}, "properties": {"node": "acacia", "role": "positive", "name": "acacia", "ts": "2026-07-14T16:25:08.340606+00:00"}}, {"type": "Feature", "geometry": {"type": "Polygon", "coordinates": [[[77.18669644776705, 28.5309128524264], [77.18668619886797, 28.53091026120168], [77.18667642602432, 28.53090049593637], [77.18667536957088, 28.53087956509417], [77.18668971712734, 28.530869043832883], [77.18672082606001, 28.530864132703684], [77.18672823882824, 28.53087044466908], [77.18672689792533, 28.530896191705256], [77.18671219506581, 28.530909658743287], [77.18669644776705, 28.5309128524264]]]}, "properties": {"node": "acacia", "role": "positive", "name": "acacia", "ts": "2026-07-14T16:25:08.340644+00:00"}}, {"type": "Feature", "geometry": {"type": "Polygon", "coordinates": [[[77.1867069745206, 28.530586337303856], [77.18669362019823, 28.530574424685042], [77.18669587276969, 28.530552521780464], [77.18671157764638, 28.530537201075163], [77.18673487355622, 28.530536825860846], [77.1867406526554, 28.530544634164553], [77.18673762120544, 28.530569122158557], [77.18672763029701, 28.530579021993884], [77.1867069745206, 28.530586337303856]]]}, "properties": {"node": "acacia", "role": "positive", "name": "acacia", "ts": "2026-07-14T16:25:08.340681+00:00"}}, {"type": "Feature", "geometry": {"type": "Polygon", "coordinates": [[[77.18652961314883, 28.530491437152598], [77.18651119543188, 28.53048622117399], [77.18650376373883, 28.530478990733858], [77.18650173940274, 28.530461566785295], [77.18652683080543, 28.53044738120451], [77.18655366647529, 28.53044713276747], [77.1865629891266, 28.530455251516308], [77.18656319837861, 28.53047546099329], [77.18654534142635, 28.53048732503149], [77.18652961314883, 28.530491437152598]]]}, "properties": {"node": "acacia", "role": "positive", "name": "acacia", "ts": "2026-07-14T16:25:08.340718+00:00"}}, {"type": "Feature", "geometry": {"type": "Polygon", "coordinates": [[[77.1866375490625, 28.53102295042292], [77.1866132617222, 28.5310156239606], [77.18660275486708, 28.531000541671002], [77.18660271882584, 28.53096856920508], [77.18660812998661, 28.530958559384786], [77.18662030336127, 28.53095358574128], [77.18664678005905, 28.530956099359496], [77.18667105413407, 28.53099301028481], [77.18666599892276, 28.531010180746705], [77.18665101975827, 28.531020344672587], [77.1866375490625, 28.53102295042292]]]}, "properties": {"node": "acacia", "role": "positive", "name": "acacia", "ts": "2026-07-14T16:25:08.340759+00:00"}}, {"type": "Feature", "geometry": {"type": "Polygon", "coordinates": [[[77.18675354467373, 28.53089686503283], [77.18674350756862, 28.530894454154243], [77.1867313208905, 28.530868557496145], [77.18673326746938, 28.530851988361228], [77.18674399620754, 28.530847589234867], [77.18676383585417, 28.530851128497734], [77.1867789231548, 28.530876427173098], [77.18677485485418, 28.530891009198417], [77.18675354467373, 28.53089686503283]]]}, "properties": {"node": "acacia", "role": "positive", "name": "acacia", "ts": "2026-07-14T16:25:08.340797+00:00"}}, {"type": "Feature", "geometry": {"type": "Polygon", "coordinates": [[[77.18663999508247, 28.53094996103168], [77.1866234638179, 28.53093534327861], [77.1866235719197, 28.530910351110474], [77.1866289906626, 28.53090070867363], [77.18664130374847, 28.530892425221808], [77.18665934663206, 28.530889562078507], [77.18666881663717, 28.5308947383943], [77.18667655879533, 28.53090692515772], [77.1866738978044, 28.530929202145813], [77.18666193307439, 28.530944278856037], [77.18663999508247, 28.53094996103168]]]}, "properties": {"node": "acacia", "role": "positive", "name": "acacia", "ts": "2026-07-14T16:25:08.340833+00:00"}}, {"type": "Feature", "geometry": {"type": "Polygon", "coordinates": [[[77.18666169464971, 28.530821903105856], [77.18663932108011, 28.530816567107475], [77.18661855776969, 28.53079852620396], [77.18661549719992, 28.530781302701232], [77.18662358958674, 28.530770147178497], [77.18665554187359, 28.530765773741756], [77.18668760165488, 28.53078675649947], [77.18669200063705, 28.53079826209592], [77.18668998197622, 28.530811341081915], [77.18667622049203, 28.530820015372218], [77.18666169464971, 28.530821903105856]]]}, "properties": {"node": "acacia", "role": "positive", "name": "acacia", "ts": "2026-07-14T16:25:08.340873+00:00"}}, {"type": "Feature", "geometry": {"type": "Polygon", "coordinates": [[[77.186581520576, 28.530647342611445], [77.18657000094935, 28.530643669323474], [77.18656191868995, 28.530635163092793], [77.18655900165072, 28.530614813472724], [77.18657419256266, 28.530604829901247], [77.18660690156605, 28.530606875650726], [77.18661262755414, 28.530612112271356], [77.18661258709228, 28.530630304484667], [77.18659663246211, 28.530643607917195], [77.186581520576, 28.530647342611445]]]}, "properties": {"node": "acacia", "role": "positive", "name": "acacia", "ts": "2026-07-14T16:25:08.340911+00:00"}}, {"type": "Feature", "geometry": {"type": "Polygon", "coordinates": [[[77.18677474170877, 28.531248227099105], [77.18671882304604, 28.531240675130356], [77.18670956859428, 28.531235862853997], [77.1867014141982, 28.531223866486894], [77.18670034320246, 28.531212307289845], [77.186701930691, 28.531198500236282], [77.18671118764165, 28.531183283382113], [77.18672438965744, 28.531177741901306], [77.18675928062203, 28.531174607375217], [77.18676994554943, 28.531177191892294], [77.18679211185436, 28.531192637625875], [77.1868006670838, 28.531203892518448], [77.18680122096727, 28.53123071155264], [77.1867904738789, 28.531244298636384], [77.18677474170877, 28.531248227099105]]]}, "properties": {"node": "acacia", "role": "positive", "name": "acacia", "ts": "2026-07-14T16:25:08.340952+00:00"}}, {"type": "Feature", "geometry": {"type": "Polygon", "coordinates": [[[77.18671434648455, 28.531376540792298], [77.18669255506704, 28.531369174146782], [77.18667101273914, 28.531353718348132], [77.18667197938083, 28.531329998625644], [77.18669194616457, 28.53130946418813], [77.1867162860417, 28.531309255908962], [77.18673558208795, 28.531326769165435], [77.18673971749497, 28.53135573555049], [77.18672015533375, 28.531375712218374], [77.18671434648455, 28.531376540792298]]]}, "properties": {"node": "acacia", "role": "positive", "name": "acacia", "ts": "2026-07-14T16:25:08.340989+00:00"}}, {"type": "Feature", "geometry": {"type": "Polygon", "coordinates": [[[77.18677797629113, 28.531616416248003], [77.18676019374963, 28.531611741340413], [77.186744240188, 28.531584802843977], [77.18674161767986, 28.531558568388867], [77.18675218715221, 28.531546454193865], [77.18676780620868, 28.531547121382], [77.18677998788249, 28.531552621516102], [77.1867993187863, 28.53158189439863], [77.18679818590515, 28.531607638082193], [77.18677797629113, 28.531616416248003]]]}, "properties": {"node": "acacia", "role": "positive", "name": "acacia", "ts": "2026-07-14T16:25:08.341026+00:00"}}, {"type": "Feature", "geometry": {"type": "Polygon", "coordinates": [[[77.1867688230557, 28.53165680561302], [77.18674928924143, 28.531647932590694], [77.18674707200276, 28.531631246770328], [77.1867588819016, 28.531618745088856], [77.18678068030812, 28.531616372693723], [77.18679507099229, 28.531628084850766], [77.18679540105101, 28.531644066055147], [77.18678395025044, 28.531653805658916], [77.1867688230557, 28.53165680561302]]]}, "properties": {"node": "acacia", "role": "positive", "name": "acacia", "ts": "2026-07-14T16:25:08.341064+00:00"}}, {"type": "Feature", "geometry": {"type": "Polygon", "coordinates": [[[77.18672573258822, 28.531242768877984], [77.18671189832983, 28.531237846614257], [77.18670162978584, 28.531224230520785], [77.18670383619263, 28.531190016901334], [77.18672164771577, 28.531175948533594], [77.18675808952399, 28.53117738285705], [77.18677080855164, 28.53118875443873], [77.18677239863614, 28.531215373030122], [77.18675413382626, 28.531237717596117], [77.18672573258822, 28.531242768877984]]]}, "properties": {"node": "acacia", "role": "positive", "name": "acacia", "ts": "2026-07-14T16:25:08.341104+00:00"}}, {"type": "Feature", "geometry": {"type": "Polygon", "coordinates": [[[77.18673073377109, 28.531797255239027], [77.1867145621023, 28.53178998183678], [77.18670407411688, 28.531775818021686], [77.186702919651, 28.531760217601576], [77.18671022561335, 28.53175127977661], [77.18673292434129, 28.531752200442853], [77.18674415707893, 28.531762125938364], [77.18674267267528, 28.53179099908637], [77.18673073377109, 28.531797255239027]]]}, "properties": {"node": "acacia", "role": "positive", "name": "acacia", "ts": "2026-07-14T16:25:08.341141+00:00"}}, {"type": "Feature", "geometry": {"type": "Polygon", "coordinates": [[[77.18669353211232, 28.531980688787087], [77.18667984126661, 28.531972640411396], [77.18667713594557, 28.531952471142638], [77.18668655543657, 28.53193504663359], [77.18669484137148, 28.531933259396403], [77.18670842978368, 28.53193634808666], [77.1867194431569, 28.531945725857263], [77.18672507568851, 28.531966582988836], [77.18671075834413, 28.531978573796277], [77.18669353211232, 28.531980688787087]]]}, "properties": {"node": "acacia", "role": "positive", "name": "acacia", "ts": "2026-07-14T16:25:08.341177+00:00"}}, {"type": "Feature", "geometry": {"type": "Polygon", "coordinates": [[[77.18683010645954, 28.531924098031077], [77.18680521006682, 28.531917516435353], [77.18680169168594, 28.53189827903173], [77.18681617527855, 28.531884264253357], [77.18684300372009, 28.53188364835527], [77.1868580260425, 28.53189571783545], [77.18685854135269, 28.531910593536114], [77.18684813812847, 28.531920683777763], [77.18683010645954, 28.531924098031077]]]}, "properties": {"node": "acacia", "role": "positive", "name": "acacia", "ts": "2026-07-14T16:25:08.341213+00:00"}}, {"type": "Feature", "geometry": {"type": "Polygon", "coordinates": [[[77.18682136741874, 28.531531190898235], [77.18679521552633, 28.531524262013527], [77.18679272199577, 28.53150427308808], [77.18679690412428, 28.53149520182253], [77.18681430347442, 28.53148132383376], [77.18683663480226, 28.531474532772002], [77.18684335599015, 28.531487654733578], [77.18684037766614, 28.531514714414943], [77.1868337450533, 28.531526030190527], [77.18682136741874, 28.531531190898235]]]}, "properties": {"node": "acacia", "role": "positive", "name": "acacia", "ts": "2026-07-14T16:25:08.341249+00:00"}}, {"type": "Feature", "geometry": {"type": "Polygon", "coordinates": [[[77.18684479985842, 28.531879944361325], [77.18682387827303, 28.531874401261685], [77.18681424503461, 28.531861326206794], [77.1868029850642, 28.531840008463917], [77.18680858461781, 28.531818970414776], [77.18683671796131, 28.53182108979637], [77.18685659260377, 28.53183638867299], [77.18686298128316, 28.53185355855629], [77.1868622409948, 28.531868086975916], [77.18685558560136, 28.531878300601168], [77.18684479985842, 28.531879944361325]]]}, "properties": {"node": "acacia", "role": "positive", "name": "acacia", "ts": "2026-07-14T16:25:08.341288+00:00"}}, {"type": "Feature", "geometry": {"type": "Polygon", "coordinates": [[[77.18669767849009, 28.532121009377747], [77.18666979035814, 28.532110617130883], [77.1866715441282, 28.532094786116115], [77.18669520576809, 28.53207180337243], [77.1867102837059, 28.5320664154273], [77.18673191593449, 28.532066066997327], [77.18673341250167, 28.53210830610637], [77.18672236627118, 28.532117487930762], [77.18669767849009, 28.532121009377747]]]}, "properties": {"node": "acacia", "role": "positive", "name": "acacia", "ts": "2026-07-14T16:25:08.341325+00:00"}}, {"type": "Feature", "geometry": {"type": "Polygon", "coordinates": [[[77.18676705510022, 28.53209508525368], [77.18675806547807, 28.532093025014984], [77.18674466162935, 28.532078724418383], [77.18674518634363, 28.532063831965175], [77.18676639811645, 28.53205320012822], [77.18679706169297, 28.532056932538257], [77.18680223585018, 28.532065669344096], [77.18679808091969, 28.532086132864226], [77.1867851323265, 28.53209387531104], [77.18676705510022, 28.53209508525368]]]}, "properties": {"node": "acacia", "role": "positive", "name": "acacia", "ts": "2026-07-14T16:25:08.341363+00:00"}}, {"type": "Feature", "geometry": {"type": "Polygon", "coordinates": [[[77.18676185003731, 28.531843059830827], [77.18674652554131, 28.531836507799646], [77.1867373159067, 28.53182379342192], [77.18673740944504, 28.531808172900796], [77.18675144288828, 28.53179251160188], [77.18678024954849, 28.531797008940757], [77.18679074513359, 28.531811540133255], [77.186787059324, 28.531834568640598], [77.18677535876992, 28.531842290982905], [77.18676185003731, 28.531843059830827]]]}, "properties": {"node": "acacia", "role": "positive", "name": "acacia", "ts": "2026-07-14T16:25:08.341402+00:00"}}, {"type": "Feature", "geometry": {"type": "Polygon", "coordinates": [[[77.18701079271636, 28.53062848436261], [77.18699489371166, 28.530624330397437], [77.18697181583475, 28.530605040560744], [77.18696508264772, 28.530581261114552], [77.18697138266164, 28.530573993260365], [77.1870111743423, 28.530566369659994], [77.18702787498341, 28.5305690406853], [77.18703486036634, 28.530574808259527], [77.18704265565577, 28.530589566689592], [77.18703870501551, 28.530609843172876], [77.18702591216937, 28.53062511700551], [77.18701079271636, 28.53062848436261]]]}, "properties": {"node": "acacia", "role": "positive", "name": "acacia", "ts": "2026-07-14T16:25:08.341440+00:00"}}, {"type": "Feature", "geometry": {"type": "Polygon", "coordinates": [[[77.18662959505981, 28.530889673750853], [77.18658954844068, 28.530874883467078], [77.18658419671206, 28.530867619533918], [77.18658603014659, 28.53085564605108], [77.18660608853773, 28.53084962665075], [77.186653815332, 28.53085345179763], [77.18666071789887, 28.530865284578425], [77.18665826806, 28.530877635496072], [77.18664681353059, 28.5308871913934], [77.18662959505981, 28.530889673750853]]]}, "properties": {"node": "acacia", "role": "positive", "name": "acacia", "ts": "2026-07-14T16:25:08.341479+00:00"}}, {"type": "Feature", "geometry": {"type": "Polygon", "coordinates": [[[77.18700922406526, 28.530925270916505], [77.18699149720332, 28.530903138591853], [77.186987505926, 28.530881152511522], [77.18700458779904, 28.530872057197215], [77.18704409258665, 28.530870685810534], [77.18705050019705, 28.530888774148764], [77.18704363375872, 28.530908913849228], [77.1870239427365, 28.53092264502665], [77.18700922406526, 28.530925270916505]]]}, "properties": {"node": "acacia", "role": "positive", "name": "acacia", "ts": "2026-07-14T16:25:08.341515+00:00"}}, {"type": "Feature", "geometry": {"type": "Polygon", "coordinates": [[[77.18697404754805, 28.531297386352918], [77.18696020568453, 28.53129209673159], [77.18694672603925, 28.531274122309433], [77.18694268230412, 28.531259670951556], [77.18694456056103, 28.531239795359966], [77.18696321164792, 28.53122608094372], [77.18699756587893, 28.531227181323413], [77.18700768269635, 28.53123344971283], [77.18701294788362, 28.531246595120585], [77.1870103938697, 28.531284121896462], [77.18699913595115, 28.531293123397052], [77.18697404754805, 28.531297386352918]]]}, "properties": {"node": "acacia", "role": "positive", "name": "acacia", "ts": "2026-07-14T16:25:08.341553+00:00"}}, {"type": "Feature", "geometry": {"type": "Polygon", "coordinates": [[[77.18698713792018, 28.531034592290606], [77.18696285055736, 28.53102726589234], [77.18695764163064, 28.531006769450713], [77.18696450117106, 28.53099636878023], [77.18699623032968, 28.530991263842978], [77.18701816139216, 28.530995320636666], [77.18703206012962, 28.531003365634156], [77.18703267721659, 28.53101309460844], [77.187019891913, 28.531028735826375], [77.18698713792018, 28.531034592290606]]]}, "properties": {"node": "acacia", "role": "positive", "name": "acacia", "ts": "2026-07-14T16:25:08.341593+00:00"}}, {"type": "Feature", "geometry": {"type": "Polygon", "coordinates": [[[77.18702189021684, 28.53099452555733], [77.18700282183262, 28.530988033859845], [77.18699983640228, 28.53096437779946], [77.1870120532676, 28.530931289194488], [77.18702618141265, 28.530920220173766], [77.18704344161057, 28.530919758378158], [77.18706257827864, 28.530929556526356], [77.18706793072006, 28.530946926848742], [77.18706657784004, 28.53096201639746], [77.18704838901735, 28.530988034837858], [77.18702189021684, 28.53099452555733]]]}, "properties": {"node": "acacia", "role": "positive", "name": "acacia", "ts": "2026-07-14T16:25:08.341632+00:00"}}, {"type": "Feature", "geometry": {"type": "Polygon", "coordinates": [[[77.18697617312615, 28.53147081504486], [77.18696235400351, 28.53146662757704], [77.18694385575262, 28.53144744772643], [77.18694061299234, 28.531421407020872], [77.18694809656115, 28.531410996298572], [77.18697801319624, 28.53138864776599], [77.18701148235911, 28.53138718985387], [77.18703018861117, 28.531406366344633], [77.18702836416516, 28.53143892003363], [77.18702073330807, 28.531452273182378], [77.18700720633349, 28.53146223000176], [77.18697617312615, 28.53147081504486]]]}, "properties": {"node": "acacia", "role": "positive", "name": "acacia", "ts": "2026-07-14T16:25:08.341670+00:00"}}, {"type": "Feature", "geometry": {"type": "Polygon", "coordinates": [[[77.18693537993097, 28.531550853503674], [77.18691797166375, 28.531544151303468], [77.18691650293907, 28.53152341086102], [77.18693254045047, 28.53150404220117], [77.1869518010807, 28.531499689374716], [77.1869640662264, 28.531509230715812], [77.18696583022442, 28.53153419272237], [77.1869583504436, 28.531544787137836], [77.18693537993097, 28.531550853503674]]]}, "properties": {"node": "acacia", "role": "positive", "name": "acacia", "ts": "2026-07-14T16:25:08.341707+00:00"}}, {"type": "Feature", "geometry": {"type": "Polygon", "coordinates": [[[77.18686897510884, 28.53155945703887], [77.18684702050798, 28.53154419166501], [77.18684391500557, 28.531534870278882], [77.18684351665183, 28.531515582618727], [77.18685111273042, 28.531490469840087], [77.18686130791389, 28.531480382950388], [77.18687452133844, 28.531475392529583], [77.18691953681844, 28.531478893738672], [77.18692991097964, 28.531487546777967], [77.18692682644625, 28.53150946308425], [77.18689603290088, 28.531539727115913], [77.18688984664658, 28.531552505728925], [77.18686897510884, 28.53155945703887]]]}, "properties": {"node": "acacia", "role": "positive", "name": "acacia", "ts": "2026-07-14T16:25:08.341744+00:00"}}, {"type": "Feature", "geometry": {"type": "Polygon", "coordinates": [[[77.18693555358263, 28.531831257939373], [77.18692528182424, 28.53182756458632], [77.18691797833112, 28.53181647329466], [77.1869182798445, 28.531800849424275], [77.1869274805693, 28.531792983585362], [77.18694715792681, 28.53179873046529], [77.18695699917643, 28.531811802159634], [77.18695478771272, 28.531825619265568], [77.18693555358263, 28.531831257939373]]]}, "properties": {"node": "acacia", "role": "positive", "name": "acacia", "ts": "2026-07-14T16:25:08.341783+00:00"}}, {"type": "Feature", "geometry": {"type": "Polygon", "coordinates": [[[77.18687520785954, 28.53185115657339], [77.18686290474022, 28.531839778306527], [77.18686416659762, 28.53182028015166], [77.18687539422982, 28.5318098091233], [77.18689966592753, 28.531806294349188], [77.18690979797347, 28.531813297510638], [77.18690980310483, 28.531833694022104], [77.18689303530657, 28.53184792935732], [77.18687520785954, 28.53185115657339]]]}, "properties": {"node": "acacia", "role": "positive", "name": "acacia", "ts": "2026-07-14T16:25:08.341823+00:00"}}, {"type": "Feature", "geometry": {"type": "Polygon", "coordinates": [[[77.18695440157951, 28.531706185971593], [77.18693718990437, 28.53169892934891], [77.18694027823238, 28.53167719673476], [77.18695694043679, 28.531667924429367], [77.1869815263349, 28.53166954966734], [77.18699183669604, 28.531685186346234], [77.18698842275924, 28.531701227860278], [77.18697706994418, 28.531705637061563], [77.18695440157951, 28.531706185971593]]]}, "properties": {"node": "acacia", "role": "positive", "name": "acacia", "ts": "2026-07-14T16:25:08.341862+00:00"}}, {"type": "Feature", "geometry": {"type": "Polygon", "coordinates": [[[77.18675365346117, 28.531939845989882], [77.18672488469942, 28.531937185567557], [77.18670866748484, 28.53192770786182], [77.1867043139693, 28.531918406574448], [77.18670660069064, 28.531898156900343], [77.18672621605597, 28.53188075191851], [77.18677046733275, 28.53187746661444], [77.18677929825391, 28.531881918199723], [77.18677959862016, 28.53190653627799], [77.18676290732311, 28.53193455184895], [77.18675365346117, 28.531939845989882]]]}, "properties": {"node": "acacia", "role": "positive", "name": "acacia", "ts": "2026-07-14T16:25:08.341899+00:00"}}, {"type": "Feature", "geometry": {"type": "Polygon", "coordinates": [[[77.18684332249515, 28.53213079114053], [77.18681654644377, 28.532123872320128], [77.18681002183378, 28.532110195933985], [77.18681881845504, 28.532052539520343], [77.18682467599844, 28.532043992526027], [77.18683890674062, 28.53203788320099], [77.18686248685977, 28.53204117843604], [77.18688314044194, 28.53205389221607], [77.18689817551474, 28.532086725584797], [77.18689781329606, 28.53209941038306], [77.18688222964, 28.532120609261252], [77.18686471638084, 28.53212897650331], [77.18684332249515, 28.53213079114053]]]}, "properties": {"node": "acacia", "role": "positive", "name": "acacia", "ts": "2026-07-14T16:25:08.341936+00:00"}}, {"type": "Feature", "geometry": {"type": "Polygon", "coordinates": [[[77.18664735712413, 28.53158856834054], [77.18662974845188, 28.531582236836904], [77.18662137465341, 28.531569692740547], [77.18661787465, 28.531541267377268], [77.18662181844627, 28.531530729930108], [77.18663001710145, 28.531524717781817], [77.18665571440546, 28.531519710067496], [77.18668874485599, 28.53151715678064], [77.18670300274036, 28.531522439728235], [77.18671409193989, 28.531535491342524], [77.18671102318318, 28.531568248825483], [77.18670698390684, 28.531564087563208], [77.18668258077084, 28.531581385902125], [77.18664735712413, 28.53158856834054]]]}, "properties": {"node": "acacia", "role": "positive", "name": "acacia", "ts": "2026-07-14T16:25:08.341976+00:00"}}, {"type": "Feature", "geometry": {"type": "Polygon", "coordinates": [[[77.18372992679707, 28.533536952600656], [77.18375247642189, 28.533530635168376], [77.18377485117374, 28.53351583959593], [77.18379806975005, 28.53352214259696], [77.18381379000995, 28.53352152882911], [77.183850889774, 28.533507398604755], [77.18385757773848, 28.533494840264414], [77.18385515078178, 28.53344651984987], [77.18385046329108, 28.533427287561263], [77.18384229267919, 28.533417494480815], [77.1838183199708, 28.533404346679653], [77.18380583433243, 28.53340328440375], [77.183774450035, 28.533417142231603], [77.18371195896201, 28.533418688770116], [77.18367961661568, 28.533435629564735], [77.18367211905068, 28.533448561810975], [77.18366941981866, 28.533466288910816], [77.18367374750312, 28.533497797304673], [77.18370849815685, 28.53352827500169], [77.18372992679707, 28.533536952600656]]]}, "properties": {"node": "acacia", "role": "positive", "name": "acacia", "ts": "2026-07-14T16:25:08.342023+00:00"}}, {"type": "Feature", "geometry": {"type": "Polygon", "coordinates": [[[77.18413861854097, 28.532855691453015], [77.18416406849069, 28.532851312200076], [77.18419027178112, 28.532833928730273], [77.18420520840706, 28.532834951540057], [77.1842140318679, 28.532826869969938], [77.18421917749853, 28.53278907402735], [77.1842059327952, 28.53275121307068], [77.18420694538031, 28.53272106234377], [77.18419138815223, 28.532709764111843], [77.18417832622077, 28.53269066656632], [77.18416516464323, 28.53268654761779], [77.18414230677817, 28.53268781759018], [77.18409198290745, 28.532704686871263], [77.18407554330658, 28.532729852858818], [77.1840965165418, 28.53277588999825], [77.1840927121518, 28.532829182692858], [77.18412383034979, 28.532851959562063], [77.18413861854097, 28.532855691453015]]]}, "properties": {"node": "acacia", "role": "positive", "name": "acacia", "ts": "2026-07-14T16:25:08.342065+00:00"}}, {"type": "Feature", "geometry": {"type": "Polygon", "coordinates": [[[77.18427807845488, 28.53282150882647], [77.18429394331609, 28.532818005549014], [77.18434233544735, 28.532786731616454], [77.18436308293872, 28.53276239851414], [77.18435792734319, 28.532740286644135], [77.1843290559297, 28.53271747367923], [77.18430948059137, 28.532709488133904], [77.18425563934392, 28.532714324204427], [77.18422613081204, 28.53272995640586], [77.1842173263818, 28.53274886441367], [77.18421919527276, 28.532770126940655], [77.18424160538348, 28.53280657731395], [77.18427807845488, 28.53282150882647]]]}, "properties": {"node": "acacia", "role": "positive", "name": "acacia", "ts": "2026-07-14T16:25:08.342105+00:00"}}, {"type": "Feature", "geometry": {"type": "Polygon", "coordinates": [[[77.18423659198616, 28.532632888744537], [77.1842569541323, 28.53262949356177], [77.1842703898254, 28.532617187530644], [77.18428213896331, 28.532592457878835], [77.18428115034428, 28.53257424876703], [77.18429155858962, 28.532543946871016], [77.18428178705338, 28.532525879069322], [77.18425414910013, 28.532513331645944], [77.18422064402496, 28.532513509812098], [77.18419054469504, 28.532520309668687], [77.18417392611777, 28.532526892636067], [77.18416158239485, 28.53254260955872], [77.18416362947403, 28.53256260610075], [77.18419081219635, 28.532612513131966], [77.18420821141727, 28.532623962175176], [77.18423659198616, 28.532632888744537]]]}, "properties": {"node": "acacia", "role": "positive", "name": "acacia", "ts": "2026-07-14T16:25:08.342144+00:00"}}, {"type": "Feature", "geometry": {"type": "Polygon", "coordinates": [[[77.18439956883823, 28.53298592502489], [77.18443648640543, 28.53297288025531], [77.18443928598653, 28.532960023563835], [77.18441282944401, 28.532876000669756], [77.18440492591643, 28.53285934638858], [77.18439261438961, 28.53284691328331], [77.18437582873787, 28.53285530342201], [77.1843501894303, 28.53286040754399], [77.18434381746061, 28.53287837419289], [77.18432070033457, 28.532896790710932], [77.18430906654226, 28.532927112327307], [77.18431180042913, 28.532940782214453], [77.18432162368752, 28.532951450905045], [77.1843605143827, 28.532964719482717], [77.18438270457959, 28.532980602556282], [77.18439956883823, 28.53298592502489]]]}, "properties": {"node": "acacia", "role": "positive", "name": "acacia", "ts": "2026-07-14T16:25:08.342197+00:00"}}, {"type": "Feature", "geometry": {"type": "Polygon", "coordinates": [[[77.1841976510191, 28.533013353499204], [77.18424226332223, 28.53299693695974], [77.18425935331827, 28.532983489459838], [77.18425960426656, 28.53294613315942], [77.1842464897726, 28.532914585713893], [77.184175806505, 28.532915181584716], [77.18416451709346, 28.532922581043106], [77.18414981902167, 28.532943027432328], [77.18414671136784, 28.532960761110065], [77.1841550680285, 28.53297957346582], [77.18417291716536, 28.533002924689907], [77.1841976510191, 28.533013353499204]]]}, "properties": {"node": "acacia", "role": "positive", "name": "acacia", "ts": "2026-07-14T16:25:08.342237+00:00"}}, {"type": "Feature", "geometry": {"type": "Polygon", "coordinates": [[[77.1840345715181, 28.53286332005472], [77.18405611087076, 28.532857560167507], [77.18406197059335, 28.532844473805827], [77.18403499251609, 28.532804487973273], [77.1840263572188, 28.532782071176193], [77.1840020985249, 28.53276495819639], [77.18397491036761, 28.532764312900312], [77.18395314856083, 28.532779098639637], [77.18394135467662, 28.532801663637056], [77.18394122522862, 28.532815199149873], [77.18395507477886, 28.53284276499834], [77.18397496227938, 28.53285597849938], [77.1840345715181, 28.53286332005472]]]}, "properties": {"node": "acacia", "role": "positive", "name": "acacia", "ts": "2026-07-14T16:25:08.342279+00:00"}}, {"type": "Feature", "geometry": {"type": "Polygon", "coordinates": [[[77.18355950138603, 28.533080278979494], [77.18359739945704, 28.533065233759622], [77.18360701360257, 28.533045951872285], [77.18360391221518, 28.533034272782018], [77.18356402598408, 28.53301235860051], [77.18354198062602, 28.53299358592674], [77.1835151302338, 28.532989506638526], [77.1834787620536, 28.53299947474765], [77.18347270543505, 28.533012925145254], [77.18348282250548, 28.533037844389423], [77.1835171718775, 28.533068689490737], [77.18355950138603, 28.533080278979494]]]}, "properties": {"node": "acacia", "role": "positive", "name": "acacia", "ts": "2026-07-14T16:25:08.342326+00:00"}}, {"type": "Feature", "geometry": {"type": "Polygon", "coordinates": [[[77.18366886058962, 28.533607586920557], [77.183690619253, 28.533602545340695], [77.18369854766038, 28.533590688837567], [77.18371328348329, 28.533581970857774], [77.18371497296535, 28.53357472585238], [77.18369948931938, 28.53354718626803], [77.18367794534443, 28.533532916701486], [77.18367225185277, 28.533524346886107], [77.1836622023895, 28.533522523628537], [77.1836198551841, 28.53353980578338], [77.18360784165209, 28.533551727989703], [77.1836035824035, 28.533563164579693], [77.1836093469432, 28.533585086240258], [77.18361916275792, 28.53359539420958], [77.18362804585192, 28.533590198846905], [77.18363422598476, 28.533602550197124], [77.18366886058962, 28.533607586920557]]]}, "properties": {"node": "acacia", "role": "positive", "name": "acacia", "ts": "2026-07-14T16:25:08.342374+00:00"}}, {"type": "Feature", "geometry": {"type": "Polygon", "coordinates": [[[77.18409815415123, 28.53295432447678], [77.18412624083213, 28.532949000581738], [77.18414055685795, 28.532939747976158], [77.18413973447979, 28.532899882701965], [77.18407739176408, 28.532888795809335], [77.18405849655352, 28.532893971824905], [77.18403316898093, 28.53289437928374], [77.18401752403217, 28.532918449807], [77.18403671400782, 28.53294737329782], [77.18404743199969, 28.532951892460506], [77.18407961494074, 28.53294704401322], [77.18409815415123, 28.53295432447678]]]}, "properties": {"node": "acacia", "role": "positive", "name": "acacia", "ts": "2026-07-14T16:25:08.342415+00:00"}}, {"type": "Feature", "geometry": {"type": "Polygon", "coordinates": [[[77.18394514897184, 28.532678538604348], [77.18395507557044, 28.532674409111078], [77.18396759754768, 28.532657426217966], [77.18399213702719, 28.53263862598628], [77.18398557034169, 28.532617439027533], [77.18397167695072, 28.53260755756851], [77.18395203507214, 28.532606249532524], [77.1839279781278, 28.532618726393633], [77.18390614154224, 28.532619979896825], [77.18388381535988, 28.53263712049801], [77.18388348536975, 28.532650839683043], [77.18388934959381, 28.532657782733484], [77.183898232983, 28.532662511867258], [77.18391600681825, 28.53266240639503], [77.18392727839422, 28.53267395404744], [77.18394514897184, 28.532678538604348]]]}, "properties": {"node": "acacia", "role": "positive", "name": "acacia", "ts": "2026-07-14T16:25:08.342454+00:00"}}, {"type": "Feature", "geometry": {"type": "Polygon", "coordinates": [[[77.18393739940191, 28.532986323253624], [77.18397258664785, 28.532978539369772], [77.18398234955262, 28.532966472894753], [77.18398267208622, 28.532952392938963], [77.18397626537704, 28.532938962574285], [77.18396361235419, 28.532929782945473], [77.18391918451292, 28.532915520651176], [77.183904337562, 28.532928751581004], [77.18390161977254, 28.532945576754454], [77.18391502772434, 28.532981450213978], [77.18392432337316, 28.532986353158638], [77.18393739940191, 28.532986323253624]]]}, "properties": {"node": "acacia", "role": "positive", "name": "acacia", "ts": "2026-07-14T16:25:08.342491+00:00"}}, {"type": "Feature", "geometry": {"type": "Polygon", "coordinates": [[[77.18313109041165, 28.53300362248403], [77.18316655234432, 28.53298933834152], [77.1831735856417, 28.53297370690056], [77.18317215553834, 28.532963805380053], [77.18316037507098, 28.53294739381054], [77.18314537860307, 28.532933560197193], [77.1831346904023, 28.532930484048837], [77.18311132012008, 28.532936634126237], [77.1831010116112, 28.532961881858643], [77.18310799441068, 28.532993347583943], [77.18311425223894, 28.53299956255627], [77.18313109041165, 28.53300362248403]]]}, "properties": {"node": "acacia", "role": "positive", "name": "acacia", "ts": "2026-07-14T16:25:08.342530+00:00"}}, {"type": "Feature", "geometry": {"type": "Polygon", "coordinates": [[[77.18394719502864, 28.533144236134795], [77.18397345835685, 28.533139663384336], [77.18398852406847, 28.533117226195074], [77.18398081700262, 28.53309028332067], [77.18397207085154, 28.53308230396317], [77.18395417415744, 28.533076456712738], [77.18393612197266, 28.53308288227105], [77.18391490627776, 28.53310433571333], [77.1839118130751, 28.533112866422123], [77.18392165902782, 28.533134541967048], [77.18394719502864, 28.533144236134795]]]}, "properties": {"node": "acacia", "role": "positive", "name": "acacia", "ts": "2026-07-14T16:25:08.342569+00:00"}}, {"type": "Feature", "geometry": {"type": "Polygon", "coordinates": [[[77.18390997456493, 28.53320203618965], [77.18395989763181, 28.533185534306178], [77.18396674889043, 28.533170988431294], [77.1839633055307, 28.533152638360452], [77.18392161848922, 28.533142482231415], [77.18390374450072, 28.53314764179914], [77.18388984437742, 28.53315724858239], [77.18388211655572, 28.533168921422835], [77.18388325356264, 28.53318442146557], [77.18389120874106, 28.533193676672767], [77.18390997456493, 28.53320203618965]]]}, "properties": {"node": "acacia", "role": "positive", "name": "acacia", "ts": "2026-07-14T16:25:08.342610+00:00"}}, {"type": "Feature", "geometry": {"type": "Polygon", "coordinates": [[[77.18340699989021, 28.53283876905253], [77.1834198009711, 28.53283531515042], [77.18343523469804, 28.532820811714146], [77.18344396115744, 28.53279811564451], [77.18342455257523, 28.53277839831222], [77.18339912086277, 28.53277375484476], [77.18338395429134, 28.532781397040885], [77.18337601474217, 28.532792712367694], [77.18337165945056, 28.532819307941093], [77.18337834439085, 28.532826418260967], [77.18340699989021, 28.53283876905253]]]}, "properties": {"node": "acacia", "role": "positive", "name": "acacia", "ts": "2026-07-14T16:25:08.342647+00:00"}}, {"type": "Feature", "geometry": {"type": "Polygon", "coordinates": [[[77.18367727699759, 28.532935832476774], [77.18368724455581, 28.532933687246373], [77.1837014899333, 28.532921007352844], [77.18370177121163, 28.532895018640147], [77.1836829600809, 28.53286464543811], [77.18365996823374, 28.53285942143868], [77.18364928039168, 28.532866269842014], [77.18363995981024, 28.532889877708175], [77.18366055006553, 28.5329272596841], [77.18367727699759, 28.532935832476774]]]}, "properties": {"node": "acacia", "role": "positive", "name": "acacia", "ts": "2026-07-14T16:25:08.342691+00:00"}}, {"type": "Feature", "geometry": {"type": "Polygon", "coordinates": [[[77.18404234040288, 28.533041836344445], [77.18406823984358, 28.53303943477948], [77.184078793714, 28.533026092452843], [77.18407186272135, 28.532997152195613], [77.18406095122957, 28.532983252970265], [77.18404797154726, 28.53297804841109], [77.18401909016033, 28.532984467749472], [77.18400855861158, 28.532998892386942], [77.18400959144651, 28.533009341623714], [77.184027477768, 28.53303449672699], [77.18404234040288, 28.533041836344445]]]}, "properties": {"node": "acacia", "role": "positive", "name": "acacia", "ts": "2026-07-14T16:25:08.342729+00:00"}}, {"type": "Feature", "geometry": {"type": "Polygon", "coordinates": [[[77.18411061897704, 28.532538376982654], [77.18413713436892, 28.532526221430267], [77.18415745847057, 28.532501173387384], [77.18415162732136, 28.532485929312955], [77.18412674888192, 28.53247838994749], [77.18411634269657, 28.53246917418364], [77.18409380076153, 28.532475852435525], [77.18408887674603, 28.532484773492918], [77.18409652837146, 28.532518935085182], [77.18410380045557, 28.532534697317804], [77.18411061897704, 28.532538376982654]]]}, "properties": {"node": "acacia", "role": "positive", "name": "acacia", "ts": "2026-07-14T16:25:08.342776+00:00"}}, {"type": "Feature", "geometry": {"type": "Polygon", "coordinates": [[[77.1840691108524, 28.53281422449868], [77.18408031880033, 28.532812781067975], [77.18408996300835, 28.53280486674734], [77.18409946913008, 28.53278035364053], [77.18408696415226, 28.53275854043989], [77.18406251276488, 28.532751896423516], [77.18404240693522, 28.53275781369493], [77.18403220617724, 28.53277836816701], [77.18404337439033, 28.532804714021513], [77.1840691108524, 28.53281422449868]]]}, "properties": {"node": "acacia", "role": "positive", "name": "acacia", "ts": "2026-07-14T16:25:08.342813+00:00"}}, {"type": "Feature", "geometry": {"type": "Polygon", "coordinates": [[[77.18310146510196, 28.53309287820908], [77.18312841902404, 28.533082159359502], [77.18313449800765, 28.533069791290632], [77.18313395899965, 28.53305355983761], [77.18311561633027, 28.533035990669916], [77.18308201808345, 28.53303165891452], [77.1830706507806, 28.533045194694513], [77.18307076670143, 28.53307063568689], [77.18307583619568, 28.53307867422767], [77.18310146510196, 28.53309287820908]]]}, "properties": {"node": "acacia", "role": "positive", "name": "acacia", "ts": "2026-07-14T16:25:08.342852+00:00"}}, {"type": "Feature", "geometry": {"type": "Polygon", "coordinates": [[[77.18406070636118, 28.53271385143466], [77.18406823400095, 28.532712286766895], [77.18407971980808, 28.53269459875065], [77.18407847487303, 28.53267386751957], [77.18405193219188, 28.532654986834597], [77.18402418711477, 28.532657057192825], [77.18401184375084, 28.532682698612803], [77.18401772326516, 28.53270028770973], [77.18406070636118, 28.53271385143466]]]}, "properties": {"node": "acacia", "role": "positive", "name": "acacia", "ts": "2026-07-14T16:25:08.342890+00:00"}}, {"type": "Feature", "geometry": {"type": "Polygon", "coordinates": [[[77.1834096217507, 28.532946092119822], [77.18343489354665, 28.53294297898747], [77.18344744911941, 28.532927619610152], [77.18344791645944, 28.532910650191596], [77.18342685149715, 28.532889876825898], [77.18339141533679, 28.532895499222498], [77.18337688788908, 28.53291431877749], [77.18338916617162, 28.53293505301942], [77.1834096217507, 28.532946092119822]]]}, "properties": {"node": "acacia", "role": "positive", "name": "acacia", "ts": "2026-07-14T16:25:08.342928+00:00"}}, {"type": "Feature", "geometry": {"type": "Polygon", "coordinates": [[[77.18388031221932, 28.53346776857913], [77.18389834586782, 28.533460441095446], [77.18391119126191, 28.53344922726583], [77.1839082758692, 28.53344656747915], [77.18392881600036, 28.533431981841435], [77.1839257108428, 28.533420122375833], [77.18390392579354, 28.533413976781034], [77.18388940092885, 28.53340320324798], [77.18386988912947, 28.53340820871389], [77.18386301924025, 28.533421852655593], [77.18386283847022, 28.533452711783315], [77.18387021438866, 28.5334636003205], [77.18388031221932, 28.53346776857913]]]}, "properties": {"node": "acacia", "role": "positive", "name": "acacia", "ts": "2026-07-14T16:25:08.342968+00:00"}}, {"type": "Feature", "geometry": {"type": "Polygon", "coordinates": [[[77.18392105418478, 28.532768427296837], [77.18393931801425, 28.53276235922911], [77.18395316932174, 28.53274048291749], [77.18394745686143, 28.532721086672755], [77.18393123108444, 28.53270709247857], [77.18390365342265, 28.53271728017803], [77.18388650055145, 28.532737585583316], [77.18389425554561, 28.532756948973994], [77.18392105418478, 28.532768427296837]]]}, "properties": {"node": "acacia", "role": "positive", "name": "acacia", "ts": "2026-07-14T16:25:08.343005+00:00"}}, {"type": "Feature", "geometry": {"type": "Polygon", "coordinates": [[[77.18358154404602, 28.532920590838252], [77.1835943674512, 28.532918219235007], [77.18360841602438, 28.532905903407848], [77.18361471407745, 28.53289425357917], [77.18361352539205, 28.53288615263929], [77.18359644540867, 28.532870367686353], [77.18355925990437, 28.53287042444446], [77.18355206670422, 28.532878299307242], [77.18354523063753, 28.532903491218832], [77.18356185746774, 28.532917118117634], [77.18358154404602, 28.532920590838252]]]}, "properties": {"node": "acacia", "role": "positive", "name": "acacia", "ts": "2026-07-14T16:25:08.343042+00:00"}}, {"type": "Feature", "geometry": {"type": "Polygon", "coordinates": [[[77.18337617435061, 28.532899533699634], [77.1834193048915, 28.5328806150176], [77.18341721702264, 28.532858634212467], [77.18340558904775, 28.53284961848926], [77.18337565255747, 28.532844506130207], [77.18335801293567, 28.532861029939898], [77.18335538061555, 28.5328820039841], [77.18336794092436, 28.532896598536322], [77.18337617435061, 28.532899533699634]]]}, "properties": {"node": "acacia", "role": "positive", "name": "acacia", "ts": "2026-07-14T16:25:08.343081+00:00"}}, {"type": "Feature", "geometry": {"type": "Polygon", "coordinates": [[[77.18339576486403, 28.532700186941685], [77.18340937922635, 28.5326965395156], [77.18341823959945, 28.532680337341688], [77.18341919357229, 28.532667149457417], [77.1833898655018, 28.532641997832858], [77.18337281196624, 28.53263740006147], [77.18335997404364, 28.532648974610993], [77.18336133009694, 28.532665192922607], [77.18338150020229, 28.532692115849358], [77.18339576486403, 28.532700186941685]]]}, "properties": {"node": "acacia", "role": "positive", "name": "acacia", "ts": "2026-07-14T16:25:08.343119+00:00"}}, {"type": "Feature", "geometry": {"type": "Polygon", "coordinates": [[[77.1834915597949, 28.53268872174967], [77.18350130448042, 28.532685677889337], [77.18350967483732, 28.532675438301567], [77.18351349510012, 28.532642716173783], [77.18348291614288, 28.532636170603197], [77.1834552789302, 28.53264347203784], [77.18345561035042, 28.53266945089906], [77.18347739184823, 28.53268534070222], [77.1834915597949, 28.53268872174967]]]}, "properties": {"node": "acacia", "role": "positive", "name": "acacia", "ts": "2026-07-14T16:25:08.343157+00:00"}}, {"type": "Feature", "geometry": {"type": "Polygon", "coordinates": [[[77.1837514996151, 28.53303749267219], [77.18378199647296, 28.53303014517506], [77.18378635576308, 28.5330136544902], [77.18378167575052, 28.53299478296813], [77.18373791312541, 28.53299296067082], [77.18372641197693, 28.533000002608507], [77.18372594505368, 28.533026896535556], [77.1837514996151, 28.53303749267219]]]}, "properties": {"node": "acacia", "role": "positive", "name": "acacia", "ts": "2026-07-14T16:25:08.343193+00:00"}}, {"type": "Feature", "geometry": {"type": "Polygon", "coordinates": [[[77.18357952377714, 28.53271365204308], [77.18359468660334, 28.532705829440385], [77.18360263320513, 28.53268495036288], [77.18358769588932, 28.53266407846256], [77.18356657957958, 28.53266062873663], [77.18354856835818, 28.532669038486418], [77.18354652280021, 28.53268873997546], [77.18355685491258, 28.53270427257709], [77.18357952377714, 28.53271365204308]]]}, "properties": {"node": "acacia", "role": "positive", "name": "acacia", "ts": "2026-07-14T16:25:08.343231+00:00"}}, {"type": "Feature", "geometry": {"type": "Polygon", "coordinates": [[[77.18404748869891, 28.532607961982244], [77.18407247799257, 28.532601063919014], [77.18408204404165, 28.532589361496424], [77.18407636133625, 28.53257140834455], [77.18405990154584, 28.532555974364122], [77.18404571539683, 28.53256161595576], [77.18401924914858, 28.53259596552622], [77.18403112232701, 28.53260696215458], [77.18404748869891, 28.532607961982244]]]}, "properties": {"node": "acacia", "role": "positive", "name": "acacia", "ts": "2026-07-14T16:25:08.343267+00:00"}}, {"type": "Feature", "geometry": {"type": "Polygon", "coordinates": [[[77.18316077687938, 28.53308578926641], [77.18317416844725, 28.533081243215776], [77.18318701355852, 28.533060104939594], [77.1831880121952, 28.533049081687473], [77.1831783672538, 28.533037146922744], [77.18314709360243, 28.533026642644533], [77.18313543278634, 28.533035852450727], [77.18313856791471, 28.53305907954143], [77.18316077687938, 28.53308578926641]]]}, "properties": {"node": "acacia", "role": "positive", "name": "acacia", "ts": "2026-07-14T16:25:08.343307+00:00"}}, {"type": "Feature", "geometry": {"type": "Polygon", "coordinates": [[[77.1831470568207, 28.5326879464884], [77.18315737336675, 28.532682908552676], [77.1831777680908, 28.532651363462907], [77.18317870349628, 28.53263727364876], [77.18316951545822, 28.532627677329113], [77.18315313792581, 28.53262613623731], [77.18314442938275, 28.532629885193973], [77.18313200397569, 28.532651558053818], [77.1831346155891, 28.532679124263773], [77.1831470568207, 28.5326879464884]]]}, "properties": {"node": "acacia", "role": "positive", "name": "acacia", "ts": "2026-07-14T16:25:08.343347+00:00"}}, {"type": "Feature", "geometry": {"type": "Polygon", "coordinates": [[[77.18311273280392, 28.532747504218765], [77.18313101156154, 28.532742157801447], [77.18314743279956, 28.532716089986103], [77.18311860626872, 28.532695441380742], [77.18310241097504, 28.5327027391967], [77.18308720781526, 28.532728426528163], [77.18309231820544, 28.532738449315385], [77.18311273280392, 28.532747504218765]]]}, "properties": {"node": "acacia", "role": "positive", "name": "acacia", "ts": "2026-07-14T16:25:08.343383+00:00"}}, {"type": "Feature", "geometry": {"type": "Polygon", "coordinates": [[[77.18426781159617, 28.532858665384005], [77.18429302007085, 28.53285248553501], [77.18430257867236, 28.532840422325684], [77.18430218090344, 28.53283104554841], [77.18425097917809, 28.53281526833912], [77.18424413128177, 28.532820070103735], [77.18424726952519, 28.532823628526888], [77.18424185885206, 28.532828768059318], [77.18424149541761, 28.532840863769756], [77.18425773241889, 28.532855399080745], [77.18426781159617, 28.532858665384005]]]}, "properties": {"node": "acacia", "role": "positive", "name": "acacia", "ts": "2026-07-14T16:25:08.343420+00:00"}}, {"type": "Feature", "geometry": {"type": "Polygon", "coordinates": [[[77.18329348782012, 28.53321971117644], [77.18330707993347, 28.533214981441333], [77.18330922192081, 28.53319004547694], [77.18330151535122, 28.533173027067207], [77.18328403090251, 28.53316735354348], [77.18327418978326, 28.533175631868268], [77.18327279752368, 28.533187383233862], [77.18328524693075, 28.533216415237572], [77.18329348782012, 28.53321971117644]]]}, "properties": {"node": "acacia", "role": "positive", "name": "acacia", "ts": "2026-07-14T16:25:08.343456+00:00"}}, {"type": "Feature", "geometry": {"type": "Polygon", "coordinates": [[[77.18359681120468, 28.532818754315258], [77.18361013575333, 28.53281096127767], [77.18361085568573, 28.53279633359144], [77.18359971769864, 28.532781355293917], [77.18357813705322, 28.532775206352778], [77.18357012312248, 28.53278291397124], [77.18356988574166, 28.5327912182944], [77.18358611184449, 28.532815137044718], [77.18359681120468, 28.532818754315258]]]}, "properties": {"node": "acacia", "role": "positive", "name": "acacia", "ts": "2026-07-14T16:25:08.343494+00:00"}}, {"type": "Feature", "geometry": {"type": "Polygon", "coordinates": [[[77.1836250231776, 28.532888854836298], [77.18363918335258, 28.532881950583846], [77.18364522134154, 28.53286759825056], [77.18363780456788, 28.53285472545162], [77.18362134887148, 28.532849396314358], [77.18360618974788, 28.532857399306806], [77.18360497574, 28.532867884687334], [77.18361469511599, 28.53288342713864], [77.1836250231776, 28.532888854836298]]]}, "properties": {"node": "acacia", "role": "positive", "name": "acacia", "ts": "2026-07-14T16:25:08.343531+00:00"}}, {"type": "Feature", "geometry": {"type": "Polygon", "coordinates": [[[77.19700592952313, 28.542882960517623], [77.19695935012054, 28.542861493673755], [77.19695093636373, 28.542850149112507], [77.19694246922114, 28.542816029089074], [77.19694922981897, 28.542788143653123], [77.19698175932511, 28.54275910041652], [77.19699111958734, 28.542755430611834], [77.19704100516131, 28.542764437313668], [77.19706536988713, 28.54277644953632], [77.19707582017621, 28.542794982885994], [77.19707026531131, 28.542830440917726], [77.19706338772981, 28.542842588515544], [77.19704040890781, 28.54286703301399], [77.19702096897954, 28.542880124649553], [77.19700592952313, 28.542882960517623]]]}, "properties": {"node": "acacia", "role": "positive", "name": "acacia", "ts": "2026-07-14T16:25:16.419687+00:00"}}, {"type": "Feature", "geometry": {"type": "Polygon", "coordinates": [[[77.19667871283016, 28.542717156480037], [77.19666712948552, 28.542714751520048], [77.19665646365057, 28.54270603581431], [77.19664860413576, 28.542680979430603], [77.19666908837773, 28.542667685773], [77.19669450164263, 28.542659497194613], [77.19671557757543, 28.542674710657618], [77.19671669272799, 28.542688025094066], [77.19670518577367, 28.542709506269325], [77.19669461768298, 28.542715602856685], [77.19667871283016, 28.542717156480037]]]}, "properties": {"node": "acacia", "role": "positive", "name": "acacia", "ts": "2026-07-14T16:25:16.419744+00:00"}}, {"type": "Feature", "geometry": {"type": "Polygon", "coordinates": [[[77.19683500499386, 28.5427203672886], [77.19682183513379, 28.542712247645316], [77.19681747179966, 28.54269398610157], [77.1968366636701, 28.542679046776264], [77.19685639561503, 28.54268002361848], [77.19686626905965, 28.542690974213986], [77.19686719765811, 28.542705402708247], [77.19683500499386, 28.5427203672886]]]}, "properties": {"node": "acacia", "role": "positive", "name": "acacia", "ts": "2026-07-14T16:25:16.419788+00:00"}}, {"type": "Feature", "geometry": {"type": "Polygon", "coordinates": [[[77.196861597499, 28.542971031984337], [77.19683992504613, 28.542967494125886], [77.19682726876607, 28.54295381097048], [77.19683213676484, 28.542935770361286], [77.19685856363866, 28.542925898784198], [77.1968707122834, 28.542935331165392], [77.19687552350584, 28.54296506620632], [77.19687206356595, 28.54297012188954], [77.196861597499, 28.542971031984337]]]}, "properties": {"node": "acacia", "role": "positive", "name": "acacia", "ts": "2026-07-14T16:25:16.419829+00:00"}}, {"type": "Feature", "geometry": {"type": "Polygon", "coordinates": [[[77.19738841267142, 28.543266373532383], [77.19736569584286, 28.54326303784267], [77.19735588378639, 28.543255049068048], [77.19734151226598, 28.54321935810607], [77.19733956235163, 28.54320624236651], [77.19735620617539, 28.54317967829834], [77.19736450293986, 28.543175284991168], [77.19741307891718, 28.543191904855263], [77.19741260937866, 28.543209689097576], [77.19742309228891, 28.543239887807573], [77.1974032310086, 28.543262985680148], [77.19738841267142, 28.543266373532383]]]}, "properties": {"node": "acacia", "role": "positive", "name": "acacia", "ts": "2026-07-14T16:25:16.419872+00:00"}}, {"type": "Feature", "geometry": {"type": "Polygon", "coordinates": [[[77.19681112516548, 28.543509592398554], [77.19677044204373, 28.5434893262796], [77.1967557991344, 28.543470860766725], [77.19675796332822, 28.543443790425847], [77.19676940288122, 28.543429161751277], [77.19680957876832, 28.543424993196023], [77.19683303594375, 28.543433687023036], [77.1968439845083, 28.543445916428546], [77.19685040575854, 28.543462292925586], [77.19684890932191, 28.54347102029507], [77.19682898041488, 28.543500970598668], [77.19681112516548, 28.543509592398554]]]}, "properties": {"node": "acacia", "role": "positive", "name": "acacia", "ts": "2026-07-14T16:25:16.419913+00:00"}}, {"type": "Feature", "geometry": {"type": "Polygon", "coordinates": [[[77.19671773255396, 28.54375849560739], [77.19669944476509, 28.543756384339225], [77.1966950984645, 28.543749047748218], [77.1967041262372, 28.54373945779332], [77.1967001646164, 28.543730448416092], [77.19670605561812, 28.543721279575866], [77.19669966769726, 28.543676200659558], [77.19669132904471, 28.543658373801026], [77.19666855111882, 28.543631892313446], [77.19666336675776, 28.543604385386207], [77.1966753238037, 28.54358437831532], [77.1967034454048, 28.543565220665073], [77.19679393637131, 28.5435604229384], [77.19681492412768, 28.543571378816356], [77.19683468271795, 28.543593835334754], [77.19686101882832, 28.54360988949212], [77.19686710365592, 28.54362016071178], [77.19686683597341, 28.543637571340902], [77.1968548136351, 28.54365443153698], [77.19682567463093, 28.54367508707263], [77.19679682935565, 28.543719995559577], [77.19671773255396, 28.54375849560739]]]}, "properties": {"node": "acacia", "role": "positive", "name": "acacia", "ts": "2026-07-14T16:25:16.419956+00:00"}}, {"type": "Feature", "geometry": {"type": "Polygon", "coordinates": [[[77.19734327073233, 28.543536346395083], [77.19729540211426, 28.54353360306132], [77.19728608616278, 28.543529309717968], [77.19726464486074, 28.543496510802562], [77.19726460083216, 28.54348429007474], [77.19727220548887, 28.543466760669467], [77.19729447235359, 28.543468622270957], [77.19735322839377, 28.543460449290855], [77.19736508680154, 28.543465997681732], [77.19737324426677, 28.543515492069027], [77.19736433956717, 28.543531005619897], [77.19734327073233, 28.543536346395083]]]}, "properties": {"node": "acacia", "role": "positive", "name": "acacia", "ts": "2026-07-14T16:25:16.419996+00:00"}}, {"type": "Feature", "geometry": {"type": "Polygon", "coordinates": [[[77.19752737672636, 28.542929885805275], [77.19750784283296, 28.5429283503363], [77.19748330683372, 28.542918192703123], [77.1974739661016, 28.542902604197923], [77.19746999884173, 28.54288322522771], [77.19747457461523, 28.542851116156765], [77.19752763396356, 28.542831184250918], [77.19753838266571, 28.542833787822804], [77.19755563162391, 28.54284647068325], [77.19757012260038, 28.54286771616904], [77.19757493223528, 28.542887266670164], [77.19756832199498, 28.54290218756294], [77.1975511206341, 28.542922094441206], [77.19752737672636, 28.542929885805275]]]}, "properties": {"node": "acacia", "role": "positive", "name": "acacia", "ts": "2026-07-14T16:25:16.420036+00:00"}}, {"type": "Feature", "geometry": {"type": "Polygon", "coordinates": [[[77.19770597330951, 28.543017543854248], [77.19766176292596, 28.543009186207154], [77.19765052012572, 28.542992887819896], [77.19765846527979, 28.542961464882946], [77.19768256514841, 28.542940520426196], [77.19769591602908, 28.54293715630465], [77.19772709866047, 28.542944243502397], [77.19774863812731, 28.542971670729845], [77.19774262014782, 28.542994914839653], [77.19771663362181, 28.543015889855816], [77.19770597330951, 28.543017543854248]]]}, "properties": {"node": "acacia", "role": "positive", "name": "acacia", "ts": "2026-07-14T16:25:16.420075+00:00"}}, {"type": "Feature", "geometry": {"type": "Polygon", "coordinates": [[[77.19747437617447, 28.54249817896996], [77.1974350433511, 28.542482335336942], [77.19741824655479, 28.542461127162994], [77.19741194476049, 28.54243030523608], [77.19741976279968, 28.542412957542872], [77.19742998842896, 28.54241056991299], [77.19744392762053, 28.542415343921377], [77.19745833042654, 28.542412147968168], [77.1974726658135, 28.54241580451905], [77.19748495873505, 28.54242208656308], [77.1974993804498, 28.542440000061415], [77.19749835683255, 28.54247149610362], [77.1974860346125, 28.54249410157817], [77.19747437617447, 28.54249817896996]]]}, "properties": {"node": "acacia", "role": "positive", "name": "acacia", "ts": "2026-07-14T16:25:16.420114+00:00"}}, {"type": "Feature", "geometry": {"type": "Polygon", "coordinates": [[[77.19705436952101, 28.542660709068038], [77.19704355551858, 28.542654958566157], [77.1970344706164, 28.542641587966145], [77.19703922885282, 28.54262836363527], [77.1970573473651, 28.542622329976673], [77.19706960570404, 28.542626946057666], [77.19707463254733, 28.542646863411903], [77.19706812427619, 28.542656597777793], [77.19705436952101, 28.542660709068038]]]}, "properties": {"node": "acacia", "role": "positive", "name": "acacia", "ts": "2026-07-14T16:25:16.420152+00:00"}}, {"type": "Feature", "geometry": {"type": "Polygon", "coordinates": [[[77.19737524190543, 28.543429909646964], [77.1973592485619, 28.54342720579972], [77.19732474489321, 28.54339147041987], [77.19732572978904, 28.543378307167917], [77.19734424701612, 28.5433409727178], [77.19737252072274, 28.543298850978733], [77.19738241766031, 28.543290728297226], [77.19743000351107, 28.543289957889137], [77.19744686994436, 28.543294314153364], [77.19746595951175, 28.543304745142237], [77.197488947181, 28.543331223095993], [77.19749479728786, 28.543350386406168], [77.19749076790747, 28.54336841345693], [77.19746524455147, 28.54340160237026], [77.19740970986973, 28.54341342671058], [77.19737524190543, 28.543429909646964]]]}, "properties": {"node": "acacia", "role": "positive", "name": "acacia", "ts": "2026-07-14T16:25:16.420193+00:00"}}, {"type": "Feature", "geometry": {"type": "Polygon", "coordinates": [[[77.19777054736498, 28.543430916135147], [77.19775078837135, 28.543428643656725], [77.19773723369332, 28.543422196900252], [77.19772706204553, 28.543406992217747], [77.19773502846698, 28.543366495440896], [77.19774274451628, 28.543354334234685], [77.19775503576665, 28.543350431743505], [77.19777114058623, 28.54335850376506], [77.19779005492276, 28.543390787994433], [77.19779002777341, 28.54340967611155], [77.19778281940182, 28.543426088085756], [77.19777054736498, 28.543430916135147]]]}, "properties": {"node": "acacia", "role": "positive", "name": "acacia", "ts": "2026-07-14T16:25:16.420231+00:00"}}, {"type": "Feature", "geometry": {"type": "Polygon", "coordinates": [[[77.1978459368768, 28.543446175786478], [77.1978213371786, 28.54344305583819], [77.19780462855958, 28.543426105281835], [77.19779844755065, 28.54341120633188], [77.19780560414023, 28.543382203410488], [77.19783695063967, 28.543366881953666], [77.19784540885696, 28.54337026328178], [77.19788365707136, 28.54341464103084], [77.19787588518007, 28.543434210080893], [77.1978459368768, 28.543446175786478]]]}, "properties": {"node": "acacia", "role": "positive", "name": "acacia", "ts": "2026-07-14T16:25:16.420268+00:00"}}, {"type": "Feature", "geometry": {"type": "Polygon", "coordinates": [[[77.19753804093976, 28.543867616040558], [77.19748106965652, 28.543860761173466], [77.19744360760998, 28.543844146582988], [77.19741807913074, 28.54382659808277], [77.19741243302329, 28.54379706176195], [77.19742180726807, 28.543763763966616], [77.19741643613575, 28.5437373711403], [77.19741897299093, 28.543728256575363], [77.19743152981265, 28.54371694287892], [77.19746656110762, 28.543717486750722], [77.19752085559864, 28.54369642379536], [77.19754700554547, 28.543693407976516], [77.19758164447826, 28.54369525438481], [77.19764007334352, 28.5437117146244], [77.19765436636905, 28.54373351881873], [77.19766699158185, 28.54378608878562], [77.19766463157391, 28.54380371846303], [77.19765359215364, 28.54381741486383], [77.19758542716055, 28.543857219787924], [77.19753804093976, 28.543867616040558]]]}, "properties": {"node": "acacia", "role": "positive", "name": "acacia", "ts": "2026-07-14T16:25:16.420309+00:00"}}, {"type": "Feature", "geometry": {"type": "Polygon", "coordinates": [[[77.19762444781394, 28.543524757406495], [77.19761305477384, 28.543521423583964], [77.19759865209978, 28.54350443566492], [77.19757439683623, 28.543487607269427], [77.19756600218075, 28.543477188309097], [77.19756320602566, 28.543463715929356], [77.19757520900787, 28.54344593012201], [77.19763404778467, 28.543431644962304], [77.1976446061412, 28.543435177471697], [77.1976721250106, 28.543457693383676], [77.1976802657085, 28.543476078901715], [77.19766174473897, 28.543513228280727], [77.19762444781394, 28.543524757406495]]]}, "properties": {"node": "acacia", "role": "positive", "name": "acacia", "ts": "2026-07-14T16:25:16.420348+00:00"}}, {"type": "Feature", "geometry": {"type": "Polygon", "coordinates": [[[77.19774666022268, 28.543664065776426], [77.19773461520926, 28.543659631482146], [77.1977268263489, 28.543648091684005], [77.19773441760623, 28.54361982242081], [77.19775498260154, 28.543610415930683], [77.19777691865697, 28.54361654179401], [77.19778163430884, 28.54362146511396], [77.19777999343196, 28.54365352666584], [77.1977713427422, 28.543661073676148], [77.19774666022268, 28.543664065776426]]]}, "properties": {"node": "acacia", "role": "positive", "name": "acacia", "ts": "2026-07-14T16:25:16.420389+00:00"}}, {"type": "Feature", "geometry": {"type": "Polygon", "coordinates": [[[77.19742691349668, 28.543757200229567], [77.19740863546356, 28.543745459886747], [77.19740543366545, 28.54372255023138], [77.19742251010409, 28.543706719203207], [77.19744044604676, 28.543701984656998], [77.19746064149588, 28.543715175338605], [77.19746075089179, 28.5437305429533], [77.19744959022516, 28.543748500287816], [77.19742691349668, 28.543757200229567]]]}, "properties": {"node": "acacia", "role": "positive", "name": "acacia", "ts": "2026-07-14T16:25:16.420428+00:00"}}, {"type": "Feature", "geometry": {"type": "Polygon", "coordinates": [[[77.19765837318863, 28.543674013308127], [77.19764298562892, 28.54367018864752], [77.19762690973242, 28.543653412998456], [77.1976249582517, 28.54360992886713], [77.1976736003351, 28.54358932772154], [77.19770761418813, 28.543591369393443], [77.19771492996453, 28.543600324426972], [77.19771901647275, 28.543625441827146], [77.1977126868349, 28.543653875834504], [77.19769094477293, 28.543667190017302], [77.19765837318863, 28.543674013308127]]]}, "properties": {"node": "acacia", "role": "positive", "name": "acacia", "ts": "2026-07-14T16:25:16.420466+00:00"}}, {"type": "Feature", "geometry": {"type": "Polygon", "coordinates": [[[77.19788278717186, 28.544372371378792], [77.19785977588343, 28.54436496673841], [77.19785928015895, 28.544320903524817], [77.19786428258257, 28.54430934177409], [77.19788536307023, 28.544304556244597], [77.19789720237769, 28.544309179026477], [77.19791133791631, 28.544323393632755], [77.19791560338545, 28.544347026737512], [77.1979042715553, 28.544366838612227], [77.19788278717186, 28.544372371378792]]]}, "properties": {"node": "acacia", "role": "positive", "name": "acacia", "ts": "2026-07-14T16:25:16.420504+00:00"}}, {"type": "Feature", "geometry": {"type": "Polygon", "coordinates": [[[77.19751656478861, 28.54452995833894], [77.19750685638242, 28.544526967582446], [77.19750080218739, 28.54451817728758], [77.19750579162451, 28.54447569181721], [77.19751938130189, 28.544463620694412], [77.19754264656592, 28.544463058828477], [77.19756482111914, 28.54448066160207], [77.19757060981371, 28.544496863124788], [77.19756893839278, 28.544507259892303], [77.19756259741416, 28.54451495466734], [77.19751656478861, 28.54452995833894]]]}, "properties": {"node": "acacia", "role": "positive", "name": "acacia", "ts": "2026-07-14T16:25:16.420542+00:00"}}, {"type": "Feature", "geometry": {"type": "Polygon", "coordinates": [[[77.19784647872216, 28.54332080468455], [77.19781607682539, 28.543310927277233], [77.19779545446946, 28.543297373212834], [77.197789325488, 28.543274881313632], [77.19781139084986, 28.543236748659186], [77.19784478746641, 28.54321917192507], [77.19785928647265, 28.543220603700714], [77.19786340962881, 28.543237387704696], [77.19787229478312, 28.543241132464686], [77.19788139115289, 28.543275242225953], [77.19787055737132, 28.543308934029152], [77.19785651017384, 28.54331916085728], [77.19784647872216, 28.54332080468455]]]}, "properties": {"node": "acacia", "role": "positive", "name": "acacia", "ts": "2026-07-14T16:25:16.420580+00:00"}}, {"type": "Feature", "geometry": {"type": "Polygon", "coordinates": [[[77.1979037412437, 28.543402279533296], [77.19788035704346, 28.5433971030058], [77.19786103088224, 28.543385379695756], [77.19785387476342, 28.543374014831446], [77.19785227868728, 28.543357745426125], [77.197865247215, 28.543325870788756], [77.19788974149924, 28.543293624336044], [77.19790891205682, 28.543287758698625], [77.19792346873933, 28.543291967132554], [77.197964188398, 28.543324083399604], [77.19797163488872, 28.54333933219479], [77.19797441753236, 28.543362248621396], [77.19797147300717, 28.54337192531668], [77.19795306203973, 28.54338407455474], [77.19791692483238, 28.543400955003534], [77.1979037412437, 28.543402279533296]]]}, "properties": {"node": "acacia", "role": "positive", "name": "acacia", "ts": "2026-07-14T16:25:16.420618+00:00"}}, {"type": "Feature", "geometry": {"type": "Polygon", "coordinates": [[[77.19779812354949, 28.543324920816353], [77.19778454966169, 28.54331754850862], [77.19778384208908, 28.54330367196775], [77.19777614935677, 28.54329675994737], [77.19777374193143, 28.543261616000365], [77.19779141048896, 28.543254108140932], [77.19785136716004, 28.543182586237567], [77.19786459889069, 28.543173483655355], [77.19788473096345, 28.54317352799791], [77.19792051535849, 28.543230537421934], [77.19792535198948, 28.543251383682524], [77.19792210353637, 28.54326662049772], [77.19791368942714, 28.543275459897888], [77.1978893896284, 28.54328677862177], [77.19787327870748, 28.543308704788444], [77.19786004696155, 28.543317807372222], [77.19784481322067, 28.543321387174107], [77.19782043855805, 28.543319004273705], [77.19779812354949, 28.543324920816353]]]}, "properties": {"node": "acacia", "role": "positive", "name": "acacia", "ts": "2026-07-14T16:25:16.420658+00:00"}}, {"type": "Feature", "geometry": {"type": "Polygon", "coordinates": [[[77.19820942212544, 28.5435406532431], [77.19816765784005, 28.5435289230359], [77.19815210880319, 28.54351732377034], [77.19815010110818, 28.543501431383586], [77.19816169827372, 28.54347420826303], [77.19816929308205, 28.543466307983312], [77.198188227108, 28.54345914992368], [77.19820473032608, 28.54343592115509], [77.19822007372844, 28.543427525031294], [77.198240221226, 28.54342830976244], [77.19826013787164, 28.543438171720027], [77.19828161620443, 28.543442453182646], [77.19830360593944, 28.543471354404108], [77.1983031268698, 28.543498767807634], [77.19827622108056, 28.543515869180453], [77.19822925235492, 28.543536258261742], [77.19820942212544, 28.5435406532431]]]}, "properties": {"node": "acacia", "role": "positive", "name": "acacia", "ts": "2026-07-14T16:25:16.420697+00:00"}}, {"type": "Feature", "geometry": {"type": "Polygon", "coordinates": [[[77.19784921543591, 28.543321315888516], [77.19782134831142, 28.54331232330302], [77.19779540653707, 28.543284967377158], [77.19779621838495, 28.54326347412701], [77.19781998744837, 28.543246793987777], [77.19784688533265, 28.54324950637681], [77.19787519273149, 28.543269602226562], [77.19787268826308, 28.543310566082738], [77.19784921543591, 28.543321315888516]]]}, "properties": {"node": "acacia", "role": "positive", "name": "acacia", "ts": "2026-07-14T16:25:16.420734+00:00"}}, {"type": "Feature", "geometry": {"type": "Polygon", "coordinates": [[[77.1982801242166, 28.54450129806109], [77.19826602891328, 28.5444991191061], [77.19825828607127, 28.544489800678058], [77.1982577034551, 28.544471848308998], [77.19826676189757, 28.544463739143207], [77.19828688267619, 28.544463228079653], [77.1983071957187, 28.544471972561478], [77.1983031702945, 28.544490184739328], [77.19829514462963, 28.544497536486766], [77.1982801242166, 28.54450129806109]]]}, "properties": {"node": "acacia", "role": "positive", "name": "acacia", "ts": "2026-07-14T16:25:16.420773+00:00"}}, {"type": "Feature", "geometry": {"type": "Polygon", "coordinates": [[[77.19859583143491, 28.543456621691703], [77.19857886495245, 28.543447452689474], [77.19857226073107, 28.54343237546131], [77.19858307497866, 28.543417941945613], [77.1986032975054, 28.543412244343497], [77.19862451425675, 28.543424122092045], [77.19862771826588, 28.543437032318206], [77.19862001769921, 28.54344993401319], [77.19859583143491, 28.543456621691703]]]}, "properties": {"node": "acacia", "role": "positive", "name": "acacia", "ts": "2026-07-14T16:25:16.420811+00:00"}}, {"type": "Feature", "geometry": {"type": "Polygon", "coordinates": [[[77.19836354447341, 28.543489826787116], [77.19831537595422, 28.543472645156246], [77.19828683002571, 28.543441072524654], [77.19828389720817, 28.543431120668913], [77.19828937263914, 28.543422143669467], [77.19831015486163, 28.543413103926483], [77.19835933503543, 28.543418418085455], [77.19837534364811, 28.543442046145724], [77.19838017839443, 28.54347289177263], [77.1983758126408, 28.543484813574242], [77.19836354447341, 28.543489826787116]]]}, "properties": {"node": "acacia", "role": "positive", "name": "acacia", "ts": "2026-07-14T16:25:16.420849+00:00"}}, {"type": "Feature", "geometry": {"type": "Polygon", "coordinates": [[[77.19868484178838, 28.543299819455726], [77.1986640827723, 28.543289786033352], [77.19865745366772, 28.543243229759153], [77.19867133729204, 28.54323522758007], [77.19870629534114, 28.54323225403204], [77.19871890573808, 28.543243715665024], [77.19871633817394, 28.5432715332457], [77.19869771572978, 28.543293685362425], [77.19868484178838, 28.543299819455726]]]}, "properties": {"node": "acacia", "role": "positive", "name": "acacia", "ts": "2026-07-14T16:25:16.420887+00:00"}}, {"type": "Feature", "geometry": {"type": "Polygon", "coordinates": [[[77.19852701039756, 28.544090658653843], [77.19850363371091, 28.544085852466225], [77.19848980390029, 28.544076262302106], [77.19847452403232, 28.54405743696217], [77.19846721397936, 28.544038667699045], [77.19846800063864, 28.5440260631759], [77.19849546825883, 28.543975436303906], [77.19851079248325, 28.543966114590027], [77.19854603732286, 28.54396683989348], [77.19862085798474, 28.543995070434665], [77.19863338959584, 28.54401282923767], [77.19863856106588, 28.544029596228597], [77.1986240945243, 28.5440600138121], [77.19859360570472, 28.544076247425984], [77.19855692990592, 28.544087396403352], [77.19852701039756, 28.544090658653843]]]}, "properties": {"node": "acacia", "role": "positive", "name": "acacia", "ts": "2026-07-14T16:25:16.420926+00:00"}}, {"type": "Feature", "geometry": {"type": "Polygon", "coordinates": [[[77.19853819194664, 28.544558225125574], [77.19849912166826, 28.544544970013824], [77.19849047874666, 28.544532703408095], [77.19849043841322, 28.54452066780115], [77.19849974305046, 28.544504221836853], [77.1985162520695, 28.544491362636844], [77.19854059820928, 28.544482265122248], [77.19856115747888, 28.544482672781072], [77.19859551774337, 28.544501374197164], [77.19860205086309, 28.544523118807437], [77.19859566570004, 28.544538776792486], [77.19858680537257, 28.544546327250508], [77.19853819194664, 28.544558225125574]]]}, "properties": {"node": "acacia", "role": "positive", "name": "acacia", "ts": "2026-07-14T16:25:16.420964+00:00"}}, {"type": "Feature", "geometry": {"type": "Polygon", "coordinates": [[[77.19410911221692, 28.54526835627721], [77.19407140190647, 28.545250101133185], [77.19406071880289, 28.545233791980742], [77.1940586651044, 28.545221513433606], [77.19406843193782, 28.545204476535954], [77.19410375770201, 28.54518365064799], [77.1941138537945, 28.545182494549465], [77.19414570654976, 28.54520024864912], [77.19415513543923, 28.54522114533173], [77.1941499842822, 28.545243866335795], [77.19413901929688, 28.54525734823074], [77.19412905902286, 28.545265055162126], [77.19410911221692, 28.54526835627721]]]}, "properties": {"node": "acacia", "role": "positive", "name": "acacia", "ts": "2026-07-14T16:25:16.421002+00:00"}}, {"type": "Feature", "geometry": {"type": "Polygon", "coordinates": [[[77.19416777145001, 28.54497371323326], [77.19413962692222, 28.54496126075452], [77.19413296992104, 28.544943893636134], [77.19415305036541, 28.544903655118233], [77.1941497630245, 28.54489695665958], [77.19415717466029, 28.544874794840936], [77.19415768957849, 28.54484539718472], [77.19416399260803, 28.54484569244], [77.19417088932325, 28.544852928276935], [77.19419030821754, 28.544845862735563], [77.19422386472432, 28.544859022016034], [77.19426500535178, 28.54491256829135], [77.19426614334363, 28.54492406733341], [77.1942125861676, 28.54496583996878], [77.19416777145001, 28.54497371323326]]]}, "properties": {"node": "acacia", "role": "positive", "name": "acacia", "ts": "2026-07-14T16:25:16.421040+00:00"}}, {"type": "Feature", "geometry": {"type": "Polygon", "coordinates": [[[77.19405443601781, 28.54546225659329], [77.19403472889876, 28.545455426419537], [77.19402466260364, 28.545436327222212], [77.19404176396144, 28.545371711959937], [77.1940503877072, 28.54536462237026], [77.19408353278342, 28.54535793067417], [77.1941111505794, 28.545344973876094], [77.1941296101272, 28.545345866911543], [77.19416513308232, 28.54538878089235], [77.19416278515804, 28.545405697857518], [77.19414064268986, 28.545433260814306], [77.19412090576546, 28.54544668594348], [77.19409055311601, 28.54545789976755], [77.19405443601781, 28.54546225659329]]]}, "properties": {"node": "acacia", "role": "positive", "name": "acacia", "ts": "2026-07-14T16:25:16.421078+00:00"}}, {"type": "Feature", "geometry": {"type": "Polygon", "coordinates": [[[77.19422478660638, 28.54550001222661], [77.19420718924913, 28.545497318077203], [77.19418078135733, 28.545481858888856], [77.19415807029229, 28.545449460922747], [77.1941559136768, 28.545432219628037], [77.19417067427689, 28.545406563198988], [77.19416726442273, 28.54537226458169], [77.194175216264, 28.545354462713043], [77.19420736269002, 28.545310454740438], [77.19422698589804, 28.545302393005173], [77.19424584155875, 28.545300698125896], [77.19429159586669, 28.545316440248758], [77.19430958677688, 28.545327269663762], [77.19432609612377, 28.545353413423708], [77.1943121968276, 28.54539891359692], [77.19429050814846, 28.54542666781643], [77.19428499540176, 28.545464486487575], [77.19425954912224, 28.545484556968987], [77.19422478660638, 28.54550001222661]]]}, "properties": {"node": "acacia", "role": "positive", "name": "acacia", "ts": "2026-07-14T16:25:16.421117+00:00"}}, {"type": "Feature", "geometry": {"type": "Polygon", "coordinates": [[[77.19421461639553, 28.545497595154927], [77.19419606626751, 28.54549233491249], [77.19417982858651, 28.545479292797033], [77.19415873650675, 28.545449052999164], [77.19415747092096, 28.545431400146377], [77.19418464419267, 28.54539700425205], [77.19422720681615, 28.545388968808982], [77.19425150745441, 28.545389568816883], [77.19426542288387, 28.54539907409122], [77.19427629792203, 28.54541379150984], [77.1942861755288, 28.545456325769493], [77.19427787951406, 28.545468374488717], [77.19424996849344, 28.54548888197038], [77.19421461639553, 28.545497595154927]]]}, "properties": {"node": "acacia", "role": "positive", "name": "acacia", "ts": "2026-07-14T16:25:16.421156+00:00"}}, {"type": "Feature", "geometry": {"type": "Polygon", "coordinates": [[[77.19425292123702, 28.545414368027995], [77.1941970353027, 28.54540891709565], [77.19418496367702, 28.54540156634766], [77.19417405984028, 28.545385459350857], [77.1941744857595, 28.545362616161604], [77.19419688692939, 28.5453149927858], [77.19421283900688, 28.54530341602543], [77.19423996755172, 28.545299403056635], [77.19428180944364, 28.545310839751764], [77.19430886705238, 28.545325096958113], [77.1943247456512, 28.54534251354818], [77.19432431818318, 28.545354435051955], [77.19431253627498, 28.54537190169909], [77.19430392393828, 28.545401231693088], [77.19426291856038, 28.54540844767736], [77.19425292123702, 28.545414368027995]]]}, "properties": {"node": "acacia", "role": "positive", "name": "acacia", "ts": "2026-07-14T16:25:16.421194+00:00"}}, {"type": "Feature", "geometry": {"type": "Polygon", "coordinates": [[[77.19431762310143, 28.546061872909473], [77.19430239983951, 28.54605437455512], [77.19429615120055, 28.546035015083167], [77.19430148948814, 28.54597793731075], [77.1943127404462, 28.545934862875527], [77.19432851147714, 28.545914551659262], [77.1943485967657, 28.545907078161623], [77.19436164023507, 28.545907065847345], [77.19441678015318, 28.54595244264376], [77.19442719807967, 28.54599933683321], [77.19442612087546, 28.546012460300577], [77.19441092961964, 28.54602819489362], [77.19431762310143, 28.546061872909473]]]}, "properties": {"node": "acacia", "role": "positive", "name": "acacia", "ts": "2026-07-14T16:25:16.421232+00:00"}}, {"type": "Feature", "geometry": {"type": "Polygon", "coordinates": [[[77.19438070045686, 28.54618635341445], [77.19434650357064, 28.546185714866677], [77.19433700044864, 28.546161245027548], [77.1943173121768, 28.546144485770387], [77.19431439208728, 28.546133809850446], [77.19431924274018, 28.54609659761473], [77.19433358667872, 28.546072536516835], [77.1943590454263, 28.546053061546054], [77.1943868964099, 28.546040498069953], [77.19442926738529, 28.54603405426545], [77.19444333775222, 28.5460401812109], [77.19445415113645, 28.546051920959716], [77.1944576285875, 28.546100317401905], [77.19447060690102, 28.546129695453548], [77.19443932098314, 28.546160980679048], [77.19443373257226, 28.54618430449014], [77.19438070045686, 28.54618635341445]]]}, "properties": {"node": "acacia", "role": "positive", "name": "acacia", "ts": "2026-07-14T16:25:16.421271+00:00"}}, {"type": "Feature", "geometry": {"type": "Polygon", "coordinates": [[[77.19458691740391, 28.544646036744275], [77.19456387113911, 28.544640849247035], [77.19453711511196, 28.54461943845302], [77.19453786549401, 28.544579711010908], [77.19454596953449, 28.5445692539947], [77.19458576976726, 28.544569007602927], [77.19459488580944, 28.544574817496855], [77.1946204427621, 28.54461431813341], [77.19462173561615, 28.544622438866305], [77.19461568783669, 28.54463445124992], [77.19460148912847, 28.544643815359773], [77.19458691740391, 28.544646036744275]]]}, "properties": {"node": "acacia", "role": "positive", "name": "acacia", "ts": "2026-07-14T16:25:16.421310+00:00"}}, {"type": "Feature", "geometry": {"type": "Polygon", "coordinates": [[[77.19480324140936, 28.5452740120325], [77.1947880594057, 28.545268498826815], [77.19477071657731, 28.545245545829335], [77.1947708203697, 28.545228863723842], [77.19479267768355, 28.545209248343134], [77.19482584486984, 28.545214470702003], [77.194836057869, 28.54522979450946], [77.19482600785206, 28.54526570080547], [77.19480324140936, 28.5452740120325]]]}, "properties": {"node": "acacia", "role": "positive", "name": "acacia", "ts": "2026-07-14T16:25:16.421348+00:00"}}, {"type": "Feature", "geometry": {"type": "Polygon", "coordinates": [[[77.19494939174024, 28.545326852767513], [77.19492653306959, 28.54531987511648], [77.19491118307576, 28.54528457816682], [77.19491510046562, 28.545267437234955], [77.1949442588901, 28.545252866744402], [77.19497390728824, 28.545261918926872], [77.19498427431013, 28.5452955092687], [77.19498273107615, 28.545307845969706], [77.19497242417093, 28.545320522979214], [77.19494939174024, 28.545326852767513]]]}, "properties": {"node": "acacia", "role": "positive", "name": "acacia", "ts": "2026-07-14T16:25:16.421385+00:00"}}, {"type": "Feature", "geometry": {"type": "Polygon", "coordinates": [[[77.1949711477466, 28.545204773524503], [77.19494789711621, 28.545200582286018], [77.19494186252871, 28.545191545360723], [77.19494228169276, 28.545179226838762], [77.19495673654627, 28.545160525454182], [77.19498090948457, 28.54515497152688], [77.19499295230862, 28.545160932633443], [77.1949967552208, 28.545170799954768], [77.19498803603403, 28.54519496872415], [77.1949711477466, 28.545204773524503]]]}, "properties": {"node": "acacia", "role": "positive", "name": "acacia", "ts": "2026-07-14T16:25:16.421423+00:00"}}, {"type": "Feature", "geometry": {"type": "Polygon", "coordinates": [[[77.1948137115334, 28.545778822760425], [77.19479445806203, 28.545772183941896], [77.19477864931291, 28.54575814208422], [77.19477438441199, 28.54574768649901], [77.19477784233919, 28.545719234140222], [77.19479324432868, 28.54569197866443], [77.19481932793909, 28.545670110590116], [77.19483590667001, 28.545667062412818], [77.19485299431221, 28.545677707781667], [77.19486183952147, 28.545702982528876], [77.19488313855524, 28.54572150284666], [77.19488635761643, 28.545735748294945], [77.19486046340462, 28.545766747837778], [77.19483257138072, 28.54577732630546], [77.1948137115334, 28.545778822760425]]]}, "properties": {"node": "acacia", "role": "positive", "name": "acacia", "ts": "2026-07-14T16:25:16.421461+00:00"}}, {"type": "Feature", "geometry": {"type": "Polygon", "coordinates": [[[77.19484562980713, 28.545604552152128], [77.19481849958245, 28.545597643563863], [77.19479972296479, 28.5455814653611], [77.19479790222177, 28.54556958021506], [77.19483413217277, 28.545527293254413], [77.19485943339654, 28.54552191967576], [77.19487811283432, 28.545544255313416], [77.19488829210114, 28.545579635886348], [77.19488618393582, 28.54558642158068], [77.1948691201707, 28.54559861212641], [77.19484562980713, 28.545604552152128]]]}, "properties": {"node": "acacia", "role": "positive", "name": "acacia", "ts": "2026-07-14T16:25:16.421499+00:00"}}, {"type": "Feature", "geometry": {"type": "Polygon", "coordinates": [[[77.194885945997, 28.54549905177025], [77.19486351633607, 28.545491074289544], [77.19484554677766, 28.545459592650168], [77.19482409546787, 28.545433727455485], [77.19477593069104, 28.545399358306266], [77.19476258673707, 28.545384879432028], [77.19475886043631, 28.54536786211059], [77.19476425025802, 28.545356654666662], [77.19479436811814, 28.545334125631296], [77.19482145958553, 28.545328325957666], [77.1948615837278, 28.54533284007184], [77.19490016958275, 28.545328244532357], [77.19492938483883, 28.545338098034634], [77.19495147024892, 28.545340322354647], [77.19496064402378, 28.54534891135731], [77.19496042826648, 28.545381878544884], [77.19495261243581, 28.54540623127923], [77.19495364180784, 28.54545585875524], [77.19494278808132, 28.54547470047776], [77.19492535705835, 28.545490868499172], [77.194885945997, 28.54549905177025]]]}, "properties": {"node": "acacia", "role": "positive", "name": "acacia", "ts": "2026-07-14T16:25:16.421546+00:00"}}, {"type": "Feature", "geometry": {"type": "Polygon", "coordinates": [[[77.1947918388029, 28.545559153714546], [77.19477179564609, 28.545546967519215], [77.19477155110478, 28.545524333752194], [77.19478852017517, 28.54550757749041], [77.19481161853177, 28.545504423885625], [77.19482761088757, 28.545516477006966], [77.19482679560494, 28.54553138342902], [77.19481542222384, 28.545546857745478], [77.1947918388029, 28.545559153714546]]]}, "properties": {"node": "acacia", "role": "positive", "name": "acacia", "ts": "2026-07-14T16:25:16.421583+00:00"}}, {"type": "Feature", "geometry": {"type": "Polygon", "coordinates": [[[77.19471249239157, 28.545788799815497], [77.19468805991897, 28.545781847577665], [77.19466479519767, 28.545766139085842], [77.19466103757743, 28.54575845536475], [77.19466516586652, 28.545729793591093], [77.19468638839966, 28.545701252545925], [77.194725392719, 28.545705983379776], [77.19475059431817, 28.545717490433407], [77.19475820263499, 28.545726501916977], [77.1947650944748, 28.54575518405992], [77.19476194044498, 28.545765759619073], [77.19474297680671, 28.545783938168668], [77.19471249239157, 28.545788799815497]]]}, "properties": {"node": "acacia", "role": "positive", "name": "acacia", "ts": "2026-07-14T16:25:16.421620+00:00"}}, {"type": "Feature", "geometry": {"type": "Polygon", "coordinates": [[[77.19491297316272, 28.54593468865448], [77.1948775369941, 28.545928510138268], [77.19486469611404, 28.545916604636712], [77.19486247349087, 28.545896187202736], [77.1948730571623, 28.545875165511404], [77.19488016069995, 28.54587068194925], [77.19490862589922, 28.545866051496134], [77.19491660975808, 28.545871482519562], [77.19492481349286, 28.545898356246912], [77.19492535288767, 28.545924361042992], [77.19492257438779, 28.545931356155254], [77.19491297316272, 28.54593468865448]]]}, "properties": {"node": "acacia", "role": "positive", "name": "acacia", "ts": "2026-07-14T16:25:16.421657+00:00"}}, {"type": "Feature", "geometry": {"type": "Polygon", "coordinates": [[[77.19503235067988, 28.544393194409817], [77.1950007574391, 28.544387946636743], [77.1949907322635, 28.54437083261163], [77.19499043581244, 28.544356539896654], [77.1949996267993, 28.54434427808818], [77.19502811052635, 28.544329718499714], [77.19504357156437, 28.544316163825634], [77.19505334557569, 28.544321168741487], [77.1950670295264, 28.544341202236296], [77.19507069571637, 28.544366163583593], [77.19505493739652, 28.544387070399733], [77.19503235067988, 28.544393194409817]]]}, "properties": {"node": "acacia", "role": "positive", "name": "acacia", "ts": "2026-07-14T16:25:16.421695+00:00"}}, {"type": "Feature", "geometry": {"type": "Polygon", "coordinates": [[[77.1953636040572, 28.544371156302116], [77.19534195611891, 28.54436832923593], [77.19532513464569, 28.544359665380405], [77.19530192523656, 28.544303247910257], [77.19530387687283, 28.544288918835303], [77.19531307605246, 28.544277054027578], [77.19532889775101, 28.54427004651332], [77.1953602768283, 28.544264971697135], [77.19537201239218, 28.54426696621387], [77.19539234194349, 28.544282126343912], [77.195404556151, 28.54433971453253], [77.19539517502983, 28.54436448976096], [77.1953636040572, 28.544371156302116]]]}, "properties": {"node": "acacia", "role": "positive", "name": "acacia", "ts": "2026-07-14T16:25:16.421733+00:00"}}, {"type": "Feature", "geometry": {"type": "Polygon", "coordinates": [[[77.19519200294093, 28.54507530405233], [77.19517064634493, 28.54505400463884], [77.1951650926543, 28.545035626850748], [77.19517954744889, 28.545016925445278], [77.19519746671594, 28.54501345839295], [77.19521155757131, 28.545020577813982], [77.19522107312409, 28.545045643119803], [77.1952131667798, 28.545065628648263], [77.19519200294093, 28.54507530405233]]]}, "properties": {"node": "acacia", "role": "positive", "name": "acacia", "ts": "2026-07-14T16:25:16.421771+00:00"}}, {"type": "Feature", "geometry": {"type": "Polygon", "coordinates": [[[77.19537250658747, 28.545244748811044], [77.19535417303668, 28.545239088071327], [77.19534860863396, 28.545231036442544], [77.19535045563131, 28.54520082294307], [77.1953641552909, 28.545189083909758], [77.19538682208766, 28.545197653202482], [77.19539546557803, 28.545213200929023], [77.1953856594715, 28.545239174490405], [77.19537250658747, 28.545244748811044]]]}, "properties": {"node": "acacia", "role": "positive", "name": "acacia", "ts": "2026-07-14T16:25:16.421808+00:00"}}, {"type": "Feature", "geometry": {"type": "Polygon", "coordinates": [[[77.1953520084592, 28.54556836286492], [77.19532772257412, 28.54555763541797], [77.19531572330179, 28.545542936275027], [77.19531457938234, 28.54552031706114], [77.19532867517925, 28.545505990128472], [77.19535658935668, 28.545507325792443], [77.19538092877038, 28.545520633862754], [77.19538373944194, 28.545536871667817], [77.19538019762356, 28.54555043215868], [77.19536341639675, 28.54556539826449], [77.1953520084592, 28.54556836286492]]]}, "properties": {"node": "acacia", "role": "positive", "name": "acacia", "ts": "2026-07-14T16:25:16.421845+00:00"}}, {"type": "Feature", "geometry": {"type": "Polygon", "coordinates": [[[77.19542517502285, 28.545615433415655], [77.19541299379394, 28.545613644695237], [77.19540498522183, 28.54560702264214], [77.19540665438294, 28.545589918066558], [77.19539754063342, 28.545573385067282], [77.19541443135734, 28.545552857045355], [77.19543644922533, 28.545540983448294], [77.19545557671478, 28.545552390048684], [77.19546845879508, 28.545566280591967], [77.19546342152898, 28.545583638228138], [77.19545182754256, 28.545599314739587], [77.19543525877961, 28.545613681687872], [77.19542517502285, 28.545615433415655]]]}, "properties": {"node": "acacia", "role": "positive", "name": "acacia", "ts": "2026-07-14T16:25:16.421883+00:00"}}, {"type": "Feature", "geometry": {"type": "Polygon", "coordinates": [[[77.1951820091515, 28.5455584036939], [77.1951641745995, 28.54555511777716], [77.1951500531804, 28.545535687107073], [77.19515273282728, 28.54552392775419], [77.19517850258006, 28.545508617714788], [77.1951965636122, 28.54552282167287], [77.19520106159474, 28.54553367062681], [77.19519819831729, 28.545547418715294], [77.1951820091515, 28.5455584036939]]]}, "properties": {"node": "acacia", "role": "positive", "name": "acacia", "ts": "2026-07-14T16:25:16.421920+00:00"}}, {"type": "Feature", "geometry": {"type": "Polygon", "coordinates": [[[77.1954690476776, 28.545909014017223], [77.19545697179342, 28.545901464881112], [77.19545522993596, 28.545871706591168], [77.19547480030789, 28.545839419203674], [77.19548742949132, 28.54583027896656], [77.19550201370734, 28.545828653007206], [77.19551429551629, 28.545846127630526], [77.19553118998464, 28.545901654310462], [77.19551507735042, 28.54590548933919], [77.19549541125319, 28.545900644485958], [77.1954690476776, 28.545909014017223]]]}, "properties": {"node": "acacia", "role": "positive", "name": "acacia", "ts": "2026-07-14T16:25:16.421959+00:00"}}, {"type": "Feature", "geometry": {"type": "Polygon", "coordinates": [[[77.19522079558995, 28.54600794919429], [77.19519618184493, 28.54599226261922], [77.19519193245749, 28.545950034564324], [77.1951972028345, 28.54593307031912], [77.19520651746198, 28.545926763788746], [77.19520965497809, 28.54591539418225], [77.19522435695839, 28.54590860335936], [77.1952391907161, 28.545908164850243], [77.19524935274886, 28.54591018482181], [77.19527124397612, 28.54592472396601], [77.19528579208175, 28.545953877964312], [77.1952770169397, 28.54598618928968], [77.19527023294748, 28.54599523496207], [77.19522079558995, 28.54600794919429]]]}, "properties": {"node": "acacia", "role": "positive", "name": "acacia", "ts": "2026-07-14T16:25:16.421999+00:00"}}, {"type": "Feature", "geometry": {"type": "Polygon", "coordinates": [[[77.19473767169828, 28.545842604025726], [77.19471460046033, 28.545836225510115], [77.19470703742655, 28.54582939763364], [77.1947039007272, 28.545819122378635], [77.19470758099735, 28.545801389556757], [77.1947309602507, 28.545790089784372], [77.194749844805, 28.545789784400256], [77.19476413173639, 28.545795510658014], [77.1947710301875, 28.545813668138866], [77.19475825186188, 28.545837306807744], [77.19473767169828, 28.545842604025726]]]}, "properties": {"node": "acacia", "role": "positive", "name": "acacia", "ts": "2026-07-14T16:25:16.422043+00:00"}}, {"type": "Feature", "geometry": {"type": "Polygon", "coordinates": [[[77.19503823283799, 28.54582602727515], [77.1950010064073, 28.54582027489744], [77.19497764446386, 28.545810723904886], [77.19496911627029, 28.545800734429246], [77.1949696120118, 28.54578126591628], [77.19498257145729, 28.545766361665457], [77.19502196036304, 28.545746264132426], [77.19505801573337, 28.545738929397867], [77.1950844320438, 28.545754785424077], [77.19508753749763, 28.545774394268722], [77.19509597265365, 28.545790739688556], [77.19509591009646, 28.54580940688896], [77.19509156201549, 28.545816625966683], [77.19507796764759, 28.545822604555095], [77.19503823283799, 28.54582602727515]]]}, "properties": {"node": "acacia", "role": "positive", "name": "acacia", "ts": "2026-07-14T16:25:16.422082+00:00"}}, {"type": "Feature", "geometry": {"type": "Polygon", "coordinates": [[[77.19536645921306, 28.546156511147192], [77.19534946204674, 28.546150233067078], [77.19534004687796, 28.546140853694446], [77.19532051812492, 28.546099269952382], [77.19532454666248, 28.54608748877813], [77.19533891264632, 28.54607534181309], [77.1953741412692, 28.54606067303579], [77.19538781559375, 28.54606938778101], [77.19540053469329, 28.546086259610814], [77.19540553759568, 28.546110603586076], [77.19539271166077, 28.54614278186707], [77.19538032784197, 28.54615291100998], [77.19536645921306, 28.546156511147192]]]}, "properties": {"node": "acacia", "role": "positive", "name": "acacia", "ts": "2026-07-14T16:25:16.422120+00:00"}}, {"type": "Feature", "geometry": {"type": "Polygon", "coordinates": [[[77.1976879926413, 28.540432038982516], [77.19760269517222, 28.540394355498186], [77.19760057289518, 28.54038184809787], [77.19760879844631, 28.54035190254255], [77.19760037727909, 28.540327572170103], [77.1976076780761, 28.540309155334192], [77.19762076959543, 28.5403005136706], [77.19763838142536, 28.54029652768042], [77.19767979072317, 28.540306137369143], [77.19769596340343, 28.540300118646233], [77.19771599230303, 28.540300411166633], [77.19774529031544, 28.540309805723705], [77.19776197085095, 28.540328245482094], [77.19776427665786, 28.540349590820313], [77.19775305533435, 28.54038102410735], [77.19774669636595, 28.540388734364456], [77.19771901869727, 28.540401313054062], [77.19770530346192, 28.54042476821461], [77.1976879926413, 28.540432038982516]]]}, "properties": {"node": "acacia", "role": "positive", "name": "acacia", "ts": "2026-07-14T16:25:16.422159+00:00"}}, {"type": "Feature", "geometry": {"type": "Polygon", "coordinates": [[[77.19838211954593, 28.540603990561685], [77.19836042090684, 28.540590566620647], [77.1983591484091, 28.540574139024386], [77.19836552014783, 28.540567045340893], [77.1983938318034, 28.540573782893926], [77.19839636622277, 28.54059491891037], [77.19839115394498, 28.54060178821392], [77.19838211954593, 28.540603990561685]]]}, "properties": {"node": "acacia", "role": "positive", "name": "acacia", "ts": "2026-07-14T16:25:16.422195+00:00"}}, {"type": "Feature", "geometry": {"type": "Polygon", "coordinates": [[[77.19828746124278, 28.540496759859387], [77.1982598008944, 28.540487750106628], [77.19824916086148, 28.54047990392232], [77.19823830557112, 28.540428062270767], [77.198248119505, 28.54040734307608], [77.19826325019496, 28.540395995494126], [77.19828566855801, 28.540388025128703], [77.19830686546561, 28.5403885042474], [77.19832759038515, 28.540399887943437], [77.19834048734079, 28.54041551046718], [77.19834729431444, 28.54045179187885], [77.19833976943308, 28.540470623584024], [77.19830370221264, 28.54049402959952], [77.19828746124278, 28.540496759859387]]]}, "properties": {"node": "acacia", "role": "positive", "name": "acacia", "ts": "2026-07-14T16:25:16.422236+00:00"}}, {"type": "Feature", "geometry": {"type": "Polygon", "coordinates": [[[77.19808209482213, 28.540238147976105], [77.19805321534442, 28.540226485086006], [77.19802314252513, 28.540190991611546], [77.19802075758221, 28.540177049254446], [77.19804124592167, 28.540143409858196], [77.19810164008393, 28.540136674985536], [77.19811220323972, 28.540140821581694], [77.19813927397934, 28.54016628912489], [77.19813625210047, 28.540211365030043], [77.19810922782756, 28.54023297972913], [77.19808209482213, 28.540238147976105]]]}, "properties": {"node": "acacia", "role": "positive", "name": "acacia", "ts": "2026-07-14T16:25:16.422282+00:00"}}, {"type": "Feature", "geometry": {"type": "Polygon", "coordinates": [[[77.19798109756799, 28.54067771699999], [77.19794898940843, 28.540667545593188], [77.19793652382177, 28.54065027122576], [77.19792731695269, 28.54061053340605], [77.19792690721569, 28.5405908021911], [77.19793137433759, 28.540581683341763], [77.19794729722406, 28.540574846222427], [77.19800279970852, 28.540567984991956], [77.19802357183586, 28.54055921891543], [77.19805505654759, 28.540561793105685], [77.19806832934233, 28.540573091915185], [77.19807801479416, 28.540591028098984], [77.19808060238799, 28.540625938636083], [77.19807443550847, 28.540642897913827], [77.19802594500293, 28.540673495527532], [77.19798109756799, 28.54067771699999]]]}, "properties": {"node": "acacia", "role": "positive", "name": "acacia", "ts": "2026-07-14T16:25:16.422321+00:00"}}, {"type": "Feature", "geometry": {"type": "Polygon", "coordinates": [[[77.19882708035162, 28.5406280347987], [77.19880350470315, 28.540625127066637], [77.19878753072162, 28.54060708720558], [77.19878688589993, 28.540598462344562], [77.1988022621089, 28.540587727534298], [77.1988266278274, 28.540583837584684], [77.19884065879396, 28.54057559179271], [77.1988619582133, 28.540581003623117], [77.19886515470446, 28.540589175942408], [77.1988607922418, 28.540614535723893], [77.19882708035162, 28.5406280347987]]]}, "properties": {"node": "acacia", "role": "positive", "name": "acacia", "ts": "2026-07-14T16:25:16.422359+00:00"}}, {"type": "Feature", "geometry": {"type": "Polygon", "coordinates": [[[77.19865080386631, 28.541119813090024], [77.19862857335717, 28.541114416312446], [77.19861748700953, 28.54109629726382], [77.19863779379814, 28.54106512795288], [77.1986600819904, 28.541062094091117], [77.19868366835789, 28.54107672101503], [77.19868703563945, 28.54109311467268], [77.19868036491646, 28.54110823171302], [77.19865080386631, 28.541119813090024]]]}, "properties": {"node": "acacia", "role": "positive", "name": "acacia", "ts": "2026-07-14T16:25:16.422396+00:00"}}, {"type": "Feature", "geometry": {"type": "Polygon", "coordinates": [[[77.19857030782121, 28.541077940427424], [77.19853550045408, 28.541072336143724], [77.19850466906887, 28.541056387324133], [77.198500261892, 28.541045972977876], [77.19853185389272, 28.54098645334485], [77.19854651913515, 28.54097511326905], [77.198564837811, 28.54097152691179], [77.19859731767903, 28.540977168889633], [77.19862692981556, 28.54099046460507], [77.19863983116113, 28.541006292626083], [77.19864167813536, 28.54101674843792], [77.19863235107375, 28.541038487785013], [77.19862141405143, 28.54104997308287], [77.19858700155494, 28.541074585989296], [77.19857030782121, 28.541077940427424]]]}, "properties": {"node": "acacia", "role": "positive", "name": "acacia", "ts": "2026-07-14T16:25:16.422437+00:00"}}, {"type": "Feature", "geometry": {"type": "Polygon", "coordinates": [[[77.1984611669034, 28.541035709262854], [77.19844262621517, 28.54102860786985], [77.19841207677759, 28.54100381355164], [77.19840556003109, 28.540981508421105], [77.19840842572819, 28.540962546572068], [77.19841734710559, 28.54094369224508], [77.19843557186059, 28.540935584170324], [77.1984969679352, 28.540921019981116], [77.19851580539319, 28.54093120059876], [77.1985307351916, 28.54095501427527], [77.19852932149796, 28.540976625440624], [77.19850541882221, 28.54101402105575], [77.19847787344268, 28.54103297143852], [77.1984611669034, 28.541035709262854]]]}, "properties": {"node": "acacia", "role": "positive", "name": "acacia", "ts": "2026-07-14T16:25:16.422476+00:00"}}, {"type": "Feature", "geometry": {"type": "Polygon", "coordinates": [[[77.19855302797947, 28.541647122530957], [77.19851226936835, 28.54163524096689], [77.19850371112142, 28.541626744281754], [77.19851194295457, 28.54158590164654], [77.19854756633174, 28.541563530768038], [77.19858153033823, 28.541584568892173], [77.1985908401439, 28.541606828767783], [77.19858992830768, 28.541618974086653], [77.19857860685002, 28.541634372057775], [77.19856556222275, 28.541645274684065], [77.19855302797947, 28.541647122530957]]]}, "properties": {"node": "acacia", "role": "positive", "name": "acacia", "ts": "2026-07-14T16:25:16.422513+00:00"}}, {"type": "Feature", "geometry": {"type": "Polygon", "coordinates": [[[77.19864068519577, 28.5414620996033], [77.19860273243049, 28.541450789421432], [77.19858408065191, 28.541438344185014], [77.19856814512049, 28.54139974342725], [77.198566163717, 28.54137160797452], [77.1985869851033, 28.541354000101453], [77.19860766120374, 28.54135181476855], [77.19863436957854, 28.541337401171436], [77.19866738555804, 28.54133522154769], [77.19868078879178, 28.54134158371629], [77.19868683377207, 28.54135238273006], [77.1986955521714, 28.54135738156705], [77.19869777280813, 28.541374616207637], [77.19871590994447, 28.54139591067344], [77.19871813485553, 28.541413350846735], [77.19871050751101, 28.541427249769605], [77.19868787965801, 28.541447559756342], [77.19864068519577, 28.5414620996033]]]}, "properties": {"node": "acacia", "role": "positive", "name": "acacia", "ts": "2026-07-14T16:25:16.422553+00:00"}}, {"type": "Feature", "geometry": {"type": "Polygon", "coordinates": [[[77.19834636208996, 28.541426979922228], [77.19830939158165, 28.54141812097831], [77.19824915930873, 28.541387844888387], [77.19824520705876, 28.541365703820368], [77.198235305827, 28.541348593558954], [77.19826376116485, 28.541306189792667], [77.19827833460624, 28.541301636114653], [77.1983003366631, 28.541307242251236], [77.19833010698893, 28.54130573208311], [77.19835188910851, 28.541311958580927], [77.19838180663692, 28.5413287446441], [77.19840422296896, 28.541331876823072], [77.19841298404614, 28.54133893101307], [77.19841348148213, 28.54135167031411], [77.19839060138558, 28.541404675143237], [77.19836954720739, 28.541422286758035], [77.19834636208996, 28.541426979922228]]]}, "properties": {"node": "acacia", "role": "positive", "name": "acacia", "ts": "2026-07-14T16:25:16.422595+00:00"}}, {"type": "Feature", "geometry": {"type": "Polygon", "coordinates": [[[77.1982056611812, 28.541625197892785], [77.19817723602586, 28.541624219021447], [77.19814506352652, 28.541610964677783], [77.19814260595476, 28.54159352825988], [77.19818858152063, 28.541553924809904], [77.19820650331219, 28.54153122388685], [77.1982164817864, 28.541507212387483], [77.19823153782839, 28.54150347330787], [77.19827363939659, 28.541523968516927], [77.19828416205546, 28.541537367863942], [77.19828784742276, 28.54155786843176], [77.19825513853522, 28.54159725705419], [77.1982408191453, 28.541602834629455], [77.1982156437384, 28.54162380260814], [77.1982056611812, 28.541625197892785]]]}, "properties": {"node": "acacia", "role": "positive", "name": "acacia", "ts": "2026-07-14T16:25:16.422633+00:00"}}, {"type": "Feature", "geometry": {"type": "Polygon", "coordinates": [[[77.19840342276223, 28.54156237023462], [77.19837999648959, 28.541544245429318], [77.19838233472144, 28.541533516226142], [77.19841787509061, 28.541473521460656], [77.19844882627548, 28.54147281454891], [77.19848260017915, 28.541495911804404], [77.19849014616749, 28.54152292911539], [77.19848741076062, 28.541536954393678], [77.19848130160989, 28.541545483048562], [77.19846129589014, 28.541557526427283], [77.19842241844238, 28.541557744914897], [77.19840342276223, 28.54156237023462]]]}, "properties": {"node": "acacia", "role": "positive", "name": "acacia", "ts": "2026-07-14T16:25:16.422671+00:00"}}, {"type": "Feature", "geometry": {"type": "Polygon", "coordinates": [[[77.19826599826304, 28.54164930422249], [77.19824992156231, 28.54164874218314], [77.19823626421868, 28.54164135607532], [77.19822789178285, 28.54163059473458], [77.19822949336746, 28.54161802704075], [77.19824499376354, 28.54159084207182], [77.19826797401349, 28.54157628331905], [77.19828351263477, 28.541573358827918], [77.19829825464797, 28.541588129055874], [77.1982939239528, 28.541626235666204], [77.1982817141466, 28.54164370402719], [77.19826599826304, 28.54164930422249]]]}, "properties": {"node": "acacia", "role": "positive", "name": "acacia", "ts": "2026-07-14T16:25:16.422708+00:00"}}, {"type": "Feature", "geometry": {"type": "Polygon", "coordinates": [[[77.1982805771177, 28.542048553847795], [77.19825769086738, 28.542045223662498], [77.19824055299776, 28.54202720259482], [77.1982356333427, 28.542014534913704], [77.1982393042388, 28.54197828941433], [77.19826153305036, 28.541949967459775], [77.19829843783076, 28.54192202461926], [77.19832114065065, 28.541894106183864], [77.19834682633828, 28.541886494084828], [77.1983636354744, 28.541888689068692], [77.19840267939628, 28.54191889707157], [77.19840988386085, 28.541929471714372], [77.19841321271345, 28.54194401557731], [77.1984104535882, 28.54199052643789], [77.19840230943667, 28.542001966485852], [77.19838258333492, 28.54201626695488], [77.19832492340744, 28.54203138741187], [77.1982805771177, 28.542048553847795]]]}, "properties": {"node": "acacia", "role": "positive", "name": "acacia", "ts": "2026-07-14T16:25:16.422747+00:00"}}, {"type": "Feature", "geometry": {"type": "Polygon", "coordinates": [[[77.19875141999012, 28.541995694778798], [77.19873755543914, 28.541989545696566], [77.19872859359985, 28.54197283146549], [77.19872893744527, 28.54195576088755], [77.19873802753551, 28.541933819770186], [77.19874600721455, 28.54192567200797], [77.19876333526996, 28.541919223230423], [77.19879107079544, 28.541920624352187], [77.19880746778881, 28.54193660132447], [77.19880849903578, 28.541975032286004], [77.19878341123422, 28.541989008464075], [77.19875141999012, 28.541995694778798]]]}, "properties": {"node": "acacia", "role": "positive", "name": "acacia", "ts": "2026-07-14T16:25:16.422787+00:00"}}, {"type": "Feature", "geometry": {"type": "Polygon", "coordinates": [[[77.19834979893453, 28.542152906821922], [77.19833436917524, 28.542149867087126], [77.19831829461486, 28.542138202487518], [77.19830378970255, 28.54210122335212], [77.19830353355717, 28.542088891348623], [77.19832707570006, 28.542045333525245], [77.19835515943365, 28.54202986968793], [77.1983890127115, 28.54202315330674], [77.19842923118185, 28.542042650944154], [77.19844057597412, 28.54206199943254], [77.1984408364045, 28.54207453696833], [77.19842170800025, 28.542117612115803], [77.19841076231194, 28.542128686335616], [77.19837022964045, 28.542150108686148], [77.19834979893453, 28.542152906821922]]]}, "properties": {"node": "acacia", "role": "positive", "name": "acacia", "ts": "2026-07-14T16:25:16.422826+00:00"}}, {"type": "Feature", "geometry": {"type": "Polygon", "coordinates": [[[77.198778802175, 28.542349915509668], [77.19876446353541, 28.5423433629074], [77.19875632800716, 28.542332803369206], [77.19876663954481, 28.542302412760897], [77.19877881300886, 28.542294402661227], [77.19880620913104, 28.542290669211926], [77.19882849541051, 28.542298737878514], [77.19883414329044, 28.542312832954543], [77.19883154029145, 28.542333229769536], [77.19882063949126, 28.542335256784668], [77.19880389216559, 28.542347247431234], [77.198778802175, 28.542349915509668]]]}, "properties": {"node": "acacia", "role": "positive", "name": "acacia", "ts": "2026-07-14T16:25:16.422863+00:00"}}, {"type": "Feature", "geometry": {"type": "Polygon", "coordinates": [[[77.19881924066905, 28.542413613993414], [77.19880651418626, 28.542406212869253], [77.19880648645871, 28.54239367156665], [77.19882101093933, 28.54237554885495], [77.1988428424387, 28.542372933556482], [77.1988541275609, 28.542389404537015], [77.19884723258431, 28.542404936423278], [77.19883897315813, 28.542410827096667], [77.19881924066905, 28.542413613993414]]]}, "properties": {"node": "acacia", "role": "positive", "name": "acacia", "ts": "2026-07-14T16:25:16.422900+00:00"}}, {"type": "Feature", "geometry": {"type": "Polygon", "coordinates": [[[77.19873094795805, 28.542231852479013], [77.19871808269244, 28.542228976848442], [77.19869938378905, 28.54221427077083], [77.19868814785627, 28.542188958070977], [77.1986937168439, 28.542165634776552], [77.1987125460891, 28.542152993611293], [77.19875333054193, 28.54216610830211], [77.19878001977924, 28.54218438577748], [77.19878584061436, 28.542195599619486], [77.19877857408015, 28.542215660776524], [77.19873094795805, 28.542231852479013]]]}, "properties": {"node": "acacia", "role": "positive", "name": "acacia", "ts": "2026-07-14T16:25:16.422937+00:00"}}, {"type": "Feature", "geometry": {"type": "Polygon", "coordinates": [[[77.19893232357587, 28.54087490333286], [77.19890236550724, 28.54086737015889], [77.19888083544808, 28.540850859537457], [77.19887783753286, 28.540841039182073], [77.19889056178224, 28.540814721530595], [77.19893182624392, 28.540794932009756], [77.19898670733325, 28.540814191960685], [77.19899350390608, 28.540838754153672], [77.19898064303462, 28.540858494746733], [77.19893232357587, 28.54087490333286]]]}, "properties": {"node": "acacia", "role": "positive", "name": "acacia", "ts": "2026-07-14T16:25:16.422977+00:00"}}, {"type": "Feature", "geometry": {"type": "Polygon", "coordinates": [[[77.19916673971962, 28.54115319216054], [77.19914617684664, 28.54114961887251], [77.19913429607855, 28.541138092020834], [77.19913210527255, 28.541122296123614], [77.1991385175657, 28.54108353896342], [77.1991497833681, 28.54106546901915], [77.19918688619038, 28.541058288597892], [77.19919727651954, 28.54106531633883], [77.19921185631185, 28.5411170975429], [77.19919286502892, 28.541144339172014], [77.19916673971962, 28.54115319216054]]]}, "properties": {"node": "acacia", "role": "positive", "name": "acacia", "ts": "2026-07-14T16:25:16.423014+00:00"}}, {"type": "Feature", "geometry": {"type": "Polygon", "coordinates": [[[77.19889361449405, 28.541096141925486], [77.19887255415078, 28.541079829298077], [77.19887579985817, 28.54105674923606], [77.19888377946461, 28.541048601468972], [77.19889811155304, 28.541043640431425], [77.19892447598806, 28.541046297361664], [77.19893404206611, 28.541058478539423], [77.19892862905789, 28.541078098470507], [77.19889361449405, 28.541096141925486]]]}, "properties": {"node": "acacia", "role": "positive", "name": "acacia", "ts": "2026-07-14T16:25:16.423051+00:00"}}, {"type": "Feature", "geometry": {"type": "Polygon", "coordinates": [[[77.19921196090927, 28.541043695758596], [77.19916358162261, 28.54103481629101], [77.1991449042371, 28.541021137930745], [77.19914285009, 28.54101191909928], [77.19915738501537, 28.540983104858825], [77.19917799056074, 28.54096632280788], [77.19918191308577, 28.54094220376259], [77.1991982501792, 28.540932892556597], [77.19921619301036, 28.54093362985431], [77.19923641419967, 28.540943171141794], [77.19926093374272, 28.5409690909806], [77.19927200951565, 28.540997901473904], [77.19926941515773, 28.541018709361126], [77.19925946898736, 28.541033057088043], [77.19924863666184, 28.541038372662808], [77.19921196090927, 28.541043695758596]]]}, "properties": {"node": "acacia", "role": "positive", "name": "acacia", "ts": "2026-07-14T16:25:16.423090+00:00"}}, {"type": "Feature", "geometry": {"type": "Polygon", "coordinates": [[[77.19922736493791, 28.541112734215545], [77.19921771127875, 28.541107544963797], [77.19920610809281, 28.541086967111333], [77.19920415642659, 28.541060270408813], [77.19921954973643, 28.54105035768375], [77.1992540389584, 28.541051854895635], [77.19926263137864, 28.541061995799655], [77.19926325491122, 28.541092003659973], [77.19925072289405, 28.541105159669318], [77.19922736493791, 28.541112734215545]]]}, "properties": {"node": "acacia", "role": "positive", "name": "acacia", "ts": "2026-07-14T16:25:16.423127+00:00"}}, {"type": "Feature", "geometry": {"type": "Polygon", "coordinates": [[[77.19878489028817, 28.5409282811332], [77.19876472464486, 28.540921411709718], [77.19875562836171, 28.540909428510915], [77.19875955307312, 28.5408966175778], [77.1987721363691, 28.54088592801183], [77.19880335637454, 28.540898169630395], [77.19880791519256, 28.540904675061565], [77.19880568376017, 28.540920542603804], [77.19878489028817, 28.5409282811332]]]}, "properties": {"node": "acacia", "role": "positive", "name": "acacia", "ts": "2026-07-14T16:25:16.423165+00:00"}}, {"type": "Feature", "geometry": {"type": "Polygon", "coordinates": [[[77.19890133724796, 28.541344590252976], [77.19886801166604, 28.541343074104], [77.19884877692687, 28.541336189616075], [77.19882823761208, 28.541300130701885], [77.19883676609888, 28.541262367283156], [77.19888525444381, 28.541242871950836], [77.19890274037427, 28.54124402789489], [77.19893124012737, 28.541259808789867], [77.1989535667381, 28.541281035351997], [77.19895878750778, 28.541296987768057], [77.19895841380259, 28.54131261961268], [77.19895026975969, 28.541324059688485], [77.19892386250551, 28.54134175810794], [77.19890133724796, 28.541344590252976]]]}, "properties": {"node": "acacia", "role": "positive", "name": "acacia", "ts": "2026-07-14T16:25:16.423206+00:00"}}, {"type": "Feature", "geometry": {"type": "Polygon", "coordinates": [[[77.19909362066765, 28.541567226627123], [77.1990747915831, 28.54155745716649], [77.19904513438455, 28.54155320879795], [77.19903392192906, 28.541540231894388], [77.19904879647443, 28.54149414155185], [77.1990640959103, 28.541479707108014], [77.1990752677994, 28.54147952610705], [77.1991118668357, 28.541492914111867], [77.19913187673241, 28.541503486846246], [77.19913976666736, 28.541513433535656], [77.19913973463828, 28.541523097371424], [77.19912553488773, 28.541534429969282], [77.19911138851388, 28.541559537067595], [77.19909362066765, 28.541567226627123]]]}, "properties": {"node": "acacia", "role": "positive", "name": "acacia", "ts": "2026-07-14T16:25:16.423244+00:00"}}, {"type": "Feature", "geometry": {"type": "Polygon", "coordinates": [[[77.19884492085802, 28.54124023570942], [77.19879347308958, 28.54122934979549], [77.19876944696212, 28.5411711422819], [77.19877225072487, 28.541137994857124], [77.19880417129653, 28.5411167119127], [77.19881736955307, 28.541113208468232], [77.19884463083262, 28.541114206064837], [77.19887748868318, 28.54112683233549], [77.19889354178866, 28.541137469208806], [77.19890314630305, 28.541151500188363], [77.19890165793217, 28.541180719856985], [77.19891238559534, 28.54120398475348], [77.19891092927908, 28.541223540584635], [77.19890016523674, 28.541232144666825], [77.19884492085802, 28.54124023570942]]]}, "properties": {"node": "acacia", "role": "positive", "name": "acacia", "ts": "2026-07-14T16:25:16.423283+00:00"}}, {"type": "Feature", "geometry": {"type": "Polygon", "coordinates": [[[77.19901976658343, 28.542013141348168], [77.19899810600269, 28.54200156733174], [77.19899010928074, 28.54198648230353], [77.19898884092395, 28.5419702602559], [77.19899430947008, 28.541953312255814], [77.19903489533331, 28.541900842889085], [77.19904670145547, 28.54189756757607], [77.19907570321129, 28.541903882584414], [77.1990927984884, 28.54191984820728], [77.1991069406388, 28.5419617675862], [77.19910333837156, 28.541978890955377], [77.19908319812524, 28.54199566546227], [77.19901976658343, 28.542013141348168]]]}, "properties": {"node": "acacia", "role": "positive", "name": "acacia", "ts": "2026-07-14T16:25:16.423323+00:00"}}, {"type": "Feature", "geometry": {"type": "Polygon", "coordinates": [[[77.19912729865558, 28.541821011253855], [77.1991078396058, 28.541814541646396], [77.19909106677495, 28.54180288845259], [77.19906423026212, 28.541766314800885], [77.19905640011355, 28.541736834903027], [77.19906486234332, 28.54170709104425], [77.19907639940045, 28.541690867132083], [77.19911531745596, 28.54165898501455], [77.19914056314762, 28.54165261351289], [77.19917342547095, 28.541665445233075], [77.19918177237756, 28.541674973310265], [77.1992112524238, 28.541726718689535], [77.19921824345383, 28.54177183796079], [77.1992103300312, 28.541794376848753], [77.19920183792371, 28.54180027131212], [77.1991598642125, 28.541808353076213], [77.19912729865558, 28.541821011253855]]]}, "properties": {"node": "acacia", "role": "positive", "name": "acacia", "ts": "2026-07-14T16:25:16.423364+00:00"}}, {"type": "Feature", "geometry": {"type": "Polygon", "coordinates": [[[77.19897560206938, 28.541915784476934], [77.19895493656303, 28.54190727836872], [77.19894072184981, 28.541884275575832], [77.19893967344059, 28.541867433156423], [77.19895627763859, 28.54183735179544], [77.19897641360762, 28.54182037177426], [77.19899123691218, 28.541816636380243], [77.19902037529684, 28.541829528467545], [77.19903081694069, 28.54183902261653], [77.19903464339131, 28.5418663057535], [77.1990205652835, 28.5418947013776], [77.19899693380854, 28.54191153243401], [77.19897560206938, 28.541915784476934]]]}, "properties": {"node": "acacia", "role": "positive", "name": "acacia", "ts": "2026-07-14T16:25:16.423404+00:00"}}, {"type": "Feature", "geometry": {"type": "Polygon", "coordinates": [[[77.19896794670767, 28.542141248825036], [77.19895180587878, 28.542137603873723], [77.19890953740088, 28.542109093098524], [77.19889208980166, 28.54208737629108], [77.19888236351672, 28.542056282281568], [77.19888263474316, 28.542035717638452], [77.19888889123044, 28.542023074529425], [77.19891294127251, 28.542003975082075], [77.19892446984248, 28.541987340113806], [77.19894848782626, 28.541977904496953], [77.19898126482569, 28.541986625592806], [77.19901519274468, 28.54201712189735], [77.19903790174591, 28.54206794899859], [77.19902385349465, 28.542120194027216], [77.19899903260398, 28.542135810740714], [77.19896794670767, 28.542141248825036]]]}, "properties": {"node": "acacia", "role": "positive", "name": "acacia", "ts": "2026-07-14T16:25:16.423441+00:00"}}, {"type": "Feature", "geometry": {"type": "Polygon", "coordinates": [[[77.19909486118847, 28.54215358480295], [77.19908425081623, 28.542147177431513], [77.19907597434421, 28.542129835314785], [77.19907742422296, 28.54212117652026], [77.19910681893661, 28.542101579241116], [77.19912959417783, 28.542099565415768], [77.19914298899482, 28.54210551646463], [77.1991506227477, 28.542125541822593], [77.19914782335835, 28.54213648410999], [77.19910833501612, 28.542152132885896], [77.19909486118847, 28.54215358480295]]]}, "properties": {"node": "acacia", "role": "positive", "name": "acacia", "ts": "2026-07-14T16:25:16.423479+00:00"}}, {"type": "Feature", "geometry": {"type": "Polygon", "coordinates": [[[77.19919205014246, 28.542315258478865], [77.1991756081981, 28.5423083287951], [77.19916570245081, 28.54229101308366], [77.19917418818191, 28.54227360498666], [77.19919539612737, 28.54226339244455], [77.1992178810084, 28.54226981300862], [77.19922624293393, 28.542291265779642], [77.19922527137781, 28.542300533632368], [77.19921290790917, 28.54231060287406], [77.19919205014246, 28.542315258478865]]]}, "properties": {"node": "acacia", "role": "positive", "name": "acacia", "ts": "2026-07-14T16:25:16.423516+00:00"}}, {"type": "Feature", "geometry": {"type": "Polygon", "coordinates": [[[77.19927308561732, 28.54242784922293], [77.19925516600307, 28.542417037046306], [77.19925747637711, 28.54239376653357], [77.199265063154, 28.542389120349444], [77.19929533769347, 28.542389452210337], [77.19930038773713, 28.542397183275202], [77.19930012513815, 28.542418158980215], [77.19929074470015, 28.542426123869028], [77.19927308561732, 28.54242784922293]]]}, "properties": {"node": "acacia", "role": "positive", "name": "acacia", "ts": "2026-07-14T16:25:16.423553+00:00"}}, {"type": "Feature", "geometry": {"type": "Polygon", "coordinates": [[[77.1991537809791, 28.54228873901082], [77.19913331823966, 28.542278790431023], [77.19912874011405, 28.54226015478224], [77.19913581868184, 28.54225346081484], [77.19916320196347, 28.542249110694897], [77.19917474334824, 28.54225550297473], [77.19917365435013, 28.542270323996654], [77.19916349239428, 28.54228549762547], [77.1991537809791, 28.54228873901082]]]}, "properties": {"node": "acacia", "role": "positive", "name": "acacia", "ts": "2026-07-14T16:25:16.423591+00:00"}}, {"type": "Feature", "geometry": {"type": "Polygon", "coordinates": [[[77.1991870298149, 28.542107270127442], [77.19916335133013, 28.542099429678654], [77.19914536131189, 28.542074020849746], [77.19914269643569, 28.542057821431428], [77.19914816067916, 28.542018257223877], [77.1991526192031, 28.542008727272012], [77.19917251814971, 28.54199154545984], [77.19918285089305, 28.54196218249324], [77.19919242134185, 28.541952158509364], [77.19922079318212, 28.541939362662333], [77.19923912907691, 28.54193659833963], [77.19927601229317, 28.54195244891743], [77.199291482637, 28.541968646445163], [77.19931554333462, 28.54198367676541], [77.1993222098334, 28.542013175499108], [77.19931833002863, 28.542039349877882], [77.19930339359097, 28.542071254678465], [77.1992366373784, 28.542096803033125], [77.1991870298149, 28.542107270127442]]]}, "properties": {"node": "acacia", "role": "positive", "name": "acacia", "ts": "2026-07-14T16:25:16.423630+00:00"}}, {"type": "Feature", "geometry": {"type": "Polygon", "coordinates": [[[77.19866011174418, 28.542049808120566], [77.1986549571079, 28.542048246798558], [77.19864552977769, 28.542031540102116], [77.19865651812839, 28.542022521198557], [77.1986734746431, 28.542020601705374], [77.19867986987947, 28.54202584377565], [77.19867952820597, 28.542031811783055], [77.19867212502676, 28.542045295868395], [77.19866011174418, 28.542049808120566]]]}, "properties": {"node": "acacia", "role": "positive", "name": "acacia", "ts": "2026-07-14T16:25:16.423667+00:00"}}, {"type": "Feature", "geometry": {"type": "Polygon", "coordinates": [[[77.19928625267823, 28.542747758882722], [77.1992584848805, 28.542733611042443], [77.19923979858616, 28.54269711098295], [77.19924876264629, 28.54268031193828], [77.19927083332651, 28.542666795763772], [77.19929862030162, 28.54267066316932], [77.19931624314704, 28.54267839611013], [77.19932715467682, 28.542688088219528], [77.19933708611869, 28.542706637114122], [77.19933656942413, 28.542726588923273], [77.19932814559212, 28.542735771929216], [77.19928625267823, 28.542747758882722]]]}, "properties": {"node": "acacia", "role": "positive", "name": "acacia", "ts": "2026-07-14T16:25:16.423704+00:00"}}, {"type": "Feature", "geometry": {"type": "Polygon", "coordinates": [[[77.19873470193092, 28.542894448491023], [77.19871878947214, 28.542890594214477], [77.19870609072632, 28.542873323714744], [77.19872109786665, 28.542856015602815], [77.19874385620093, 28.542853179699872], [77.1987571336394, 28.5428646839519], [77.19876112239905, 28.542877366689], [77.19874931826347, 28.542891950085536], [77.19873470193092, 28.542894448491023]]]}, "properties": {"node": "acacia", "role": "positive", "name": "acacia", "ts": "2026-07-14T16:25:16.423741+00:00"}}, {"type": "Feature", "geometry": {"type": "Polygon", "coordinates": [[[77.19863263183518, 28.542699545956655], [77.19861028997447, 28.54268880532885], [77.19857770720147, 28.5426558199103], [77.19857159174927, 28.54263042425992], [77.19857100898673, 28.542591163622014], [77.19859232390122, 28.54256367882729], [77.19862763369842, 28.54253740655038], [77.19865309957234, 28.542530414756857], [77.1986726505776, 28.542530098053106], [77.19868401899615, 28.542539371611266], [77.19868157185734, 28.542556065054466], [77.1986989874365, 28.542587445722233], [77.19872246524349, 28.542608036853977], [77.19872246300213, 28.54264155009596], [77.19870818612917, 28.54267159373186], [77.19868023038633, 28.542693223647095], [77.19863263183518, 28.542699545956655]]]}, "properties": {"node": "acacia", "role": "positive", "name": "acacia", "ts": "2026-07-14T16:25:16.423781+00:00"}}, {"type": "Feature", "geometry": {"type": "Polygon", "coordinates": [[[77.19867715734637, 28.5427806544853], [77.1986524003836, 28.54277694347237], [77.19863505092157, 28.542759953903467], [77.19865105101682, 28.542734405614965], [77.19867284634142, 28.54271883797011], [77.19869012965583, 28.54272143643162], [77.19870512172443, 28.542737024964037], [77.1986957155177, 28.542766167287798], [77.19868573068938, 28.54277866518268], [77.19867715734637, 28.5427806544853]]]}, "properties": {"node": "acacia", "role": "positive", "name": "acacia", "ts": "2026-07-14T16:25:16.423818+00:00"}}, {"type": "Feature", "geometry": {"type": "Polygon", "coordinates": [[[77.19870961094249, 28.542504827031], [77.19867733345629, 28.542497742603732], [77.1986684356255, 28.542484111371632], [77.19867556338326, 28.5424685757226], [77.19869406599425, 28.542451416594446], [77.19872301245243, 28.542432649064352], [77.19873347338518, 28.542431862797155], [77.19874901848483, 28.54244045188317], [77.198755981732, 28.542450619206758], [77.1987529494784, 28.542483975931205], [77.19873538214217, 28.542501325518813], [77.19870961094249, 28.542504827031]]]}, "properties": {"node": "acacia", "role": "positive", "name": "acacia", "ts": "2026-07-14T16:25:16.423856+00:00"}}, {"type": "Feature", "geometry": {"type": "Polygon", "coordinates": [[[77.19893899538428, 28.54274248829943], [77.19892030701884, 28.54273950142809], [77.19889491589706, 28.542716474100825], [77.19889153146698, 28.542676847653144], [77.1989049947049, 28.54266367658427], [77.19894448753746, 28.542648233389784], [77.19896672907257, 28.542642938594305], [77.19898399529697, 28.542644714885558], [77.1990123950904, 28.542666871041504], [77.1990190829151, 28.542697397456], [77.19898823600664, 28.542714345417096], [77.19895754282499, 28.54273869256984], [77.19893899538428, 28.54274248829943]]]}, "properties": {"node": "acacia", "role": "positive", "name": "acacia", "ts": "2026-07-14T16:25:16.423893+00:00"}}, {"type": "Feature", "geometry": {"type": "Polygon", "coordinates": [[[77.19955814869682, 28.54090814549955], [77.19954241800974, 28.540901821133108], [77.1995308617718, 28.540883504175916], [77.19953518781061, 28.54086760268351], [77.19954874898905, 28.540859158829466], [77.1995818224911, 28.54087095902507], [77.19959228116711, 28.540881275267513], [77.19959115378593, 28.54089424649233], [77.19957507083924, 28.540904581638067], [77.19955814869682, 28.54090814549955]]]}, "properties": {"node": "acacia", "role": "positive", "name": "acacia", "ts": "2026-07-14T16:25:16.423930+00:00"}}, {"type": "Feature", "geometry": {"type": "Polygon", "coordinates": [[[77.19969776474599, 28.542159029862628], [77.19968699421126, 28.542156120376774], [77.19966883966042, 28.54213400392814], [77.19966748576181, 28.542113671228957], [77.19967614861207, 28.54209358740188], [77.19968467061582, 28.54208913164161], [77.19970979261416, 28.54209921023044], [77.19972757992143, 28.542126061481124], [77.19972061040004, 28.54214920190459], [77.19969776474599, 28.542159029862628]]]}, "properties": {"node": "acacia", "role": "positive", "name": "acacia", "ts": "2026-07-14T16:25:16.423969+00:00"}}, {"type": "Feature", "geometry": {"type": "Polygon", "coordinates": [[[77.19945730276609, 28.542127768640977], [77.19943740804268, 28.5421227453611], [77.19943821292625, 28.542083051045903], [77.19945481700768, 28.542052969630713], [77.1994834536635, 28.54205291678949], [77.19950001518389, 28.54206560136762], [77.19949553323968, 28.542085206229043], [77.19947254887671, 28.54212197031759], [77.19945730276609, 28.542127768640977]]]}, "properties": {"node": "acacia", "role": "positive", "name": "acacia", "ts": "2026-07-14T16:25:16.424009+00:00"}}, {"type": "Feature", "geometry": {"type": "Polygon", "coordinates": [[[77.1993526865771, 28.542628255397922], [77.19932867270445, 28.542615485959523], [77.1993234902413, 28.54260138336633], [77.19932430159326, 28.542573202684498], [77.19934349592334, 28.542544518525954], [77.1993695980267, 28.54252332972162], [77.19938233093302, 28.542519833757222], [77.19939734225305, 28.542525141776608], [77.19940925738516, 28.542538312858735], [77.19941104055066, 28.542590506983046], [77.1993891407567, 28.542612244507684], [77.1993526865771, 28.542628255397922]]]}, "properties": {"node": "acacia", "role": "positive", "name": "acacia", "ts": "2026-07-14T16:25:16.424046+00:00"}}, {"type": "Feature", "geometry": {"type": "Polygon", "coordinates": [[[77.19976526843452, 28.54249430141355], [77.19973811566612, 28.542487339787822], [77.1997191113486, 28.542491554230864], [77.19971102270743, 28.542483255621047], [77.19971748402934, 28.542458067410116], [77.19973753454069, 28.54243697661394], [77.19975621211465, 28.542428244211038], [77.19978576498977, 28.54243866217604], [77.19979742826057, 28.54246211742521], [77.19979115271505, 28.542485041001772], [77.19977920779095, 28.542492841883714], [77.19976526843452, 28.54249430141355]]]}, "properties": {"node": "acacia", "role": "positive", "name": "acacia", "ts": "2026-07-14T16:25:16.424083+00:00"}}, {"type": "Feature", "geometry": {"type": "Polygon", "coordinates": [[[77.19965624737995, 28.542838807499784], [77.19964545541646, 28.542834870348727], [77.19963577374621, 28.54281713984143], [77.19962581648814, 28.542774947111894], [77.19963126140634, 28.54274566332805], [77.19963925388508, 28.542738132114156], [77.19966887725911, 28.542740736067074], [77.19970418696376, 28.5427368741827], [77.1997165633867, 28.542749832156662], [77.19972133815199, 28.542777922303557], [77.19974048997766, 28.542792004082028], [77.19973727860986, 28.542816728417204], [77.19970623749145, 28.542835530107634], [77.19965624737995, 28.542838807499784]]]}, "properties": {"node": "acacia", "role": "positive", "name": "acacia", "ts": "2026-07-14T16:25:16.424137+00:00"}}, {"type": "Feature", "geometry": {"type": "Polygon", "coordinates": [[[77.19947728697841, 28.54264124529703], [77.19944216088123, 28.54263153438545], [77.19942133288707, 28.54261521809649], [77.19941619522305, 28.542592068274143], [77.19942347012076, 28.542550007491183], [77.19946634083956, 28.54251785561483], [77.19952758605183, 28.54250719982227], [77.19955318207897, 28.542495271294662], [77.1995711807062, 28.542498680462213], [77.19960956538151, 28.542530749198143], [77.19961440406342, 28.542539511687433], [77.19961128237537, 28.542568552218796], [77.19960143009956, 28.542587421703562], [77.19956504650001, 28.542618029277833], [77.19947728697841, 28.54264124529703]]]}, "properties": {"node": "acacia", "role": "positive", "name": "acacia", "ts": "2026-07-14T16:25:16.424178+00:00"}}, {"type": "Feature", "geometry": {"type": "Polygon", "coordinates": [[[77.19947217501736, 28.54264173934058], [77.19943509722007, 28.542627742403024], [77.19942156990857, 28.542615419858116], [77.19941563792693, 28.54259886218523], [77.19941849057508, 28.542556873062424], [77.19943116150968, 28.542539191529382], [77.19946495715438, 28.542518494844426], [77.19949791366871, 28.542513437534545], [77.19952285207948, 28.54251467822477], [77.19953577292713, 28.542520225707488], [77.19954021663412, 28.542543592372862], [77.19954545673735, 28.54254926432321], [77.19953406063217, 28.542572270870405], [77.19953304440156, 28.542612996619557], [77.19951865452326, 28.542626388366468], [77.19947217501736, 28.54264173934058]]]}, "properties": {"node": "acacia", "role": "positive", "name": "acacia", "ts": "2026-07-14T16:25:16.424219+00:00"}}, {"type": "Feature", "geometry": {"type": "Polygon", "coordinates": [[[77.20005807459658, 28.54254589065376], [77.20004009731278, 28.542543509217833], [77.20002557485945, 28.54252811882977], [77.20002447499442, 28.54250881003239], [77.20003886906248, 28.54249562376914], [77.20007665997687, 28.542499123259404], [77.20008750116234, 28.542516629336795], [77.20008420015496, 28.54253703748042], [77.20005807459658, 28.54254589065376]]]}, "properties": {"node": "acacia", "role": "positive", "name": "acacia", "ts": "2026-07-14T16:25:16.424257+00:00"}}, {"type": "Feature", "geometry": {"type": "Polygon", "coordinates": [[[77.19887157652985, 28.542902387450553], [77.19884214568187, 28.542897110676765], [77.19882045551344, 28.542888064571624], [77.19878742935633, 28.54284563963776], [77.19878987352523, 28.54282738041731], [77.1988116415246, 28.542787903528726], [77.1988261229327, 28.542774052156155], [77.1988398951849, 28.54276788369173], [77.1988602308212, 28.54277445852692], [77.19888696855105, 28.542775559646774], [77.19890079056583, 28.542782240000072], [77.19891515835974, 28.542794281504403], [77.19892458612937, 28.5428194444552], [77.19892573542275, 28.542843399025482], [77.19891789113612, 28.542863088232686], [77.1988899441886, 28.542897870602207], [77.19887157652985, 28.542902387450553]]]}, "properties": {"node": "acacia", "role": "positive", "name": "acacia", "ts": "2026-07-14T16:25:16.424295+00:00"}}, {"type": "Feature", "geometry": {"type": "Polygon", "coordinates": [[[77.19874573101211, 28.543148952701948], [77.19872387545679, 28.54314240247436], [77.19870445807321, 28.543127757754156], [77.19867615677263, 28.54308276304393], [77.19867996149216, 28.543056810364074], [77.19867680239363, 28.54303020334995], [77.19870035320429, 28.54300335544204], [77.19872267093766, 28.54299033606371], [77.19874427747438, 28.542995356042628], [77.19876607918899, 28.54300977034694], [77.19879264968301, 28.543002819200286], [77.19880598569821, 28.543007014223527], [77.19882552257035, 28.54302741055961], [77.19884314316934, 28.543060112210103], [77.19882209219074, 28.5431131942601], [77.19880756489827, 28.543135293154155], [77.19877629337874, 28.54314596438605], [77.19874573101211, 28.543148952701948]]]}, "properties": {"node": "acacia", "role": "positive", "name": "acacia", "ts": "2026-07-14T16:25:16.424334+00:00"}}, {"type": "Feature", "geometry": {"type": "Polygon", "coordinates": [[[77.19890049110889, 28.54306052563876], [77.19888003389444, 28.543058555634115], [77.19885677205566, 28.543047041786693], [77.19882863403177, 28.54300990767077], [77.19882465421267, 28.542985615383465], [77.1988326100569, 28.542971294368293], [77.19885752525387, 28.54295784931795], [77.19887772554773, 28.54293700101224], [77.19892981471004, 28.542935198200023], [77.19895656640337, 28.542947422638107], [77.19899466414452, 28.54298305286649], [77.1989983611662, 28.542993732957846], [77.19899661419225, 28.54302463872847], [77.19899057262371, 28.54303701088334], [77.19896933255681, 28.543049629274222], [77.19893996338807, 28.543057776510157], [77.19890049110889, 28.54306052563876]]]}, "properties": {"node": "acacia", "role": "positive", "name": "acacia", "ts": "2026-07-14T16:25:16.424374+00:00"}}, {"type": "Feature", "geometry": {"type": "Polygon", "coordinates": [[[77.1986317917965, 28.542776816637573], [77.19861800166055, 28.54277167002408], [77.19860706800647, 28.542757655003406], [77.19861829068964, 28.54273330823374], [77.19864668377775, 28.54271999867146], [77.19867292546809, 28.54272858750545], [77.1986782219524, 28.542743077408556], [77.19866803709117, 28.54276510594456], [77.19865063351743, 28.54277420999825], [77.1986317917965, 28.542776816637573]]]}, "properties": {"node": "acacia", "role": "positive", "name": "acacia", "ts": "2026-07-14T16:25:16.424416+00:00"}}, {"type": "Feature", "geometry": {"type": "Polygon", "coordinates": [[[77.1990674792874, 28.543194755043373], [77.19905366119129, 28.543188266431937], [77.19904336684874, 28.5431736657365], [77.19903832526626, 28.543150541373706], [77.19904704001648, 28.54314138625979], [77.19906769843494, 28.54314258583653], [77.19908724534619, 28.54315300912296], [77.19909240646221, 28.543160980492377], [77.19909023922092, 28.543182112011436], [77.19907807044386, 28.543192282018282], [77.1990674792874, 28.543194755043373]]]}, "properties": {"node": "acacia", "role": "positive", "name": "acacia", "ts": "2026-07-14T16:25:16.424452+00:00"}}, {"type": "Feature", "geometry": {"type": "Polygon", "coordinates": [[[77.19907547088948, 28.543328491840192], [77.19905892979722, 28.54330593736672], [77.19905730836493, 28.543290620797368], [77.19906866842409, 28.54328334067742], [77.1990849565467, 28.543283268559904], [77.19909971883767, 28.54329338579377], [77.19910394772864, 28.543319208317552], [77.1990980077492, 28.543326017051594], [77.19907547088948, 28.543328491840192]]]}, "properties": {"node": "acacia", "role": "positive", "name": "acacia", "ts": "2026-07-14T16:25:16.424489+00:00"}}, {"type": "Feature", "geometry": {"type": "Polygon", "coordinates": [[[77.19850840387662, 28.543361267998716], [77.19849440849373, 28.54335670005694], [77.19847762045922, 28.54334316342818], [77.19847768623798, 28.543335874512266], [77.19848852448084, 28.543324383609693], [77.19852093142067, 28.54332654368054], [77.19853019392673, 28.543333297924566], [77.19852891497375, 28.543355373977693], [77.19850840387662, 28.543361267998716]]]}, "properties": {"node": "acacia", "role": "positive", "name": "acacia", "ts": "2026-07-14T16:25:16.424528+00:00"}}, {"type": "Feature", "geometry": {"type": "Polygon", "coordinates": [[[77.19907128769663, 28.543587086462242], [77.19904860736423, 28.543582659295343], [77.1990417371354, 28.54357605811489], [77.1990288631861, 28.543552293511556], [77.19902616610769, 28.543527021524067], [77.19903799430739, 28.54351091168833], [77.19908475329373, 28.54350344160033], [77.19910981199541, 28.543517803071765], [77.19911478589013, 28.543537668172966], [77.19911273816807, 28.543564551319633], [77.19909877858905, 28.54358261355004], [77.19907128769663, 28.543587086462242]]]}, "properties": {"node": "acacia", "role": "positive", "name": "acacia", "ts": "2026-07-14T16:25:16.424567+00:00"}}, {"type": "Feature", "geometry": {"type": "Polygon", "coordinates": [[[77.19925874707802, 28.542751891840492], [77.19923613265055, 28.542740175781034], [77.1992285254455, 28.542719010851012], [77.19921712959098, 28.542703660872967], [77.19922839594894, 28.542681422991116], [77.19924813598729, 28.5426697877959], [77.19929815938742, 28.542683552944535], [77.19931056716167, 28.542705790796422], [77.19930986403415, 28.542724213597168], [77.19930313131471, 28.54273467910861], [77.19927412280946, 28.54274972484673], [77.19925874707802, 28.542751891840492]]]}, "properties": {"node": "acacia", "role": "positive", "name": "acacia", "ts": "2026-07-14T16:25:16.424607+00:00"}}, {"type": "Feature", "geometry": {"type": "Polygon", "coordinates": [[[77.19953462494948, 28.543056963177506], [77.19952368919212, 28.543053304686698], [77.19951154227971, 28.543033172271475], [77.19950758026991, 28.543020195064756], [77.19951235490902, 28.543009569489406], [77.1995499128166, 28.542987864445724], [77.19956746775465, 28.5429860456733], [77.19959669747037, 28.5429920926885], [77.19960053994878, 28.542999318265377], [77.19959735494422, 28.543023726635667], [77.19958104702891, 28.54304374482263], [77.19957141204911, 28.543050421670827], [77.19953462494948, 28.543056963177506]]]}, "properties": {"node": "acacia", "role": "positive", "name": "acacia", "ts": "2026-07-14T16:25:16.424645+00:00"}}, {"type": "Feature", "geometry": {"type": "Polygon", "coordinates": [[[77.19960860234369, 28.543658929584964], [77.19959570843284, 28.543655111051592], [77.19959079226952, 28.543648478232686], [77.19958281841284, 28.543630579624953], [77.19958272666875, 28.54360526543188], [77.1995935209783, 28.54359166551688], [77.19961774305196, 28.543586670118575], [77.19962648373544, 28.543589213460695], [77.1996480307632, 28.54361226208537], [77.19965011841282, 28.54362910537136], [77.19964227421605, 28.54364879461413], [77.19960860234369, 28.543658929584964]]]}, "properties": {"node": "acacia", "role": "positive", "name": "acacia", "ts": "2026-07-14T16:25:16.424682+00:00"}}, {"type": "Feature", "geometry": {"type": "Polygon", "coordinates": [[[77.19919602547589, 28.54349626869439], [77.19917065204436, 28.543487665903232], [77.19914062741398, 28.543453822784823], [77.19914343207209, 28.54344246199791], [77.19916892100606, 28.543414815466146], [77.19918996989821, 28.543413899054922], [77.19921207452902, 28.543421979451868], [77.19923231870152, 28.543445049258413], [77.1992301076614, 28.543464071847477], [77.19921305861287, 28.543490239138684], [77.19919602547589, 28.54349626869439]]]}, "properties": {"node": "acacia", "role": "positive", "name": "acacia", "ts": "2026-07-14T16:25:16.424720+00:00"}}, {"type": "Feature", "geometry": {"type": "Polygon", "coordinates": [[[77.19931460010748, 28.543485141659424], [77.19929036009223, 28.543478821950796], [77.19928218712313, 28.54347224189214], [77.1992833543606, 28.54344479765506], [77.19928943974016, 28.54343453441854], [77.19931920937715, 28.54343520274696], [77.19933399561668, 28.543446470278198], [77.19933537807873, 28.54347118820286], [77.19932519128538, 28.54348266861384], [77.19931460010748, 28.543485141659424]]]}, "properties": {"node": "acacia", "role": "positive", "name": "acacia", "ts": "2026-07-14T16:25:16.424756+00:00"}}, {"type": "Feature", "geometry": {"type": "Polygon", "coordinates": [[[77.1994117022183, 28.543715820381436], [77.19939065523391, 28.543706380383306], [77.19938531078337, 28.54368958986715], [77.19940368051184, 28.543674716496515], [77.19942081725966, 28.543673671657242], [77.1994335279463, 28.543689575660693], [77.19943340847712, 28.543704728648205], [77.19942533313368, 28.543713298068926], [77.1994117022183, 28.543715820381436]]]}, "properties": {"node": "acacia", "role": "positive", "name": "acacia", "ts": "2026-07-14T16:25:16.424797+00:00"}}, {"type": "Feature", "geometry": {"type": "Polygon", "coordinates": [[[77.19960411702469, 28.543349076979812], [77.19957517995083, 28.543325764536313], [77.19957346086281, 28.543316203122533], [77.19959482637518, 28.543299171539527], [77.19962852010286, 28.54330054334935], [77.19963435654051, 28.543309654464423], [77.19963283484579, 28.54334094015498], [77.19962210626464, 28.543347251159762], [77.19960411702469, 28.543349076979812]]]}, "properties": {"node": "acacia", "role": "positive", "name": "acacia", "ts": "2026-07-14T16:25:16.424834+00:00"}}, {"type": "Feature", "geometry": {"type": "Polygon", "coordinates": [[[77.19922778293478, 28.543341750377177], [77.19921208839301, 28.54332857969572], [77.19920634360625, 28.54330297352415], [77.19921848647691, 28.543281105010962], [77.19923833419398, 28.54327464627705], [77.19925519201725, 28.543281085614556], [77.19926830101515, 28.54329525711369], [77.1992678130274, 28.543324032843344], [77.19925636733325, 28.54333764328814], [77.19922778293478, 28.543341750377177]]]}, "properties": {"node": "acacia", "role": "positive", "name": "acacia", "ts": "2026-07-14T16:25:16.424873+00:00"}}, {"type": "Feature", "geometry": {"type": "Polygon", "coordinates": [[[77.1992802037951, 28.54385757104644], [77.19926408091389, 28.5438551473022], [77.19925122083843, 28.54384250605663], [77.1992479340967, 28.543830668614596], [77.1992661942855, 28.543800070627455], [77.19928869139561, 28.543795678592957], [77.1993132482153, 28.543806787801984], [77.19932005875668, 28.543831417768352], [77.1993083102554, 28.5438513620457], [77.1992802037951, 28.54385757104644]]]}, "properties": {"node": "acacia", "role": "positive", "name": "acacia", "ts": "2026-07-14T16:25:16.424909+00:00"}}, {"type": "Feature", "geometry": {"type": "Polygon", "coordinates": [[[77.1996741034625, 28.542849875916346], [77.19965256864803, 28.542848307062243], [77.19963897964206, 28.54284239015357], [77.19962261384487, 28.542828271469084], [77.19962045653752, 28.542818525371477], [77.19962825472588, 28.5427652744184], [77.19963917646237, 28.542757809571842], [77.19967764861386, 28.542748747521102], [77.19969102447345, 28.542754859666175], [77.19969770556207, 28.542783710994243], [77.19971776241431, 28.54279776984976], [77.19972284192224, 28.542812263222704], [77.19971543203083, 28.542831945430173], [77.19970650821396, 28.542841487543402], [77.1996741034625, 28.542849875916346]]]}, "properties": {"node": "acacia", "role": "positive", "name": "acacia", "ts": "2026-07-14T16:25:16.424947+00:00"}}, {"type": "Feature", "geometry": {"type": "Polygon", "coordinates": [[[77.20005241753583, 28.542597299978276], [77.20002863775458, 28.542581767233408], [77.20002447452454, 28.54256956044622], [77.20004339171325, 28.54254969170244], [77.20008644129565, 28.54255187068506], [77.20009292319823, 28.54257113594722], [77.20009128397163, 28.542586313568105], [77.20007558962556, 28.54259404759547], [77.20005241753583, 28.542597299978276]]]}, "properties": {"node": "acacia", "role": "positive", "name": "acacia", "ts": "2026-07-14T16:25:16.424984+00:00"}}, {"type": "Feature", "geometry": {"type": "Polygon", "coordinates": [[[77.19968894822628, 28.54302070796776], [77.19965124075951, 28.543003866594926], [77.19963968542199, 28.542980847822562], [77.19964806732669, 28.542945231672352], [77.19967348837231, 28.542935230416603], [77.19971797234079, 28.54294371518429], [77.19973022083803, 28.542958284155414], [77.19973314725105, 28.543005032379238], [77.19972031922559, 28.543014829554266], [77.19968894822628, 28.54302070796776]]]}, "properties": {"node": "acacia", "role": "positive", "name": "acacia", "ts": "2026-07-14T16:25:16.425021+00:00"}}, {"type": "Feature", "geometry": {"type": "Polygon", "coordinates": [[[77.19960512849116, 28.543251441788858], [77.19957189487936, 28.5432408568138], [77.19955463663058, 28.543225601873946], [77.19955154707789, 28.54321280231601], [77.19955501483966, 28.543160196900928], [77.1996095679422, 28.543120188586613], [77.19964952227106, 28.543119732864568], [77.1996594282194, 28.543126093030704], [77.19967865854366, 28.543152631338934], [77.19967982201716, 28.543187709221773], [77.19966968116694, 28.543211846752172], [77.19965882314554, 28.543222379137227], [77.19960512849116, 28.543251441788858]]]}, "properties": {"node": "acacia", "role": "positive", "name": "acacia", "ts": "2026-07-14T16:25:16.425060+00:00"}}, {"type": "Feature", "geometry": {"type": "Polygon", "coordinates": [[[77.19976041685031, 28.54300037114043], [77.1997392564729, 28.54299591945096], [77.19973282834107, 28.542968790096154], [77.19973610690157, 28.542938434858314], [77.19975612780527, 28.542929863605128], [77.19977995339733, 28.54293714887859], [77.19979024382727, 28.542951557793405], [77.1997840650623, 28.542988672527297], [77.19977833031191, 28.542994902606463], [77.19976041685031, 28.54300037114043]]]}, "properties": {"node": "acacia", "role": "positive", "name": "acacia", "ts": "2026-07-14T16:25:16.425098+00:00"}}, {"type": "Feature", "geometry": {"type": "Polygon", "coordinates": [[[77.19973362819674, 28.54316401472758], [77.1997077030686, 28.543160215612982], [77.19968235154771, 28.543142215073235], [77.19967574420637, 28.543127362889752], [77.19968279559171, 28.54311133041797], [77.19970286036592, 28.543104868100457], [77.19971429402214, 28.543090682459475], [77.19972614005854, 28.5430858876216], [77.19973907773694, 28.543091815075996], [77.19974936817805, 28.54310622399309], [77.1997580432544, 28.54313696085323], [77.1997517588086, 28.543158542676764], [77.19973362819674, 28.54316401472758]]]}, "properties": {"node": "acacia", "role": "positive", "name": "acacia", "ts": "2026-07-14T16:25:16.425135+00:00"}}, {"type": "Feature", "geometry": {"type": "Polygon", "coordinates": [[[77.1998902398286, 28.543342330107166], [77.19986519303008, 28.543328543945645], [77.19986166314233, 28.543305011548753], [77.19987001310747, 28.543267861622297], [77.19988298653432, 28.543254609938124], [77.19989957737423, 28.543248203896873], [77.1999138457088, 28.54325545226381], [77.19991671818468, 28.543268255330116], [77.19990706358995, 28.54331578281833], [77.19989796455363, 28.54333779383802], [77.1998902398286, 28.543342330107166]]]}, "properties": {"node": "acacia", "role": "positive", "name": "acacia", "ts": "2026-07-14T16:25:16.425172+00:00"}}, {"type": "Feature", "geometry": {"type": "Polygon", "coordinates": [[[77.19986944957698, 28.54357511102814], [77.19984368567306, 28.543568624334597], [77.19982441345216, 28.54355052529406], [77.19982758453386, 28.543535898204503], [77.19984729070586, 28.543512180985942], [77.1998816318818, 28.543513350450784], [77.199894344529, 28.543518897964166], [77.1998946714799, 28.543555523682695], [77.19988279160255, 28.54356914121523], [77.19986944957698, 28.54357511102814]]]}, "properties": {"node": "acacia", "role": "positive", "name": "acacia", "ts": "2026-07-14T16:25:16.425212+00:00"}}, {"type": "Feature", "geometry": {"type": "Polygon", "coordinates": [[[77.20000798177205, 28.54405386344117], [77.19997799674712, 28.544042842349874], [77.19996727192945, 28.544028440497407], [77.19997091294047, 28.543994627246782], [77.19998801177657, 28.54398130868189], [77.20003248026634, 28.543989026436392], [77.2000531031733, 28.544009404972662], [77.20005245199663, 28.544030320137804], [77.20004762954615, 28.544038645080587], [77.20003070797614, 28.54405004292547], [77.20000798177205, 28.54405386344117]]]}, "properties": {"node": "acacia", "role": "positive", "name": "acacia", "ts": "2026-07-14T16:25:16.425252+00:00"}}, {"type": "Feature", "geometry": {"type": "Polygon", "coordinates": [[[77.19966488455213, 28.543963339876395], [77.19965047472462, 28.543959737703428], [77.19963043757392, 28.54394663745612], [77.19960864147453, 28.543922058585085], [77.19961732220244, 28.543879916889733], [77.19962347132868, 28.543872721173074], [77.19964372547683, 28.543864913292015], [77.19969267390199, 28.543889627460718], [77.19970559779395, 28.543905336194776], [77.19971157773679, 28.543921349254227], [77.19970847836186, 28.543939427317145], [77.19969744300211, 28.543951880435586], [77.19968241972289, 28.543960562476276], [77.19966488455213, 28.543963339876395]]]}, "properties": {"node": "acacia", "role": "positive", "name": "acacia", "ts": "2026-07-14T16:25:16.425290+00:00"}}, {"type": "Feature", "geometry": {"type": "Polygon", "coordinates": [[[77.19976238507317, 28.544307165230848], [77.19969589131132, 28.544295201509925], [77.19968443748434, 28.54428752394022], [77.19967190395685, 28.544269699240232], [77.19967842950325, 28.544249264225307], [77.19971608536629, 28.54422180397275], [77.19974790291805, 28.544216493658904], [77.19977797963314, 28.544231924378604], [77.19979000925578, 28.544256853296204], [77.19978989382804, 28.54427219800092], [77.19977787452194, 28.544300009907865], [77.19976238507317, 28.544307165230848]]]}, "properties": {"node": "acacia", "role": "positive", "name": "acacia", "ts": "2026-07-14T16:25:16.425328+00:00"}}, {"type": "Feature", "geometry": {"type": "Polygon", "coordinates": [[[77.20006152504523, 28.543996610619786], [77.20000523035905, 28.543994646346686], [77.19998120731547, 28.543988323251245], [77.19998529868883, 28.543976174452446], [77.19998327664779, 28.54395204226539], [77.19998996552543, 28.5439394677924], [77.2000013455093, 28.54393314619874], [77.20003535012907, 28.543928567512072], [77.20005126577824, 28.543921021681047], [77.20007633456758, 28.543925409959133], [77.20008644389048, 28.543941547848764], [77.20009159336439, 28.54396984861706], [77.20007753237383, 28.543993474363745], [77.20006152504523, 28.543996610619786]]]}, "properties": {"node": "acacia", "role": "positive", "name": "acacia", "ts": "2026-07-14T16:25:16.425366+00:00"}}, {"type": "Feature", "geometry": {"type": "Polygon", "coordinates": [[[77.1996867499707, 28.5445868635127], [77.19964971322669, 28.544570970221017], [77.1996458627103, 28.54456336120872], [77.19964721508931, 28.544534379691488], [77.19965759309984, 28.544511197245164], [77.19969408386248, 28.544500824781267], [77.19972312285495, 28.544518573753372], [77.19973197740214, 28.54455793804071], [77.19972333832459, 28.544570735895817], [77.1996867499707, 28.5445868635127]]]}, "properties": {"node": "acacia", "role": "positive", "name": "acacia", "ts": "2026-07-14T16:25:16.425403+00:00"}}, {"type": "Feature", "geometry": {"type": "Polygon", "coordinates": [[[77.19998691725546, 28.544555531939533], [77.19996546370427, 28.544547441128184], [77.1999358108913, 28.54450016720665], [77.1999315359855, 28.54448259224078], [77.1999346831578, 28.54446681482501], [77.19994604517582, 28.544449178186223], [77.19996783711703, 28.544431756057467], [77.2000122556907, 28.544405720388863], [77.20003948178757, 28.5443989501469], [77.20005089389957, 28.54441506691888], [77.2000735964663, 28.544431000672553], [77.20009460778049, 28.54443871506541], [77.2001070218229, 28.544450788097347], [77.20012072288208, 28.54448297773159], [77.20011628516235, 28.54452025603495], [77.20011038106203, 28.544528790299385], [77.20007003202598, 28.544552075038272], [77.19998691725546, 28.544555531939533]]]}, "properties": {"node": "acacia", "role": "positive", "name": "acacia", "ts": "2026-07-14T16:25:16.425443+00:00"}}, {"type": "Feature", "geometry": {"type": "Polygon", "coordinates": [[[77.20040234487635, 28.542692698429146], [77.20039143703501, 28.542690382053287], [77.20036870480277, 28.542662558121556], [77.20036119281191, 28.542625089959007], [77.20036800115116, 28.542618267096294], [77.20040606285168, 28.54261036220946], [77.20043010764434, 28.542628192014316], [77.20043594622526, 28.54264785125759], [77.20043057427117, 28.54267152795374], [77.20041464500548, 28.54268885509921], [77.20040234487635, 28.542692698429146]]]}, "properties": {"node": "acacia", "role": "positive", "name": "acacia", "ts": "2026-07-14T16:25:16.425482+00:00"}}, {"type": "Feature", "geometry": {"type": "Polygon", "coordinates": [[[77.20013248675255, 28.54299069652822], [77.20004827945601, 28.542972882946408], [77.2000032932937, 28.542940241463253], [77.20000722123025, 28.542920232109932], [77.20002070248637, 28.54290006790712], [77.20002616811344, 28.542870444356886], [77.20001887525132, 28.542822616206468], [77.2000222772758, 28.542798204312007], [77.20004408673022, 28.542771192625107], [77.20008222215723, 28.542756382355474], [77.200130767595, 28.542761732588453], [77.20014743615972, 28.542769517382283], [77.200154123449, 28.542809108566676], [77.20019331110645, 28.54284491256284], [77.20019856794428, 28.5428574851864], [77.20020479521483, 28.542906289524446], [77.20020127974016, 28.542935689681823], [77.20016551097982, 28.542980763720347], [77.20015349169903, 28.54298767104349], [77.20013248675255, 28.54299069652822]]]}, "properties": {"node": "acacia", "role": "positive", "name": "acacia", "ts": "2026-07-14T16:25:16.425521+00:00"}}, {"type": "Feature", "geometry": {"type": "Polygon", "coordinates": [[[77.20033398148851, 28.54337426135331], [77.20029432767726, 28.54335783529299], [77.20029004480023, 28.54333987689483], [77.20029909803006, 28.543326113367204], [77.20032369046815, 28.543318043275583], [77.2003401101255, 28.543324297793095], [77.2003530640516, 28.54335189667373], [77.20034152893409, 28.543371645787555], [77.20033398148851, 28.54337426135331]]]}, "properties": {"node": "acacia", "role": "positive", "name": "acacia", "ts": "2026-07-14T16:25:16.425558+00:00"}}, {"type": "Feature", "geometry": {"type": "Polygon", "coordinates": [[[77.2005110991161, 28.543671725820857], [77.2004921377083, 28.543668581101837], [77.20048152448419, 28.543659547472313], [77.20047280131072, 28.543626510025423], [77.2004977998661, 28.54359618621089], [77.2005141895391, 28.54359055049704], [77.2005345990324, 28.54359021959869], [77.20054771222075, 28.543604582682804], [77.20055405105555, 28.543637850567286], [77.20053183922117, 28.54366640314211], [77.2005110991161, 28.543671725820857]]]}, "properties": {"node": "acacia", "role": "positive", "name": "acacia", "ts": "2026-07-14T16:25:16.425595+00:00"}}, {"type": "Feature", "geometry": {"type": "Polygon", "coordinates": [[[77.20013963421275, 28.544055373303056], [77.20011154160775, 28.544051801196023], [77.20008166189808, 28.544014503819895], [77.20008166777741, 28.544004339097903], [77.20010560293927, 28.543985539711297], [77.20013848419305, 28.543989609551335], [77.2001586946885, 28.544000597271243], [77.2001651666391, 28.544008930915844], [77.20016889570705, 28.54402114473164], [77.20016455534349, 28.544031763288196], [77.20015297627987, 28.544049403461468], [77.20013963421275, 28.544055373303056]]]}, "properties": {"node": "acacia", "role": "positive", "name": "acacia", "ts": "2026-07-14T16:25:16.425637+00:00"}}, {"type": "Feature", "geometry": {"type": "Polygon", "coordinates": [[[77.2003586938663, 28.543904722710266], [77.20034251515553, 28.5438996150052], [77.20033422250593, 28.543887283392554], [77.20034020179759, 28.543840582607256], [77.20034719145809, 28.543832030735466], [77.20036527032369, 28.54382406622858], [77.20039639860508, 28.54382739728506], [77.20041445779603, 28.543839378771317], [77.20042474840547, 28.543853787626634], [77.20042631025402, 28.543866228355686], [77.20041978088676, 28.543886471677656], [77.20039769626874, 28.543900254695565], [77.2003586938663, 28.543904722710266]]]}, "properties": {"node": "acacia", "role": "positive", "name": "acacia", "ts": "2026-07-14T16:25:16.425675+00:00"}}, {"type": "Feature", "geometry": {"type": "Polygon", "coordinates": [[[77.20005834618038, 28.543592953847487], [77.20004429491213, 28.54358570197971], [77.20004297016493, 28.543574216327745], [77.20005511497081, 28.543562895912654], [77.20006700089736, 28.543560018251416], [77.2000751460196, 28.54356525621395], [77.20007525572055, 28.54358098084019], [77.20005834618038, 28.543592953847487]]]}, "properties": {"node": "acacia", "role": "positive", "name": "acacia", "ts": "2026-07-14T16:25:16.425712+00:00"}}, {"type": "Feature", "geometry": {"type": "Polygon", "coordinates": [[[77.20011163324507, 28.544453206555353], [77.20008609022175, 28.544446908122374], [77.20005555922626, 28.544430525912407], [77.20004108346095, 28.544413308089464], [77.20003836826754, 28.54439762569888], [77.20006628329611, 28.544361309332487], [77.20010004491306, 28.54434503565426], [77.20012168555523, 28.544341232718217], [77.20013963719032, 28.544348037775936], [77.20016080205978, 28.54437358571161], [77.2001659597753, 28.54442317451904], [77.20015980478941, 28.544440534980474], [77.20014937297837, 28.544450676926303], [77.20011163324507, 28.544453206555353]]]}, "properties": {"node": "acacia", "role": "positive", "name": "acacia", "ts": "2026-07-14T16:25:16.425750+00:00"}}, {"type": "Feature", "geometry": {"type": "Polygon", "coordinates": [[[77.2002637483847, 28.544519591601436], [77.20023412382515, 28.54451546900389], [77.2002266180336, 28.544509645334273], [77.20021116400167, 28.544476716988083], [77.20020948047495, 28.54444797647128], [77.20021827282974, 28.544432107536633], [77.2002433215797, 28.544414632569225], [77.20026738435483, 28.54440196821613], [77.20028471441071, 28.54439976941734], [77.20032495248104, 28.544433830246493], [77.2003324186636, 28.544458641305567], [77.2003260226623, 28.544474854968527], [77.20031225241063, 28.544491571751507], [77.20028206629686, 28.544502225742487], [77.2002637483847, 28.544519591601436]]]}, "properties": {"node": "acacia", "role": "positive", "name": "acacia", "ts": "2026-07-14T16:25:16.425789+00:00"}}, {"type": "Feature", "geometry": {"type": "Polygon", "coordinates": [[[77.20042948476036, 28.544280049746433], [77.20041989145373, 28.544278287423918], [77.20039917487713, 28.544263855814346], [77.20038808536218, 28.54424236385212], [77.20039539740918, 28.544207532153465], [77.20039825111569, 28.544146306351323], [77.2004073758822, 28.544115089186047], [77.20042376351233, 28.544098905317266], [77.20044600363613, 28.544092599402703], [77.20052549682148, 28.54410300949871], [77.20055243819907, 28.54411388802828], [77.20057706114045, 28.544138612689107], [77.20058422865534, 28.544169949278785], [77.20057823321775, 28.544194978584482], [77.20056164840835, 28.544212124595237], [77.2005472688625, 28.544241317327767], [77.2005361458722, 28.54424955265406], [77.20049720314854, 28.544256896526228], [77.2004556969306, 28.544276747998072], [77.20042948476036, 28.544280049746433]]]}, "properties": {"node": "acacia", "role": "positive", "name": "acacia", "ts": "2026-07-14T16:25:16.425833+00:00"}}, {"type": "Feature", "geometry": {"type": "Polygon", "coordinates": [[[77.19583436677729, 28.54061321502964], [77.19582550977583, 28.54061029206849], [77.19581697144658, 28.540600413800387], [77.19580693694208, 28.540574206438503], [77.19582539674377, 28.540560211925584], [77.19585030797933, 28.540555925021184], [77.19586403897445, 28.540570625272043], [77.19587689699287, 28.540599035529794], [77.19586668300136, 28.540608808328965], [77.19583436677729, 28.54061321502964]]]}, "properties": {"node": "acacia", "role": "positive", "name": "acacia", "ts": "2026-07-14T16:25:16.425871+00:00"}}, {"type": "Feature", "geometry": {"type": "Polygon", "coordinates": [[[77.19669928855419, 28.54103074265216], [77.19666521245041, 28.54102843230352], [77.19665209253594, 28.54102087681671], [77.19663965226755, 28.54100145419357], [77.19663994597659, 28.5409709914357], [77.19665092438947, 28.540953438395853], [77.19667459620602, 28.540934044601713], [77.19672199204456, 28.54093123339668], [77.19673577224052, 28.540937142861942], [77.19675569385683, 28.540960123886887], [77.19675852773092, 28.540973978319705], [77.19675480775277, 28.540995502218333], [77.19673563020655, 28.54101952486175], [77.19669928855419, 28.54103074265216]]]}, "properties": {"node": "acacia", "role": "positive", "name": "acacia", "ts": "2026-07-14T16:25:16.425910+00:00"}}, {"type": "Feature", "geometry": {"type": "Polygon", "coordinates": [[[77.19673451014766, 28.54070903488009], [77.1966818689529, 28.540693329105434], [77.19667249398017, 28.540687757173593], [77.19666975767166, 28.540678602730118], [77.19667548635965, 28.540642328362356], [77.19668272169186, 28.540634034623356], [77.19671413160003, 28.540619421581965], [77.196726642599, 28.540608793882903], [77.19676589431013, 28.54061510878143], [77.19677446427674, 28.540637660274765], [77.19677451041541, 28.540662189464527], [77.19676865690225, 28.54068129489982], [77.19674694243213, 28.54070576743382], [77.19673451014766, 28.54070903488009]]]}, "properties": {"node": "acacia", "role": "positive", "name": "acacia", "ts": "2026-07-14T16:25:16.425950+00:00"}}, {"type": "Feature", "geometry": {"type": "Polygon", "coordinates": [[[77.19661263203294, 28.540692201010597], [77.19659996649459, 28.540684229331166], [77.19659395898427, 28.540662454022268], [77.19659472584901, 28.540643635326294], [77.19660284440067, 28.54063328313676], [77.19663195723062, 28.540619524952092], [77.19664157632351, 28.540625706184887], [77.19665639421324, 28.540648156574765], [77.19666403429699, 28.54067051870829], [77.19665553351732, 28.54068476099382], [77.19661263203294, 28.540692201010597]]]}, "properties": {"node": "acacia", "role": "positive", "name": "acacia", "ts": "2026-07-14T16:25:16.425988+00:00"}}, {"type": "Feature", "geometry": {"type": "Polygon", "coordinates": [[[77.1966367052907, 28.540837151308416], [77.1966164160613, 28.540829916256], [77.196574863494, 28.54080197043976], [77.19657219928514, 28.540796289901976], [77.19658018564772, 28.540723797343297], [77.19660206555771, 28.540707294386934], [77.19662360748502, 28.540707967853272], [77.19663979924546, 28.540718539874433], [77.1966608953278, 28.540720038214534], [77.19666678225398, 28.54072484893124], [77.196656752006, 28.540776932955527], [77.19666742582301, 28.540800472488755], [77.19666754642584, 28.5408174370767], [77.19665834293649, 28.540831281902623], [77.1966367052907, 28.540837151308416]]]}, "properties": {"node": "acacia", "role": "positive", "name": "acacia", "ts": "2026-07-14T16:25:16.426030+00:00"}}, {"type": "Feature", "geometry": {"type": "Polygon", "coordinates": [[[77.19632026101016, 28.54194121328298], [77.19629746001456, 28.541935654164053], [77.19628569271187, 28.541915198542203], [77.19630012119381, 28.541896567620192], [77.19632286522878, 28.54188822736327], [77.19633561571104, 28.54190028601087], [77.19634839770806, 28.54192501794764], [77.19633316475019, 28.541938347072577], [77.19632026101016, 28.54194121328298]]]}, "properties": {"node": "acacia", "role": "positive", "name": "acacia", "ts": "2026-07-14T16:25:16.426068+00:00"}}, {"type": "Feature", "geometry": {"type": "Polygon", "coordinates": [[[77.19750291662237, 28.541361153496464], [77.19747037964511, 28.541354934531682], [77.19744101909227, 28.541323316541895], [77.19740678167248, 28.54131324118496], [77.19740224918053, 28.541306773247683], [77.19741064190032, 28.541276179381896], [77.19744046403628, 28.5412519843191], [77.19746672135956, 28.541245631161097], [77.19748879833233, 28.541249770896382], [77.19752372801027, 28.54124859214191], [77.19754727403928, 28.541256591988766], [77.19756304983039, 28.541269419203328], [77.19756450386558, 28.541283704786434], [77.19754976137831, 28.54130949547866], [77.19754495240718, 28.541334307680287], [77.19751806643688, 28.5413549801563], [77.19750291662237, 28.541361153496464]]]}, "properties": {"node": "acacia", "role": "positive", "name": "acacia", "ts": "2026-07-14T16:25:16.426109+00:00"}}, {"type": "Feature", "geometry": {"type": "Polygon", "coordinates": [[[77.19792079511902, 28.54116284963023], [77.19788910318542, 28.54115273317597], [77.19787701714735, 28.54113923300548], [77.19787743129805, 28.541125734840524], [77.19789337540479, 28.541090930352894], [77.19791179680415, 28.541075096441286], [77.197958912305, 28.541081079231496], [77.19796950806118, 28.54108969754223], [77.19795142191296, 28.54112167489961], [77.1979489525678, 28.541147675722602], [77.19794408454679, 28.541147345718684], [77.19793119567674, 28.541162067966773], [77.19792079511902, 28.54116284963023]]]}, "properties": {"node": "acacia", "role": "positive", "name": "acacia", "ts": "2026-07-14T16:25:16.426152+00:00"}}, {"type": "Feature", "geometry": {"type": "Polygon", "coordinates": [[[77.18973910792681, 28.544449233844002], [77.1897190367555, 28.54444687214397], [77.18970592085697, 28.54443768442465], [77.18968432241725, 28.54441050628571], [77.1896797143737, 28.544396034053836], [77.18968499208442, 28.54438162612563], [77.18970436086198, 28.544362291197896], [77.18973884001281, 28.544350545253305], [77.18976902374615, 28.544363933468876], [77.18978524479473, 28.54437620419203], [77.1897938847463, 28.544401801041094], [77.18979255561922, 28.544423306656494], [77.18978151076965, 28.54444071695055], [77.18976620380528, 28.5444481253033], [77.18973910792681, 28.544449233844002]]]}, "properties": {"node": "acacia", "role": "positive", "name": "acacia", "ts": "2026-07-14T16:25:16.426195+00:00"}}, {"type": "Feature", "geometry": {"type": "Polygon", "coordinates": [[[77.1897648960049, 28.544041961280445], [77.18972079138246, 28.544029469032832], [77.18970457965482, 28.544017645735646], [77.18970211424393, 28.544008733772177], [77.1897139583436, 28.54396870745005], [77.18973739810271, 28.543937893374217], [77.18974841174719, 28.54393122567424], [77.18978356660976, 28.54395214266721], [77.18979741600324, 28.543972284427035], [77.18979741634944, 28.54402129518929], [77.1897855559041, 28.544036033120207], [77.1897648960049, 28.544041961280445]]]}, "properties": {"node": "acacia", "role": "positive", "name": "acacia", "ts": "2026-07-14T16:25:16.426234+00:00"}}, {"type": "Feature", "geometry": {"type": "Polygon", "coordinates": [[[77.19023621952195, 28.54462561843755], [77.19021455868236, 28.544619925564774], [77.19015231428439, 28.544575947530742], [77.19014350420838, 28.54455438173575], [77.19014707777428, 28.54454335819255], [77.19015850557487, 28.544532207906855], [77.1902419795975, 28.54451206222656], [77.19026432641859, 28.544514163331193], [77.19027848360317, 28.544524676950573], [77.19029839333018, 28.544568219158354], [77.19030137146956, 28.544589655264076], [77.19027194234953, 28.54461273331983], [77.19023621952195, 28.54462561843755]]]}, "properties": {"node": "acacia", "role": "positive", "name": "acacia", "ts": "2026-07-14T16:25:16.426274+00:00"}}, {"type": "Feature", "geometry": {"type": "Polygon", "coordinates": [[[77.1900465035793, 28.544692460963926], [77.19002685111722, 28.54468584048026], [77.18999006929671, 28.544659802566876], [77.18998133331999, 28.54464181625976], [77.19001009455825, 28.54457421414945], [77.19003185468331, 28.544560211632263], [77.19005685423527, 28.54455577995728], [77.19008260589412, 28.54456319719287], [77.1901138579647, 28.544615955729732], [77.19010928148798, 28.544639751680457], [77.19008574112517, 28.544677952625893], [77.19006696115014, 28.544688997749365], [77.1900465035793, 28.544692460963926]]]}, "properties": {"node": "acacia", "role": "positive", "name": "acacia", "ts": "2026-07-14T16:25:16.426314+00:00"}}, {"type": "Feature", "geometry": {"type": "Polygon", "coordinates": [[[77.19030520323659, 28.54497071358215], [77.19029628458101, 28.54496839578467], [77.1902932614318, 28.54495703110927], [77.19030671686316, 28.544909145972213], [77.19034118553493, 28.544884643816676], [77.19035433264027, 28.544883088883363], [77.1903700841537, 28.544897157454656], [77.19037006826731, 28.544920879810174], [77.19032815743992, 28.54496541968849], [77.19030520323659, 28.54497071358215]]]}, "properties": {"node": "acacia", "role": "positive", "name": "acacia", "ts": "2026-07-14T16:25:16.426352+00:00"}}, {"type": "Feature", "geometry": {"type": "Polygon", "coordinates": [[[77.19018852935697, 28.544819521738553], [77.19016235424424, 28.544816139640634], [77.19015196506497, 28.544803998652814], [77.19015669303752, 28.54477527680156], [77.19016601524467, 28.54476035600447], [77.19017229838768, 28.54475779288579], [77.19019165120646, 28.544762180248767], [77.19020694688659, 28.544778717924096], [77.1902095896081, 28.54480843980045], [77.19018852935697, 28.544819521738553]]]}, "properties": {"node": "acacia", "role": "positive", "name": "acacia", "ts": "2026-07-14T16:25:16.426389+00:00"}}, {"type": "Feature", "geometry": {"type": "Polygon", "coordinates": [[[77.19031340172057, 28.54474231201202], [77.19024933534092, 28.544720518977783], [77.19024171796143, 28.54469535324908], [77.19024892527267, 28.54467621450134], [77.19026888999707, 28.54467343059022], [77.1902979652105, 28.544657743428182], [77.19031403819055, 28.544662855084205], [77.19034067299621, 28.54470069391861], [77.1903442260192, 28.54471316900912], [77.19033518498738, 28.544729428040135], [77.19031340172057, 28.54474231201202]]]}, "properties": {"node": "acacia", "role": "positive", "name": "acacia", "ts": "2026-07-14T16:25:16.426429+00:00"}}, {"type": "Feature", "geometry": {"type": "Polygon", "coordinates": [[[77.19079958182007, 28.543900834829138], [77.19078408512932, 28.54389907082538], [77.19076820077294, 28.543890823069052], [77.19076954223961, 28.543857679995376], [77.19078322699184, 28.543845374264766], [77.19082431310323, 28.543846725219282], [77.19083654524951, 28.543862193309895], [77.19083582358185, 28.543876303941666], [77.19082022772923, 28.543894235360007], [77.19079958182007, 28.543900834829138]]]}, "properties": {"node": "acacia", "role": "positive", "name": "acacia", "ts": "2026-07-14T16:25:16.426469+00:00"}}, {"type": "Feature", "geometry": {"type": "Polygon", "coordinates": [[[77.19079872254495, 28.54433679819389], [77.19078772146439, 28.544331828519937], [77.19074993733264, 28.54428186110184], [77.19075523804632, 28.54426857173316], [77.19077234486856, 28.544250168344867], [77.19079677274547, 28.54424261265757], [77.19084122818296, 28.544259798544175], [77.19085017594448, 28.544275767233383], [77.19084335317697, 28.54431347465099], [77.19079872254495, 28.54433679819389]]]}, "properties": {"node": "acacia", "role": "positive", "name": "acacia", "ts": "2026-07-14T16:25:16.426506+00:00"}}, {"type": "Feature", "geometry": {"type": "Polygon", "coordinates": [[[77.19056301437367, 28.54469173449241], [77.19047457555266, 28.544680181840647], [77.1904538447898, 28.544670445715376], [77.19041748625212, 28.544640372809393], [77.1903818520954, 28.54462080649187], [77.19037754692891, 28.544596482490746], [77.19036692622456, 28.544573155585773], [77.19036849138953, 28.544563059623602], [77.19037639524586, 28.54455308515817], [77.19042606553256, 28.54452833765352], [77.19045981564582, 28.544505861209693], [77.19048945174877, 28.54448054184109], [77.19050134125139, 28.54447945477904], [77.19057018899215, 28.544499603974202], [77.1906045655882, 28.544519638126683], [77.19062396603103, 28.54453857122993], [77.19065038459522, 28.544578203838164], [77.19065185980702, 28.544588250729337], [77.19064129074305, 28.544616395490863], [77.19059742868458, 28.54467685626858], [77.190585457145, 28.54468622501889], [77.19056301437367, 28.54469173449241]]]}, "properties": {"node": "acacia", "role": "positive", "name": "acacia", "ts": "2026-07-14T16:25:16.426546+00:00"}}, {"type": "Feature", "geometry": {"type": "Polygon", "coordinates": [[[77.19051518720319, 28.544891234930486], [77.19048501249348, 28.544878294332616], [77.19048049097205, 28.54485576417574], [77.19049095162258, 28.544846867405454], [77.19051756864317, 28.54484710919966], [77.1905306661364, 28.544855401958802], [77.19053369064375, 28.5448790752419], [77.19051518720319, 28.544891234930486]]]}, "properties": {"node": "acacia", "role": "positive", "name": "acacia", "ts": "2026-07-14T16:25:16.426584+00:00"}}, {"type": "Feature", "geometry": {"type": "Polygon", "coordinates": [[[77.19155057175874, 28.546050505330093], [77.19156962641303, 28.54604297963785], [77.19157981028738, 28.546031446836178], [77.19157910163196, 28.546007097520803], [77.19156745915919, 28.54599754121789], [77.19152963656246, 28.545986964059328], [77.19151660371121, 28.54599908421116], [77.19151224106682, 28.546015395162673], [77.19153610645854, 28.546042799107337], [77.19155057175874, 28.546050505330093]]]}, "properties": {"node": "acacia", "role": "positive", "name": "acacia", "ts": "2026-07-14T16:25:16.426623+00:00"}}, {"type": "Feature", "geometry": {"type": "Polygon", "coordinates": [[[77.19170357234479, 28.545701750976715], [77.19174144103624, 28.545694823690102], [77.19175308992145, 28.545665222212477], [77.1917422261115, 28.545643924094666], [77.19171871570049, 28.54563365720708], [77.1916938910271, 28.545629005490728], [77.19167117148474, 28.545647056483656], [77.19166697699836, 28.54567148497688], [77.19167616157851, 28.545690644817345], [77.19170357234479, 28.545701750976715]]]}, "properties": {"node": "acacia", "role": "positive", "name": "acacia", "ts": "2026-07-14T16:25:16.426660+00:00"}}, {"type": "Feature", "geometry": {"type": "Polygon", "coordinates": [[[77.19105623066818, 28.545021448460176], [77.19106551893992, 28.54501995886819], [77.1910793635956, 28.545008252691616], [77.19108571292878, 28.544969491861266], [77.19107701002523, 28.544957384176257], [77.19105093664177, 28.54495416891742], [77.19103117903433, 28.54496290850074], [77.19102092479385, 28.544991015207415], [77.19102653636959, 28.545010827915323], [77.19105623066818, 28.545021448460176]]]}, "properties": {"node": "acacia", "role": "positive", "name": "acacia", "ts": "2026-07-14T16:25:16.426696+00:00"}}, {"type": "Feature", "geometry": {"type": "Polygon", "coordinates": [[[77.19191453606875, 28.54577359169825], [77.19195640357805, 28.545752524665645], [77.19196792405504, 28.545736458999084], [77.19195640993452, 28.54571336690306], [77.19191771043356, 28.54569991681173], [77.19189301024855, 28.54571114272678], [77.19188285247641, 28.54575353208703], [77.19188736319057, 28.54576410579178], [77.19191453606875, 28.54577359169825]]]}, "properties": {"node": "acacia", "role": "positive", "name": "acacia", "ts": "2026-07-14T16:25:16.426732+00:00"}}, {"type": "Feature", "geometry": {"type": "Polygon", "coordinates": [[[77.19102297198954, 28.5450986811168], [77.19105147055438, 28.54508542158115], [77.19106630081123, 28.54507028129299], [77.1910682974074, 28.545062225513423], [77.19105547474035, 28.545028045888568], [77.19102600986791, 28.54501553105103], [77.19100998361361, 28.545025150573878], [77.19098986770419, 28.54506712134082], [77.19099898494134, 28.5450895165062], [77.19102297198954, 28.5450986811168]]]}, "properties": {"node": "acacia", "role": "positive", "name": "acacia", "ts": "2026-07-14T16:25:16.426772+00:00"}}, {"type": "Feature", "geometry": {"type": "Polygon", "coordinates": [[[77.19086187307725, 28.545520225505776], [77.19088121855582, 28.54551418211684], [77.19091857907303, 28.545490081487465], [77.1909362382563, 28.54545483667707], [77.19093315791291, 28.545441895898097], [77.19092664892132, 28.545430538761863], [77.19091170549918, 28.545419317780265], [77.19087414097906, 28.5454126647692], [77.19084635713207, 28.545418653334174], [77.19080900492887, 28.545411805840757], [77.19079377368286, 28.54542848087085], [77.19079990230429, 28.545484164701428], [77.19080924648806, 28.545496622299467], [77.19082942778067, 28.545510051183903], [77.19086187307725, 28.545520225505776]]]}, "properties": {"node": "acacia", "role": "positive", "name": "acacia", "ts": "2026-07-14T16:25:16.426811+00:00"}}, {"type": "Feature", "geometry": {"type": "Polygon", "coordinates": [[[77.1910366066038, 28.545663165870547], [77.19106934884675, 28.545656333069243], [77.19109913329527, 28.54564247964918], [77.1911124536965, 28.545627554766476], [77.19111080416114, 28.5456105791203], [77.19108349267293, 28.545587140439142], [77.19103438560174, 28.545566346056717], [77.19102316614949, 28.545557357412036], [77.1910132011487, 28.545514917070502], [77.19099110780802, 28.54549273138715], [77.19097034491472, 28.54548255954245], [77.1909509480466, 28.545486120294477], [77.19091760568529, 28.545505762221026], [77.19088558978704, 28.545537227011046], [77.19087518878851, 28.545567769766432], [77.19087745665037, 28.545593714166895], [77.19089945233918, 28.545621632549928], [77.1910366066038, 28.545663165870547]]]}, "properties": {"node": "acacia", "role": "positive", "name": "acacia", "ts": "2026-07-14T16:25:16.426853+00:00"}}, {"type": "Feature", "geometry": {"type": "Polygon", "coordinates": [[[77.19179891167795, 28.545507099051367], [77.19181361713397, 28.545502567822904], [77.19184873193441, 28.54547287794488], [77.19185677997888, 28.545453146093536], [77.19185615502813, 28.545433180939252], [77.19183643533273, 28.545409977151277], [77.19181154404768, 28.545392270730098], [77.1917749576916, 28.545391741464023], [77.1917533202897, 28.545398438161673], [77.19171176841867, 28.54542356485134], [77.1917014368019, 28.545435119450783], [77.19169748164259, 28.54545851889119], [77.19170860825338, 28.545475140822724], [77.191719115046, 28.545482251849865], [77.19174726421842, 28.5454939317704], [77.19179891167795, 28.545507099051367]]]}, "properties": {"node": "acacia", "role": "positive", "name": "acacia", "ts": "2026-07-14T16:25:16.426895+00:00"}}, {"type": "Feature", "geometry": {"type": "Polygon", "coordinates": [[[77.1918261568748, 28.54528835877269], [77.19183998558866, 28.54528755327603], [77.19184844921362, 28.545282371117867], [77.19186262643942, 28.54522411920598], [77.19186111410583, 28.54520415578896], [77.19185055541546, 28.545193071018762], [77.19183903084937, 28.545188405717422], [77.19181586778711, 28.545194795545026], [77.19180051586257, 28.5452175540457], [77.19179182307575, 28.54524350396958], [77.19180329125707, 28.54527727869165], [77.19181290286708, 28.54528507979597], [77.1918261568748, 28.54528835877269]]]}, "properties": {"node": "acacia", "role": "positive", "name": "acacia", "ts": "2026-07-14T16:25:16.426934+00:00"}}, {"type": "Feature", "geometry": {"type": "Polygon", "coordinates": [[[77.19212371402907, 28.54548552273922], [77.19214106949286, 28.545477409911257], [77.1921644237363, 28.54545601865349], [77.19216705718662, 28.545447379464363], [77.19214963052322, 28.545420724757108], [77.19211330421231, 28.545411186541976], [77.19209915320643, 28.545417337241854], [77.19207707678135, 28.545437752666423], [77.19206840101474, 28.545457569577067], [77.19208348301557, 28.545475474474188], [77.19212371402907, 28.54548552273922]]]}, "properties": {"node": "acacia", "role": "positive", "name": "acacia", "ts": "2026-07-14T16:25:16.426971+00:00"}}, {"type": "Feature", "geometry": {"type": "Polygon", "coordinates": [[[77.19151591584007, 28.545626962697817], [77.19154697013673, 28.54561175141975], [77.19155855241596, 28.545596472488427], [77.1915592434647, 28.545588055711054], [77.19155016687051, 28.545578077325953], [77.19150054538869, 28.5455637866732], [77.1914829814984, 28.545572284860526], [77.1914773610415, 28.54559338966111], [77.19148615142713, 28.545610441033986], [77.19151591584007, 28.545626962697817]]]}, "properties": {"node": "acacia", "role": "positive", "name": "acacia", "ts": "2026-07-14T16:25:16.427010+00:00"}}, {"type": "Feature", "geometry": {"type": "Polygon", "coordinates": [[[77.19181881327589, 28.545724958501953], [77.19184288888154, 28.545723468652202], [77.191861040001, 28.545706843454713], [77.19186067143133, 28.54568904929566], [77.1918512836823, 28.545677272996112], [77.19183937763678, 28.545674345668132], [77.19181928718879, 28.545677606221588], [77.19180035828202, 28.54569681306269], [77.19180140707002, 28.545717348831765], [77.19180713396844, 28.545722945041152], [77.19181881327589, 28.545724958501953]]]}, "properties": {"node": "acacia", "role": "positive", "name": "acacia", "ts": "2026-07-14T16:25:16.427048+00:00"}}, {"type": "Feature", "geometry": {"type": "Polygon", "coordinates": [[[77.19077539174532, 28.544991725295194], [77.19079373183965, 28.544987793076285], [77.19082909508747, 28.544968658594353], [77.19084248151023, 28.544945285787385], [77.1908434633715, 28.544919433924562], [77.19081859644132, 28.54489074588759], [77.19077377346314, 28.54489261767345], [77.19074059889665, 28.544933725269278], [77.19074545588619, 28.544969434535528], [77.19075820105479, 28.5449883665991], [77.19077539174532, 28.544991725295194]]]}, "properties": {"node": "acacia", "role": "positive", "name": "acacia", "ts": "2026-07-14T16:25:16.427088+00:00"}}, {"type": "Feature", "geometry": {"type": "Polygon", "coordinates": [[[77.19106722540675, 28.545177629066224], [77.19108641385522, 28.54517445373811], [77.19111534101059, 28.54516099623271], [77.1911175380544, 28.545152173069223], [77.19111216849817, 28.545133156073195], [77.19109974517549, 28.545118264726526], [77.19105448213864, 28.545115938856565], [77.19103065444914, 28.545124920178512], [77.19102432064942, 28.54513247286465], [77.19102447210574, 28.54515023684525], [77.19103052087604, 28.545160264149192], [77.19106722540675, 28.545177629066224]]]}, "properties": {"node": "acacia", "role": "positive", "name": "acacia", "ts": "2026-07-14T16:25:16.427127+00:00"}}, {"type": "Feature", "geometry": {"type": "Polygon", "coordinates": [[[77.19143237141006, 28.54509143579796], [77.19148039156971, 28.5450775639497], [77.19149748326464, 28.545053714300387], [77.19150386469578, 28.54502423771606], [77.19149917158401, 28.545002236564386], [77.19148680053974, 28.544988030184932], [77.19146471751682, 28.544975477361564], [77.19143914228387, 28.544968219515194], [77.19141926760041, 28.544970224253284], [77.19137980870414, 28.544988260979217], [77.19137163090274, 28.545002612059015], [77.19138028726152, 28.54506252903206], [77.19140247486625, 28.54508013168144], [77.19143237141006, 28.54509143579796]]]}, "properties": {"node": "acacia", "role": "positive", "name": "acacia", "ts": "2026-07-14T16:25:16.427165+00:00"}}, {"type": "Feature", "geometry": {"type": "Polygon", "coordinates": [[[77.1917987613693, 28.545770662653794], [77.19181894274351, 28.54576081901517], [77.19182156795105, 28.54574049973749], [77.19180864936456, 28.545727673228004], [77.19178656702178, 28.54572492623971], [77.19176952495403, 28.54573927112938], [77.19176719684442, 28.545751309330136], [77.19177851434097, 28.54576602386266], [77.1917987613693, 28.545770662653794]]]}, "properties": {"node": "acacia", "role": "positive", "name": "acacia", "ts": "2026-07-14T16:25:16.427207+00:00"}}, {"type": "Feature", "geometry": {"type": "Polygon", "coordinates": [[[77.19199502653316, 28.545800519404043], [77.192050247443, 28.54578224318355], [77.19205348488708, 28.545760985815708], [77.19203821427057, 28.54574442122087], [77.19201357819269, 28.54573526728228], [77.19198560576606, 28.545742596384446], [77.19197403009751, 28.545779080323094], [77.19198079109282, 28.545792152664056], [77.19199502653316, 28.545800519404043]]]}, "properties": {"node": "acacia", "role": "positive", "name": "acacia", "ts": "2026-07-14T16:25:16.427250+00:00"}}, {"type": "Feature", "geometry": {"type": "Polygon", "coordinates": [[[77.19082234069322, 28.54600909819121], [77.19083722786169, 28.546007903718273], [77.19087047229672, 28.545985230576708], [77.19088390284408, 28.54595543483757], [77.19087726121838, 28.545926917276258], [77.19086039966385, 28.54590581630001], [77.19085099926728, 28.545900624754452], [77.19082795386034, 28.54590443173513], [77.19079588720766, 28.545921360898827], [77.19077475298279, 28.545944411036213], [77.19076740595465, 28.54596533030179], [77.19076461555785, 28.545987130173827], [77.19076884279315, 28.5459929777254], [77.19079326859467, 28.54600365169129], [77.19082234069322, 28.54600909819121]]]}, "properties": {"node": "acacia", "role": "positive", "name": "acacia", "ts": "2026-07-14T16:25:16.427291+00:00"}}, {"type": "Feature", "geometry": {"type": "Polygon", "coordinates": [[[77.19088066384055, 28.546030754658585], [77.19090159050721, 28.54602793336485], [77.19091779760086, 28.546016591599113], [77.19094904705302, 28.5460212451299], [77.19095395796892, 28.546018109262686], [77.19096660470088, 28.545991542021714], [77.19096498681137, 28.545976094157542], [77.19094834083357, 28.545966237926528], [77.19092161722253, 28.545960747187046], [77.19089544081457, 28.545960787676684], [77.1908778412215, 28.54596756703446], [77.19084578288054, 28.546007438124605], [77.1908584383665, 28.546023089889843], [77.19088066384055, 28.546030754658585]]]}, "properties": {"node": "acacia", "role": "positive", "name": "acacia", "ts": "2026-07-14T16:25:16.427331+00:00"}}, {"type": "Feature", "geometry": {"type": "Polygon", "coordinates": [[[77.19057559901786, 28.545716074246], [77.19061582372478, 28.545704917972014], [77.1906279889183, 28.545696889106484], [77.1906486313254, 28.54564898774597], [77.19064797344464, 28.545638109264363], [77.19063359975515, 28.545623058319382], [77.19057402723665, 28.54561924393038], [77.19054661934594, 28.545612044825326], [77.19052725965244, 28.545596501232282], [77.19051453147122, 28.545598234958913], [77.19048964435741, 28.545629202529078], [77.19050547607465, 28.545672885486542], [77.19051637760506, 28.545687419375284], [77.19057559901786, 28.545716074246]]]}, "properties": {"node": "acacia", "role": "positive", "name": "acacia", "ts": "2026-07-14T16:25:16.427370+00:00"}}, {"type": "Feature", "geometry": {"type": "Polygon", "coordinates": [[[77.1919237095323, 28.546184048737402], [77.19194478180114, 28.546178019713757], [77.19194924966084, 28.54614289785423], [77.19192550081016, 28.546130068958682], [77.19191154765355, 28.546128642751366], [77.19189720304924, 28.546138416748303], [77.19189476454297, 28.546151118064834], [77.19190564580617, 28.546174798146907], [77.1919237095323, 28.546184048737402]]]}, "properties": {"node": "acacia", "role": "positive", "name": "acacia", "ts": "2026-07-14T16:25:16.427412+00:00"}}, {"type": "Feature", "geometry": {"type": "Polygon", "coordinates": [[[77.191290516585, 28.546390928537136], [77.19132166209364, 28.546380109675603], [77.19132613527755, 28.54636628280258], [77.19132121791979, 28.546348213704245], [77.19129358833347, 28.54633032027965], [77.19126773760236, 28.546325197593102], [77.19125241535457, 28.546337480298238], [77.1912461591112, 28.546369675489508], [77.19125898351464, 28.546383032043924], [77.191290516585, 28.546390928537136]]]}, "properties": {"node": "acacia", "role": "positive", "name": "acacia", "ts": "2026-07-14T16:25:16.427461+00:00"}}, {"type": "Feature", "geometry": {"type": "Polygon", "coordinates": [[[77.19096141029468, 28.54594271542891], [77.19101071139511, 28.54593445215412], [77.19104667549519, 28.545935551718884], [77.19106764036908, 28.545926999139972], [77.191076800613, 28.545920130610696], [77.191081433653, 28.545909041423187], [77.1910867911185, 28.545881885665196], [77.19108338517235, 28.545870552891138], [77.19102357379624, 28.545840902208298], [77.19097636187543, 28.545837743999016], [77.19093807413684, 28.545846949578245], [77.19093003631929, 28.545856973617248], [77.19092206767817, 28.545900973137254], [77.19093573930371, 28.54592819507247], [77.19096141029468, 28.54594271542891]]]}, "properties": {"node": "acacia", "role": "positive", "name": "acacia", "ts": "2026-07-14T16:25:16.427519+00:00"}}, {"type": "Feature", "geometry": {"type": "Polygon", "coordinates": [[[77.190975466068, 28.545426885152896], [77.19098964482667, 28.545422071377615], [77.19099255945439, 28.545395661243237], [77.19097923941298, 28.545379256067896], [77.19095755252332, 28.5453349035431], [77.19093828257004, 28.545313245381173], [77.1909021805581, 28.54530408528838], [77.19087522227257, 28.54530815016305], [77.19085577126783, 28.545319544284855], [77.19084268017997, 28.54534554557806], [77.19081930313897, 28.545376297791005], [77.1908187081048, 28.54539980492777], [77.1908423694276, 28.545414132820458], [77.19087841492936, 28.545410112298185], [77.19094032002383, 28.545422103486814], [77.19096865501872, 28.54542183711044], [77.190975466068, 28.545426885152896]]]}, "properties": {"node": "acacia", "role": "positive", "name": "acacia", "ts": "2026-07-14T16:25:16.427572+00:00"}}, {"type": "Feature", "geometry": {"type": "Polygon", "coordinates": [[[77.19102608014379, 28.545229476193967], [77.19103636964691, 28.545227563574038], [77.191042600214, 28.54522067100349], [77.1910585511432, 28.545194992060782], [77.19105939255464, 28.545182558844406], [77.19103862356415, 28.545166593363643], [77.19100813300055, 28.545158741145954], [77.1909985909496, 28.5451649109461], [77.1909890260094, 28.54518058989677], [77.19098536993414, 28.54520568224067], [77.19099959628167, 28.545224082030796], [77.19102608014379, 28.545229476193967]]]}, "properties": {"node": "acacia", "role": "positive", "name": "acacia", "ts": "2026-07-14T16:25:16.427614+00:00"}}, {"type": "Feature", "geometry": {"type": "Polygon", "coordinates": [[[77.19190837222365, 28.54530003281576], [77.19193646502295, 28.545298220716138], [77.19194989723917, 28.54528888311708], [77.19195959735217, 28.54526912673016], [77.19195418142434, 28.545241075978236], [77.19194587190356, 28.545232477628236], [77.19187644982577, 28.5452124466165], [77.19186760708965, 28.54522054574931], [77.19186241608014, 28.54523518383542], [77.19186068381036, 28.5452788745696], [77.19187772214694, 28.545295094224585], [77.19190837222365, 28.54530003281576]]]}, "properties": {"node": "acacia", "role": "positive", "name": "acacia", "ts": "2026-07-14T16:25:16.427654+00:00"}}, {"type": "Feature", "geometry": {"type": "Polygon", "coordinates": [[[77.19178396994988, 28.5453417009661], [77.1917959575732, 28.54533739133842], [77.1918115601092, 28.54532348160834], [77.19181350257628, 28.545304740978015], [77.1918083754086, 28.545292475666162], [77.19179528103169, 28.545284267963126], [77.19176004405894, 28.545281095155225], [77.19173672360127, 28.545290639291938], [77.19172500326157, 28.545307853988373], [77.1917283171497, 28.545324638808573], [77.19175346237961, 28.545341819448403], [77.19178396994988, 28.5453417009661]]]}, "properties": {"node": "acacia", "role": "positive", "name": "acacia", "ts": "2026-07-14T16:25:16.427718+00:00"}}, {"type": "Feature", "geometry": {"type": "Polygon", "coordinates": [[[77.19131725828188, 28.54532879297987], [77.19135523367508, 28.54532616126581], [77.19143143159656, 28.54530272668785], [77.19139165297179, 28.545228314873608], [77.19137263692014, 28.54521320737617], [77.19134707183599, 28.545202976780843], [77.191323423219, 28.545205010163308], [77.19130964112856, 28.545211838912632], [77.19130329839624, 28.54523671467709], [77.19129122881509, 28.545255994207206], [77.19128426258648, 28.545310975079108], [77.1912938693798, 28.545323298404647], [77.19131725828188, 28.54532879297987]]]}, "properties": {"node": "acacia", "role": "positive", "name": "acacia", "ts": "2026-07-14T16:25:16.427857+00:00"}}, {"type": "Feature", "geometry": {"type": "Polygon", "coordinates": [[[77.19142609781015, 28.545383879273913], [77.19144270076458, 28.545379783636555], [77.19145194422774, 28.54536566380418], [77.19145545319172, 28.54532580055825], [77.19144985861456, 28.545317278889943], [77.19142749469817, 28.54530481767625], [77.19140467495934, 28.545301741332196], [77.1913827389196, 28.545309942007947], [77.19137403447789, 28.545318694553476], [77.19136650689899, 28.545352881348457], [77.19137939756602, 28.545368366196428], [77.19142609781015, 28.545383879273913]]]}, "properties": {"node": "acacia", "role": "positive", "name": "acacia", "ts": "2026-07-14T16:25:16.427961+00:00"}}, {"type": "Feature", "geometry": {"type": "Polygon", "coordinates": [[[77.190275514466, 28.54583930547958], [77.1903092790643, 28.545831318132617], [77.19032443640809, 28.54582229524965], [77.19033164926421, 28.54579488988631], [77.19032788854992, 28.545780256524456], [77.19030437044441, 28.545771666972467], [77.19025722029005, 28.545790747751987], [77.19025194107174, 28.545828045164836], [77.1902572445343, 28.54583368453376], [77.190275514466, 28.54583930547958]]]}, "properties": {"node": "acacia", "role": "positive", "name": "acacia", "ts": "2026-07-14T16:25:16.428018+00:00"}}, {"type": "Feature", "geometry": {"type": "Polygon", "coordinates": [[[77.19066667353273, 28.545768094556536], [77.19069772522735, 28.54576319949859], [77.190721154957, 28.54574543695822], [77.19072655139767, 28.545723953725542], [77.19072199672827, 28.545712947107727], [77.19067718295892, 28.545721885043427], [77.19066756158958, 28.545727389374367], [77.19065627845386, 28.54574667518009], [77.19065965806614, 28.545763622909085], [77.19066667353273, 28.545768094556536]]]}, "properties": {"node": "acacia", "role": "positive", "name": "acacia", "ts": "2026-07-14T16:25:16.428065+00:00"}}, {"type": "Feature", "geometry": {"type": "Polygon", "coordinates": [[[77.19165707266262, 28.545431024228787], [77.19168934019817, 28.54542371342736], [77.19172902450829, 28.545403253898296], [77.19173428540803, 28.545366284171138], [77.19172439740602, 28.545340385952482], [77.19166797975303, 28.54532551546848], [77.19164096162224, 28.54532540124304], [77.19162295627116, 28.545328995107532], [77.19159090531066, 28.54534676225588], [77.19159376538148, 28.54538451837594], [77.19160344440131, 28.54540032713168], [77.19165707266262, 28.545431024228787]]]}, "properties": {"node": "acacia", "role": "positive", "name": "acacia", "ts": "2026-07-14T16:25:16.428114+00:00"}}, {"type": "Feature", "geometry": {"type": "Polygon", "coordinates": [[[77.19195167270928, 28.54522667970642], [77.19197125626009, 28.54521927737485], [77.19197663709328, 28.54518586688855], [77.19196176540176, 28.54516944528127], [77.19194848013348, 28.545166787120106], [77.19191830561104, 28.545186425929018], [77.1919048497194, 28.545206943816186], [77.19191923622368, 28.545220883572537], [77.19195167270928, 28.54522667970642]]]}, "properties": {"node": "acacia", "role": "positive", "name": "acacia", "ts": "2026-07-14T16:25:16.428167+00:00"}}, {"type": "Feature", "geometry": {"type": "Polygon", "coordinates": [[[77.1917750312901, 28.54521796559913], [77.19179855339047, 28.54520768884583], [77.19180582210771, 28.545197868626197], [77.19181235825992, 28.545142068796217], [77.19179780088442, 28.54512891397334], [77.19173327372745, 28.545122387805556], [77.19168910292436, 28.545154344230607], [77.19168553814397, 28.545173225297756], [77.19168960240567, 28.545189072317516], [77.19170183828079, 28.545196248882597], [77.1917371179803, 28.545201888979413], [77.1917750312901, 28.54521796559913]]]}, "properties": {"node": "acacia", "role": "positive", "name": "acacia", "ts": "2026-07-14T16:25:16.428210+00:00"}}, {"type": "Feature", "geometry": {"type": "Polygon", "coordinates": [[[77.1920158590773, 28.546210911940243], [77.19202684527754, 28.546208633095752], [77.19203358786322, 28.5461999275412], [77.19203812424264, 28.546189156215377], [77.19203748863654, 28.546168916586897], [77.19200645802631, 28.54615394379221], [77.19198479553982, 28.5461525743322], [77.19197701907923, 28.546163589023312], [77.19197579263322, 28.546198377518767], [77.19198772433437, 28.546210411162452], [77.1920158590773, 28.546210911940243]]]}, "properties": {"node": "acacia", "role": "positive", "name": "acacia", "ts": "2026-07-14T16:25:16.428253+00:00"}}, {"type": "Feature", "geometry": {"type": "Polygon", "coordinates": [[[77.1919181200885, 28.546386010661294], [77.1919292764146, 28.546383501800456], [77.19193241515225, 28.546375882897745], [77.19193043254697, 28.54636504774433], [77.1919230137761, 28.546357017181364], [77.19190046002885, 28.546350395394196], [77.19188262168586, 28.546359221982502], [77.19187940388815, 28.546373634144707], [77.1919181200885, 28.546386010661294]]]}, "properties": {"node": "acacia", "role": "positive", "name": "acacia", "ts": "2026-07-14T16:25:16.428292+00:00"}}, {"type": "Feature", "geometry": {"type": "Polygon", "coordinates": [[[77.1920867773055, 28.545608604662092], [77.19211663964154, 28.545606399938297], [77.19214499201463, 28.545594076574858], [77.19215384172495, 28.54558187683544], [77.19217253059689, 28.545532008129847], [77.19216609179925, 28.545514122619085], [77.19215618789521, 28.54550681885364], [77.19210721794623, 28.545486366871437], [77.19205653592739, 28.54547742518956], [77.19199995140578, 28.54551833704234], [77.19199309910498, 28.545532801046047], [77.19199374109309, 28.545563793878312], [77.19201579863616, 28.54558238403063], [77.1920867773055, 28.545608604662092]]]}, "properties": {"node": "acacia", "role": "positive", "name": "acacia", "ts": "2026-07-14T16:25:16.428334+00:00"}}, {"type": "Feature", "geometry": {"type": "Polygon", "coordinates": [[[77.19217014349789, 28.545409496339605], [77.19218349851138, 28.545407372311075], [77.19219311233276, 28.54539156882333], [77.19219126808642, 28.54537556874444], [77.19217968619975, 28.545358962621748], [77.19216016349559, 28.545355461317115], [77.19213037753575, 28.545357278236526], [77.19211187971204, 28.54535108872662], [77.19209482565347, 28.545362432417438], [77.19209015044811, 28.545387125226057], [77.19209581623517, 28.545399819443535], [77.19217014349789, 28.545409496339605]]]}, "properties": {"node": "acacia", "role": "positive", "name": "acacia", "ts": "2026-07-14T16:25:16.428382+00:00"}}, {"type": "Feature", "geometry": {"type": "Polygon", "coordinates": [[[77.19186113983228, 28.545408458075176], [77.19193285505335, 28.54540039254645], [77.19193885657424, 28.545394135030147], [77.19193990432234, 28.545383477089494], [77.19191326049338, 28.545332195772428], [77.19189923684985, 28.545318607597938], [77.19185386544028, 28.545312433009144], [77.1918267407528, 28.54531959170448], [77.19180163926107, 28.545342772593425], [77.19179673050606, 28.545360960268273], [77.19180442917256, 28.545375397335913], [77.19182274934467, 28.545392276455825], [77.19184970772429, 28.545407709277402], [77.19186113983228, 28.545408458075176]]]}, "properties": {"node": "acacia", "role": "positive", "name": "acacia", "ts": "2026-07-14T16:25:16.428428+00:00"}}, {"type": "Feature", "geometry": {"type": "Polygon", "coordinates": [[[77.19094961440557, 28.544912324171587], [77.19096727812243, 28.544905864969817], [77.19099879074064, 28.54487242794887], [77.1909974877691, 28.544860662144515], [77.19097518293859, 28.544827158438842], [77.19092849945889, 28.544844189104644], [77.19090901974072, 28.544865270844966], [77.19091177938623, 28.544885993584753], [77.19093253072042, 28.544905864613117], [77.19094961440557, 28.544912324171587]]]}, "properties": {"node": "acacia", "role": "positive", "name": "acacia", "ts": "2026-07-14T16:25:16.428467+00:00"}}, {"type": "Feature", "geometry": {"type": "Polygon", "coordinates": [[[77.19132235651531, 28.546182642932735], [77.19134111424727, 28.54617793837867], [77.19133885013706, 28.546152330308292], [77.19132986037816, 28.546147308256977], [77.19131153595781, 28.54615200581308], [77.19129651804332, 28.54616985504988], [77.19132235651531, 28.546182642932735]]]}, "properties": {"node": "acacia", "role": "positive", "name": "acacia", "ts": "2026-07-14T16:25:16.428507+00:00"}}, {"type": "Feature", "geometry": {"type": "Polygon", "coordinates": [[[77.19175001406325, 28.546317219014387], [77.19175785780254, 28.54630945087351], [77.19176040695187, 28.546286294259083], [77.19174526682876, 28.546276031739097], [77.19173029807575, 28.546284488052127], [77.19172524733925, 28.54630176292504], [77.19173304222281, 28.546312526139996], [77.19175001406325, 28.546317219014387]]]}, "properties": {"node": "acacia", "role": "positive", "name": "acacia", "ts": "2026-07-14T16:25:16.428548+00:00"}}, {"type": "Feature", "geometry": {"type": "Polygon", "coordinates": [[[77.1911797352528, 28.545292149119746], [77.19118976631535, 28.545285438928477], [77.19121903790784, 28.545287024362363], [77.19123923944532, 28.54528033705801], [77.1912601979218, 28.545259044303346], [77.19125778434591, 28.54523457413433], [77.19123440603477, 28.54521062953583], [77.19123702541894, 28.545183645904206], [77.19124751225685, 28.545188715187493], [77.19125156899143, 28.545169753333383], [77.19124664327931, 28.545167213562557], [77.19123703583952, 28.54517391691816], [77.19121860768988, 28.545163924344333], [77.19119711091837, 28.54515921990429], [77.191125913778, 28.545158872603878], [77.19110605841243, 28.545161812449], [77.1910683402895, 28.54518206609735], [77.19104713361696, 28.54522207209646], [77.1910429734677, 28.545246274209838], [77.1910485009199, 28.545257410536216], [77.19112052567188, 28.5452874922459], [77.1911797352528, 28.545292149119746]]]}, "properties": {"node": "acacia", "role": "positive", "name": "acacia", "ts": "2026-07-14T16:25:16.428591+00:00"}}, {"type": "Feature", "geometry": {"type": "Polygon", "coordinates": [[[77.19107407639096, 28.544955849117443], [77.19108404686561, 28.54495403127654], [77.19111529042308, 28.544932355643326], [77.19113437247717, 28.544907378484673], [77.1911266444542, 28.544866449453497], [77.19111265165807, 28.544855261294813], [77.19109768643452, 28.544857527967746], [77.19107740598882, 28.54487497646089], [77.19105135306212, 28.544885522425893], [77.1910440476303, 28.544895213443642], [77.19105843898872, 28.544945792090022], [77.19107407639096, 28.544955849117443]]]}, "properties": {"node": "acacia", "role": "positive", "name": "acacia", "ts": "2026-07-14T16:25:16.428634+00:00"}}, {"type": "Feature", "geometry": {"type": "Polygon", "coordinates": [[[77.19173946716911, 28.545891568396467], [77.19175414968299, 28.545890185067027], [77.1917826799957, 28.545878453155606], [77.19179032592649, 28.54586113637005], [77.19178330517033, 28.545845966809495], [77.19176258564768, 28.545837895796307], [77.19174256763314, 28.545842803951377], [77.19171755554777, 28.54587816759834], [77.19172249935409, 28.545887066489605], [77.19173946716911, 28.545891568396467]]]}, "properties": {"node": "acacia", "role": "positive", "name": "acacia", "ts": "2026-07-14T16:25:16.428675+00:00"}}, {"type": "Feature", "geometry": {"type": "Polygon", "coordinates": [[[77.19202816519977, 28.546000567158583], [77.19203183510287, 28.54600014698521], [77.19203899805878, 28.545980903590994], [77.192031158753, 28.545967496452715], [77.19201513751504, 28.545963604862955], [77.19199038123199, 28.545972124952822], [77.19198548675537, 28.545982489655067], [77.19199016815958, 28.54599143654818], [77.19202816519977, 28.546000567158583]]]}, "properties": {"node": "acacia", "role": "positive", "name": "acacia", "ts": "2026-07-14T16:25:16.428716+00:00"}}, {"type": "Feature", "geometry": {"type": "Polygon", "coordinates": [[[77.19104827467167, 28.54602270576015], [77.19106231900274, 28.546019952726954], [77.19107574930388, 28.546007284849964], [77.19107806529311, 28.54599082650137], [77.19107175217673, 28.545972161610997], [77.1910481334307, 28.54595666330382], [77.19102097663686, 28.545957823518993], [77.19101211821659, 28.54596428228028], [77.1910053823435, 28.545984420983267], [77.19100553025987, 28.546011305660617], [77.19104827467167, 28.54602270576015]]]}, "properties": {"node": "acacia", "role": "positive", "name": "acacia", "ts": "2026-07-14T16:25:16.428757+00:00"}}, {"type": "Feature", "geometry": {"type": "Polygon", "coordinates": [[[77.19083310649042, 28.54586102973248], [77.19085547216525, 28.54585570706914], [77.19086990629319, 28.545843069996433], [77.19087840854604, 28.54582575788262], [77.19087517068054, 28.545815505231065], [77.19085565463541, 28.545801889545302], [77.19081171915126, 28.545798782128056], [77.19079601918727, 28.54580247053122], [77.19077795578703, 28.545817265329898], [77.19078115255465, 28.54584641099998], [77.19083310649042, 28.54586102973248]]]}, "properties": {"node": "acacia", "role": "positive", "name": "acacia", "ts": "2026-07-14T16:25:16.428801+00:00"}}, {"type": "Feature", "geometry": {"type": "Polygon", "coordinates": [[[77.19072191833816, 28.545855461855982], [77.19074810144839, 28.545845296340325], [77.19075935412918, 28.545834989750354], [77.19075828741977, 28.545825264090244], [77.19071376188151, 28.545774975966538], [77.1906904049109, 28.54577535297877], [77.19067511429456, 28.54578916340316], [77.19067467737213, 28.54582030946102], [77.1907010340109, 28.545849876816504], [77.19072191833816, 28.545855461855982]]]}, "properties": {"node": "acacia", "role": "positive", "name": "acacia", "ts": "2026-07-14T16:25:16.428841+00:00"}}, {"type": "Feature", "geometry": {"type": "Polygon", "coordinates": [[[77.1913712224062, 28.546187595267728], [77.19138848337148, 28.54618387176359], [77.19139663571377, 28.546169386795604], [77.19139444415626, 28.54615774813533], [77.19137666147762, 28.546146743972383], [77.19136328443196, 28.54614963925258], [77.19135439100373, 28.546159734494783], [77.1913592153414, 28.546183387448394], [77.1913712224062, 28.546187595267728]]]}, "properties": {"node": "acacia", "role": "positive", "name": "acacia", "ts": "2026-07-14T16:25:16.428885+00:00"}}, {"type": "Feature", "geometry": {"type": "Polygon", "coordinates": [[[77.1907943555263, 28.545907736426678], [77.19080472714495, 28.54590622936215], [77.19081474744246, 28.545898221120797], [77.19082351296518, 28.54587147810368], [77.19082063983329, 28.54585831941029], [77.190812264434, 28.545851565004675], [77.19076760225227, 28.545850754918337], [77.19075255259536, 28.545867073586887], [77.19075315739707, 28.545885818854806], [77.19076838766372, 28.54589916083915], [77.1907943555263, 28.545907736426678]]]}, "properties": {"node": "acacia", "role": "positive", "name": "acacia", "ts": "2026-07-14T16:25:16.428929+00:00"}}, {"type": "Feature", "geometry": {"type": "Polygon", "coordinates": [[[77.19188984216981, 28.545562325853744], [77.19191270422535, 28.54555241430191], [77.19195738449334, 28.545552426726122], [77.19196735118244, 28.545541989406047], [77.19196998221605, 28.545528550953478], [77.19196047667614, 28.54551108786826], [77.1919345124917, 28.545481595673003], [77.19189433679453, 28.545468298037303], [77.19187064633944, 28.545468313623413], [77.19184236138045, 28.545487304554786], [77.19183704485212, 28.545501520400418], [77.19186570456962, 28.545550787763915], [77.19187795893478, 28.545560499198093], [77.19188984216981, 28.545562325853744]]]}, "properties": {"node": "acacia", "role": "positive", "name": "acacia", "ts": "2026-07-14T16:25:16.428969+00:00"}}, {"type": "Feature", "geometry": {"type": "Polygon", "coordinates": [[[77.19184146832791, 28.54635262442824], [77.19185740559978, 28.54634777397494], [77.19186309277688, 28.546339835637962], [77.1918515784951, 28.546307104616904], [77.19182775581228, 28.546318397884068], [77.1918183749271, 28.54633634751653], [77.19182093247734, 28.54634472683485], [77.19184146832791, 28.54635262442824]]]}, "properties": {"node": "acacia", "role": "positive", "name": "acacia", "ts": "2026-07-14T16:25:16.429007+00:00"}}, {"type": "Feature", "geometry": {"type": "Polygon", "coordinates": [[[77.19135275908117, 28.54493569970725], [77.19136683624748, 28.544933086836668], [77.19140436324173, 28.544908808604553], [77.19141058936313, 28.544888338871292], [77.19140524145249, 28.544860899266826], [77.19137961709981, 28.54482773133659], [77.19134364097899, 28.544806474944526], [77.19132272231901, 28.54479983944756], [77.19129447305365, 28.54480047905059], [77.19128069481053, 28.5448074912396], [77.1912640625158, 28.544827211445348], [77.19125273015337, 28.54485198425991], [77.19125255777095, 28.54486373145028], [77.19126936073638, 28.544882361319875], [77.19129947827305, 28.54490169375043], [77.19131113325237, 28.544922608806754], [77.19135275908117, 28.54493569970725]]]}, "properties": {"node": "acacia", "role": "positive", "name": "acacia", "ts": "2026-07-14T16:25:16.429052+00:00"}}, {"type": "Feature", "geometry": {"type": "Polygon", "coordinates": [[[77.1906587131803, 28.544904043767577], [77.1906822291257, 28.54489887975495], [77.19069611224296, 28.5448785609905], [77.19069131306692, 28.544866581646566], [77.19066675905923, 28.544853007382134], [77.19064757218018, 28.544857910140276], [77.19063523729473, 28.544879734933993], [77.1906420655306, 28.544895509087848], [77.1906587131803, 28.544904043767577]]]}, "properties": {"node": "acacia", "role": "positive", "name": "acacia", "ts": "2026-07-14T16:25:16.429099+00:00"}}, {"type": "Feature", "geometry": {"type": "Polygon", "coordinates": [[[77.19072812701283, 28.54492799386657], [77.19075176851776, 28.54491842612377], [77.19076092886878, 28.544900288741687], [77.19075109918667, 28.54488609406505], [77.19071928993013, 28.544877995500837], [77.19070753254826, 28.54488584039316], [77.19070445147138, 28.54491497956398], [77.1907130830416, 28.544923643624184], [77.19072812701283, 28.54492799386657]]]}, "properties": {"node": "acacia", "role": "positive", "name": "acacia", "ts": "2026-07-14T16:25:16.429144+00:00"}}, {"type": "Feature", "geometry": {"type": "Polygon", "coordinates": [[[77.1907473450817, 28.545657407504958], [77.19077103031077, 28.545649944204197], [77.19079332967328, 28.545648818739537], [77.19078473367996, 28.54564187651428], [77.19081096090183, 28.545610641319083], [77.1908085793077, 28.545589819575643], [77.1907894544896, 28.54558725761976], [77.19073028817704, 28.545618641744415], [77.19072602086085, 28.54564282423667], [77.1907473450817, 28.545657407504958]]]}, "properties": {"node": "acacia", "role": "positive", "name": "acacia", "ts": "2026-07-14T16:25:16.429186+00:00"}}, {"type": "Feature", "geometry": {"type": "Polygon", "coordinates": [[[77.19082635555958, 28.545788948361057], [77.19084038649783, 28.545786233957443], [77.1908480275625, 28.54577845549827], [77.1908411215873, 28.54573799487104], [77.19085581354072, 28.545693932178313], [77.19085137631332, 28.545678502199202], [77.1908274494756, 28.54567429536456], [77.19077182878429, 28.545709449831524], [77.19076314524779, 28.54572968467503], [77.1907642376182, 28.545740575580528], [77.19078272676364, 28.545764773498327], [77.19082635555958, 28.545788948361057]]]}, "properties": {"node": "acacia", "role": "positive", "name": "acacia", "ts": "2026-07-14T16:25:16.429226+00:00"}}, {"type": "Feature", "geometry": {"type": "Polygon", "coordinates": [[[77.19144591136926, 28.546226121035467], [77.1914725551081, 28.546213342705094], [77.19145862645235, 28.54618531662832], [77.19142932749746, 28.546182422049643], [77.19141806039306, 28.546190836052176], [77.19141500846759, 28.546207162388225], [77.19142263471024, 28.54621732934285], [77.19144591136926, 28.546226121035467]]]}, "properties": {"node": "acacia", "role": "positive", "name": "acacia", "ts": "2026-07-14T16:25:16.429265+00:00"}}, {"type": "Feature", "geometry": {"type": "Polygon", "coordinates": [[[77.19175402964382, 28.5458191309371], [77.19177616366173, 28.545812277289038], [77.19178559261789, 28.545793899562533], [77.19178310621389, 28.54578239091265], [77.19176671258171, 28.545770385053302], [77.19174045389394, 28.545795169864615], [77.19174845007143, 28.54581615339102], [77.19175402964382, 28.5458191309371]]]}, "properties": {"node": "acacia", "role": "positive", "name": "acacia", "ts": "2026-07-14T16:25:16.429307+00:00"}}, {"type": "Feature", "geometry": {"type": "Polygon", "coordinates": [[[77.19170276325583, 28.54630250809335], [77.19171186505831, 28.546292809271108], [77.19170849444698, 28.546286750526605], [77.19169390948436, 28.546282401175027], [77.19167929020125, 28.546286840067083], [77.19168148976837, 28.54629903089962], [77.19170276325583, 28.54630250809335]]]}, "properties": {"node": "acacia", "role": "positive", "name": "acacia", "ts": "2026-07-14T16:25:16.429348+00:00"}}, {"type": "Feature", "geometry": {"type": "Polygon", "coordinates": [[[77.19205766320023, 28.54538730302952], [77.19208280658692, 28.545377171098348], [77.19209697247233, 28.54535877517619], [77.19210042306253, 28.54534477296568], [77.19208053157469, 28.545337570482886], [77.19205562634075, 28.54534916661727], [77.19204707459403, 28.545377748213728], [77.19205766320023, 28.54538730302952]]]}, "properties": {"node": "acacia", "role": "positive", "name": "acacia", "ts": "2026-07-14T16:25:16.429388+00:00"}}, {"type": "Feature", "geometry": {"type": "Polygon", "coordinates": [[[77.19025917713807, 28.54571523607391], [77.19028998423951, 28.54570631827704], [77.1903028911831, 28.545691182504928], [77.19030333522836, 28.54568122368808], [77.1902930801399, 28.545667418601184], [77.19026351921744, 28.545652776805618], [77.19025025985378, 28.545650885628135], [77.19023272400783, 28.54566226853781], [77.19022974461234, 28.545685856100803], [77.19024472362993, 28.545708005586096], [77.19025917713807, 28.54571523607391]]]}, "properties": {"node": "acacia", "role": "positive", "name": "acacia", "ts": "2026-07-14T16:25:16.429430+00:00"}}, {"type": "Feature", "geometry": {"type": "Polygon", "coordinates": [[[77.19122140230927, 28.544991414853275], [77.19123091514918, 28.544990304380217], [77.19123845313297, 28.544977551741713], [77.19124385384026, 28.54494531306855], [77.19122288774228, 28.54492708791318], [77.1911973150087, 28.544927118022983], [77.1911723629788, 28.544946658648247], [77.1911758120306, 28.544966697639765], [77.19118798136263, 28.54497874935386], [77.19122140230927, 28.544991414853275]]]}, "properties": {"node": "acacia", "role": "positive", "name": "acacia", "ts": "2026-07-14T16:25:16.429471+00:00"}}, {"type": "Feature", "geometry": {"type": "Polygon", "coordinates": [[[77.1907538785998, 28.5446958195809], [77.19076995312595, 28.544687139488982], [77.19077368531305, 28.54466851559087], [77.19075427433013, 28.544641653250185], [77.19072717322489, 28.544641133804777], [77.19071308419944, 28.54465150424466], [77.19070544554488, 28.544680334224036], [77.19072131369185, 28.544693091792965], [77.1907538785998, 28.5446958195809]]]}, "properties": {"node": "acacia", "role": "positive", "name": "acacia", "ts": "2026-07-14T16:25:16.429513+00:00"}}, {"type": "Feature", "geometry": {"type": "Polygon", "coordinates": [[[77.19143833042038, 28.545231536386346], [77.19145323579534, 28.545229190559066], [77.19146407900516, 28.545219063829983], [77.1914683067278, 28.54516158221749], [77.19147774450705, 28.545125450795922], [77.19147229131553, 28.545113290666293], [77.19145046375182, 28.54510579661779], [77.19141648119614, 28.545107876338665], [77.19139847661393, 28.545117544559538], [77.19138279429173, 28.54514516479927], [77.19137883366561, 28.545163218264445], [77.19137977406841, 28.545187699443492], [77.19138839903547, 28.54520650658918], [77.1914119888079, 28.545225837619306], [77.19143833042038, 28.545231536386346]]]}, "properties": {"node": "acacia", "role": "positive", "name": "acacia", "ts": "2026-07-14T16:25:16.429554+00:00"}}, {"type": "Feature", "geometry": {"type": "Polygon", "coordinates": [[[77.19165377105864, 28.545042544785606], [77.19170730634417, 28.54503458626986], [77.19172659953333, 28.54502699401494], [77.19174196092213, 28.545013304660134], [77.19176755476786, 28.544962859885775], [77.19177607201605, 28.54491474440721], [77.19177019434301, 28.544896357552712], [77.19176064771233, 28.544884563907132], [77.19171159207217, 28.544884235980515], [77.19170341911979, 28.544887728283044], [77.19170166387208, 28.544894850641292], [77.19168272382696, 28.544899076866905], [77.19163722242429, 28.544896824673113], [77.19160219276871, 28.54493062017928], [77.19158664179396, 28.544965781306864], [77.19158967775249, 28.545000082246432], [77.19162170304863, 28.545035595235145], [77.19165377105864, 28.545042544785606]]]}, "properties": {"node": "acacia", "role": "positive", "name": "acacia", "ts": "2026-07-14T16:25:16.429595+00:00"}}, {"type": "Feature", "geometry": {"type": "Polygon", "coordinates": [[[77.19140841623522, 28.546415464563772], [77.19142393245038, 28.546409240120447], [77.19143678878999, 28.546397084718485], [77.19143972714546, 28.54638583619946], [77.19143325789419, 28.546369512416987], [77.19139678857594, 28.54635423309166], [77.19136563127407, 28.54635044242915], [77.1913570869502, 28.546366635261652], [77.19136434096372, 28.546390227075094], [77.19137782605176, 28.546398223459217], [77.19137911468655, 28.54640940372595], [77.19138427210811, 28.546413427511695], [77.19140841623522, 28.546415464563772]]]}, "properties": {"node": "acacia", "role": "positive", "name": "acacia", "ts": "2026-07-14T16:25:16.429636+00:00"}}, {"type": "Feature", "geometry": {"type": "Polygon", "coordinates": [[[77.19146161523986, 28.545574525015518], [77.19147606299633, 28.545567757768953], [77.19147855931044, 28.54555558296371], [77.19143638774105, 28.54554058239536], [77.19143052531086, 28.545553558289726], [77.19143264000368, 28.545563791796393], [77.19144379242721, 28.54557145247415], [77.19146161523986, 28.545574525015518]]]}, "properties": {"node": "acacia", "role": "positive", "name": "acacia", "ts": "2026-07-14T16:25:16.429677+00:00"}}, {"type": "Feature", "geometry": {"type": "Polygon", "coordinates": [[[77.19196492392376, 28.546401154303005], [77.19198210563701, 28.546393604447516], [77.19198921823384, 28.546381241395075], [77.19198778356849, 28.54637475772243], [77.1919561904356, 28.546366655980478], [77.19194130869472, 28.546370149753415], [77.19193625563196, 28.54637731234107], [77.19193729661586, 28.546385716150255], [77.19196492392376, 28.546401154303005]]]}, "properties": {"node": "acacia", "role": "positive", "name": "acacia", "ts": "2026-07-14T16:25:16.429718+00:00"}}, {"type": "Feature", "geometry": {"type": "Polygon", "coordinates": [[[77.19062649820292, 28.545891564221627], [77.19068874585375, 28.5458868893529], [77.1907008167409, 28.54587770270061], [77.19070173281234, 28.5458617228592], [77.19068174143982, 28.545839657767175], [77.19065806115522, 28.545830130648508], [77.1906406599246, 28.54583279710381], [77.19061299027456, 28.545851410845536], [77.19060845137832, 28.545863045008513], [77.1906051220971, 28.54588291743464], [77.1906100217615, 28.545888710555072], [77.19062649820292, 28.545891564221627]]]}, "properties": {"node": "acacia", "role": "positive", "name": "acacia", "ts": "2026-07-14T16:25:16.429762+00:00"}}, {"type": "Feature", "geometry": {"type": "Polygon", "coordinates": [[[77.19164024391056, 28.545860847889625], [77.19165383850691, 28.545856117108215], [77.19165914415876, 28.545836001473543], [77.19164684278637, 28.545814365662668], [77.19163272004499, 28.545813330569707], [77.19158922434592, 28.545824859943774], [77.19158543115975, 28.545819327243507], [77.19157883127804, 28.545826290919837], [77.19158211991142, 28.545837064819686], [77.19159292275707, 28.54584555197998], [77.19162610995487, 28.54585927162712], [77.19164024391056, 28.545860847889625]]]}, "properties": {"node": "acacia", "role": "positive", "name": "acacia", "ts": "2026-07-14T16:25:16.429807+00:00"}}, {"type": "Feature", "geometry": {"type": "Polygon", "coordinates": [[[77.19202087244331, 28.545384327892716], [77.19203531190635, 28.545379881355196], [77.19204639074131, 28.545359784877377], [77.1920470491822, 28.545328748839157], [77.19201100349969, 28.545305774685403], [77.19197046012437, 28.54531696280366], [77.19195738898084, 28.545324642987524], [77.19195107483662, 28.545333937675935], [77.19195110388837, 28.54534581112709], [77.1919665163106, 28.545367394901962], [77.19202087244331, 28.545384327892716]]]}, "properties": {"node": "acacia", "role": "positive", "name": "acacia", "ts": "2026-07-14T16:25:16.429859+00:00"}}, {"type": "Feature", "geometry": {"type": "Polygon", "coordinates": [[[77.19102375651703, 28.54551070952504], [77.19103621643826, 28.545506304598906], [77.19105811837241, 28.545487607262242], [77.19106545644652, 28.545476215030046], [77.19106855380252, 28.545458585592826], [77.19106590526995, 28.54544563485586], [77.19105612983734, 28.54543337241666], [77.1910444786612, 28.54542457971262], [77.19102661730646, 28.545418944555042], [77.19100812399009, 28.545424593364725], [77.19099221987067, 28.545440327656564], [77.1909822645321, 28.545471634540355], [77.19098526660996, 28.545480757955747], [77.19100250391952, 28.545498059121833], [77.19102375651703, 28.54551070952504]]]}, "properties": {"node": "acacia", "role": "positive", "name": "acacia", "ts": "2026-07-14T16:25:16.429904+00:00"}}, {"type": "Feature", "geometry": {"type": "Polygon", "coordinates": [[[77.19071304849238, 28.54597259935466], [77.19073867281548, 28.545966453313646], [77.19076832591261, 28.545935401730482], [77.19076861385163, 28.545907499284006], [77.19074900877105, 28.545890809552482], [77.19071262625268, 28.54588948601527], [77.19068394244162, 28.545935999487348], [77.19068099411443, 28.54595037813831], [77.19068505013897, 28.545958146982567], [77.19071304849238, 28.54597259935466]]]}, "properties": {"node": "acacia", "role": "positive", "name": "acacia", "ts": "2026-07-14T16:25:16.429945+00:00"}}, {"type": "Feature", "geometry": {"type": "Polygon", "coordinates": [[[77.1759107089224, 28.532058214400234], [77.17590040659591, 28.532054048738324], [77.17588404745068, 28.532033559275433], [77.17588545213172, 28.53201242421096], [77.17590246636767, 28.531995189300638], [77.17592398150897, 28.531988167852802], [77.17593932377672, 28.53198900465099], [77.17594912080395, 28.53199841143436], [77.17594767460827, 28.532037411630693], [77.17593553312787, 28.532053124855537], [77.1759107089224, 28.532058214400234]]]}, "properties": {"node": "acacia", "role": "positive", "name": "acacia", "ts": "2026-07-14T16:25:16.429983+00:00"}}, {"type": "Feature", "geometry": {"type": "Polygon", "coordinates": [[[77.17622650437116, 28.532202203676317], [77.17620571764688, 28.532194958015186], [77.17620232366028, 28.532178952446124], [77.17621507826291, 28.53215330466815], [77.17623235199822, 28.532148696997563], [77.17624831045342, 28.532159629033853], [77.17625467912674, 28.532181180840844], [77.1762447883275, 28.532197038463], [77.17622650437116, 28.532202203676317]]]}, "properties": {"node": "acacia", "role": "positive", "name": "acacia", "ts": "2026-07-14T16:25:16.430021+00:00"}}, {"type": "Feature", "geometry": {"type": "Polygon", "coordinates": [[[77.17577430938799, 28.53218220363021], [77.17575783454997, 28.53217597149029], [77.17573994916228, 28.532150814791528], [77.17573704533136, 28.53213877123435], [77.17574605982634, 28.532120040503504], [77.1757695880224, 28.532111543224218], [77.17578332582501, 28.532113849346274], [77.17579764638681, 28.532124627237955], [77.17580926660688, 28.532143207719127], [77.17580424440887, 28.532167287945978], [77.1757885450885, 28.532178907847886], [77.17577430938799, 28.53218220363021]]]}, "properties": {"node": "acacia", "role": "positive", "name": "acacia", "ts": "2026-07-14T16:25:16.430061+00:00"}}, {"type": "Feature", "geometry": {"type": "Polygon", "coordinates": [[[77.17627133180133, 28.532524128137], [77.17624830547737, 28.532517279284473], [77.17622969182709, 28.53249646511112], [77.17623575821236, 28.532453601425424], [77.17624396634757, 28.532445349639637], [77.1762640405539, 28.532437809886193], [77.17631916320207, 28.53243548266494], [77.17632666886497, 28.532442760759697], [77.17632977333287, 28.53245462063544], [77.1763233988982, 28.53249243668673], [77.17630120346689, 28.532516070424762], [77.17627133180133, 28.532524128137]]]}, "properties": {"node": "acacia", "role": "positive", "name": "acacia", "ts": "2026-07-14T16:25:16.430252+00:00"}}, {"type": "Feature", "geometry": {"type": "Polygon", "coordinates": [[[77.17577990989778, 28.532375194475332], [77.17576674408849, 28.53237089424661], [77.17575795725787, 28.53236092991406], [77.17575718174278, 28.53234307787588], [77.175766571033, 28.532332641798394], [77.17579530975884, 28.532329113583856], [77.17580856082363, 28.532337562774217], [77.17581427213533, 28.53235695974987], [77.17579843524656, 28.532371829943266], [77.17577990989778, 28.532375194475332]]]}, "properties": {"node": "acacia", "role": "positive", "name": "acacia", "ts": "2026-07-14T16:25:16.430302+00:00"}}, {"type": "Feature", "geometry": {"type": "Polygon", "coordinates": [[[77.17629493666725, 28.532121709096256], [77.17628467510632, 28.532119527751366], [77.17627258660745, 28.532107992336616], [77.17627156630242, 28.53207823458535], [77.17628735487936, 28.53206101927609], [77.17632165321157, 28.532059567221957], [77.17632930378856, 28.53206395580886], [77.17633633381155, 28.53207791814682], [77.17633751761598, 28.53210568833554], [77.17632873749719, 28.532115934235573], [77.17629493666725, 28.532121709096256]]]}, "properties": {"node": "acacia", "role": "positive", "name": "acacia", "ts": "2026-07-14T16:25:16.430347+00:00"}}, {"type": "Feature", "geometry": {"type": "Polygon", "coordinates": [[[77.1761724215515, 28.53231476860877], [77.17616000236364, 28.532307027917184], [77.17614952239637, 28.532284278862168], [77.17614911421519, 28.532274360702502], [77.1761589753754, 28.532257059968668], [77.17617066717243, 28.5322492936946], [77.17618819709905, 28.53224720821034], [77.17622570375777, 28.532262666968915], [77.17622805011376, 28.532287350888435], [77.17622458092653, 28.53229751164971], [77.1761724215515, 28.53231476860877]]]}, "properties": {"node": "acacia", "role": "positive", "name": "acacia", "ts": "2026-07-14T16:25:16.430389+00:00"}}, {"type": "Feature", "geometry": {"type": "Polygon", "coordinates": [[[77.17569081324179, 28.53281240706432], [77.17566346758943, 28.53280418374157], [77.17565957986518, 28.532784035739656], [77.17566712707786, 28.532773448739157], [77.17569675051054, 28.532753305040732], [77.17571528334182, 28.532750301295934], [77.17572707862811, 28.5327575106784], [77.17572530947088, 28.532790741675164], [77.17571034518548, 28.532808304613205], [77.17569081324179, 28.53281240706432]]]}, "properties": {"node": "acacia", "role": "positive", "name": "acacia", "ts": "2026-07-14T16:25:16.430430+00:00"}}, {"type": "Feature", "geometry": {"type": "Polygon", "coordinates": [[[77.1763087705, 28.532794743007436], [77.17629525203698, 28.53278323052176], [77.17629897403712, 28.53276548684345], [77.1763119956431, 28.532752827112482], [77.17633428685643, 28.532753732915452], [77.1763402065999, 28.532763382270034], [77.17633757269171, 28.532784356590366], [77.17632710275464, 28.53279192284384], [77.1763087705, 28.532794743007436]]]}, "properties": {"node": "acacia", "role": "positive", "name": "acacia", "ts": "2026-07-14T16:25:16.430469+00:00"}}, {"type": "Feature", "geometry": {"type": "Polygon", "coordinates": [[[77.17617236840013, 28.53224258980719], [77.1761583855246, 28.53223830271339], [77.17614400559245, 28.53222463862745], [77.17614492718168, 28.532209827025998], [77.17615234418984, 28.532202851070924], [77.17617580527843, 28.532201031415436], [77.17618799423394, 28.532207512652647], [77.17619032945633, 28.53223165540444], [77.1761817276275, 28.532240635293913], [77.17617236840013, 28.53224258980719]]]}, "properties": {"node": "acacia", "role": "positive", "name": "acacia", "ts": "2026-07-14T16:25:16.430510+00:00"}}, {"type": "Feature", "geometry": {"type": "Polygon", "coordinates": [[[77.17600777849606, 28.532913792019542], [77.1759968373228, 28.532908373464462], [77.17598587500228, 28.53287209844579], [77.17599519016517, 28.5328580545577], [77.17602169318843, 28.532855103471828], [77.17603868420088, 28.532866560325733], [77.17603962696779, 28.532882605187066], [77.1760313550364, 28.532907639753486], [77.17602572448888, 28.532912060781555], [77.17600777849606, 28.532913792019542]]]}, "properties": {"node": "acacia", "role": "positive", "name": "acacia", "ts": "2026-07-14T16:25:16.430551+00:00"}}, {"type": "Feature", "geometry": {"type": "Polygon", "coordinates": [[[77.1764146720046, 28.532867029447683], [77.17640622653782, 28.532863736306105], [77.1763992706071, 28.53285338176985], [77.17639610308024, 28.53283845527314], [77.17640487615752, 28.53281792388145], [77.17641893360583, 28.532815894031973], [77.17643347342862, 28.53282739013076], [77.17643350986239, 28.53284904343917], [77.1764288781064, 28.532862290477293], [77.1764146720046, 28.532867029447683]]]}, "properties": {"node": "acacia", "role": "positive", "name": "acacia", "ts": "2026-07-14T16:25:16.430593+00:00"}}, {"type": "Feature", "geometry": {"type": "Polygon", "coordinates": [[[77.17578534575938, 28.53288830474386], [77.17577426334881, 28.5328859560693], [77.17576418042678, 28.532872583977554], [77.17576619755133, 28.53286136380299], [77.17577848742137, 28.53285286617808], [77.17580019550743, 28.532855225006948], [77.17580858867684, 28.532865917440137], [77.17580604030522, 28.532881116010522], [77.17578534575938, 28.53288830474386]]]}, "properties": {"node": "acacia", "role": "positive", "name": "acacia", "ts": "2026-07-14T16:25:16.430636+00:00"}}, {"type": "Feature", "geometry": {"type": "Polygon", "coordinates": [[[77.17617960919212, 28.53270424306349], [77.17616664759575, 28.532699939602566], [77.17616241392462, 28.532692789500686], [77.17616378483103, 28.532679955638034], [77.17617685835107, 28.532669821375297], [77.17618775872289, 28.53267325563027], [77.17619469573535, 28.532692632938275], [77.1761930352881, 28.532701321112473], [77.17617960919212, 28.53270424306349]]]}, "properties": {"node": "acacia", "role": "positive", "name": "acacia", "ts": "2026-07-14T16:25:16.430677+00:00"}}, {"type": "Feature", "geometry": {"type": "Polygon", "coordinates": [[[77.17564836112228, 28.533033596257923], [77.17563415535463, 28.53302841043991], [77.17562430635768, 28.533016478182283], [77.17562571850362, 28.532995703899307], [77.1756386100873, 28.532986655295957], [77.1756644703013, 28.532992195689886], [77.17567354670601, 28.53300630571581], [77.17566664154631, 28.533028250724005], [77.17564836112228, 28.533033596257923]]]}, "properties": {"node": "acacia", "role": "positive", "name": "acacia", "ts": "2026-07-14T16:25:16.430725+00:00"}}, {"type": "Feature", "geometry": {"type": "Polygon", "coordinates": [[[77.17595576079499, 28.53300755706823], [77.17593743256626, 28.533000632865654], [77.17592503963108, 28.532984230176428], [77.17592679760267, 28.532950458012028], [77.17594231869737, 28.532940104091924], [77.17595418853348, 28.532940996538514], [77.17597070428417, 28.532949212933648], [77.17598228014613, 28.532965628714813], [77.17598127995065, 28.53299650154738], [77.17597143760244, 28.53300477951239], [77.17595576079499, 28.53300755706823]]]}, "properties": {"node": "acacia", "role": "positive", "name": "acacia", "ts": "2026-07-14T16:25:16.430766+00:00"}}, {"type": "Feature", "geometry": {"type": "Polygon", "coordinates": [[[77.17623538034098, 28.533071465265323], [77.17618518611495, 28.533065051906704], [77.17616303642168, 28.53305115147681], [77.17616251028164, 28.533015611434443], [77.17618217640816, 28.53299815352917], [77.17620643284437, 28.532985313716644], [77.17624911391744, 28.532984088193874], [77.17626337161421, 28.532991799401653], [77.1762701195654, 28.533001976829723], [77.1762712207948, 28.533055552562494], [77.1762591908315, 28.533066752801563], [77.17623538034098, 28.533071465265323]]]}, "properties": {"node": "acacia", "role": "positive", "name": "acacia", "ts": "2026-07-14T16:25:16.430831+00:00"}}, {"type": "Feature", "geometry": {"type": "Polygon", "coordinates": [[[77.17570345681158, 28.53334813840355], [77.17569500761749, 28.533344664829066], [77.1756856416497, 28.533326409116693], [77.17567044453904, 28.53331275808186], [77.17566837667971, 28.533291678671468], [77.17567264819793, 28.5332807832677], [77.17568272451976, 28.533273945166272], [77.17572053700853, 28.533264497168844], [77.17573624274516, 28.53328301217347], [77.17573950580807, 28.53332247823961], [77.17572762032847, 28.533340713635287], [77.17571488849826, 28.533347594298128], [77.17570345681158, 28.53334813840355]]]}, "properties": {"node": "acacia", "role": "positive", "name": "acacia", "ts": "2026-07-14T16:25:16.430884+00:00"}}, {"type": "Feature", "geometry": {"type": "Polygon", "coordinates": [[[77.17578002353136, 28.533275633898537], [77.17575884290592, 28.533269116286274], [77.17575692369496, 28.533245327758344], [77.17577450313695, 28.533215813258618], [77.17578704550645, 28.533209657423814], [77.17580256997891, 28.533209408615615], [77.17581379291471, 28.53322853680389], [77.17581326831856, 28.533252725395748], [77.17579792510607, 28.53327173801053], [77.17578002353136, 28.533275633898537]]]}, "properties": {"node": "acacia", "role": "positive", "name": "acacia", "ts": "2026-07-14T16:25:16.430926+00:00"}}, {"type": "Feature", "geometry": {"type": "Polygon", "coordinates": [[[77.17567466667998, 28.533518221989127], [77.17565921298336, 28.533511973481147], [77.17565259928493, 28.533488440634407], [77.17565807087489, 28.533466338152078], [77.17567199127325, 28.53345763395458], [77.17568927597743, 28.533463492219145], [77.17570195105462, 28.53348367983839], [77.17570062827853, 28.533498858765054], [77.17569372719497, 28.533511059455556], [77.17567466667998, 28.533518221989127]]]}, "properties": {"node": "acacia", "role": "positive", "name": "acacia", "ts": "2026-07-14T16:25:16.430968+00:00"}}, {"type": "Feature", "geometry": {"type": "Polygon", "coordinates": [[[77.1757012570802, 28.53346979637661], [77.17568933528817, 28.53346637845484], [77.1756660752523, 28.53344816496029], [77.17566747958456, 28.53343695460778], [77.1756836284118, 28.53342731245076], [77.17571127526789, 28.53343029791037], [77.17572773509025, 28.53344573319419], [77.17572267244174, 28.533457904422434], [77.17571002956454, 28.533469114438965], [77.1757012570802, 28.53346979637661]]]}, "properties": {"node": "acacia", "role": "positive", "name": "acacia", "ts": "2026-07-14T16:25:16.431013+00:00"}}, {"type": "Feature", "geometry": {"type": "Polygon", "coordinates": [[[77.17634034780784, 28.53365497901808], [77.1763258820351, 28.53364709070925], [77.17632123639179, 28.533629842070102], [77.17632804470676, 28.533613131610156], [77.17634678564113, 28.533610304887244], [77.17635820960726, 28.53361932465221], [77.17636398043322, 28.533641607826414], [77.1763558130105, 28.53365184390876], [77.17634034780784, 28.53365497901808]]]}, "properties": {"node": "acacia", "role": "positive", "name": "acacia", "ts": "2026-07-14T16:25:16.431071+00:00"}}, {"type": "Feature", "geometry": {"type": "Polygon", "coordinates": [[[77.17605806224324, 28.53311346502471], [77.1760427980271, 28.533106491725125], [77.176034312128, 28.53309128956662], [77.17603570900398, 28.533079718432738], [77.1760471743836, 28.533070873100694], [77.17607139677428, 28.533076259218262], [77.17607936662071, 28.533086236621543], [77.1760740437904, 28.53310562999654], [77.17605806224324, 28.53311346502471]]]}, "properties": {"node": "acacia", "role": "positive", "name": "acacia", "ts": "2026-07-14T16:25:16.431121+00:00"}}, {"type": "Feature", "geometry": {"type": "Polygon", "coordinates": [[[77.17571720441744, 28.533579614772364], [77.1757040162152, 28.533574232207933], [77.17567924841633, 28.533552253448864], [77.17567932372378, 28.533526087117036], [77.17571721785495, 28.53352060768993], [77.175737663004, 28.53353110697475], [77.17574181845357, 28.533544393613113], [77.17573977127837, 28.533564095377816], [77.1757316075051, 28.533574511815374], [77.17571720441744, 28.533579614772364]]]}, "properties": {"node": "acacia", "role": "positive", "name": "acacia", "ts": "2026-07-14T16:25:16.431168+00:00"}}, {"type": "Feature", "geometry": {"type": "Polygon", "coordinates": [[[77.17632207155519, 28.533869284624995], [77.17629395299765, 28.53386323922242], [77.17628475002896, 28.533852920705378], [77.17628401889257, 28.533837233355076], [77.17629378712753, 28.53382534757247], [77.17632479174557, 28.533822685152924], [77.17633078604291, 28.53382601759109], [77.17634203139286, 28.533846228063158], [77.17634190837484, 28.533860124614968], [77.17632207155519, 28.533869284624995]]]}, "properties": {"node": "acacia", "role": "positive", "name": "acacia", "ts": "2026-07-14T16:25:16.431205+00:00"}}, {"type": "Feature", "geometry": {"type": "Polygon", "coordinates": [[[77.1761979323522, 28.533824357874153], [77.1761786233981, 28.533819434372077], [77.17617131449545, 28.53381179222151], [77.1761756796976, 28.53377563242814], [77.17619269414722, 28.533758397472713], [77.17622636909623, 28.533756414067362], [77.17624266556005, 28.53377383684189], [77.17624243432846, 28.53380235150562], [77.17622302054527, 28.53382215121635], [77.1761979323522, 28.533824357874153]]]}, "properties": {"node": "acacia", "role": "positive", "name": "acacia", "ts": "2026-07-14T16:25:16.431244+00:00"}}, {"type": "Feature", "geometry": {"type": "Polygon", "coordinates": [[[77.175930191266, 28.53327467070736], [77.17591595950246, 28.53326822219357], [77.17591265448786, 28.533256545972133], [77.1759158935103, 28.53324512576284], [77.17592589937341, 28.533234860239883], [77.17593996801114, 28.533233371605764], [77.17595204919827, 28.533244546263933], [77.17595493826312, 28.533255868252883], [77.1759413593557, 28.53327124362205], [77.175930191266, 28.53327467070736]]]}, "properties": {"node": "acacia", "role": "positive", "name": "acacia", "ts": "2026-07-14T16:25:16.431284+00:00"}}, {"type": "Feature", "geometry": {"type": "Polygon", "coordinates": [[[77.17655878801118, 28.532193989691006], [77.17653707295514, 28.532181345491235], [77.176534971907, 28.532148717885686], [77.17654666768848, 28.532131207264637], [77.17656781135467, 28.532125996161888], [77.17659237470505, 28.53214797804604], [77.1765957947065, 28.532165246329846], [77.17658296974074, 28.532187466735135], [77.17655878801118, 28.532193989691006]]]}, "properties": {"node": "acacia", "role": "positive", "name": "acacia", "ts": "2026-07-14T16:25:16.431326+00:00"}}, {"type": "Feature", "geometry": {"type": "Polygon", "coordinates": [[[77.1764921315769, 28.5320328345616], [77.17647714963225, 28.532029646211363], [77.17646758648883, 28.5320216793116], [77.1764632082158, 28.5320074940207], [77.17646892801652, 28.531997477622905], [77.17649563878123, 28.531994703571566], [77.17651220632989, 28.532005445362987], [77.17650994391744, 28.532024609239755], [77.1764921315769, 28.5320328345616]]]}, "properties": {"node": "acacia", "role": "positive", "name": "acacia", "ts": "2026-07-14T16:25:16.431367+00:00"}}, {"type": "Feature", "geometry": {"type": "Polygon", "coordinates": [[[77.17618458116706, 28.53210110237173], [77.17617430848725, 28.532098379849124], [77.17614734963726, 28.532079143019946], [77.17613789809272, 28.532066663078833], [77.17613405480549, 28.53204867976851], [77.17613331367143, 28.53200267711682], [77.17614543657861, 28.53198606192751], [77.1761650910517, 28.53197798757183], [77.17618451494941, 28.531978578468088], [77.1762105380682, 28.5319920559177], [77.17624866416044, 28.532027715047686], [77.17624943906033, 28.53206541649526], [77.17624137555119, 28.532080703478535], [77.17622852120427, 28.532091556028487], [77.17618458116706, 28.53210110237173]]]}, "properties": {"node": "acacia", "role": "positive", "name": "acacia", "ts": "2026-07-14T16:25:16.431406+00:00"}}, {"type": "Feature", "geometry": {"type": "Polygon", "coordinates": [[[77.17655807061625, 28.531980168993435], [77.17654317428395, 28.531971204906], [77.17653503020499, 28.531952749211793], [77.17654308624577, 28.531937101434306], [77.17656194585749, 28.53193012246037], [77.17657796395656, 28.53193401598639], [77.17658503881538, 28.531940218280006], [77.17658905645952, 28.531966679888015], [77.17658226342255, 28.531974187209155], [77.17655807061625, 28.531980168993435]]]}, "properties": {"node": "acacia", "role": "positive", "name": "acacia", "ts": "2026-07-14T16:25:16.431449+00:00"}}, {"type": "Feature", "geometry": {"type": "Polygon", "coordinates": [[[77.1758584319967, 28.53185099436334], [77.17584162281251, 28.531848376573368], [77.17582612116837, 28.531839783003406], [77.17581656218387, 28.53182207173327], [77.17581811886082, 28.531808332648442], [77.17587874195866, 28.531795270964594], [77.17589858547835, 28.53179639652542], [77.175915075091, 28.53180335021033], [77.17591674553722, 28.531824977337067], [77.17590915763405, 28.531833580060557], [77.17588370546794, 28.53184788257027], [77.1758584319967, 28.53185099436334]]]}, "properties": {"node": "acacia", "role": "positive", "name": "acacia", "ts": "2026-07-14T16:25:16.431489+00:00"}}, {"type": "Feature", "geometry": {"type": "Polygon", "coordinates": [[[77.17650145161156, 28.532207901238237], [77.17648998668344, 28.53220682189608], [77.1764798329686, 28.532199947160503], [77.17647811386797, 28.532185899689267], [77.1765003867421, 28.53217597881664], [77.17652147447814, 28.532177986581907], [77.17652733857999, 28.532184930084945], [77.17652416268754, 28.532199416929423], [77.17651225924025, 28.53220682572773], [77.17650145161156, 28.532207901238237]]]}, "properties": {"node": "acacia", "role": "positive", "name": "acacia", "ts": "2026-07-14T16:25:16.431527+00:00"}}, {"type": "Feature", "geometry": {"type": "Polygon", "coordinates": [[[77.17658381267368, 28.53242727008328], [77.17657058008184, 28.532419722920988], [77.17656806985055, 28.532406951279224], [77.17657803911672, 28.53237503240666], [77.1765888133866, 28.532372333382316], [77.17660261767438, 28.532387811137887], [77.17660794655548, 28.532408477349325], [77.17660147271917, 28.532421573476622], [77.17658381267368, 28.53242727008328]]]}, "properties": {"node": "acacia", "role": "positive", "name": "acacia", "ts": "2026-07-14T16:25:16.431565+00:00"}}, {"type": "Feature", "geometry": {"type": "Polygon", "coordinates": [[[77.17637671514383, 28.532422109081597], [77.17636644242835, 28.532419386575622], [77.17635927114218, 28.53240849414042], [77.17635675418812, 28.53237551230013], [77.17637085640696, 28.532365722427944], [77.17638883566966, 28.532365614654257], [77.17641902954803, 28.53238317552702], [77.17641957865956, 28.532399948491843], [77.17640418005412, 28.53241625531966], [77.17637671514383, 28.532422109081597]]]}, "properties": {"node": "acacia", "role": "positive", "name": "acacia", "ts": "2026-07-14T16:25:16.431606+00:00"}}, {"type": "Feature", "geometry": {"type": "Polygon", "coordinates": [[[77.17656829382015, 28.53202024524692], [77.17655619417971, 28.53200816868936], [77.17655394787874, 28.5319883552994], [77.176576621822, 28.53197806708769], [77.17659874568636, 28.53198078002752], [77.17660592438075, 28.531992033230267], [77.17660368454807, 28.532002354739483], [77.17658273002742, 28.532016765719234], [77.17656829382015, 28.53202024524692]]]}, "properties": {"node": "acacia", "role": "positive", "name": "acacia", "ts": "2026-07-14T16:25:16.431647+00:00"}}, {"type": "Feature", "geometry": {"type": "Polygon", "coordinates": [[[77.17656289196823, 28.53266200887408], [77.17653393440384, 28.53265489426518], [77.17652619477747, 28.53264617634132], [77.176525344647, 28.53263464122806], [77.17655921331084, 28.532602339199105], [77.17658052054553, 28.532595140528628], [77.17659293608844, 28.53260270078825], [77.17660165595615, 28.532619342752803], [77.17660233118424, 28.532642248962564], [77.17658770885699, 28.532656558425174], [77.17656289196823, 28.53266200887408]]]}, "properties": {"node": "acacia", "role": "positive", "name": "acacia", "ts": "2026-07-14T16:25:16.431687+00:00"}}, {"type": "Feature", "geometry": {"type": "Polygon", "coordinates": [[[77.1765026708803, 28.532635004732374], [77.17648745862367, 28.532630556935395], [77.17648359670984, 28.532611671692415], [77.1764908060642, 28.53259459389809], [77.17650800940034, 28.532586558785948], [77.17651799596958, 28.532595240688288], [77.17652433135547, 28.53261516897004], [77.1765186745703, 28.532628251994968], [77.1765026708803, 28.532635004732374]]]}, "properties": {"node": "acacia", "role": "positive", "name": "acacia", "ts": "2026-07-14T16:25:16.431726+00:00"}}, {"type": "Feature", "geometry": {"type": "Polygon", "coordinates": [[[77.17613758254635, 28.532270034316028], [77.17612659694628, 28.53226245109115], [77.17612541283607, 28.53224460560656], [77.17614270919053, 28.532231155576476], [77.17615230976018, 28.53223100168812], [77.17616335838669, 28.532241651536037], [77.17616401532685, 28.53225373109786], [77.17615365294455, 28.53226652863781], [77.17613758254635, 28.532270034316028]]]}, "properties": {"node": "acacia", "role": "positive", "name": "acacia", "ts": "2026-07-14T16:25:16.431764+00:00"}}, {"type": "Feature", "geometry": {"type": "Polygon", "coordinates": [[[77.17636011692514, 28.532549050444107], [77.17634652399853, 28.532543854874977], [77.17633285725076, 28.532525126804003], [77.17633451801963, 28.5325065139218], [77.17635409470434, 28.53249465135162], [77.17636597561493, 28.532496084933783], [77.17637615530832, 28.532504222404174], [77.17638556209683, 28.532524462354807], [77.17638097484155, 28.532539874067506], [77.17637112885868, 28.532547971668343], [77.17636011692514, 28.532549050444107]]]}, "properties": {"node": "acacia", "role": "positive", "name": "acacia", "ts": "2026-07-14T16:25:16.431801+00:00"}}, {"type": "Feature", "geometry": {"type": "Polygon", "coordinates": [[[77.17648256675106, 28.53322756097934], [77.17646429407674, 28.53322334269675], [77.17645639463993, 28.533216792722065], [77.17645347956626, 28.53320420801908], [77.1764587686371, 28.533193115831466], [77.17647459410045, 28.533187629097327], [77.17650663099627, 28.53318549144127], [77.17652939388013, 28.5331894572812], [77.17653083457762, 28.53319990023077], [77.1765187709403, 28.533219401690257], [77.17650520727044, 28.533225573964756], [77.17648256675106, 28.53322756097934]]]}, "properties": {"node": "acacia", "role": "positive", "name": "acacia", "ts": "2026-07-14T16:25:16.431847+00:00"}}, {"type": "Feature", "geometry": {"type": "Polygon", "coordinates": [[[77.17648613653748, 28.533440975021485], [77.17647421843645, 28.533437737559506], [77.17646042514353, 28.533422800968445], [77.17646172185232, 28.533406359312732], [77.17647396351518, 28.533395516559732], [77.17649749160651, 28.533396943848263], [77.17651067209177, 28.533411890260187], [77.17650724708975, 28.53343414040799], [77.17648613653748, 28.533440975021485]]]}, "properties": {"node": "acacia", "role": "positive", "name": "acacia", "ts": "2026-07-14T16:25:16.431885+00:00"}}, {"type": "Feature", "geometry": {"type": "Polygon", "coordinates": [[[77.17603805562652, 28.53382024399203], [77.17602026220193, 28.53380952180338], [77.17601592097242, 28.53379714039909], [77.17602143663127, 28.533787127289237], [77.17604339402847, 28.53378172276353], [77.17605290169652, 28.533786983839175], [77.17605638100407, 28.533807138369465], [77.1760504530991, 28.5338169776394], [77.17603805562652, 28.53382024399203]]]}, "properties": {"node": "acacia", "role": "positive", "name": "acacia", "ts": "2026-07-14T16:25:16.431922+00:00"}}, {"type": "Feature", "geometry": {"type": "Polygon", "coordinates": [[[77.17669793241403, 28.53227314138647], [77.1766755485929, 28.532267725896745], [77.17666281385802, 28.53225457683848], [77.17666109844025, 28.532240709760682], [77.1766694446523, 28.532209358251897], [77.17669044029293, 28.532187006838317], [77.17671653829449, 28.532184242566352], [77.17674172992196, 28.532187086743786], [77.17675789240164, 28.5322079401469], [77.17675846351818, 28.53223572015077], [77.17675308521792, 28.532252407701034], [77.17673398391301, 28.532267510787555], [77.17669793241403, 28.53227314138647]]]}, "properties": {"node": "acacia", "role": "positive", "name": "acacia", "ts": "2026-07-14T16:25:16.431959+00:00"}}, {"type": "Feature", "geometry": {"type": "Polygon", "coordinates": [[[77.1767960493147, 28.532592948055697], [77.17678165783502, 28.53258866758071], [77.17677158624133, 28.532565912033], [77.17678053723976, 28.532554039323422], [77.17680393163121, 28.532548972542553], [77.17682360782352, 28.532561829835483], [77.17682709092865, 28.5325821647332], [77.17681094604742, 28.532591987404366], [77.1767960493147, 28.532592948055697]]]}, "properties": {"node": "acacia", "role": "positive", "name": "acacia", "ts": "2026-07-14T16:25:16.432001+00:00"}}, {"type": "Feature", "geometry": {"type": "Polygon", "coordinates": [[[77.17679324882653, 28.53272508168861], [77.17677861226503, 28.532718820203783], [77.17676627887231, 28.532695379125613], [77.1767688051435, 28.532669173502402], [77.17678230567991, 28.53265993458224], [77.17681082876138, 28.53266579296035], [77.17682578426815, 28.532687567948958], [77.17682563534322, 28.53270020177257], [77.17681812163423, 28.532712412337574], [77.17680586153944, 28.53272235316833], [77.17679324882653, 28.53272508168861]]]}, "properties": {"node": "acacia", "role": "positive", "name": "acacia", "ts": "2026-07-14T16:25:16.432048+00:00"}}, {"type": "Feature", "geometry": {"type": "Polygon", "coordinates": [[[77.17657051195745, 28.53210826885248], [77.17656130510308, 28.532107694661473], [77.17655988667416, 28.532098334048], [77.17654899779502, 28.53208551628275], [77.17654617979942, 28.53205777229723], [77.1765608020555, 28.53204346284212], [77.17658324547013, 28.532041839882204], [77.17660037360716, 28.532059971088223], [77.17660255317051, 28.53207653746283], [77.17658710240894, 28.532100243558936], [77.17657051195745, 28.53210826885248]]]}, "properties": {"node": "acacia", "role": "positive", "name": "acacia", "ts": "2026-07-14T16:25:16.432087+00:00"}}, {"type": "Feature", "geometry": {"type": "Polygon", "coordinates": [[[77.17674640357778, 28.532633081967578], [77.17673732677403, 28.5326288967234], [77.17672187775928, 28.532593054607425], [77.17672781696245, 28.532573831777764], [77.17674558857628, 28.532563622135715], [77.17676371992181, 28.53257091028522], [77.1767714623891, 28.532609582698036], [77.17675985560558, 28.532631422689157], [77.17674640357778, 28.532633081967578]]]}, "properties": {"node": "acacia", "role": "positive", "name": "acacia", "ts": "2026-07-14T16:25:16.432126+00:00"}}, {"type": "Feature", "geometry": {"type": "Polygon", "coordinates": [[[77.17666707944413, 28.532919282912857], [77.17665372440321, 28.53290578290509], [77.17664883088743, 28.53285659876174], [77.17666152550912, 28.53284791412101], [77.17669487320336, 28.532849905737287], [77.17670867015596, 28.53286502269757], [77.17670767388026, 28.532896075913953], [77.17669650556007, 28.532909427763496], [77.17666707944413, 28.532919282912857]]]}, "properties": {"node": "acacia", "role": "positive", "name": "acacia", "ts": "2026-07-14T16:25:16.432166+00:00"}}, {"type": "Feature", "geometry": {"type": "Polygon", "coordinates": [[[77.17664232797284, 28.532848402364724], [77.17662385109163, 28.5328441873752], [77.17661624154378, 28.532831858390132], [77.17662154231866, 28.53280145795648], [77.17662982121267, 28.53278670884603], [77.17664048056066, 28.532778417736832], [77.17665794751683, 28.532773265564], [77.17670392645225, 28.532773430619343], [77.17671688065896, 28.532777373247956], [77.17672301212322, 28.532787380087946], [77.17672447849499, 28.532809010467133], [77.17671515201333, 28.532832437935504], [77.17669191702169, 28.532845261458473], [77.17664232797284, 28.532848402364724]]]}, "properties": {"node": "acacia", "role": "positive", "name": "acacia", "ts": "2026-07-14T16:25:16.432206+00:00"}}, {"type": "Feature", "geometry": {"type": "Polygon", "coordinates": [[[77.17686496250353, 28.53309240882039], [77.17684851713574, 28.533087619941707], [77.17683959291762, 28.533070981273656], [77.17685099146533, 28.533058888864538], [77.1768703154194, 28.533054609132304], [77.17688587666723, 28.5330660888008], [77.17688618821464, 28.53308124152699], [77.17687999681408, 28.53308819786959], [77.17686496250353, 28.53309240882039]]]}, "properties": {"node": "acacia", "role": "positive", "name": "acacia", "ts": "2026-07-14T16:25:16.432244+00:00"}}, {"type": "Feature", "geometry": {"type": "Polygon", "coordinates": [[[77.17684056292906, 28.53317779156999], [77.17682459313023, 28.53316631844777], [77.17682415149748, 28.533154776788532], [77.17683086299246, 28.533143300882053], [77.17684600885983, 28.53313457691921], [77.17687062128982, 28.533139054392315], [77.17687370729925, 28.533150012302066], [77.17687017482118, 28.53316703115691], [77.17684056292906, 28.53317779156999]]]}, "properties": {"node": "acacia", "role": "positive", "name": "acacia", "ts": "2026-07-14T16:25:16.432280+00:00"}}, {"type": "Feature", "geometry": {"type": "Polygon", "coordinates": [[[77.17679716799226, 28.533203930699948], [77.17678378293886, 28.533198912295145], [77.17677036850654, 28.53318252606837], [77.17677340345362, 28.533161184415174], [77.1767813776567, 28.533151492755362], [77.17681085546013, 28.53315408773661], [77.17682128773579, 28.533164566957083], [77.17681779205162, 28.533193314410514], [77.17680897851953, 28.533201936836058], [77.17679716799226, 28.533203930699948]]]}, "properties": {"node": "acacia", "role": "positive", "name": "acacia", "ts": "2026-07-14T16:25:16.432316+00:00"}}, {"type": "Feature", "geometry": {"type": "Polygon", "coordinates": [[[77.1767347861546, 28.5330122113146], [77.17671822954628, 28.5330020107305], [77.17672145764429, 28.532980124633628], [77.17673362506018, 28.532965674068336], [77.17675384766889, 28.53296534982416], [77.17676240812214, 28.532974235021094], [77.17675736386525, 28.53299723293314], [77.1767496161913, 28.53300800365372], [77.1767347861546, 28.5330122113146]]]}, "properties": {"node": "acacia", "role": "positive", "name": "acacia", "ts": "2026-07-14T16:25:16.432355+00:00"}}, {"type": "Feature", "geometry": {"type": "Polygon", "coordinates": [[[77.17666042547044, 28.53299319327334], [77.17664069328227, 28.53298755482101], [77.17663108583848, 28.532967498558907], [77.17663516039283, 28.532956967184752], [77.17664500639005, 28.53294886956423], [77.17666739436591, 28.532944540735794], [77.17668704836866, 28.532956315706986], [77.17669038282553, 28.5329793597273], [77.17667265934962, 28.532991914430763], [77.17666042547044, 28.53299319327334]]]}, "properties": {"node": "acacia", "role": "positive", "name": "acacia", "ts": "2026-07-14T16:25:16.432392+00:00"}}, {"type": "Feature", "geometry": {"type": "Polygon", "coordinates": [[[77.1766888094716, 28.533429605405615], [77.17667538359875, 28.5334226027058], [77.17666722824217, 28.533403605861686], [77.17666946808872, 28.533393284352123], [77.17668643759689, 28.533383809370125], [77.1767059173805, 28.53338710602158], [77.17671543216528, 28.533402652534157], [77.17671309931318, 28.533418389007696], [77.1766888094716, 28.533429605405615]]]}, "properties": {"node": "acacia", "role": "positive", "name": "acacia", "ts": "2026-07-14T16:25:16.432431+00:00"}}, {"type": "Feature", "geometry": {"type": "Polygon", "coordinates": [[[77.17674101378987, 28.533414512900592], [77.17672711262044, 28.533404269743514], [77.17672472501759, 28.53338752626207], [77.1767320678888, 28.533376942481862], [77.17675097594952, 28.53337230853461], [77.17676240733809, 28.53338168904458], [77.17676380697726, 28.533400072407836], [77.17675666837754, 28.533410652914384], [77.17674101378987, 28.533414512900592]]]}, "properties": {"node": "acacia", "role": "positive", "name": "acacia", "ts": "2026-07-14T16:25:16.432467+00:00"}}, {"type": "Feature", "geometry": {"type": "Polygon", "coordinates": [[[77.17672384938489, 28.533484080554988], [77.17670926093142, 28.53348016413371], [77.17669832366882, 28.533465001326665], [77.17670084254472, 28.533438434926346], [77.17670759486448, 28.533428943310412], [77.17671955776709, 28.533424420723193], [77.17673889262855, 28.53343060687834], [77.17675213590951, 28.53345854459137], [77.17674694328568, 28.53347432691875], [77.17672384938489, 28.533484080554988]]]}, "properties": {"node": "acacia", "role": "positive", "name": "acacia", "ts": "2026-07-14T16:25:16.432507+00:00"}}, {"type": "Feature", "geometry": {"type": "Polygon", "coordinates": [[[77.17672084176293, 28.53320858304298], [77.17671055783678, 28.533205319399144], [77.17670116545631, 28.533195725742143], [77.17670050873795, 28.533173721484047], [77.17671586630767, 28.53316535503903], [77.17674753915372, 28.533165388552415], [77.17675409031024, 28.533175930007474], [77.17675209895728, 28.53319833762195], [77.17672084176293, 28.53320858304298]]]}, "properties": {"node": "acacia", "role": "positive", "name": "acacia", "ts": "2026-07-14T16:25:16.432547+00:00"}}, {"type": "Feature", "geometry": {"type": "Polygon", "coordinates": [[[77.17667446209681, 28.533685892676676], [77.17665127201782, 28.533681031469676], [77.17663296988971, 28.533665445394035], [77.176624532069, 28.533652588345642], [77.17662428359677, 28.53364050224152], [77.17664303965816, 28.53362847233255], [77.17670366707117, 28.53362551532521], [77.17671174857249, 28.533630979669788], [77.17671877134572, 28.533644581197322], [77.17671631210388, 28.533664109127546], [77.17669585112614, 28.533682662549005], [77.17667446209681, 28.533685892676676]]]}, "properties": {"node": "acacia", "role": "positive", "name": "acacia", "ts": "2026-07-14T16:25:16.432590+00:00"}}, {"type": "Feature", "geometry": {"type": "Polygon", "coordinates": [[[77.17673770489803, 28.533531857850264], [77.17672270418903, 28.533527767591732], [77.1767096275023, 28.53351787211206], [77.17670966517551, 28.53349982660095], [77.17671684458091, 28.533491230382097], [77.17673729781177, 28.53348224088348], [77.17675892073748, 28.533480450589703], [77.17676265693326, 28.533483277868413], [77.17676292338683, 28.533516115326353], [77.17675052568606, 28.53352930644447], [77.17673770489803, 28.533531857850264]]]}, "properties": {"node": "acacia", "role": "positive", "name": "acacia", "ts": "2026-07-14T16:25:16.432636+00:00"}}, {"type": "Feature", "geometry": {"type": "Polygon", "coordinates": [[[77.17688385771288, 28.532232446429948], [77.17687130468636, 28.53222813648383], [77.17686453819032, 28.532217057136933], [77.17686370343958, 28.53218639417627], [77.17687047050703, 28.53217762411423], [77.17687941005175, 28.532175134935567], [77.17691094879876, 28.53217859910502], [77.17691808303431, 28.532187687612993], [77.17691915601178, 28.53220012139506], [77.17689805999825, 28.53222752702618], [77.17688385771288, 28.532232446429948]]]}, "properties": {"node": "acacia", "role": "positive", "name": "acacia", "ts": "2026-07-14T16:25:16.432678+00:00"}}, {"type": "Feature", "geometry": {"type": "Polygon", "coordinates": [[[77.17688089241895, 28.53241619114699], [77.17683850544931, 28.5324018935225], [77.17682970026571, 28.532381102612415], [77.17683309522195, 28.53236733404635], [77.17687370738784, 28.532364878366263], [77.1768975767431, 28.532372976738245], [77.17690604044469, 28.532387096502948], [77.17690433898015, 28.53240372510113], [77.17689453384882, 28.532413807022987], [77.17688089241895, 28.53241619114699]]]}, "properties": {"node": "acacia", "role": "positive", "name": "acacia", "ts": "2026-07-14T16:25:16.432716+00:00"}}, {"type": "Feature", "geometry": {"type": "Polygon", "coordinates": [[[77.17691147774427, 28.53225401834187], [77.17689826369778, 28.532247373159535], [77.17689487702296, 28.53223172839295], [77.17690586323688, 28.532219462144177], [77.17691827903714, 28.53221709767128], [77.17692737806377, 28.532222365242816], [77.17693139608919, 28.532238902130246], [77.1769252863316, 28.532249827044378], [77.17691147774427, 28.53225401834187]]]}, "properties": {"node": "acacia", "role": "positive", "name": "acacia", "ts": "2026-07-14T16:25:16.432753+00:00"}}, {"type": "Feature", "geometry": {"type": "Polygon", "coordinates": [[[77.17680523231874, 28.53176742665596], [77.17679135362228, 28.531758265829573], [77.1767901360352, 28.53173879684855], [77.17680115559158, 28.531728154116347], [77.17681787576612, 28.531726442435836], [77.17682642499119, 28.531734786466483], [77.17682622384561, 28.531754819542087], [77.1768196573568, 28.531763405936324], [77.17680523231874, 28.53176742665596]]]}, "properties": {"node": "acacia", "role": "positive", "name": "acacia", "ts": "2026-07-14T16:25:16.432792+00:00"}}, {"type": "Feature", "geometry": {"type": "Polygon", "coordinates": [[[77.17697328707328, 28.53245765648852], [77.1769635232952, 28.532449873293412], [77.17696706371255, 28.5324133658083], [77.17697613707173, 28.532407445944415], [77.17699883674548, 28.53240834509092], [77.17700681032986, 28.53241850282821], [77.1770076342738, 28.532438699912355], [77.17699053114573, 28.532451605603878], [77.17697328707328, 28.53245765648852]]]}, "properties": {"node": "acacia", "role": "positive", "name": "acacia", "ts": "2026-07-14T16:25:16.432832+00:00"}}, {"type": "Feature", "geometry": {"type": "Polygon", "coordinates": [[[77.17693986181216, 28.53271027982714], [77.17691524234262, 28.53269551687822], [77.17691289210256, 28.532670652591573], [77.17693095727255, 28.532654844296925], [77.17696898452868, 28.53265585856565], [77.17698264425826, 28.53266430108263], [77.17698313384646, 28.53268811250936], [77.1769618374773, 28.532705777114707], [77.17693986181216, 28.53271027982714]]]}, "properties": {"node": "acacia", "role": "positive", "name": "acacia", "ts": "2026-07-14T16:25:16.432871+00:00"}}, {"type": "Feature", "geometry": {"type": "Polygon", "coordinates": [[[77.17699448785939, 28.533081309407105], [77.1769754542975, 28.53305996073346], [77.17697669556102, 28.53303088852992], [77.1769990059152, 28.533012846762524], [77.17703409166882, 28.533019862995832], [77.17703930595518, 28.53302501240267], [77.17704064257757, 28.533040329138746], [77.17702834484521, 28.53306831549943], [77.17701487395533, 28.53307899756188], [77.17699448785939, 28.533081309407105]]]}, "properties": {"node": "acacia", "role": "positive", "name": "acacia", "ts": "2026-07-14T16:25:16.432911+00:00"}}, {"type": "Feature", "geometry": {"type": "Polygon", "coordinates": [[[77.17700233744861, 28.533284188725073], [77.17697606486217, 28.53327847475565], [77.176958375571, 28.533262878895137], [77.17695395347833, 28.533216754845668], [77.17697227121637, 28.53320328833101], [77.17702272199915, 28.533202298868186], [77.17702957415742, 28.533207602459264], [77.17704196702141, 28.53323392973862], [77.17704514207246, 28.533249216993], [77.17704054005401, 28.533263907164653], [77.17702324366205, 28.53327735731029], [77.17700233744861, 28.533284188725073]]]}, "properties": {"node": "acacia", "role": "positive", "name": "acacia", "ts": "2026-07-14T16:25:16.432950+00:00"}}, {"type": "Feature", "geometry": {"type": "Polygon", "coordinates": [[[77.1768393083328, 28.533544123290042], [77.17682180816523, 28.533537727282823], [77.17681817637975, 28.533520101508557], [77.17682633261992, 28.5335093242324], [77.1768428042968, 28.533505451134204], [77.17685498973592, 28.533511751910353], [77.1768600847963, 28.53353097826165], [77.17685232968012, 28.5335413882097], [77.1768393083328, 28.533544123290042]]]}, "properties": {"node": "acacia", "role": "positive", "name": "acacia", "ts": "2026-07-14T16:25:16.432991+00:00"}}, {"type": "Feature", "geometry": {"type": "Polygon", "coordinates": [[[77.17634700889306, 28.533372649850314], [77.17632248203772, 28.53336239654047], [77.17632205932792, 28.53334183211948], [77.17633151167732, 28.5333344626267], [77.1763598161504, 28.533329678100927], [77.17637001076024, 28.53333853712513], [77.17636999898369, 28.533357845367256], [77.17636184270572, 28.5333686226181], [77.17634700889306, 28.533372649850314]]]}, "properties": {"node": "acacia", "role": "positive", "name": "acacia", "ts": "2026-07-14T16:25:16.433031+00:00"}}, {"type": "Feature", "geometry": {"type": "Polygon", "coordinates": [[[77.1769030040082, 28.5337897757941], [77.17689599205409, 28.533786640149195], [77.17689231175333, 28.533776594016427], [77.17690057982192, 28.53375137901829], [77.17691353072046, 28.53374521652889], [77.176932186077, 28.533748165466665], [77.1769397697701, 28.533759231699868], [77.17693994382766, 28.533777634711846], [77.17692846732827, 28.533785938949865], [77.1769030040082, 28.5337897757941]]]}, "properties": {"node": "acacia", "role": "positive", "name": "acacia", "ts": "2026-07-14T16:25:16.433070+00:00"}}, {"type": "Feature", "geometry": {"type": "Polygon", "coordinates": [[[77.17659982383356, 28.533255816070124], [77.17655811981845, 28.533244935953892], [77.1765526419396, 28.533236903568834], [77.17655340030278, 28.533214154825412], [77.17654534944124, 28.533180359471416], [77.17654880007842, 28.533169296755087], [77.17656372316382, 28.53315967414907], [77.17662566493202, 28.533161026892312], [77.1766369887399, 28.53316517611584], [77.17664460202528, 28.533177685487367], [77.17664546270007, 28.53320961117563], [77.17664008033276, 28.533236043037544], [77.17662180333716, 28.533251493795767], [77.17659982383356, 28.533255816070124]]]}, "properties": {"node": "acacia", "role": "positive", "name": "acacia", "ts": "2026-07-14T16:25:16.433111+00:00"}}, {"type": "Feature", "geometry": {"type": "Polygon", "coordinates": [[[77.17707049982639, 28.532047741364092], [77.17705755311812, 28.532044159543908], [77.17705043000872, 28.532035612212038], [77.17704934616302, 28.53201271255878], [77.1770752104372, 28.531998583675566], [77.17709935101801, 28.532000001049695], [77.17710509247883, 28.53201091637322], [77.17710085055992, 28.532033179633554], [77.17708780688166, 28.532044757093903], [77.17707049982639, 28.532047741364092]]]}, "properties": {"node": "acacia", "role": "positive", "name": "acacia", "ts": "2026-07-14T16:25:16.433149+00:00"}}, {"type": "Feature", "geometry": {"type": "Polygon", "coordinates": [[[77.1769554902642, 28.531780896892162], [77.17693679817006, 28.531776144041697], [77.17692937439506, 28.531762909846698], [77.17693019916236, 28.531753332819726], [77.17695270583755, 28.53174485172118], [77.17697501908914, 28.531746839768], [77.1769827438443, 28.531754836110416], [77.17698166261216, 28.531771815662754], [77.17697178336606, 28.53177828979505], [77.1769554902642, 28.531780896892162]]]}, "properties": {"node": "acacia", "role": "positive", "name": "acacia", "ts": "2026-07-14T16:25:16.433189+00:00"}}, {"type": "Feature", "geometry": {"type": "Polygon", "coordinates": [[[77.17722743248193, 28.532047931464955], [77.17721702625116, 28.532038714997405], [77.17721773229505, 28.532023365503605], [77.17722711769868, 28.53201274894439], [77.1772475666418, 28.532013503698256], [77.17725411776712, 28.532024045132005], [77.17725057795714, 28.53204070321482], [77.17724293080381, 28.53204641977429], [77.17722743248193, 28.532047931464955]]]}, "properties": {"node": "acacia", "role": "positive", "name": "acacia", "ts": "2026-07-14T16:25:16.433228+00:00"}}, {"type": "Feature", "geometry": {"type": "Polygon", "coordinates": [[[77.176950509882, 28.532174716665818], [77.17693386780708, 28.532170291843972], [77.17692529999229, 28.53216104587489], [77.17692200289343, 28.532129881050963], [77.17693622027977, 28.53211575849812], [77.17696517799355, 28.532112948324066], [77.17698179753003, 28.53212621550894], [77.17698240236021, 28.532145694311446], [77.17696739730115, 28.532171197791723], [77.176950509882, 28.532174716665818]]]}, "properties": {"node": "acacia", "role": "positive", "name": "acacia", "ts": "2026-07-14T16:25:16.433267+00:00"}}, {"type": "Feature", "geometry": {"type": "Polygon", "coordinates": [[[77.17706045461307, 28.532284651637724], [77.17704600011363, 28.53227730456571], [77.17703886242252, 28.532258110972307], [77.17704716718266, 28.53224462456797], [77.17706773142075, 28.532241046720607], [77.17708182930919, 28.532250925796134], [77.17708287978594, 28.532272201941506], [77.17707164110286, 28.532282126414582], [77.17706045461307, 28.532284651637724]]]}, "properties": {"node": "acacia", "role": "positive", "name": "acacia", "ts": "2026-07-14T16:25:16.433306+00:00"}}, {"type": "Feature", "geometry": {"type": "Polygon", "coordinates": [[[77.17721462946224, 28.532965539809467], [77.17719903456124, 28.532962361375436], [77.17718760689384, 28.532953161290916], [77.17718694982725, 28.532941081741804], [77.17719226106435, 28.53293107186749], [77.17722481075603, 28.532914128999277], [77.17724477714691, 28.532911282504617], [77.17726507392874, 28.532914565976032], [77.17726630646963, 28.53293475650239], [77.17726179005713, 28.532943670938003], [77.17723946121713, 28.53296081079776], [77.17721462946224, 28.532965539809467]]]}, "properties": {"node": "acacia", "role": "positive", "name": "acacia", "ts": "2026-07-14T16:25:16.433347+00:00"}}, {"type": "Feature", "geometry": {"type": "Polygon", "coordinates": [[[77.17709222734793, 28.533273363891094], [77.17707664353138, 28.533270726614102], [77.1770623449408, 28.533261031212067], [77.17705572698289, 28.533247242761668], [77.17705491043112, 28.53322740646004], [77.17706484225376, 28.533203608365532], [77.17707842443056, 28.533198337984857], [77.17710190796728, 28.533197600495722], [77.17711117055677, 28.533200880488142], [77.17712270581659, 28.533215311875086], [77.17712794928029, 28.533241753797796], [77.17710927840083, 28.53326785742961], [77.17709222734793, 28.533273363891094]]]}, "properties": {"node": "acacia", "role": "positive", "name": "acacia", "ts": "2026-07-14T16:25:16.433389+00:00"}}, {"type": "Feature", "geometry": {"type": "Polygon", "coordinates": [[[77.17713639326871, 28.533304595101804], [77.17711705495867, 28.533288303911846], [77.17711601928798, 28.533267749328864], [77.17712876610163, 28.533251665396403], [77.17715185594817, 28.533251656007867], [77.17716357694161, 28.53326518216699], [77.1771651883354, 28.53328392302595], [77.17715306175084, 28.533300357913255], [77.17713639326871, 28.533304595101804]]]}, "properties": {"node": "acacia", "role": "positive", "name": "acacia", "ts": "2026-07-14T16:25:16.433427+00:00"}}, {"type": "Feature", "geometry": {"type": "Polygon", "coordinates": [[[77.17709590594116, 28.533492009146105], [77.1770862496237, 28.533489457263915], [77.1770740644342, 28.533473231807363], [77.1770547594837, 28.533458564116145], [77.17705700352433, 28.53342857358799], [77.17706330276008, 28.533416923832725], [77.17707765753066, 28.533409475673096], [77.17712319851934, 28.533408204006246], [77.17713187799448, 28.533412936940017], [77.17713264929, 28.533460382669674], [77.1771144240099, 28.533488283647372], [77.17709590594116, 28.533492009146105]]]}, "properties": {"node": "acacia", "role": "positive", "name": "acacia", "ts": "2026-07-14T16:25:16.433465+00:00"}}, {"type": "Feature", "geometry": {"type": "Polygon", "coordinates": [[[77.17722796732086, 28.533524717939308], [77.1771907793386, 28.533514848292896], [77.177177973653, 28.53350819659664], [77.17716873725057, 28.533496254636106], [77.1771743240127, 28.533459894783444], [77.1771929575629, 28.533441911948106], [77.17724338619414, 28.5334398400599], [77.17725787425655, 28.533448810606206], [77.17726420266406, 28.533458453360808], [77.17726784169828, 28.533486364599224], [77.1772636890484, 28.53350303250972], [77.177249549436, 28.533520943282355], [77.17722796732086, 28.533524717939308]]]}, "properties": {"node": "acacia", "role": "positive", "name": "acacia", "ts": "2026-07-14T16:25:16.433504+00:00"}}, {"type": "Feature", "geometry": {"type": "Polygon", "coordinates": [[[77.17720155840824, 28.533621681704975], [77.17718890133614, 28.533612320891432], [77.17718914690592, 28.533594452498487], [77.17719963539966, 28.533587788126084], [77.17722069003868, 28.53358817226035], [77.17722803238267, 28.533597437857217], [77.17722748610092, 28.533610619397763], [77.17720155840824, 28.533621681704975]]]}, "properties": {"node": "acacia", "role": "positive", "name": "acacia", "ts": "2026-07-14T16:25:16.433542+00:00"}}, {"type": "Feature", "geometry": {"type": "Polygon", "coordinates": [[[77.17734826604864, 28.533263663783643], [77.17733147910833, 28.53325220382946], [77.17732755766032, 28.53323043238891], [77.17733342258568, 28.533207601747655], [77.17735250146619, 28.533201340937588], [77.17737007208913, 28.533211164279102], [77.17737480320213, 28.533232561834296], [77.17736187418501, 28.53325965610173], [77.17734826604864, 28.533263663783643]]]}, "properties": {"node": "acacia", "role": "positive", "name": "acacia", "ts": "2026-07-14T16:25:16.433585+00:00"}}, {"type": "Feature", "geometry": {"type": "Polygon", "coordinates": [[[77.17717788908465, 28.53288799457787], [77.17715003462902, 28.53287490759546], [77.17714943372013, 28.532845684484876], [77.17718609076634, 28.532839683150446], [77.17720576730882, 28.53284261568001], [77.17721222204233, 28.532848466983342], [77.17721016401863, 28.532867627587763], [77.17719393727585, 28.5328834064361], [77.17717788908465, 28.53288799457787]]]}, "properties": {"node": "acacia", "role": "positive", "name": "acacia", "ts": "2026-07-14T16:25:16.433623+00:00"}}, {"type": "Feature", "geometry": {"type": "Polygon", "coordinates": [[[77.17680581607866, 28.533654373352732], [77.17678887678086, 28.533645442061868], [77.17678861402494, 28.533612784994606], [77.17680420615669, 28.53358600897244], [77.17682953192299, 28.533585422437135], [77.1768424599925, 28.533598027023338], [77.17684447218116, 28.53362632526083], [77.176829596995, 28.53364821766677], [77.17680581607866, 28.533654373352732]]]}, "properties": {"node": "acacia", "role": "positive", "name": "acacia", "ts": "2026-07-14T16:25:16.433661+00:00"}}, {"type": "Feature", "geometry": {"type": "Polygon", "coordinates": [[[77.17738628660695, 28.53356241893122], [77.17735536024595, 28.53355894506771], [77.17734284808299, 28.53354669476013], [77.17734489472434, 28.533536917687783], [77.17736002599247, 28.5335175474089], [77.17738002981952, 28.53350658008368], [77.17739086724471, 28.533506947612832], [77.17739916416845, 28.533512949807474], [77.17740651719575, 28.53354260596278], [77.1774002958992, 28.533558043912112], [77.17738628660695, 28.53356241893122]]]}, "properties": {"node": "acacia", "role": "positive", "name": "acacia", "ts": "2026-07-14T16:25:16.433699+00:00"}}, {"type": "Feature", "geometry": {"type": "Polygon", "coordinates": [[[77.1773138408889, 28.532811830152745], [77.17729708741311, 28.53280199369548], [77.1772933702636, 28.532780218975297], [77.17730437131985, 28.532768674252807], [77.17731963579983, 28.532765722707424], [77.17733595476756, 28.532774302987413], [77.17734575917045, 28.53279399513863], [77.17733114805863, 28.532808845845388], [77.1773138408889, 28.532811830152745]]]}, "properties": {"node": "acacia", "role": "positive", "name": "acacia", "ts": "2026-07-14T16:25:16.433736+00:00"}}, {"type": "Feature", "geometry": {"type": "Polygon", "coordinates": [[[77.17760675702509, 28.533552025630993], [77.17758540908234, 28.533547315484828], [77.17756734451086, 28.533533349770185], [77.17758526872932, 28.533510686586492], [77.17759703474866, 28.533506527979014], [77.17761665948075, 28.533506934988363], [77.17762959133877, 28.533519719884605], [77.17762478120649, 28.533544157657722], [77.17760675702509, 28.533552025630993]]]}, "properties": {"node": "acacia", "role": "positive", "name": "acacia", "ts": "2026-07-14T16:25:16.433775+00:00"}}, {"type": "Feature", "geometry": {"type": "Polygon", "coordinates": [[[77.17764940222916, 28.53367819723328], [77.17763618795725, 28.533671552136322], [77.17763116324417, 28.533655753222952], [77.17763852108439, 28.533635966257286], [77.17765047283342, 28.533630902420533], [77.17767357368542, 28.533641358805664], [77.17767978692036, 28.53365533416229], [77.17766792401558, 28.53367465204787], [77.17764940222916, 28.53367819723328]]]}, "properties": {"node": "acacia", "role": "positive", "name": "acacia", "ts": "2026-07-14T16:25:16.433815+00:00"}}, {"type": "Feature", "geometry": {"type": "Polygon", "coordinates": [[[77.17749738974955, 28.53360935817054], [77.17748053944669, 28.533604756317047], [77.17746735880507, 28.533589810008507], [77.17746761174793, 28.533572302396593], [77.17748234536714, 28.533563404525918], [77.17750237494012, 28.533563624609], [77.1775163170116, 28.533575851965796], [77.17751644664624, 28.533592090297944], [77.17751096453237, 28.533603726966174], [77.17749738974955, 28.53360935817054]]]}, "properties": {"node": "acacia", "role": "positive", "name": "acacia", "ts": "2026-07-14T16:25:16.433854+00:00"}}, {"type": "Feature", "geometry": {"type": "Polygon", "coordinates": [[[77.17764885349406, 28.53345282522447], [77.1776338305069, 28.533447652730956], [77.1776276432635, 28.53343494009733], [77.17762953033746, 28.53341740627364], [77.17764142640947, 28.53340963659638], [77.1776519332005, 28.533413798837795], [77.17766668101052, 28.533435396603416], [77.177664300067, 28.533448788022163], [77.17764885349406, 28.53345282522447]]]}, "properties": {"node": "acacia", "role": "positive", "name": "acacia", "ts": "2026-07-14T16:25:16.433893+00:00"}}, {"type": "Feature", "geometry": {"type": "Polygon", "coordinates": [[[77.17692025806652, 28.533833889586727], [77.17690289906233, 28.533824423694778], [77.17690353096494, 28.53380546641171], [77.176913759592, 28.53379609949137], [77.17693500741767, 28.533795939223502], [77.17694175919692, 28.53380629700031], [77.17694130189872, 28.533823807891032], [77.17693126270579, 28.53383244997957], [77.17692025806652, 28.533833889586727]]]}, "properties": {"node": "acacia", "role": "positive", "name": "acacia", "ts": "2026-07-14T16:25:16.433930+00:00"}}, {"type": "Feature", "geometry": {"type": "Polygon", "coordinates": [[[77.17748334887636, 28.533363811812904], [77.17746083865217, 28.5333522632246], [77.17745656057261, 28.533333023795656], [77.17747936150185, 28.533299094567973], [77.17749088613414, 28.533293135351773], [77.17751152475375, 28.533293165217728], [77.17752615379685, 28.533308990536984], [77.17752692919267, 28.533346691945372], [77.17750781668917, 28.533361253974782], [77.17748334887636, 28.533363811812904]]]}, "properties": {"node": "acacia", "role": "positive", "name": "acacia", "ts": "2026-07-14T16:25:16.433969+00:00"}}, {"type": "Feature", "geometry": {"type": "Polygon", "coordinates": [[[77.17346790471434, 28.528099978552472], [77.17342860784204, 28.528092495733983], [77.17341218533196, 28.528080783950553], [77.17340489275439, 28.528066415201952], [77.17341094768061, 28.528041789525886], [77.17342522111618, 28.528034028593027], [77.17346620010547, 28.528027578422222], [77.17348739231058, 28.52803728244847], [77.17348984651925, 28.52807162204209], [77.17348112475091, 28.52809416587405], [77.17346790471434, 28.528099978552472]]]}, "properties": {"node": "acacia", "role": "positive", "name": "acacia", "ts": "2026-07-14T16:25:16.434008+00:00"}}, {"type": "Feature", "geometry": {"type": "Polygon", "coordinates": [[[77.17334310505346, 28.528284300225113], [77.17333041863854, 28.5282734943281], [77.17332741496857, 28.52825500098817], [77.17334096525802, 28.528243968262025], [77.17336720988176, 28.528244127582308], [77.17337304818004, 28.52825156657916], [77.17337141753998, 28.528268009562545], [77.17335769619494, 28.528281362707187], [77.17334310505346, 28.528284300225113]]]}, "properties": {"node": "acacia", "role": "positive", "name": "acacia", "ts": "2026-07-14T16:25:16.434046+00:00"}}, {"type": "Feature", "geometry": {"type": "Polygon", "coordinates": [[[77.17319677701448, 28.528240095726826], [77.17318573972778, 28.52823505761352], [77.17318186097387, 28.528227200964434], [77.17318249042921, 28.528204593533417], [77.17319849362647, 28.52818521654921], [77.1732184026246, 28.528185670445815], [77.17323380738485, 28.52820106819908], [77.17323412040449, 28.52821632123244], [77.17321895597404, 28.528233946537217], [77.17319677701448, 28.528240095726826]]]}, "properties": {"node": "acacia", "role": "positive", "name": "acacia", "ts": "2026-07-14T16:25:16.434083+00:00"}}, {"type": "Feature", "geometry": {"type": "Polygon", "coordinates": [[[77.1732969109462, 28.528420237494746], [77.17328704591651, 28.52841904342242], [77.17327457480953, 28.528397418246467], [77.17327882478006, 28.52838074019767], [77.17329087258211, 28.528371083504], [77.17330605944731, 28.528375862046953], [77.17331776311823, 28.528402714278247], [77.1733131994479, 28.528414761994604], [77.1732969109462, 28.528420237494746]]]}, "properties": {"node": "acacia", "role": "positive", "name": "acacia", "ts": "2026-07-14T16:25:16.434122+00:00"}}, {"type": "Feature", "geometry": {"type": "Polygon", "coordinates": [[[77.1736434641183, 28.52864143595514], [77.17362912388771, 28.528635291919954], [77.17362182727499, 28.528620730111466], [77.17362368504963, 28.528594047083804], [77.17363903968447, 28.528585689398348], [77.17365979876836, 28.52859559346577], [77.17367111749641, 28.528614339954586], [77.17366293265775, 28.528631081008392], [77.1736434641183, 28.52864143595514]]]}, "properties": {"node": "acacia", "role": "positive", "name": "acacia", "ts": "2026-07-14T16:25:16.434161+00:00"}}, {"type": "Feature", "geometry": {"type": "Polygon", "coordinates": [[[77.17346993961135, 28.52835894641681], [77.1734565656542, 28.528346606420502], [77.17345669377615, 28.52833153946721], [77.17347454881956, 28.528317154441947], [77.17349572588805, 28.52831546346009], [77.17350385725722, 28.528328080516758], [77.17350259648252, 28.52834123420386], [77.17348323893418, 28.52835699526335], [77.17346993961135, 28.52835894641681]]]}, "properties": {"node": "acacia", "role": "positive", "name": "acacia", "ts": "2026-07-14T16:25:16.434202+00:00"}}, {"type": "Feature", "geometry": {"type": "Polygon", "coordinates": [[[77.17390549176484, 28.528888901886003], [77.17389868719069, 28.528887658858142], [77.17389151339312, 28.52887908243193], [77.17388823154045, 28.528857696468357], [77.17389977077512, 28.528844571348824], [77.17392229921721, 28.528844790056684], [77.17392702473416, 28.528851281144945], [77.17392725798236, 28.528873295339274], [77.173914418995, 28.528887020691148], [77.17390549176484, 28.528888901886003]]]}, "properties": {"node": "acacia", "role": "positive", "name": "acacia", "ts": "2026-07-14T16:25:16.434245+00:00"}}, {"type": "Feature", "geometry": {"type": "Polygon", "coordinates": [[[77.17361361174505, 28.528817091624315], [77.1736041561493, 28.52881453904372], [77.17359631863204, 28.52880558694675], [77.1735969882644, 28.528774287586632], [77.17361924055669, 28.528739745611], [77.17364544566897, 28.52873797410771], [77.17365794859946, 28.528761143852673], [77.17365841561563, 28.52879454955252], [77.1736438871892, 28.528811199023178], [77.17361361174505, 28.528817091624315]]]}, "properties": {"node": "acacia", "role": "positive", "name": "acacia", "ts": "2026-07-14T16:25:16.434289+00:00"}}, {"type": "Feature", "geometry": {"type": "Polygon", "coordinates": [[[77.17318264533542, 28.528947406674668], [77.17316309812571, 28.52894327733179], [77.17315125833896, 28.52893110589173], [77.17315234017434, 28.528919886468806], [77.17317087891409, 28.528906842514576], [77.17319296223668, 28.528906682188214], [77.1732060304612, 28.528914778026646], [77.17320563151186, 28.528937961185527], [77.17319573405574, 28.528945845196997], [77.17318264533542, 28.528947406674668]]]}, "properties": {"node": "acacia", "role": "positive", "name": "acacia", "ts": "2026-07-14T16:25:16.434327+00:00"}}, {"type": "Feature", "geometry": {"type": "Polygon", "coordinates": [[[77.17341635140538, 28.529029612957824], [77.17338992034081, 28.529020379070232], [77.17338656659388, 28.529006140413223], [77.17340869880299, 28.52898705157181], [77.17342304369082, 28.528982766007097], [77.17343684767482, 28.528984090152687], [77.17344822254412, 28.52899491703033], [77.17344862674932, 28.529014610815114], [77.1734365907818, 28.529024846754112], [77.17341635140538, 28.529029612957824]]]}, "properties": {"node": "acacia", "role": "positive", "name": "acacia", "ts": "2026-07-14T16:25:16.434368+00:00"}}, {"type": "Feature", "geometry": {"type": "Polygon", "coordinates": [[[77.17324583113691, 28.529255805216522], [77.17323055697125, 28.529246778994576], [77.17323082843943, 28.52922804009188], [77.17324642557982, 28.529220837403784], [77.17326546826514, 28.52922169143219], [77.1732719822524, 28.529230085313916], [77.17327184618696, 28.529244766113997], [77.17326087548034, 28.529253633008963], [77.17324583113691, 28.529255805216522]]]}, "properties": {"node": "acacia", "role": "positive", "name": "acacia", "ts": "2026-07-14T16:25:16.434406+00:00"}}, {"type": "Feature", "geometry": {"type": "Polygon", "coordinates": [[[77.17337383848175, 28.5293449181562], [77.17335799168403, 28.529339957050976], [77.17335813566207, 28.52932566240429], [77.1733724092685, 28.529317901468723], [77.17338994152638, 28.529319745355966], [77.17339575611429, 28.52932602588951], [77.17339420934768, 28.5293359007772], [77.17338518630503, 28.529343770805593], [77.17337383848175, 28.5293449181562]]]}, "properties": {"node": "acacia", "role": "positive", "name": "acacia", "ts": "2026-07-14T16:25:16.434443+00:00"}}, {"type": "Feature", "geometry": {"type": "Polygon", "coordinates": [[[77.17314657945246, 28.529374436565615], [77.1731270559374, 28.529371465680107], [77.17311486605573, 28.529363548917743], [77.17310764869927, 28.529352848609037], [77.17310677563714, 28.529331617207855], [77.17311738115372, 28.529315609998147], [77.17313160723104, 28.529305532170767], [77.17314899684206, 28.52930042534081], [77.17316781697123, 28.52930108980487], [77.17319228786334, 28.52932136407531], [77.17319343038474, 28.529355724666466], [77.17318295631277, 28.529367480702934], [77.17314657945246, 28.529374436565615]]]}, "properties": {"node": "acacia", "role": "positive", "name": "acacia", "ts": "2026-07-14T16:25:16.434481+00:00"}}, {"type": "Feature", "geometry": {"type": "Polygon", "coordinates": [[[77.17313749873787, 28.529475400870233], [77.17312735556695, 28.52947131414551], [77.17312506782702, 28.529445083754], [77.17313602667762, 28.529435637639505], [77.17315612678402, 28.529434736498942], [77.17316433813579, 28.529440592400398], [77.17316474229568, 28.52946028618761], [77.17315318309203, 28.5294724458704], [77.17313749873787, 28.529475400870233]]]}, "properties": {"node": "acacia", "role": "positive", "name": "acacia", "ts": "2026-07-14T16:25:16.434518+00:00"}}, {"type": "Feature", "geometry": {"type": "Polygon", "coordinates": [[[77.17329316534764, 28.529388507122487], [77.1732784155514, 28.529383721588125], [77.17325463611651, 28.52936517452448], [77.17324822978028, 28.529351371005824], [77.17325130352855, 28.529330655850615], [77.17326582812277, 28.529313813339602], [77.17328078133535, 28.529307200373736], [77.17332806017521, 28.529309340674462], [77.17333645050748, 28.529313262303027], [77.17334679180296, 28.529327002828865], [77.1733474733817, 28.52936021195672], [77.17333937628177, 28.52937057797715], [77.17331906484345, 28.529382491493408], [77.17329316534764, 28.529388507122487]]]}, "properties": {"node": "acacia", "role": "positive", "name": "acacia", "ts": "2026-07-14T16:25:16.434559+00:00"}}, {"type": "Feature", "geometry": {"type": "Polygon", "coordinates": [[[77.17361228424912, 28.528816340317416], [77.17359674792048, 28.52880519379475], [77.17359597052595, 28.528777973534943], [77.17361156425054, 28.52875995503648], [77.17363581775602, 28.528758987337376], [77.17365299529924, 28.528775515493784], [77.17365300988196, 28.528797533191707], [77.17363822321589, 28.528812255398584], [77.17361228424912, 28.528816340317416]]]}, "properties": {"node": "acacia", "role": "positive", "name": "acacia", "ts": "2026-07-14T16:25:16.434596+00:00"}}, {"type": "Feature", "geometry": {"type": "Polygon", "coordinates": [[[77.17371083313267, 28.529611657140972], [77.17369630982449, 28.529607254307486], [77.1736868944143, 28.52959600980463], [77.1736737276132, 28.529572464417843], [77.1736741060087, 28.52955893857878], [77.17368263237852, 28.529548179387263], [77.17369478331337, 28.529543542637196], [77.17373170837745, 28.529541985762073], [77.17374701037029, 28.529552363456457], [77.17374773567869, 28.52958769641331], [77.17373641099512, 28.529600624947733], [77.17371083313267, 28.529611657140972]]]}, "properties": {"node": "acacia", "role": "positive", "name": "acacia", "ts": "2026-07-14T16:25:16.434638+00:00"}}, {"type": "Feature", "geometry": {"type": "Polygon", "coordinates": [[[77.17366337392683, 28.5296326966343], [77.17364412904197, 28.52962199577578], [77.17364095024976, 28.529605629790193], [77.17364798996019, 28.529597018938567], [77.17367403278743, 28.529587331291104], [77.17368579344328, 28.52959564115171], [77.17369151565681, 28.529618726306186], [77.17368493298329, 28.529628295541453], [77.17366337392683, 28.5296326966343]]]}, "properties": {"node": "acacia", "role": "positive", "name": "acacia", "ts": "2026-07-14T16:25:16.434677+00:00"}}, {"type": "Feature", "geometry": {"type": "Polygon", "coordinates": [[[77.17344621530704, 28.529642933024828], [77.17343487602952, 28.5296338438385], [77.17343491696013, 28.5296145292089], [77.17344497758478, 28.52960393861047], [77.17346679092225, 28.52960127173927], [77.17347441780966, 28.529610613492338], [77.17347330761898, 28.5296311040773], [77.17344621530704, 28.529642933024828]]]}, "properties": {"node": "acacia", "role": "positive", "name": "acacia", "ts": "2026-07-14T16:25:16.434715+00:00"}}, {"type": "Feature", "geometry": {"type": "Polygon", "coordinates": [[[77.1737767956815, 28.52963976515067], [77.17375921580536, 28.52963560440158], [77.17375340514212, 28.529629516962228], [77.17375371676748, 28.529602086132478], [77.17376880139769, 28.529591221934695], [77.17379578541113, 28.52959542525516], [77.1738067667664, 28.52960838293532], [77.17380088687928, 28.52963088128468], [77.17379009515591, 28.52963781395903], [77.1737767956815, 28.52963976515067]]]}, "properties": {"node": "acacia", "role": "positive", "name": "acacia", "ts": "2026-07-14T16:25:16.434755+00:00"}}, {"type": "Feature", "geometry": {"type": "Polygon", "coordinates": [[[77.17334584074808, 28.52940852302991], [77.17333360329512, 28.529398289372455], [77.17333619159594, 28.529385886996273], [77.17335236135995, 28.529374619194467], [77.17337270383548, 28.52937487298111], [77.17337379159761, 28.529395907801813], [77.17335696204466, 28.529406993027994], [77.17334584074808, 28.52940852302991]]]}, "properties": {"node": "acacia", "role": "positive", "name": "acacia", "ts": "2026-07-14T16:25:16.434794+00:00"}}, {"type": "Feature", "geometry": {"type": "Polygon", "coordinates": [[[77.17332576373362, 28.52954906387154], [77.17330055635318, 28.529546183995812], [77.17327453134978, 28.529524775786292], [77.17327119741024, 28.529511502509088], [77.17327875824526, 28.52949631658226], [77.17331000410718, 28.52948442118219], [77.17332903495199, 28.52948469597007], [77.17334401922399, 28.529490250303887], [77.17335417759492, 28.529505732014076], [77.17335468085899, 28.52953025270657], [77.17333838360554, 28.529545964764413], [77.17332576373362, 28.52954906387154]]]}, "properties": {"node": "acacia", "role": "positive", "name": "acacia", "ts": "2026-07-14T16:25:16.434834+00:00"}}, {"type": "Feature", "geometry": {"type": "Polygon", "coordinates": [[[77.17392962395857, 28.528924632623735], [77.17392258491985, 28.528922620792414], [77.17391383330227, 28.528911751954087], [77.17391061089795, 28.528893262135426], [77.173919693925, 28.528877665525016], [77.17393025749337, 28.52882766633676], [77.17395624401068, 28.5288258982728], [77.1739803417346, 28.528838645926392], [77.17399607233043, 28.52885925313914], [77.17399976643804, 28.528900719029306], [77.17397889447513, 28.528917276967352], [77.17392962395857, 28.528924632623735]]]}, "properties": {"node": "acacia", "role": "positive", "name": "acacia", "ts": "2026-07-14T16:25:16.434877+00:00"}}, {"type": "Feature", "geometry": {"type": "Polygon", "coordinates": [[[77.17384258792791, 28.52910564612571], [77.1738246745907, 28.529095889668408], [77.1738105812566, 28.52908047099547], [77.17381050260434, 28.52906598677493], [77.17382526549719, 28.529050106091532], [77.17383902985708, 28.529049499432737], [77.1738518161207, 28.52905450948499], [77.17386235227913, 28.529067088012024], [77.17386074884477, 28.529095505224642], [77.17385283078805, 28.52910393700945], [77.17384258792791, 28.52910564612571]]]}, "properties": {"node": "acacia", "role": "positive", "name": "acacia", "ts": "2026-07-14T16:25:16.434918+00:00"}}, {"type": "Feature", "geometry": {"type": "Polygon", "coordinates": [[[77.17399569784445, 28.529086005167123], [77.17397951750497, 28.529075448422883], [77.17397744757746, 28.529059837249207], [77.17398662177396, 28.52904868138821], [77.17399947602654, 28.529046351028338], [77.17401333551568, 28.529050378181893], [77.17402224630546, 28.52905834736832], [77.17402424885391, 28.52907067624479], [77.17401075799812, 28.52908460518351], [77.17399569784445, 28.529086005167123]]]}, "properties": {"node": "acacia", "role": "positive", "name": "acacia", "ts": "2026-07-14T16:25:16.434957+00:00"}}, {"type": "Feature", "geometry": {"type": "Polygon", "coordinates": [[[77.1741035307877, 28.529161727517298], [77.17409076432047, 28.529157682871375], [77.17407310582726, 28.52913903794072], [77.1740727015039, 28.529119344164485], [77.17408929646831, 28.529107490051228], [77.17410049699858, 28.529109821515327], [77.17413144241664, 28.529136558685643], [77.17412518544866, 28.529151337496728], [77.1741035307877, 28.529161727517298]]]}, "properties": {"node": "acacia", "role": "positive", "name": "acacia", "ts": "2026-07-14T16:25:16.434995+00:00"}}, {"type": "Feature", "geometry": {"type": "Polygon", "coordinates": [[[77.17392035111523, 28.52976184862774], [77.1739082602261, 28.52975875884877], [77.17390198854669, 28.52975151995987], [77.17390196261032, 28.529718300345316], [77.1739177030671, 28.529707425630214], [77.17394195678251, 28.529706457864858], [77.1739610023232, 28.529728750253426], [77.17396195147558, 28.529743027393646], [77.17394562257621, 28.529757194910964], [77.17392035111523, 28.52976184862774]]]}, "properties": {"node": "acacia", "role": "positive", "name": "acacia", "ts": "2026-07-14T16:25:16.435035+00:00"}}, {"type": "Feature", "geometry": {"type": "Polygon", "coordinates": [[[77.1737008768718, 28.529808432780158], [77.17367656367772, 28.52980650435975], [77.1736566312245, 28.529794269394664], [77.17365364328954, 28.529776548376343], [77.17365978082918, 28.529766599989397], [77.17367651069323, 28.52976131051286], [77.1737068690079, 28.529770095180194], [77.1737214795345, 28.529778745689033], [77.17371932787033, 28.529801763764485], [77.1737008768718, 28.529808432780158]]]}, "properties": {"node": "acacia", "role": "positive", "name": "acacia", "ts": "2026-07-14T16:25:16.435074+00:00"}}, {"type": "Feature", "geometry": {"type": "Polygon", "coordinates": [[[77.17360298888708, 28.52985500150478], [77.17358849329082, 28.529851950195436], [77.17357254400066, 28.529831346441707], [77.17357347915684, 28.529812983196294], [77.17358726406914, 28.5298027192438], [77.17361033694395, 28.529808144052314], [77.17362224426107, 28.529823597739345], [77.17361987000231, 28.529846426237878], [77.17360298888708, 28.52985500150478]]]}, "properties": {"node": "acacia", "role": "positive", "name": "acacia", "ts": "2026-07-14T16:25:16.435114+00:00"}}, {"type": "Feature", "geometry": {"type": "Polygon", "coordinates": [[[77.17339953562978, 28.53004290012053], [77.17338397931854, 28.530030788202442], [77.17338039899543, 28.530016166895834], [77.17339647438942, 28.52998964255756], [77.1734154419182, 28.52998682810758], [77.17342361766198, 28.529990946303123], [77.17342884779484, 28.53000071270453], [77.17342627866057, 28.530024703158944], [77.17341150369036, 28.530040004578574], [77.17339953562978, 28.53004290012053]]]}, "properties": {"node": "acacia", "role": "positive", "name": "acacia", "ts": "2026-07-14T16:25:16.435153+00:00"}}, {"type": "Feature", "geometry": {"type": "Polygon", "coordinates": [[[77.1738405307354, 28.529974807791678], [77.17382545917069, 28.5299650058408], [77.17382356424878, 28.529947267327483], [77.17382945146201, 28.529935777823635], [77.17384272322623, 28.52993247509124], [77.17385314453135, 28.52993945440173], [77.17385685571757, 28.529960447208595], [77.1738496727032, 28.529972730019853], [77.1738405307354, 28.529974807791678]]]}, "properties": {"node": "acacia", "role": "positive", "name": "acacia", "ts": "2026-07-14T16:25:16.435192+00:00"}}, {"type": "Feature", "geometry": {"type": "Polygon", "coordinates": [[[77.17362158947402, 28.5294720939134], [77.17360414501323, 28.52946387504043], [77.17360180896274, 28.529445950443556], [77.1736097475147, 28.529427861357114], [77.17362826582944, 28.52942447465365], [77.1736375623208, 28.52942992687346], [77.17364107068406, 28.529451695495947], [77.17363269888203, 28.529469984659904], [77.17362158947402, 28.5294720939134]]]}, "properties": {"node": "acacia", "role": "positive", "name": "acacia", "ts": "2026-07-14T16:25:16.435229+00:00"}}, {"type": "Feature", "geometry": {"type": "Polygon", "coordinates": [[[77.17390888270442, 28.529576038716627], [77.17387934337663, 28.529564537023717], [77.17385902983183, 28.529544389460625], [77.17385832705106, 28.529531460352032], [77.17387304639624, 28.52951345582252], [77.17388939051918, 28.529510683314005], [77.17391094100788, 28.52951651872844], [77.17392592867198, 28.5295328887661], [77.17393050179469, 28.529563911035854], [77.17392260353013, 28.529573308207013], [77.17390888270442, 28.529576038716627]]]}, "properties": {"node": "acacia", "role": "positive", "name": "acacia", "ts": "2026-07-14T16:25:16.435267+00:00"}}, {"type": "Feature", "geometry": {"type": "Polygon", "coordinates": [[[77.17412214846159, 28.52843889371645], [77.1741029037604, 28.528428192911967], [77.17410332233831, 28.5284059751409], [77.17412948037627, 28.528391263939632], [77.17415113825828, 28.528391689693], [77.17415809343379, 28.52840026960726], [77.17415612480266, 28.528421546500518], [77.17414132240343, 28.52843549645132], [77.17412214846159, 28.52843889371645]]]}, "properties": {"node": "acacia", "role": "positive", "name": "acacia", "ts": "2026-07-14T16:25:16.435305+00:00"}}, {"type": "Feature", "geometry": {"type": "Polygon", "coordinates": [[[77.17418657987011, 28.527966407904287], [77.17416507329412, 28.527962696354916], [77.17415087245918, 28.527952687345238], [77.17415479664585, 28.527930799717897], [77.17416814405452, 28.527920542721134], [77.1741831406165, 28.527916053507177], [77.17420661463142, 28.52791973354903], [77.17421918950843, 28.5279357559215], [77.17421439487744, 28.527957850628596], [77.17420315424354, 28.527964211099057], [77.17418657987011, 28.527966407904287]]]}, "properties": {"node": "acacia", "role": "positive", "name": "acacia", "ts": "2026-07-14T16:25:16.435343+00:00"}}, {"type": "Feature", "geometry": {"type": "Polygon", "coordinates": [[[77.17420418777205, 28.52832343443921], [77.17418985152145, 28.528317483538693], [77.17417794827372, 28.528302222969835], [77.17417823940329, 28.528284449453313], [77.17419115756763, 28.528274585606113], [77.17421370966996, 28.528275962729644], [77.17422671387811, 28.528291591944537], [77.17422449097835, 28.528311134652718], [77.17420418777205, 28.52832343443921]]]}, "properties": {"node": "acacia", "role": "positive", "name": "acacia", "ts": "2026-07-14T16:25:16.435382+00:00"}}, {"type": "Feature", "geometry": {"type": "Polygon", "coordinates": [[[77.17431361256804, 28.52842346676636], [77.1742996936896, 28.528416543495865], [77.1742996512282, 28.528393174270583], [77.17431282764197, 28.52838523767334], [77.17434192606375, 28.528385930521377], [77.17433789430044, 28.52841322778669], [77.17432691584187, 28.528421708606864], [77.17431361256804, 28.52842346676636]]]}, "properties": {"node": "acacia", "role": "positive", "name": "acacia", "ts": "2026-07-14T16:25:16.435421+00:00"}}, {"type": "Feature", "geometry": {"type": "Polygon", "coordinates": [[[77.17411761701649, 28.528516415306704], [77.17410793490397, 28.528513480108316], [77.17409436266156, 28.52849148636761], [77.17409548799796, 28.528482390780958], [77.17411143893699, 28.528471126399673], [77.17413521492439, 28.528478857547768], [77.17414528609196, 28.528490091522432], [77.17414130639493, 28.5285092760816], [77.17411761701649, 28.528516415306704]]]}, "properties": {"node": "acacia", "role": "positive", "name": "acacia", "ts": "2026-07-14T16:25:16.435459+00:00"}}, {"type": "Feature", "geometry": {"type": "Polygon", "coordinates": [[[77.17421217783657, 28.52910668116105], [77.17419574318866, 28.529094390258685], [77.1742003588926, 28.5290742298156], [77.17422396117388, 28.52906284289326], [77.17425067888398, 28.52906473271602], [77.17425324553125, 28.52908323302501], [77.17424493786389, 28.5290939887471], [77.17423573197824, 28.52910360001449], [77.17421217783657, 28.52910668116105]]]}, "properties": {"node": "acacia", "role": "positive", "name": "acacia", "ts": "2026-07-14T16:25:16.435496+00:00"}}, {"type": "Feature", "geometry": {"type": "Polygon", "coordinates": [[[77.17377037939163, 28.528570839457945], [77.17375717183101, 28.528566608699325], [77.17374048304436, 28.528552583546745], [77.1737317836287, 28.528533601989032], [77.17373114491939, 28.528513139401245], [77.17374412385917, 28.52848492634504], [77.17376114409191, 28.52847248604563], [77.17377577091398, 28.528471286168692], [77.17378929218953, 28.52848014725722], [77.17380362323624, 28.528507150515562], [77.17380441256734, 28.52853495000125], [77.17379117936197, 28.528561428875864], [77.17377976759181, 28.528570109731056], [77.17377037939163, 28.528570839457945]]]}, "properties": {"node": "acacia", "role": "positive", "name": "acacia", "ts": "2026-07-14T16:25:16.435537+00:00"}}, {"type": "Feature", "geometry": {"type": "Polygon", "coordinates": [[[77.17427957417301, 28.529076824065378], [77.1742653929927, 28.529067780458988], [77.17425875208386, 28.529053208189605], [77.17426113751888, 28.5290415816072], [77.17427697694781, 28.52903553376227], [77.17430237111232, 28.529036865351422], [77.1743062335561, 28.529054572349033], [77.17430270751507, 28.529063899521738], [77.17429220188416, 28.529074111026343], [77.17427957417301, 28.529076824065378]]]}, "properties": {"node": "acacia", "role": "positive", "name": "acacia", "ts": "2026-07-14T16:25:16.435574+00:00"}}, {"type": "Feature", "geometry": {"type": "Polygon", "coordinates": [[[77.17414652985799, 28.529072580984845], [77.17413619245416, 28.529059033600007], [77.17413563293762, 28.529042432544667], [77.17414143624305, 28.52903751112291], [77.17416041150405, 28.529035082731237], [77.17416869422868, 28.529044413943005], [77.17417035471719, 28.52906138364716], [77.17416219033228, 28.52906846741562], [77.17414652985799, 28.529072580984845]]]}, "properties": {"node": "acacia", "role": "positive", "name": "acacia", "ts": "2026-07-14T16:25:16.435620+00:00"}}, {"type": "Feature", "geometry": {"type": "Polygon", "coordinates": [[[77.17382437195128, 28.528900050825925], [77.17381309614262, 28.52889405088816], [77.17381289462531, 28.52887358130264], [77.17382715228253, 28.528865048018773], [77.17384293560988, 28.5288669198518], [77.17385061399717, 28.528878771577283], [77.17384975084373, 28.52888998750168], [77.17383897901347, 28.528897885557704], [77.17382437195128, 28.528900050825925]]]}, "properties": {"node": "acacia", "role": "positive", "name": "acacia", "ts": "2026-07-14T16:25:16.435659+00:00"}}, {"type": "Feature", "geometry": {"type": "Polygon", "coordinates": [[[77.17411877946786, 28.529201463260012], [77.17410602150987, 28.529187182075002], [77.17410592696001, 28.529171925552117], [77.1741177284103, 28.52916092075221], [77.174141163062, 28.529162670027574], [77.1741465483953, 28.529169343680806], [77.17414527522321, 28.529192540832977], [77.17413819593881, 28.529199220944943], [77.17411877946786, 28.529201463260012]]]}, "properties": {"node": "acacia", "role": "positive", "name": "acacia", "ts": "2026-07-14T16:25:16.435697+00:00"}}, {"type": "Feature", "geometry": {"type": "Polygon", "coordinates": [[[77.17388819106276, 28.529494865062414], [77.17387641454938, 28.52948578291448], [77.17387380038906, 28.52946496568129], [77.17387909912996, 28.529456768973237], [77.17388996613917, 28.529453504741742], [77.173901397203, 28.529456411948924], [77.17390964823176, 28.529464198565424], [77.17391502107282, 28.52948091569271], [77.17390258752319, 28.529493089435874], [77.17388819106276, 28.529494865062414]]]}, "properties": {"node": "acacia", "role": "positive", "name": "acacia", "ts": "2026-07-14T16:25:16.435736+00:00"}}, {"type": "Feature", "geometry": {"type": "Polygon", "coordinates": [[[77.17415009405585, 28.52931008574681], [77.1741367312057, 28.529308947751634], [77.1741254474078, 28.529302561691043], [77.17411488740979, 28.52928882473045], [77.17411394220925, 28.529274740667546], [77.1741302987633, 28.529261924667892], [77.17416391684402, 28.529259068656227], [77.17417571713875, 28.52926930923684], [77.17417569615994, 28.529289589241316], [77.17416462981022, 28.529304445068952], [77.17415009405585, 28.52931008574681]]]}, "properties": {"node": "acacia", "role": "positive", "name": "acacia", "ts": "2026-07-14T16:25:16.435773+00:00"}}, {"type": "Feature", "geometry": {"type": "Polygon", "coordinates": [[[77.17413824886464, 28.529830207488132], [77.17413052618417, 28.5298268546399], [77.17412417123853, 28.52981556116195], [77.17412872693558, 28.529803127269943], [77.17414786147927, 28.529797799228998], [77.1741667332288, 28.52980097353998], [77.17416931235694, 28.529809430385093], [77.17416363983276, 28.529820723324566], [77.17415068580907, 28.529828849491597], [77.17413824886464, 28.529830207488132]]]}, "properties": {"node": "acacia", "role": "positive", "name": "acacia", "ts": "2026-07-14T16:25:16.435812+00:00"}}, {"type": "Feature", "geometry": {"type": "Polygon", "coordinates": [[[77.1743262300787, 28.528239202560226], [77.17431382164519, 28.52823128940294], [77.17430971288425, 28.528212234369125], [77.17432713850162, 28.528198242392843], [77.17433975025084, 28.528194757049913], [77.17435108943798, 28.52820384616657], [77.17435496374262, 28.5282221323947], [77.1743433849866, 28.528233326785013], [77.1743262300787, 28.528239202560226]]]}, "properties": {"node": "acacia", "role": "positive", "name": "acacia", "ts": "2026-07-14T16:25:16.435848+00:00"}}, {"type": "Feature", "geometry": {"type": "Polygon", "coordinates": [[[77.17390158457711, 28.5288903164234], [77.17388959348975, 28.52888143084872], [77.17388579515135, 28.52885619036003], [77.17389996621061, 28.528832786696103], [77.17391535652733, 28.528826166665354], [77.17392701345022, 28.528840079221382], [77.17392960320845, 28.52887036069274], [77.17391960611758, 28.528884040541964], [77.17390158457711, 28.5288903164234]]]}, "properties": {"node": "acacia", "role": "positive", "name": "acacia", "ts": "2026-07-14T16:25:16.435889+00:00"}}, {"type": "Feature", "geometry": {"type": "Polygon", "coordinates": [[[77.1744447458039, 28.529005614288423], [77.17442597386248, 28.52899664422157], [77.17442115712399, 28.528985712400303], [77.17443358714581, 28.528962722847243], [77.17445751106285, 28.5289563523668], [77.1744639894411, 28.528963008501623], [77.17446770466422, 28.52898419436605], [77.1744586177478, 28.528999597932824], [77.1744447458039, 28.529005614288423]]]}, "properties": {"node": "acacia", "role": "positive", "name": "acacia", "ts": "2026-07-14T16:25:16.435927+00:00"}}, {"type": "Feature", "geometry": {"type": "Polygon", "coordinates": [[[77.17442767292562, 28.529036790065998], [77.17441033156196, 28.5290335912768], [77.17440095181547, 28.52902408450975], [77.17439968093194, 28.529004790893904], [77.17440804011562, 28.52899654515401], [77.17442601350825, 28.52899857498353], [77.17444356102614, 28.529011813733092], [77.17444201380667, 28.529032311319273], [77.17442767292562, 28.529036790065998]]]}, "properties": {"node": "acacia", "role": "positive", "name": "acacia", "ts": "2026-07-14T16:25:16.435964+00:00"}}, {"type": "Feature", "geometry": {"type": "Polygon", "coordinates": [[[77.17371226577895, 28.528839847826777], [77.17369458299619, 28.528830667077848], [77.17369071670113, 28.528812766979982], [77.17370386673164, 28.528782233510814], [77.17372637930923, 28.528781679946785], [77.17374007897064, 28.528799229470966], [77.17374368640743, 28.52882582499988], [77.17372971076773, 28.528837443995837], [77.17371226577895, 28.528839847826777]]]}, "properties": {"node": "acacia", "role": "positive", "name": "acacia", "ts": "2026-07-14T16:25:16.436001+00:00"}}, {"type": "Feature", "geometry": {"type": "Polygon", "coordinates": [[[77.17449802451412, 28.5294277368974], [77.17447884302773, 28.529420125378355], [77.17445930417088, 28.52940575969129], [77.1744536446916, 28.52939638648703], [77.17445627305669, 28.52937529216732], [77.1744749430835, 28.529357996863023], [77.17449046030586, 28.529357555203013], [77.17450462172043, 28.52936563340148], [77.17452487929405, 28.529393700487898], [77.17451965936048, 28.52941638143253], [77.1745104296863, 28.52942483426126], [77.17449802451412, 28.5294277368974]]]}, "properties": {"node": "acacia", "role": "positive", "name": "acacia", "ts": "2026-07-14T16:25:16.436039+00:00"}}, {"type": "Feature", "geometry": {"type": "Polygon", "coordinates": [[[77.1738983280403, 28.529051253957597], [77.17387338358928, 28.529039871826424], [77.17387288814255, 28.529015737293154], [77.17389089385142, 28.52900868910932], [77.1739121146464, 28.529009121894365], [77.17392854924982, 28.529021412833735], [77.17393003926121, 28.52903008026387], [77.1739135354531, 28.52904637511207], [77.1738983280403, 28.529051253957597]]]}, "properties": {"node": "acacia", "role": "positive", "name": "acacia", "ts": "2026-07-14T16:25:16.436078+00:00"}}, {"type": "Feature", "geometry": {"type": "Polygon", "coordinates": [[[77.17453950894881, 28.52980794390247], [77.17452475904588, 28.529803158510116], [77.17451383705789, 28.529793097036723], [77.17451333352003, 28.529768576364088], [77.1745251111984, 28.529756413071354], [77.17455541009477, 28.529762301402705], [77.17456661016662, 28.529775255513727], [77.17456565139337, 28.529792460299763], [77.17454995857558, 28.52980565200085], [77.17453950894881, 28.52980794390247]]]}, "properties": {"node": "acacia", "role": "positive", "name": "acacia", "ts": "2026-07-14T16:25:16.436115+00:00"}}, {"type": "Feature", "geometry": {"type": "Polygon", "coordinates": [[[77.1745957552142, 28.528159561576633], [77.17458333091311, 28.528150876139698], [77.17458317683499, 28.52813272347568], [77.1745971443577, 28.528120718248456], [77.17461856771612, 28.528120375126573], [77.17462753397272, 28.528131047342782], [77.17462701638195, 28.528148438205402], [77.17461515562154, 28.528156546899158], [77.1745957552142, 28.528159561576633]]]}, "properties": {"node": "acacia", "role": "positive", "name": "acacia", "ts": "2026-07-14T16:25:16.437965+00:00"}}, {"type": "Feature", "geometry": {"type": "Polygon", "coordinates": [[[77.17418913390551, 28.528357088673115], [77.17417102584885, 28.528348494213468], [77.17416678570896, 28.52833369035251], [77.17417933405606, 28.528327115803428], [77.1742128640478, 28.5283306348121], [77.17421804658956, 28.528338084270903], [77.17421434555877, 28.528349538780645], [77.17418913390551, 28.528357088673115]]]}, "properties": {"node": "acacia", "role": "positive", "name": "acacia", "ts": "2026-07-14T16:25:16.438015+00:00"}}, {"type": "Feature", "geometry": {"type": "Polygon", "coordinates": [[[77.17461669080903, 28.528998031925173], [77.17459432940494, 28.528995299842876], [77.17457860606446, 28.52898570155068], [77.17457550302832, 28.528962381348713], [77.17459544550124, 28.528932511571412], [77.174633654212, 28.52892958192193], [77.17464502522553, 28.52894021561681], [77.17465419667292, 28.52898217316812], [77.17464585733542, 28.52899138430293], [77.17461669080903, 28.528998031925173]]]}, "properties": {"node": "acacia", "role": "positive", "name": "acacia", "ts": "2026-07-14T16:25:16.438057+00:00"}}, {"type": "Feature", "geometry": {"type": "Polygon", "coordinates": [[[77.1745822881602, 28.529111762786272], [77.17455764946374, 28.52910462496031], [77.17455721333224, 28.529083386580904], [77.17456577525704, 28.52907436502574], [77.17460330044278, 28.529070094352676], [77.17463130151282, 28.52908123424937], [77.17463171836879, 28.529090884556336], [77.1746244284454, 28.529097954345463], [77.1746082271482, 28.529107677680265], [77.1745822881602, 28.529111762786272]]]}, "properties": {"node": "acacia", "role": "positive", "name": "acacia", "ts": "2026-07-14T16:25:16.438097+00:00"}}, {"type": "Feature", "geometry": {"type": "Polygon", "coordinates": [[[77.1746491809827, 28.529451389759], [77.17461503445092, 28.529449812144602], [77.17460404455426, 28.529447091071948], [77.17459733563261, 28.52943985921924], [77.174597388784, 28.529410501138525], [77.17462108281863, 28.529392932207372], [77.17464756218057, 28.529393860067604], [77.1746723273054, 28.52941779899973], [77.17467477455784, 28.52944112970066], [77.17466681292937, 28.529447437692763], [77.1746491809827, 28.529451389759]]]}, "properties": {"node": "acacia", "role": "positive", "name": "acacia", "ts": "2026-07-14T16:25:16.438138+00:00"}}, {"type": "Feature", "geometry": {"type": "Polygon", "coordinates": [[[77.17485502480183, 28.528826376041977], [77.17484081188917, 28.52881578788709], [77.17484134133626, 28.52879897625542], [77.1748625110467, 28.52878627621426], [77.17488464983767, 28.528788818680084], [77.17489089376176, 28.52879470599097], [77.17489081739826, 28.528812282923425], [77.17488048287315, 28.528820174053998], [77.17485502480183, 28.528826376041977]]]}, "properties": {"node": "acacia", "role": "positive", "name": "acacia", "ts": "2026-07-14T16:25:16.438178+00:00"}}, {"type": "Feature", "geometry": {"type": "Polygon", "coordinates": [[[77.17474240749517, 28.528805196315226], [77.17465186504106, 28.528794092468747], [77.17456834344634, 28.528752166903793], [77.17455690902521, 28.528738443981705], [77.17455399631353, 28.52872439143479], [77.17456269068191, 28.528689873320577], [77.17457299404535, 28.52866981491248], [77.17458355511755, 28.528662306455818], [77.17470917235627, 28.528624370498264], [77.17474034985041, 28.52861981518595], [77.17475728169485, 28.52862437247253], [77.17479601212929, 28.528678796907517], [77.1748553680262, 28.528715315236685], [77.17485873730334, 28.528740948842152], [77.17485611350561, 28.528751613552572], [77.17481198902918, 28.52878592664714], [77.17476969769474, 28.528803020934962], [77.17474240749517, 28.528805196315226]]]}, "properties": {"node": "acacia", "role": "positive", "name": "acacia", "ts": "2026-07-14T16:25:16.438219+00:00"}}, {"type": "Feature", "geometry": {"type": "Polygon", "coordinates": [[[77.17487956395601, 28.52908421068747], [77.17486503722769, 28.52906899221201], [77.17486847597964, 28.529055417352364], [77.17488556753503, 28.529046452285524], [77.17490815945816, 28.52904976004537], [77.17491388636877, 28.529062415524184], [77.17490785208933, 28.529077383939605], [77.17489898831282, 28.529082354417813], [77.17487956395601, 28.52908421068747]]]}, "properties": {"node": "acacia", "role": "positive", "name": "acacia", "ts": "2026-07-14T16:25:16.438258+00:00"}}, {"type": "Feature", "geometry": {"type": "Polygon", "coordinates": [[[77.17453473469773, 28.52935182447309], [77.17452053759975, 28.529342008592206], [77.17451990665202, 28.5293219321713], [77.17453458566197, 28.529312619506268], [77.17455296460741, 28.529313097703945], [77.17456253921317, 28.52932144249966], [77.17456374669597, 28.52933764689262], [77.17454911129894, 28.529349083398696], [77.17453473469773, 28.52935182447309]]]}, "properties": {"node": "acacia", "role": "positive", "name": "acacia", "ts": "2026-07-14T16:25:16.438297+00:00"}}, {"type": "Feature", "geometry": {"type": "Polygon", "coordinates": [[[77.17442098059331, 28.529626745833546], [77.17440927538561, 28.52962113910655], [77.17440137430486, 28.529609097845114], [77.17439890331816, 28.52958460867963], [77.17440498527067, 28.529571957196573], [77.17442302274854, 28.529566453548895], [77.17444619868633, 28.529576898196535], [77.17445644841075, 28.529596820566823], [77.17445257237489, 28.529610402421174], [77.17444275821751, 28.529622341120948], [77.17442098059331, 28.529626745833546]]]}, "properties": {"node": "acacia", "role": "positive", "name": "acacia", "ts": "2026-07-14T16:25:16.438336+00:00"}}, {"type": "Feature", "geometry": {"type": "Polygon", "coordinates": [[[77.174775870268, 28.529699862640523], [77.17476297285805, 28.529689446550687], [77.17476624906026, 28.529667955571515], [77.1747797676377, 28.529655378093068], [77.17480451802086, 28.529657299313158], [77.1748072994293, 28.529675603026252], [77.17480400392152, 28.529685505936556], [77.17478959901175, 28.529697518195885], [77.174775870268, 28.529699862640523]]]}, "properties": {"node": "acacia", "role": "positive", "name": "acacia", "ts": "2026-07-14T16:25:16.438375+00:00"}}, {"type": "Feature", "geometry": {"type": "Polygon", "coordinates": [[[77.1747748641468, 28.529874476996575], [77.17475949408562, 28.529871439821147], [77.17474650941844, 28.529856776056178], [77.17474556464168, 28.529832069314747], [77.17476306975584, 28.529821938796804], [77.1747904791767, 28.529825555682216], [77.1748050060063, 28.529840774159016], [77.1747951115376, 28.529870096737547], [77.1747748641468, 28.529874476996575]]]}, "properties": {"node": "acacia", "role": "positive", "name": "acacia", "ts": "2026-07-14T16:25:16.438413+00:00"}}, {"type": "Feature", "geometry": {"type": "Polygon", "coordinates": [[[77.17498675559686, 28.528191733477136], [77.17497114338063, 28.52818754135699], [77.17496152126849, 28.52817687967118], [77.17496319924476, 28.5281627535958], [77.17497436450553, 28.52815272461706], [77.174990362377, 28.528154399743485], [77.17500182454182, 28.528169474163533], [77.17499972125562, 28.528184186471293], [77.17498675559686, 28.528191733477136]]]}, "properties": {"node": "acacia", "role": "positive", "name": "acacia", "ts": "2026-07-14T16:25:16.438452+00:00"}}, {"type": "Feature", "geometry": {"type": "Polygon", "coordinates": [[[77.17494135147443, 28.52822761222179], [77.17492658195481, 28.528221861480322], [77.17492281461702, 28.52820878833006], [77.17493457276834, 28.52818503694021], [77.17495437469017, 28.5281802775256], [77.17497715676932, 28.52819285293944], [77.1749795847199, 28.528204595565967], [77.17496773933749, 28.52822409928396], [77.17494135147443, 28.52822761222179]]]}, "properties": {"node": "acacia", "role": "positive", "name": "acacia", "ts": "2026-07-14T16:25:16.438495+00:00"}}, {"type": "Feature", "geometry": {"type": "Polygon", "coordinates": [[[77.17490914113957, 28.527894382822623], [77.17489045263697, 28.527889467409597], [77.1748824004501, 28.52788071196581], [77.17488217046717, 28.52786951354799], [77.17490733488061, 28.527849023930393], [77.17492985913574, 28.527849049406253], [77.17493721188988, 28.52785569151462], [77.17493683313457, 28.527879840041905], [77.17492569961944, 28.527891413625884], [77.17490914113957, 28.527894382822623]]]}, "properties": {"node": "acacia", "role": "positive", "name": "acacia", "ts": "2026-07-14T16:25:16.438534+00:00"}}, {"type": "Feature", "geometry": {"type": "Polygon", "coordinates": [[[77.1749499875258, 28.528328679070082], [77.17492846103006, 28.528324002266604], [77.174920663099, 28.528316981011162], [77.1749216699131, 28.5282914704467], [77.17494618205187, 28.52828180708952], [77.17496838418468, 28.528287438765844], [77.17498428589576, 28.52830572544399], [77.17497783427741, 28.528321666245652], [77.1749499875258, 28.528328679070082]]]}, "properties": {"node": "acacia", "role": "positive", "name": "acacia", "ts": "2026-07-14T16:25:16.438572+00:00"}}, {"type": "Feature", "geometry": {"type": "Polygon", "coordinates": [[[77.17514631089308, 28.529476066898393], [77.17513658504207, 28.52947100794312], [77.17512142667496, 28.529446335776733], [77.17512244484715, 28.529432027132454], [77.17513543443674, 28.529425638563744], [77.17515840813942, 28.529426236207183], [77.17516818951113, 28.52943399822633], [77.17515859706923, 28.529467371921008], [77.17515284931567, 28.529474996449938], [77.17514631089308, 28.529476066898393]]]}, "properties": {"node": "acacia", "role": "positive", "name": "acacia", "ts": "2026-07-14T16:25:16.438612+00:00"}}, {"type": "Feature", "geometry": {"type": "Polygon", "coordinates": [[[77.17501412814264, 28.529481854148578], [77.17500032854527, 28.529470100556257], [77.17499726901782, 28.529448904208508], [77.17501069186883, 28.52944231557108], [77.17503585562534, 28.529443071290807], [77.1750423895908, 28.52945243045942], [77.17504027836569, 28.529466756614102], [77.17502939107635, 28.52947967824318], [77.17501412814264, 28.529481854148578]]]}, "properties": {"node": "acacia", "role": "positive", "name": "acacia", "ts": "2026-07-14T16:25:16.438649+00:00"}}, {"type": "Feature", "geometry": {"type": "Polygon", "coordinates": [[[77.17515262504989, 28.529336325789377], [77.17514165498412, 28.529334570140815], [77.17511240608893, 28.529315917899503], [77.1751126688064, 28.529307415546768], [77.17513142595847, 28.52929436783262], [77.17514913717585, 28.529294277227933], [77.17516382309456, 28.529306596024934], [77.17516665214296, 28.529327216641757], [77.17515262504989, 28.529336325789377]]]}, "properties": {"node": "acacia", "role": "positive", "name": "acacia", "ts": "2026-07-14T16:25:16.438688+00:00"}}, {"type": "Feature", "geometry": {"type": "Polygon", "coordinates": [[[77.1750285631949, 28.529332905381253], [77.17501538325524, 28.529330026286225], [77.17500266085655, 28.52931748287821], [77.1750028958231, 28.529307628992427], [77.17501492372828, 28.52929700676915], [77.17503332646305, 28.529298643358455], [77.17504578663133, 28.52930906642845], [77.17504371109999, 28.52932513026825], [77.1750285631949, 28.529332905381253]]]}, "properties": {"node": "acacia", "role": "positive", "name": "acacia", "ts": "2026-07-14T16:25:16.438726+00:00"}}, {"type": "Feature", "geometry": {"type": "Polygon", "coordinates": [[[77.17498720466364, 28.529970349304442], [77.17496965294961, 28.529956917563172], [77.17496885137905, 28.529928538878593], [77.17498502103453, 28.529917270888], [77.17500886135089, 28.52991746839056], [77.17501764885867, 28.529930074830958], [77.17501455958651, 28.529950017702255], [77.17500348139934, 28.529964294366035], [77.17498720466364, 28.529970349304442]]]}, "properties": {"node": "acacia", "role": "positive", "name": "acacia", "ts": "2026-07-14T16:25:16.438766+00:00"}}, {"type": "Feature", "geometry": {"type": "Polygon", "coordinates": [[[77.17509305178015, 28.52952346678771], [77.17507350440712, 28.52951933773022], [77.17505619119925, 28.529506867874197], [77.17505371658955, 28.5294715629646], [77.1750692184462, 28.52945972624559], [77.1751155197999, 28.529456859947814], [77.17513085759812, 28.52946897516437], [77.17513156401732, 28.529492720021416], [77.17511651872718, 28.529516137810727], [77.17509305178015, 28.52952346678771]]]}, "properties": {"node": "acacia", "role": "positive", "name": "acacia", "ts": "2026-07-14T16:25:16.438805+00:00"}}, {"type": "Feature", "geometry": {"type": "Polygon", "coordinates": [[[77.17519009623098, 28.528680016405783], [77.17517523541946, 28.52866982494541], [77.17517475903011, 28.528657278500525], [77.1751881500446, 28.528649145242024], [77.17520847650201, 28.528648626456384], [77.1752132219149, 28.528656082876736], [77.1752131495694, 28.528673852882893], [77.17520581608844, 28.52867879886283], [77.17519009623098, 28.528680016405783]]]}, "properties": {"node": "acacia", "role": "positive", "name": "acacia", "ts": "2026-07-14T16:25:16.438844+00:00"}}, {"type": "Feature", "geometry": {"type": "Polygon", "coordinates": [[[77.17533114247006, 28.529286725909266], [77.17531804231933, 28.529277085678668], [77.17531991506534, 28.529261797643684], [77.1753350391393, 28.529252864043375], [77.17535472178534, 28.529252934965434], [77.17535904588766, 28.529261170687448], [77.1753560880401, 28.52927686238769], [77.17534750237314, 28.52928472553328], [77.17533114247006, 28.529286725909266]]]}, "properties": {"node": "acacia", "role": "positive", "name": "acacia", "ts": "2026-07-14T16:25:16.438881+00:00"}}, {"type": "Feature", "geometry": {"type": "Polygon", "coordinates": [[[77.17521800521658, 28.5293254282163], [77.17520620085462, 28.529314994656154], [77.17520605062013, 28.52929703507772], [77.17521729925606, 28.52929106067308], [77.17523830942288, 28.52929188290184], [77.17524392533586, 28.52929913223313], [77.17524145624603, 28.529317326916043], [77.17523392394641, 28.529323241782222], [77.17521800521658, 28.5293254282163]]]}, "properties": {"node": "acacia", "role": "positive", "name": "acacia", "ts": "2026-07-14T16:25:16.438918+00:00"}}, {"type": "Feature", "geometry": {"type": "Polygon", "coordinates": [[[77.17518102284336, 28.529366773174214], [77.17516295816269, 28.529360302698905], [77.17516365857162, 28.529341170654497], [77.17517522941704, 28.529329590041826], [77.17519402574834, 28.529329095767324], [77.17520311956025, 28.529335323682677], [77.17520235570164, 28.52935136650953], [77.1751958049131, 28.5293624804188], [77.17518102284336, 28.529366773174214]]]}, "properties": {"node": "acacia", "role": "positive", "name": "acacia", "ts": "2026-07-14T16:25:16.438955+00:00"}}, {"type": "Feature", "geometry": {"type": "Polygon", "coordinates": [[[77.17519040549224, 28.530025808375004], [77.17517769837578, 28.5300246599808], [77.17517013873601, 28.530018600627024], [77.17516930094105, 28.529999106948495], [77.1751778152863, 28.529987768441792], [77.175189922568, 28.529981007722153], [77.1752087269469, 28.529980899591497], [77.17521766566776, 28.529990220221705], [77.17521836418565, 28.530013578923217], [77.17520699602052, 28.53002438373562], [77.17519040549224, 28.530025808375004]]]}, "properties": {"node": "acacia", "role": "positive", "name": "acacia", "ts": "2026-07-14T16:25:16.438992+00:00"}}, {"type": "Feature", "geometry": {"type": "Polygon", "coordinates": [[[77.18564959285418, 28.53103095745315], [77.18562327106477, 28.531025868601287], [77.18560660016826, 28.53101456052493], [77.18560089587716, 28.53099021317818], [77.18561471381338, 28.530974187955955], [77.18566752690639, 28.530972418971697], [77.18568738984854, 28.53098716696284], [77.18569839220451, 28.531006100168625], [77.18569864625367, 28.53101840754308], [77.18568198402647, 28.531027679695207], [77.18564959285418, 28.53103095745315]]]}, "properties": {"node": "acacia", "role": "positive", "name": "acacia", "ts": "2026-07-14T16:25:16.439032+00:00"}}, {"type": "Feature", "geometry": {"type": "Polygon", "coordinates": [[[77.18530876130987, 28.530768164259207], [77.18529729427344, 28.530756956132873], [77.18529506970852, 28.530739902888794], [77.1853081239032, 28.530727197548156], [77.1853288897597, 28.530725209518565], [77.18533843551317, 28.53073405977585], [77.18533705584814, 28.530747863475657], [77.18532610439959, 28.530761637492127], [77.18530876130987, 28.530768164259207]]]}, "properties": {"node": "acacia", "role": "positive", "name": "acacia", "ts": "2026-07-14T16:25:16.439070+00:00"}}, {"type": "Feature", "geometry": {"type": "Polygon", "coordinates": [[[77.1856686178558, 28.531075670708134], [77.1856520151973, 28.531067669097006], [77.18565079589881, 28.53103883947339], [77.18566701179627, 28.531028104484715], [77.18569273937386, 28.531024566493812], [77.18570530335931, 28.53103851322165], [77.1857007056975, 28.5310576975726], [77.18568272396526, 28.53107360608303], [77.1856686178558, 28.531075670708134]]]}, "properties": {"node": "acacia", "role": "positive", "name": "acacia", "ts": "2026-07-14T16:25:16.439107+00:00"}}, {"type": "Feature", "geometry": {"type": "Polygon", "coordinates": [[[77.18562752912072, 28.530949909979004], [77.18561370252806, 28.530945354982553], [77.18560307502433, 28.530934500875603], [77.1856044541173, 28.530910590757397], [77.18561262245612, 28.530903109132183], [77.18564874242564, 28.53089903634309], [77.18565553113643, 28.530905358416], [77.18565787709859, 28.530928289799647], [77.18564199813162, 28.53094526697169], [77.18562752912072, 28.530949909979004]]]}, "properties": {"node": "acacia", "role": "positive", "name": "acacia", "ts": "2026-07-14T16:25:16.439145+00:00"}}, {"type": "Feature", "geometry": {"type": "Polygon", "coordinates": [[[77.18555177268944, 28.530898576105468], [77.18553850565134, 28.530890888288624], [77.18553438303395, 28.53088268575916], [77.18554226322313, 28.53086124353237], [77.18555800244246, 28.530847576179198], [77.18558378685498, 28.530846793593696], [77.1855958026356, 28.530864424222663], [77.18559295995709, 28.530887990395716], [77.18557773478214, 28.530896320634657], [77.18555177268944, 28.530898576105468]]]}, "properties": {"node": "acacia", "role": "positive", "name": "acacia", "ts": "2026-07-14T16:25:16.439183+00:00"}}, {"type": "Feature", "geometry": {"type": "Polygon", "coordinates": [[[77.1852490622748, 28.531162173329516], [77.18522936236712, 28.531155324038043], [77.18520988512445, 28.531139099744973], [77.18520358724062, 28.531116231958634], [77.1852091155621, 28.531101810225696], [77.18521891003873, 28.531092464916956], [77.18523624939556, 28.531085754466233], [77.18525826711796, 28.531083930048368], [77.18526832696149, 28.531087443190877], [77.18527582306851, 28.531097796467854], [77.18527838832979, 28.531121275590372], [77.1852677060027, 28.53114809175053], [77.1852490622748, 28.531162173329516]]]}, "properties": {"node": "acacia", "role": "positive", "name": "acacia", "ts": "2026-07-14T16:25:16.439224+00:00"}}, {"type": "Feature", "geometry": {"type": "Polygon", "coordinates": [[[77.185709620036, 28.531207312914738], [77.18569645532594, 28.531204584804478], [77.18568435661477, 28.531193019377923], [77.18568095222217, 28.531179292695487], [77.1856850434348, 28.53116581284761], [77.18570477260555, 28.53115391877451], [77.1857395162803, 28.531153726932445], [77.18575284024438, 28.53116417010894], [77.1857532844505, 28.531195768506556], [77.18573164535371, 28.53120585580345], [77.185709620036, 28.531207312914738]]]}, "properties": {"node": "acacia", "role": "positive", "name": "acacia", "ts": "2026-07-14T16:25:16.439263+00:00"}}, {"type": "Feature", "geometry": {"type": "Polygon", "coordinates": [[[77.18538289196366, 28.530831468406852], [77.18536939040723, 28.530822498074972], [77.1853699792568, 28.530800621962527], [77.18538553702987, 28.530788243822023], [77.18540929071897, 28.53078988275001], [77.18541975568355, 28.53080294452875], [77.18542012722742, 28.530820946363928], [77.18540489067304, 28.530828725507185], [77.18538289196366, 28.530831468406852]]]}, "properties": {"node": "acacia", "role": "positive", "name": "acacia", "ts": "2026-07-14T16:25:16.439301+00:00"}}, {"type": "Feature", "geometry": {"type": "Polygon", "coordinates": [[[77.18562514366165, 28.530753699954413], [77.1856058256867, 28.53074519078788], [77.18560301445277, 28.530719878100506], [77.18561937385147, 28.530706017004057], [77.18564682980897, 28.530705575005157], [77.18565707541785, 28.530718089036586], [77.1856540810884, 28.53073430752367], [77.18564173814374, 28.530751227769795], [77.18562514366165, 28.530753699954413]]]}, "properties": {"node": "acacia", "role": "positive", "name": "acacia", "ts": "2026-07-14T16:25:16.439339+00:00"}}, {"type": "Feature", "geometry": {"type": "Polygon", "coordinates": [[[77.18533321836361, 28.53143902111548], [77.18531333314445, 28.531433277340806], [77.18529234296071, 28.531414321117207], [77.18529164211205, 28.53139044447983], [77.18530393640967, 28.53138124268012], [77.18533448602521, 28.531379464668767], [77.18535172460683, 28.53139811376774], [77.18535652052284, 28.531408694255898], [77.1853557951909, 28.531423957448073], [77.18534667019668, 28.5314354970292], [77.18533321836361, 28.53143902111548]]]}, "properties": {"node": "acacia", "role": "positive", "name": "acacia", "ts": "2026-07-14T16:25:16.439377+00:00"}}, {"type": "Feature", "geometry": {"type": "Polygon", "coordinates": [[[77.1852381651359, 28.531581857334533], [77.18522067734386, 28.5315712973748], [77.18521966286295, 28.531552387122016], [77.18523185861774, 28.531538409330487], [77.18525259809702, 28.53153513545863], [77.18526616039733, 28.531547044871953], [77.18526628222288, 28.53156302944087], [77.18525576564619, 28.531577715220212], [77.1852381651359, 28.531581857334533]]]}, "properties": {"node": "acacia", "role": "positive", "name": "acacia", "ts": "2026-07-14T16:25:16.439414+00:00"}}, {"type": "Feature", "geometry": {"type": "Polygon", "coordinates": [[[77.18559572128504, 28.53111249236245], [77.18558361880388, 28.53110074323342], [77.18558385227124, 28.531081812894794], [77.18559344250237, 28.531072654601505], [77.1856136299163, 28.531072880876362], [77.18562194668135, 28.531082669662005], [77.18562087742734, 28.531101429702165], [77.1856108863619, 28.53111132946299], [77.18559572128504, 28.53111249236245]]]}, "properties": {"node": "acacia", "role": "positive", "name": "acacia", "ts": "2026-07-14T16:25:16.439452+00:00"}}, {"type": "Feature", "geometry": {"type": "Polygon", "coordinates": [[[77.18571154353667, 28.531250096442133], [77.18569394255327, 28.531244132194917], [77.18568173766758, 28.531227423388167], [77.1856843365612, 28.531171888083097], [77.18568934319468, 28.531162436068076], [77.18570045767929, 28.53115656078588], [77.18573659668897, 28.531153406429745], [77.18575457250306, 28.531167449777865], [77.18575682915375, 28.531216291795914], [77.18573779278697, 28.531241588706013], [77.18571154353667, 28.531250096442133]]]}, "properties": {"node": "acacia", "role": "positive", "name": "acacia", "ts": "2026-07-14T16:25:16.439489+00:00"}}, {"type": "Feature", "geometry": {"type": "Polygon", "coordinates": [[[77.18524512808266, 28.531818419399993], [77.18523614229807, 28.531816542749652], [77.18523102135491, 28.531810377566742], [77.18523206413896, 28.531790331681957], [77.18524210837697, 28.531783003635176], [77.18526798401116, 28.53178662970973], [77.18527374412537, 28.53179351961583], [77.18527095013727, 28.531809367364534], [77.18525986588949, 28.531816712153578], [77.18524512808266, 28.531818419399993]]]}, "properties": {"node": "acacia", "role": "positive", "name": "acacia", "ts": "2026-07-14T16:25:16.439527+00:00"}}, {"type": "Feature", "geometry": {"type": "Polygon", "coordinates": [[[77.18556831048488, 28.531750189722704], [77.18555130688681, 28.53174292957095], [77.18554978587873, 28.531729723826576], [77.18555796078648, 28.531702396752216], [77.18557137093502, 28.53169685202867], [77.18558843898552, 28.53170723494485], [77.18559053525276, 28.53172814906184], [77.18558090000687, 28.531745209468365], [77.18556831048488, 28.531750189722704]]]}, "properties": {"node": "acacia", "role": "positive", "name": "acacia", "ts": "2026-07-14T16:25:16.439563+00:00"}}, {"type": "Feature", "geometry": {"type": "Polygon", "coordinates": [[[77.18519687542921, 28.531970608714474], [77.18515289597595, 28.531966906510817], [77.18513388387284, 28.531953063519], [77.1851317530698, 28.5319203897422], [77.1851579337975, 28.531898469229056], [77.1851949126757, 28.531895668995666], [77.18522980117477, 28.531912563992428], [77.18523048787495, 28.531955918696944], [77.18521987648037, 28.531966012170404], [77.18519687542921, 28.531970608714474]]]}, "properties": {"node": "acacia", "role": "positive", "name": "acacia", "ts": "2026-07-14T16:25:16.439600+00:00"}}, {"type": "Feature", "geometry": {"type": "Polygon", "coordinates": [[[77.18519452712904, 28.53129222962548], [77.18518059056937, 28.531282347512374], [77.18518380814629, 28.531266860453144], [77.18519617825929, 28.531261332507537], [77.18521895270614, 28.53126592727778], [77.1852238732012, 28.531272463195407], [77.185222618118, 28.531282222317756], [77.18521134487324, 28.531290488909484], [77.18519452712904, 28.53129222962548]]]}, "properties": {"node": "acacia", "role": "positive", "name": "acacia", "ts": "2026-07-14T16:25:16.439637+00:00"}}, {"type": "Feature", "geometry": {"type": "Polygon", "coordinates": [[[77.18530846991105, 28.532104973599047], [77.18529983944573, 28.532100151183325], [77.1852924981836, 28.532087222874527], [77.18529365848356, 28.532072871448005], [77.1853071857054, 28.532062914787208], [77.18532037705542, 28.532066928774853], [77.18532899666424, 28.532081306530507], [77.18532496603909, 28.532097725445137], [77.18530846991105, 28.532104973599047]]]}, "properties": {"node": "acacia", "role": "positive", "name": "acacia", "ts": "2026-07-14T16:25:16.439674+00:00"}}, {"type": "Feature", "geometry": {"type": "Polygon", "coordinates": [[[77.18569805729834, 28.531524105815013], [77.18568062635191, 28.531516301298634], [77.18568407461173, 28.531501913035868], [77.18570170107938, 28.531488950293834], [77.18572340525067, 28.53149209218158], [77.18572942267184, 28.53150136671698], [77.18572723000962, 28.531516102272594], [77.18571426623019, 28.531523109849722], [77.18569805729834, 28.531524105815013]]]}, "properties": {"node": "acacia", "role": "positive", "name": "acacia", "ts": "2026-07-14T16:25:16.439712+00:00"}}, {"type": "Feature", "geometry": {"type": "Polygon", "coordinates": [[[77.1859168876631, 28.531349875934655], [77.18590116245322, 28.531344065267234], [77.18589386232435, 28.5313230511884], [77.1859017582034, 28.531312450128432], [77.18592293636593, 28.53131027161238], [77.18593583678145, 28.531320354082347], [77.18593817845468, 28.53133299534842], [77.18593072891768, 28.531345059249315], [77.1859168876631, 28.531349875934655]]]}, "properties": {"node": "acacia", "role": "positive", "name": "acacia", "ts": "2026-07-14T16:25:16.439765+00:00"}}, {"type": "Feature", "geometry": {"type": "Polygon", "coordinates": [[[77.18583253045114, 28.531426205425095], [77.18582082930267, 28.53142382127089], [77.18581172219929, 28.531416066509113], [77.18580869530228, 28.53139038979654], [77.18581931360616, 28.53137055725066], [77.18583877468615, 28.531365833847865], [77.18585158788304, 28.5313716914069], [77.18586051086794, 28.53140076449939], [77.18585091740621, 28.531419845535222], [77.18583253045114, 28.531426205425095]]]}, "properties": {"node": "acacia", "role": "positive", "name": "acacia", "ts": "2026-07-14T16:25:16.439807+00:00"}}, {"type": "Feature", "geometry": {"type": "Polygon", "coordinates": [[[77.18585957800735, 28.53135557623633], [77.18584982415226, 28.531346729370775], [77.1858486394842, 28.53132965939831], [77.18586066125647, 28.531317338133803], [77.18587330380254, 28.531314929545378], [77.18588331874727, 28.531326344750152], [77.18588356902916, 28.531338468430384], [77.18585957800735, 28.53135557623633]]]}, "properties": {"node": "acacia", "role": "positive", "name": "acacia", "ts": "2026-07-14T16:25:16.439846+00:00"}}, {"type": "Feature", "geometry": {"type": "Polygon", "coordinates": [[[77.18599162080537, 28.53168420593728], [77.18597672754717, 28.531678381885307], [77.18597067217041, 28.53166727044179], [77.18597214977916, 28.531648136320985], [77.18598570342753, 28.53163946544316], [77.18600789569408, 28.531646090734867], [77.18602028213657, 28.531661510312], [77.18601798332519, 28.531671102491188], [77.18600860487628, 28.531680441157633], [77.18599162080537, 28.53168420593728]]]}, "properties": {"node": "acacia", "role": "positive", "name": "acacia", "ts": "2026-07-14T16:25:16.439884+00:00"}}, {"type": "Feature", "geometry": {"type": "Polygon", "coordinates": [[[77.18574178856618, 28.531142848911497], [77.18572860111256, 28.531139018651047], [77.18571789774025, 28.531124490712074], [77.18571731759069, 28.53109638581297], [77.18572618901365, 28.53108264525304], [77.18574084328644, 28.531076896732948], [77.18579545370388, 28.531091636548393], [77.18579896751679, 28.531100583883024], [77.18579376806329, 28.531110774018803], [77.18575544455445, 28.53113913774651], [77.18574178856618, 28.531142848911497]]]}, "properties": {"node": "acacia", "role": "positive", "name": "acacia", "ts": "2026-07-14T16:25:16.439923+00:00"}}, {"type": "Feature", "geometry": {"type": "Polygon", "coordinates": [[[77.1858609091624, 28.531893767854005], [77.18584746051737, 28.531887369270205], [77.185841514546, 28.53187147847723], [77.1858532259855, 28.5318542008727], [77.18586459783049, 28.531850710222685], [77.1858764393397, 28.531859890978463], [77.18588129600671, 28.531873410517164], [77.18587452731849, 28.531888219751227], [77.1858609091624, 28.531893767854005]]]}, "properties": {"node": "acacia", "role": "positive", "name": "acacia", "ts": "2026-07-14T16:25:16.439963+00:00"}}, {"type": "Feature", "geometry": {"type": "Polygon", "coordinates": [[[77.1855286329586, 28.53199522020523], [77.18551730225634, 28.531990625025365], [77.1855106115248, 28.53197897252897], [77.18551097011907, 28.531966104032975], [77.18552205057128, 28.53195857553152], [77.18554166344003, 28.531961199851096], [77.18555046073709, 28.531974104706062], [77.18554680444576, 28.531988496314817], [77.1855286329586, 28.53199522020523]]]}, "properties": {"node": "acacia", "role": "positive", "name": "acacia", "ts": "2026-07-14T16:25:16.440002+00:00"}}, {"type": "Feature", "geometry": {"type": "Polygon", "coordinates": [[[77.18547380353016, 28.531707794083335], [77.18546043834272, 28.531705436686103], [77.18545190974582, 28.531695467549387], [77.18545243843572, 28.531680758782723], [77.18546266790021, 28.53167232521961], [77.18548369881064, 28.53167308919075], [77.18549160340359, 28.531683068370526], [77.18548887769761, 28.53170222258095], [77.18547380353016, 28.531707794083335]]]}, "properties": {"node": "acacia", "role": "positive", "name": "acacia", "ts": "2026-07-14T16:25:16.440042+00:00"}}, {"type": "Feature", "geometry": {"type": "Polygon", "coordinates": [[[77.18547798481046, 28.532182545025943], [77.18546564440898, 28.532179436122064], [77.18546085223355, 28.53216903933353], [77.18546042758034, 28.532148465812245], [77.18546642120533, 28.5321364253711], [77.18548588623466, 28.53213188570302], [77.18551567283724, 28.532143533908254], [77.18552094547972, 28.532157046764233], [77.18551599187293, 28.53216907046522], [77.18550283895667, 28.53217699983585], [77.18547798481046, 28.532182545025943]]]}, "properties": {"node": "acacia", "role": "positive", "name": "acacia", "ts": "2026-07-14T16:25:16.440081+00:00"}}, {"type": "Feature", "geometry": {"type": "Polygon", "coordinates": [[[77.18615104190805, 28.53066824021923], [77.18611684158773, 28.530644351744893], [77.1861150594413, 28.530628577667482], [77.1861196803536, 28.530620601874716], [77.18616309155608, 28.530616962808594], [77.18618120326761, 28.53062751260379], [77.18618410127246, 28.530646943775363], [77.1861793027051, 28.530656392456255], [77.18616412691586, 28.530667110754326], [77.18615104190805, 28.53066824021923]]]}, "properties": {"node": "acacia", "role": "positive", "name": "acacia", "ts": "2026-07-14T16:25:16.440119+00:00"}}, {"type": "Feature", "geometry": {"type": "Polygon", "coordinates": [[[77.18617587753829, 28.53125640170806], [77.18616598014204, 28.531250680980985], [77.18616291263515, 28.531243196496067], [77.18616493077266, 28.531220011100217], [77.18617335580245, 28.53120480767584], [77.18619041943543, 28.531204900411662], [77.18620479103608, 28.53121569417816], [77.18620597955147, 28.531232947836802], [77.18619158698067, 28.531251371160955], [77.18617587753829, 28.53125640170806]]]}, "properties": {"node": "acacia", "role": "positive", "name": "acacia", "ts": "2026-07-14T16:25:16.440157+00:00"}}, {"type": "Feature", "geometry": {"type": "Polygon", "coordinates": [[[77.18558273963157, 28.53120935553045], [77.1855708148079, 28.531196133515177], [77.18557051906431, 28.53118180552615], [77.18557937155539, 28.531167146513713], [77.18559262671889, 28.5311641768302], [77.18560342812215, 28.531173374358485], [77.18560284690751, 28.531195617852624], [77.18559542388098, 28.53120896758204], [77.18558273963157, 28.53120935553045]]]}, "properties": {"node": "acacia", "role": "positive", "name": "acacia", "ts": "2026-07-14T16:25:16.440194+00:00"}}, {"type": "Feature", "geometry": {"type": "Polygon", "coordinates": [[[77.18612243450842, 28.53128813280491], [77.18611241254682, 28.531286456649404], [77.1861024696405, 28.5312785316125], [77.18609530921346, 28.53125420773921], [77.18610679358547, 28.531236015006083], [77.1861333000992, 28.53122989184337], [77.18615326496011, 28.531239493031652], [77.18615914326128, 28.531262183768497], [77.1861396189265, 28.531283997278916], [77.18612243450842, 28.53128813280491]]]}, "properties": {"node": "acacia", "role": "positive", "name": "acacia", "ts": "2026-07-14T16:25:16.440231+00:00"}}, {"type": "Feature", "geometry": {"type": "Polygon", "coordinates": [[[77.1857846790477, 28.531224847328108], [77.1857686283125, 28.531213345536187], [77.18576383615847, 28.53120294875622], [77.18577041522894, 28.531178954920723], [77.18578794360043, 28.531171322591263], [77.18580407340386, 28.531176575499693], [77.18581028041199, 28.531195034639385], [77.18580300530009, 28.53121554837209], [77.1857846790477, 28.531224847328108]]]}, "properties": {"node": "acacia", "role": "positive", "name": "acacia", "ts": "2026-07-14T16:25:16.440267+00:00"}}, {"type": "Feature", "geometry": {"type": "Polygon", "coordinates": [[[77.18598958616158, 28.53135385050036], [77.18597280577401, 28.531347321818494], [77.18597293356052, 28.53133335451974], [77.18598868416368, 28.531320238193032], [77.18600592927105, 28.53131904175718], [77.18601740023581, 28.531330433507446], [77.18601686024577, 28.531344591196294], [77.18598958616158, 28.53135385050036]]]}, "properties": {"node": "acacia", "role": "positive", "name": "acacia", "ts": "2026-07-14T16:25:16.440304+00:00"}}, {"type": "Feature", "geometry": {"type": "Polygon", "coordinates": [[[77.18610232940138, 28.532178740584303], [77.18608765864701, 28.53216354155443], [77.18609126497122, 28.532136655524553], [77.18610391459868, 28.532124507880464], [77.18612471104562, 28.53212398925186], [77.18613870090108, 28.532136442944967], [77.18613552137515, 28.532153766939526], [77.18612217248271, 28.532172357206587], [77.18610232940138, 28.532178740584303]]]}, "properties": {"node": "acacia", "role": "positive", "name": "acacia", "ts": "2026-07-14T16:25:16.440342+00:00"}}, {"type": "Feature", "geometry": {"type": "Polygon", "coordinates": [[[77.18631877527973, 28.530518536692114], [77.18629790269456, 28.5305052750766], [77.18629610914691, 28.53048894992632], [77.18630527567896, 28.53047943090303], [77.18632997447733, 28.530476460623163], [77.18634686473374, 28.5304883163386], [77.18634778077853, 28.530502450580908], [77.18633597473676, 28.530515135916435], [77.18631877527973, 28.530518536692114]]]}, "properties": {"node": "acacia", "role": "positive", "name": "acacia", "ts": "2026-07-14T16:25:16.440379+00:00"}}, {"type": "Feature", "geometry": {"type": "Polygon", "coordinates": [[[77.18635904278277, 28.53062464882961], [77.18634790882112, 28.530619499286352], [77.1863383813574, 28.530601461150034], [77.18633883407261, 28.530583078542982], [77.18634797026549, 28.530572089979987], [77.18637569865324, 28.530574767251544], [77.18638660686823, 28.53059921451029], [77.18638364678995, 28.530617086236184], [77.18637234336678, 28.530623883379615], [77.18635904278277, 28.53062464882961]]]}, "properties": {"node": "acacia", "role": "positive", "name": "acacia", "ts": "2026-07-14T16:25:16.440416+00:00"}}, {"type": "Feature", "geometry": {"type": "Polygon", "coordinates": [[[77.18619389135404, 28.530758324306788], [77.1861738886581, 28.530746886198045], [77.18616215226743, 28.530722636010104], [77.18616456743968, 28.53069852545403], [77.18618012130665, 28.530685963536033], [77.18620534614261, 28.53068831364848], [77.18623614324618, 28.53071868826177], [77.18622794961135, 28.530745096906443], [77.186213371266, 28.53075451931745], [77.18619389135404, 28.530758324306788]]]}, "properties": {"node": "acacia", "role": "positive", "name": "acacia", "ts": "2026-07-14T16:25:16.440453+00:00"}}, {"type": "Feature", "geometry": {"type": "Polygon", "coordinates": [[[77.18629637638095, 28.531227449587565], [77.18627636660126, 28.531225750529845], [77.18625901850687, 28.53121188089891], [77.18625653207192, 28.531182152926945], [77.18626163287037, 28.531167186781616], [77.18627065214437, 28.53116061018097], [77.18629957179677, 28.53116051198134], [77.18631691230148, 28.531174014223208], [77.18632058227723, 28.531200599330422], [77.18631681672582, 28.53121977029777], [77.18630985849181, 28.531225394945515], [77.18629637638095, 28.531227449587565]]]}, "properties": {"node": "acacia", "role": "positive", "name": "acacia", "ts": "2026-07-14T16:25:16.440490+00:00"}}, {"type": "Feature", "geometry": {"type": "Polygon", "coordinates": [[[77.18573545453654, 28.53080576376634], [77.18572185870983, 28.530802307584356], [77.18571501312577, 28.530793230132133], [77.18571287894788, 28.530770479093114], [77.18571960643712, 28.530763755671195], [77.18574421107999, 28.530766299606896], [77.18575531524834, 28.530780086080323], [77.18575472592688, 28.530791855772943], [77.18574827089932, 28.530801698614543], [77.18573545453654, 28.53080576376634]]]}, "properties": {"node": "acacia", "role": "positive", "name": "acacia", "ts": "2026-07-14T16:25:16.440527+00:00"}}, {"type": "Feature", "geometry": {"type": "Polygon", "coordinates": [[[77.18614717699705, 28.531317502404427], [77.18613512752921, 28.531308325018866], [77.18613515668753, 28.531289581726597], [77.1861504419578, 28.531274084083876], [77.18617054976018, 28.531270452739776], [77.18617949438601, 28.531280415131313], [77.18617624721008, 28.531304539083767], [77.186165212385, 28.531314271938125], [77.18614717699705, 28.531317502404427]]]}, "properties": {"node": "acacia", "role": "positive", "name": "acacia", "ts": "2026-07-14T16:25:16.440565+00:00"}}, {"type": "Feature", "geometry": {"type": "Polygon", "coordinates": [[[77.18632831831015, 28.532048863016026], [77.1863090417649, 28.53204237457973], [77.18629494949356, 28.53202496121896], [77.18629035583093, 28.531983874491626], [77.18629270013763, 28.531976486613893], [77.18629991193694, 28.531973062919903], [77.18631541408729, 28.531978142115737], [77.18634983489886, 28.532012684648485], [77.18634949219584, 28.53203639432162], [77.18633785606775, 28.53204723939379], [77.18632831831015, 28.532048863016026]]]}, "properties": {"node": "acacia", "role": "positive", "name": "acacia", "ts": "2026-07-14T16:25:16.440602+00:00"}}, {"type": "Feature", "geometry": {"type": "Polygon", "coordinates": [[[77.18647119520509, 28.530423286772535], [77.18645267129877, 28.530412927406907], [77.18645113821543, 28.530389064185005], [77.18646832944341, 28.530375189595667], [77.18649710536124, 28.530378217480678], [77.18650875771421, 28.53038831999926], [77.18650750337584, 28.53040818554144], [77.18649561391643, 28.53041682966377], [77.18647119520509, 28.530423286772535]]]}, "properties": {"node": "acacia", "role": "positive", "name": "acacia", "ts": "2026-07-14T16:25:16.440639+00:00"}}, {"type": "Feature", "geometry": {"type": "Polygon", "coordinates": [[[77.18661268643669, 28.531128825158717], [77.18659249459334, 28.53111830892881], [77.18659293208688, 28.531099191556322], [77.18660612587801, 28.53108317629076], [77.18663269680631, 28.531080175798714], [77.18664357036025, 28.531092863388537], [77.18664274722259, 28.531113456997133], [77.18662947377217, 28.531125614733295], [77.18661268643669, 28.531128825158717]]]}, "properties": {"node": "acacia", "role": "positive", "name": "acacia", "ts": "2026-07-14T16:25:16.440676+00:00"}}, {"type": "Feature", "geometry": {"type": "Polygon", "coordinates": [[[77.18655187572068, 28.531146342335703], [77.18652682463294, 28.53114233571587], [77.18651349680749, 28.53113170892733], [77.18650899857909, 28.531105320919092], [77.18652025589677, 28.531086213044972], [77.18654800718163, 28.531089992425816], [77.1865701178009, 28.531122895642913], [77.18656615567646, 28.531142621040868], [77.18655187572068, 28.531146342335703]]]}, "properties": {"node": "acacia", "role": "positive", "name": "acacia", "ts": "2026-07-14T16:25:16.440713+00:00"}}, {"type": "Feature", "geometry": {"type": "Polygon", "coordinates": [[[77.1866415992061, 28.531259375474676], [77.18661846182218, 28.53125735933514], [77.18660936226608, 28.53124997201321], [77.18659985997832, 28.531213006922243], [77.18660177307518, 28.53120489097237], [77.18661056156866, 28.531197215547913], [77.18664575917522, 28.5311988536934], [77.18665860653185, 28.531206364403307], [77.18665419871347, 28.53123473337871], [77.18665761017915, 28.531238721001827], [77.18664977823283, 28.531242338454113], [77.18664513142326, 28.53125913483123], [77.1866415992061, 28.531259375474676]]]}, "properties": {"node": "acacia", "role": "positive", "name": "acacia", "ts": "2026-07-14T16:25:16.440751+00:00"}}, {"type": "Feature", "geometry": {"type": "Polygon", "coordinates": [[[77.18627483242987, 28.53137314526541], [77.18625572987904, 28.531365000235798], [77.1862451098534, 28.531354513569823], [77.18623983716759, 28.53134100074338], [77.18624420837618, 28.531331007682546], [77.18626023581767, 28.531331300847935], [77.18628046180915, 28.531343470355253], [77.18628843532483, 28.53136686235726], [77.18627483242987, 28.53137314526541]]]}, "properties": {"node": "acacia", "role": "positive", "name": "acacia", "ts": "2026-07-14T16:25:16.440788+00:00"}}, {"type": "Feature", "geometry": {"type": "Polygon", "coordinates": [[[77.18603664250156, 28.531335268764927], [77.18602128019658, 28.53132687972383], [77.18601916926885, 28.53131533726323], [77.1860248264266, 28.53130716103464], [77.18604361797242, 28.53130024334571], [77.18607141860588, 28.531306410819123], [77.18606797857377, 28.531331272887922], [77.18603664250156, 28.531335268764927]]]}, "properties": {"node": "acacia", "role": "positive", "name": "acacia", "ts": "2026-07-14T16:25:16.440825+00:00"}}, {"type": "Feature", "geometry": {"type": "Polygon", "coordinates": [[[77.18664757197004, 28.532052357749592], [77.18663610085747, 28.532040966061718], [77.18663541486629, 28.532017824218197], [77.18665316962691, 28.53200100047272], [77.18666979082505, 28.531999813997476], [77.18667707913256, 28.53201017053491], [77.18667753436873, 28.53203221357593], [77.18666288067182, 28.532048068611616], [77.18664757197004, 28.532052357749592]]]}, "properties": {"node": "acacia", "role": "positive", "name": "acacia", "ts": "2026-07-14T16:25:16.440862+00:00"}}, {"type": "Feature", "geometry": {"type": "Polygon", "coordinates": [[[77.1866323811501, 28.530450275107583], [77.1866160737729, 28.530446495179714], [77.1866097010375, 28.530440166456113], [77.18660726701317, 28.530402903767406], [77.18662967336755, 28.530389680178434], [77.18666276416194, 28.530390065989653], [77.18667088813598, 28.530400592827768], [77.18666727124446, 28.530437034204905], [77.1866562593123, 28.53044786924525], [77.1866323811501, 28.530450275107583]]]}, "properties": {"node": "acacia", "role": "positive", "name": "acacia", "ts": "2026-07-14T16:25:16.440899+00:00"}}, {"type": "Feature", "geometry": {"type": "Polygon", "coordinates": [[[77.18669383446255, 28.53049412110991], [77.1866756626716, 28.53049073872451], [77.186668265108, 28.53048516152249], [77.18667243076598, 28.53045514266722], [77.18670465544322, 28.53045388863881], [77.1867158652713, 28.530462711993824], [77.18671218326512, 28.53048592419373], [77.18669383446255, 28.53049412110991]]]}, "properties": {"node": "acacia", "role": "positive", "name": "acacia", "ts": "2026-07-14T16:25:16.440936+00:00"}}, {"type": "Feature", "geometry": {"type": "Polygon", "coordinates": [[[77.18672220347516, 28.53069910020136], [77.18670874356049, 28.53069215062033], [77.18670604966425, 28.530672532423253], [77.18671687258079, 28.53066261918853], [77.18673785396963, 28.530660994979353], [77.18674571307095, 28.53066876978067], [77.18674296484576, 28.530686821852882], [77.18673402151211, 28.530697072322287], [77.18672220347516, 28.53069910020136]]]}, "properties": {"node": "acacia", "role": "positive", "name": "acacia", "ts": "2026-07-14T16:25:16.440973+00:00"}}, {"type": "Feature", "geometry": {"type": "Polygon", "coordinates": [[[77.18664505266189, 28.530489577949936], [77.18663313601934, 28.530486829826707], [77.18662181618943, 28.530472679394997], [77.18662136162631, 28.530460742761232], [77.18662848606792, 28.530453094137982], [77.18665470153381, 28.530453039422873], [77.18666488274273, 28.53046243060857], [77.18666447181036, 28.530482833826444], [77.18664505266189, 28.530489577949936]]]}, "properties": {"node": "acacia", "role": "positive", "name": "acacia", "ts": "2026-07-14T16:25:16.441009+00:00"}}, {"type": "Feature", "geometry": {"type": "Polygon", "coordinates": [[[77.18668457900895, 28.530771369919282], [77.18666794598434, 28.530761898897392], [77.18666577051431, 28.530747233684455], [77.18667657447483, 28.5307364019922], [77.1866925714761, 28.530735225575064], [77.18670147816515, 28.530743351012312], [77.18670179681718, 28.530758781143657], [77.18669121603075, 28.530770344255924], [77.18668457900895, 28.530771369919282]]]}, "properties": {"node": "acacia", "role": "positive", "name": "acacia", "ts": "2026-07-14T16:25:16.441045+00:00"}}, {"type": "Feature", "geometry": {"type": "Polygon", "coordinates": [[[77.18667355782662, 28.531114247028075], [77.18666392152873, 28.531111094676334], [77.18664875140048, 28.53109186117662], [77.18664578501134, 28.531069123564794], [77.18666442473092, 28.531054858112714], [77.18668622302535, 28.53105248573882], [77.18669856775806, 28.53106588464131], [77.18670221506213, 28.531091367581382], [77.18669091984273, 28.53110863854851], [77.18667355782662, 28.531114247028075]]]}, "properties": {"node": "acacia", "role": "positive", "name": "acacia", "ts": "2026-07-14T16:25:16.441082+00:00"}}, {"type": "Feature", "geometry": {"type": "Polygon", "coordinates": [[[77.18678678097496, 28.530863989147377], [77.18677288986066, 28.53085631150664], [77.18676452684196, 28.53083421207989], [77.1867667863394, 28.530802570147586], [77.18677613050286, 28.530791578207257], [77.18678668158242, 28.53078865196438], [77.18681531411076, 28.53079480588978], [77.18682906995433, 28.53081608343681], [77.18681273477604, 28.530851259646514], [77.18680045585222, 28.53086119634117], [77.18678678097496, 28.530863989147377]]]}, "properties": {"node": "acacia", "role": "positive", "name": "acacia", "ts": "2026-07-14T16:25:16.441119+00:00"}}, {"type": "Feature", "geometry": {"type": "Polygon", "coordinates": [[[77.18678260895665, 28.531498188375597], [77.18676512103886, 28.53148762862249], [77.18676070304652, 28.531475204571432], [77.18676300178666, 28.53146561238331], [77.18678031453516, 28.53145761589353], [77.1868057551503, 28.53146032991702], [77.18681296755409, 28.531467012609085], [77.18681183022468, 28.5314824661902], [77.18680308345594, 28.53149216223997], [77.18678260895665, 28.531498188375597]]]}, "properties": {"node": "acacia", "role": "positive", "name": "acacia", "ts": "2026-07-14T16:25:16.441156+00:00"}}, {"type": "Feature", "geometry": {"type": "Polygon", "coordinates": [[[77.1867375549904, 28.53154319856444], [77.18672195425384, 28.53153334342174], [77.18672033447105, 28.531515361705495], [77.18673696187922, 28.531494329788014], [77.18675829873462, 28.531489759794148], [77.18677231133329, 28.531503315575574], [77.18677311429494, 28.53152204546003], [77.18675846447206, 28.53153808419451], [77.1867375549904, 28.53154319856444]]]}, "properties": {"node": "acacia", "role": "positive", "name": "acacia", "ts": "2026-07-14T16:25:16.441193+00:00"}}, {"type": "Feature", "geometry": {"type": "Polygon", "coordinates": [[[77.18672320291374, 28.531130352708736], [77.18671165288083, 28.53112520989995], [77.18670438360478, 28.53111577182011], [77.18670797457993, 28.53108815101241], [77.1867222842241, 28.53107579282632], [77.18675441869038, 28.53108023657887], [77.18676739881656, 28.531094176499767], [77.18676362196848, 28.531112796399096], [77.18672320291374, 28.531130352708736]]]}, "properties": {"node": "acacia", "role": "positive", "name": "acacia", "ts": "2026-07-14T16:25:16.441231+00:00"}}, {"type": "Feature", "geometry": {"type": "Polygon", "coordinates": [[[77.18677407385434, 28.531739777444027], [77.18675306504454, 28.531730009415497], [77.18674711515675, 28.531713934976818], [77.18676405236619, 28.53168775297839], [77.18678120646722, 28.53168214783313], [77.18680021492469, 28.531695806893502], [77.18681021548672, 28.531716593664235], [77.18679926035306, 28.531730184100798], [77.18677407385434, 28.531739777444027]]]}, "properties": {"node": "acacia", "role": "positive", "name": "acacia", "ts": "2026-07-14T16:25:16.441267+00:00"}}, {"type": "Feature", "geometry": {"type": "Polygon", "coordinates": [[[77.18667081530023, 28.53116280202683], [77.18665536951988, 28.531150371833967], [77.18665582976251, 28.531132356614187], [77.18666807079575, 28.531120583010185], [77.18669136304105, 28.531120024104307], [77.18670258052961, 28.531129214839883], [77.18670186297852, 28.53114484541317], [77.18667081530023, 28.53116280202683]]]}, "properties": {"node": "acacia", "role": "positive", "name": "acacia", "ts": "2026-07-14T16:25:16.441304+00:00"}}, {"type": "Feature", "geometry": {"type": "Polygon", "coordinates": [[[77.18665857628835, 28.531325804424863], [77.1866470262362, 28.531320661611712], [77.18664480143708, 28.531303608403615], [77.18662770932332, 28.531271910645735], [77.18662295374325, 28.53124313799726], [77.18662881884968, 28.53123495839612], [77.18664507260293, 28.531226060214955], [77.186668720177, 28.531222555539028], [77.18668358305386, 28.531226909980596], [77.18669402924814, 28.531239053189168], [77.18669756024934, 28.53127905449889], [77.18668068821454, 28.531318465663905], [77.18665857628835, 28.531325804424863]]]}, "properties": {"node": "acacia", "role": "positive", "name": "acacia", "ts": "2026-07-14T16:25:16.441342+00:00"}}, {"type": "Feature", "geometry": {"type": "Polygon", "coordinates": [[[77.18670388614727, 28.5320286653316], [77.18668729464575, 28.532021214936687], [77.1866796086525, 28.532001677149697], [77.18668165767613, 28.531990067700736], [77.18670685941711, 28.531981209139303], [77.18673288622703, 28.53198207619867], [77.18674099137239, 28.531991684563227], [77.18673932866317, 28.53201192418647], [77.18672335867898, 28.5320244928739], [77.18670388614727, 28.5320286653316]]]}, "properties": {"node": "acacia", "role": "positive", "name": "acacia", "ts": "2026-07-14T16:25:16.441379+00:00"}}, {"type": "Feature", "geometry": {"type": "Polygon", "coordinates": [[[77.18667125581194, 28.532080825523554], [77.18665984159784, 28.532072189218184], [77.18665554813134, 28.53205572059094], [77.18666870408546, 28.53203786839528], [77.18669128906532, 28.5320332783049], [77.18670156907488, 28.532047445469445], [77.1867010443544, 28.532062337922852], [77.18668472284585, 28.532078036070928], [77.18667125581194, 28.532080825523554]]]}, "properties": {"node": "acacia", "role": "positive", "name": "acacia", "ts": "2026-07-14T16:25:16.441415+00:00"}}, {"type": "Feature", "geometry": {"type": "Polygon", "coordinates": [[[77.18700782182056, 28.530766714565527], [77.18699273582327, 28.530761628738947], [77.18698442588398, 28.530742101015626], [77.18698667906469, 28.530730304520688], [77.18700335250334, 28.530721583292777], [77.18701798455592, 28.530724838899676], [77.1870268236474, 28.53073976426887], [77.18702450285086, 28.530758360718853], [77.18700782182056, 28.530766714565527]]]}, "properties": {"node": "acacia", "role": "positive", "name": "acacia", "ts": "2026-07-14T16:25:16.441452+00:00"}}, {"type": "Feature", "geometry": {"type": "Polygon", "coordinates": [[[77.18701077847103, 28.530869568683254], [77.1869883631437, 28.530862212131968], [77.1869900371844, 28.530842523582095], [77.18701490163215, 28.530827422800982], [77.18704612435496, 28.53082802235855], [77.18705175240531, 28.53083858937714], [77.18704340341273, 28.53085746668822], [77.18702925630721, 28.530867617250294], [77.18701077847103, 28.530869568683254]]]}, "properties": {"node": "acacia", "role": "positive", "name": "acacia", "ts": "2026-07-14T16:25:16.441488+00:00"}}, {"type": "Feature", "geometry": {"type": "Polygon", "coordinates": [[[77.186605729432, 28.530731479162505], [77.18659152856036, 28.530728951578833], [77.18658102173954, 28.53071386928524], [77.18657907957626, 28.530680273738497], [77.18659526497314, 28.53066806911007], [77.1866262227538, 28.530665916736137], [77.18663855225734, 28.530678580879485], [77.18663890946823, 28.530705954344818], [77.18662249773888, 28.530727350280944], [77.186605729432, 28.530731479162505]]]}, "properties": {"node": "acacia", "role": "positive", "name": "acacia", "ts": "2026-07-14T16:25:16.441525+00:00"}}, {"type": "Feature", "geometry": {"type": "Polygon", "coordinates": [[[77.18698926368292, 28.531097217858907], [77.18697295240065, 28.53109325428843], [77.18695684086357, 28.531078813570858], [77.18695334079612, 28.531050388218382], [77.18696086227966, 28.53104181441637], [77.18697325882094, 28.53103757215908], [77.18700799484434, 28.531037012610412], [77.18702063108366, 28.531054449354727], [77.18701800051673, 28.531078195881296], [77.18700872464947, 28.53109249429373], [77.18698926368292, 28.531097217858907]]]}, "properties": {"node": "acacia", "role": "positive", "name": "acacia", "ts": "2026-07-14T16:25:16.441562+00:00"}}, {"type": "Feature", "geometry": {"type": "Polygon", "coordinates": [[[77.18698311628268, 28.530839878770664], [77.18697047315729, 28.530832181047394], [77.18697159908125, 28.530816176389212], [77.18698311427575, 28.530809559538465], [77.18700371003929, 28.530809411523958], [77.18701283993323, 28.530818268356445], [77.18701094963737, 28.53082748646243], [77.18698311628268, 28.530839878770664]]]}, "properties": {"node": "acacia", "role": "positive", "name": "acacia", "ts": "2026-07-14T16:25:16.441598+00:00"}}, {"type": "Feature", "geometry": {"type": "Polygon", "coordinates": [[[77.18695872232823, 28.53070649944556], [77.18694406372236, 28.53070195798795], [77.18693424914422, 28.530690172129034], [77.18693378629229, 28.53066776170342], [77.18694693065977, 28.53064935841337], [77.18697528307263, 28.530652025508978], [77.18699052527435, 28.530674749121665], [77.18698266436556, 28.530697109876336], [77.18697034753629, 28.530705209664646], [77.18695872232823, 28.53070649944556]]]}, "properties": {"node": "acacia", "role": "positive", "name": "acacia", "ts": "2026-07-14T16:25:16.441635+00:00"}}, {"type": "Feature", "geometry": {"type": "Polygon", "coordinates": [[[77.18694233628345, 28.530829877987], [77.18692214826378, 28.530819545496392], [77.18692240359462, 28.530791610908842], [77.18695006555356, 28.53076084606192], [77.18696619467406, 28.53075599242185], [77.18698038796767, 28.53075815258159], [77.18699495999078, 28.53076857552941], [77.18699360777053, 28.53079377148895], [77.18695472900741, 28.530825452040585], [77.18694233628345, 28.530829877987]]]}, "properties": {"node": "acacia", "role": "positive", "name": "acacia", "ts": "2026-07-14T16:25:16.441671+00:00"}}, {"type": "Feature", "geometry": {"type": "Polygon", "coordinates": [[[77.18699980058932, 28.531335375904927], [77.18698702528162, 28.53133135537742], [77.18697627239965, 28.53131443955274], [77.18697709614266, 28.53130395235626], [77.18698942062596, 28.5312962199482], [77.18700711965143, 28.531296853604573], [77.18701885183374, 28.53131081360159], [77.18701610364654, 28.53132886567612], [77.18699980058932, 28.531335375904927]]]}, "properties": {"node": "acacia", "role": "positive", "name": "acacia", "ts": "2026-07-14T16:25:16.441707+00:00"}}, {"type": "Feature", "geometry": {"type": "Polygon", "coordinates": [[[77.18669104340333, 28.530731758876986], [77.18668017747096, 28.53071943867271], [77.18668070220102, 28.53070454621686], [77.18669324222755, 28.5306971778717], [77.18671097529486, 28.530699464800698], [77.18671631564203, 28.530706177652892], [77.18671307933579, 28.530720746276266], [77.18670472206043, 28.530729149773215], [77.18669104340333, 28.530731758876986]]]}, "properties": {"node": "acacia", "role": "positive", "name": "acacia", "ts": "2026-07-14T16:25:16.441744+00:00"}}, {"type": "Feature", "geometry": {"type": "Polygon", "coordinates": [[[77.18669934015612, 28.53143576724646], [77.18668458661735, 28.5314266334656], [77.18667915833717, 28.531405589286614], [77.18668986372624, 28.531389981598046], [77.18670623509784, 28.53138677786143], [77.18671748675999, 28.531397621822], [77.18671921276024, 28.531420746915234], [77.18671607821935, 28.531430168811667], [77.18669934015612, 28.53143576724646]]]}, "properties": {"node": "acacia", "role": "positive", "name": "acacia", "ts": "2026-07-14T16:25:16.441780+00:00"}}, {"type": "Feature", "geometry": {"type": "Polygon", "coordinates": [[[77.1867316363226, 28.530833455566892], [77.18669751548853, 28.53081342478235], [77.18669174016979, 28.530805800169766], [77.18669195383363, 28.53077584496682], [77.18670734137321, 28.53076530695386], [77.1867321919626, 28.530769684279306], [77.18674725962893, 28.530783958087344], [77.18675229464391, 28.530806111118984], [77.18674986378458, 28.530819380497896], [77.18674137437645, 28.530831461188107], [77.1867316363226, 28.530833455566892]]]}, "properties": {"node": "acacia", "role": "positive", "name": "acacia", "ts": "2026-07-14T16:25:16.441826+00:00"}}, {"type": "Feature", "geometry": {"type": "Polygon", "coordinates": [[[77.18657577557151, 28.53082255188697], [77.1865632835763, 28.53081209539324], [77.18656720713172, 28.530780426661615], [77.1865783101441, 28.5307740002359], [77.18660297928538, 28.53077966677949], [77.18660808507747, 28.530785097141646], [77.1866065127523, 28.530799638963412], [77.18657577557151, 28.53082255188697]]]}, "properties": {"node": "acacia", "role": "positive", "name": "acacia", "ts": "2026-07-14T16:25:16.441862+00:00"}}, {"type": "Feature", "geometry": {"type": "Polygon", "coordinates": [[[77.18686378341116, 28.531801727260547], [77.18685291421019, 28.531799329797096], [77.18684464659614, 28.531791929093103], [77.18684275808184, 28.531771011658844], [77.18686877212876, 28.531751114798876], [77.18688686067631, 28.531750455921877], [77.18689895199145, 28.531761653845678], [77.18689812511356, 28.531782063759515], [77.1868811872592, 28.531798139363428], [77.18686378341116, 28.531801727260547]]]}, "properties": {"node": "acacia", "role": "positive", "name": "acacia", "ts": "2026-07-14T16:25:16.441899+00:00"}}, {"type": "Feature", "geometry": {"type": "Polygon", "coordinates": [[[77.18702085364878, 28.531780454276028], [77.18700531735236, 28.53177372193315], [77.18699356993959, 28.53175902717064], [77.18699115983412, 28.53174307947533], [77.18699440818159, 28.5317391683331], [77.18701703102248, 28.53173641511232], [77.18703723061427, 28.531747298653343], [77.18703526199165, 28.531772872046236], [77.18702812611616, 28.5317799696168], [77.18702085364878, 28.531780454276028]]]}, "properties": {"node": "acacia", "role": "positive", "name": "acacia", "ts": "2026-07-14T16:25:16.441936+00:00"}}, {"type": "Feature", "geometry": {"type": "Polygon", "coordinates": [[[77.18350792399781, 28.5335713796603], [77.18353330346753, 28.53356357318295], [77.18355047585065, 28.53356401876383], [77.18355874989818, 28.533559013647398], [77.1835787804199, 28.533519715189676], [77.1835654313045, 28.53346687885086], [77.1835568447624, 28.533456731550768], [77.18354844459179, 28.533465528056173], [77.18353843605817, 28.533465689034056], [77.18353565495836, 28.533479447642325], [77.18352348889427, 28.533483974018907], [77.1835184937495, 28.53347954321655], [77.18351882750227, 28.533466004417157], [77.18349077377562, 28.533463027157733], [77.1834825287899, 28.53344962633558], [77.18344733658053, 28.533427456183336], [77.18341493059962, 28.5334314058453], [77.18338612344232, 28.533441432776044], [77.18337890787309, 28.53344822531625], [77.18337001836018, 28.533482833425037], [77.18337281132426, 28.53348946499951], [77.18339734469059, 28.533500077623035], [77.18340930347658, 28.53351522317879], [77.18340917768602, 28.53352893907947], [77.18340155360089, 28.533535738191194], [77.18340775974451, 28.533549352254926], [77.18341543997636, 28.533555183442797], [77.18345753937759, 28.533565513536196], [77.18348296349208, 28.533559871699158], [77.18350792399781, 28.5335713796603]]]}, "properties": {"node": "acacia", "role": "positive", "name": "acacia", "ts": "2026-07-14T16:25:16.441980+00:00"}}, {"type": "Feature", "geometry": {"type": "Polygon", "coordinates": [[[77.1832300380176, 28.533313480698027], [77.1832579205933, 28.533308160260187], [77.18328648594407, 28.533286408271106], [77.18329244588583, 28.533268267845507], [77.18328522932632, 28.533245286844252], [77.18325382169364, 28.53322828870055], [77.1832473707469, 28.53322261817869], [77.18324786448274, 28.533216835973732], [77.18322563719464, 28.53319914884889], [77.18318953543272, 28.53318240662418], [77.18317625139963, 28.533182259357154], [77.1831442695032, 28.5332067729514], [77.18314418427241, 28.53321254858702], [77.18315864240702, 28.53322999977112], [77.18316350054181, 28.533247605333145], [77.18319132180886, 28.533298765423805], [77.18321425826598, 28.533311208221445], [77.1832300380176, 28.533313480698027]]]}, "properties": {"node": "acacia", "role": "positive", "name": "acacia", "ts": "2026-07-14T16:25:16.442019+00:00"}}, {"type": "Feature", "geometry": {"type": "Polygon", "coordinates": [[[77.18385933782781, 28.53367922748341], [77.18388393003454, 28.533672877170563], [77.18391086461983, 28.533641407216585], [77.18390806260675, 28.533594716849933], [77.18390314146693, 28.533583969271806], [77.18388571234446, 28.53357107711082], [77.18382321040794, 28.533582007056715], [77.18381162029048, 28.533594644252123], [77.18381349618508, 28.53360634304871], [77.18379457478855, 28.53361025633356], [77.18378444050177, 28.53362413322852], [77.18378886420484, 28.53364048263067], [77.18380767885589, 28.533661111682594], [77.18385933782781, 28.53367922748341]]]}, "properties": {"node": "acacia", "role": "positive", "name": "acacia", "ts": "2026-07-14T16:25:16.442059+00:00"}}, {"type": "Feature", "geometry": {"type": "Polygon", "coordinates": [[[77.18397701502545, 28.53292577797608], [77.18399601403611, 28.532915728266882], [77.18397428118186, 28.53291210807977], [77.18399864662494, 28.532904678726183], [77.18400566862883, 28.532888506091307], [77.18400406024185, 28.532879870570657], [77.18399321946906, 28.532869398670112], [77.18393238392171, 28.532842227792663], [77.18390304196289, 28.532846128273988], [77.18387548658693, 28.53285739828499], [77.18386444978208, 28.532867139450147], [77.18385987137138, 28.532882911878964], [77.18386546810146, 28.532886791655148], [77.18387036353938, 28.532906201046014], [77.18389881446956, 28.532908630505492], [77.1839017670539, 28.532913094152253], [77.18387856759746, 28.53291761760046], [77.18388313189442, 28.532920972646636], [77.18390455631224, 28.532919545329396], [77.18392313565772, 28.53290896104394], [77.18397701502545, 28.53292577797608]]]}, "properties": {"node": "acacia", "role": "positive", "name": "acacia", "ts": "2026-07-14T16:25:16.442100+00:00"}}, {"type": "Feature", "geometry": {"type": "Polygon", "coordinates": [[[77.18381807700081, 28.532976513742735], [77.18382990145571, 28.532975240860637], [77.18384440688514, 28.532965263455527], [77.18386066541223, 28.532961032111967], [77.18386641392733, 28.532952458690175], [77.18384377246278, 28.532884975305468], [77.18383279442126, 28.532877753623012], [77.18376245382267, 28.532904869290277], [77.18374597281472, 28.53291812648806], [77.1837528999922, 28.532946886381495], [77.18377138412568, 28.532971310122477], [77.18381807700081, 28.532976513742735]]]}, "properties": {"node": "acacia", "role": "positive", "name": "acacia", "ts": "2026-07-14T16:25:16.442139+00:00"}}, {"type": "Feature", "geometry": {"type": "Polygon", "coordinates": [[[77.18370371471119, 28.53322700755648], [77.18371511580338, 28.533225019710194], [77.18372840318644, 28.533215422800133], [77.18373451893642, 28.533194934057097], [77.18373354528052, 28.533177446481545], [77.18371765318493, 28.533149913465895], [77.18372001123458, 28.53314536439246], [77.18370087710943, 28.53311914664342], [77.18365800287138, 28.533140587534227], [77.183648499974, 28.533155356491786], [77.18364640234655, 28.533172532577776], [77.1836580162287, 28.53320067575387], [77.18367167602338, 28.533219041949945], [77.18370371471119, 28.53322700755648]]]}, "properties": {"node": "acacia", "role": "positive", "name": "acacia", "ts": "2026-07-14T16:25:16.442178+00:00"}}, {"type": "Feature", "geometry": {"type": "Polygon", "coordinates": [[[77.18351649779854, 28.533640352482124], [77.18354778955006, 28.533631909571447], [77.18356900170141, 28.533610275792377], [77.18358439050654, 28.533583683194614], [77.18357197481225, 28.533566199210053], [77.18354634608802, 28.533561919838522], [77.18353251656237, 28.533574953921693], [77.18351892778011, 28.53356993955655], [77.18348556372243, 28.53357697222432], [77.18345955729725, 28.533603916026383], [77.183456920919, 28.533614785173686], [77.18346660686909, 28.533628704158197], [77.18351649779854, 28.533640352482124]]]}, "properties": {"node": "acacia", "role": "positive", "name": "acacia", "ts": "2026-07-14T16:25:16.442216+00:00"}}, {"type": "Feature", "geometry": {"type": "Polygon", "coordinates": [[[77.18314249348336, 28.533180095535798], [77.18315287702747, 28.533178304545554], [77.18316675862788, 28.533167795904188], [77.18317926187079, 28.533139986632246], [77.1831803494571, 28.53312336813059], [77.18317493063502, 28.53310829782627], [77.18316474359493, 28.533099800248298], [77.183136192193, 28.53309250021556], [77.18310487452247, 28.533099680323186], [77.18308732748919, 28.533110789237853], [77.18308346926919, 28.53312185847326], [77.18309839230949, 28.533161857912198], [77.18312346394981, 28.533168853018253], [77.18314249348336, 28.533180095535798]]]}, "properties": {"node": "acacia", "role": "positive", "name": "acacia", "ts": "2026-07-14T16:25:16.442255+00:00"}}, {"type": "Feature", "geometry": {"type": "Polygon", "coordinates": [[[77.18347422366882, 28.533730533501345], [77.18350776971018, 28.53372241523313], [77.18352348592656, 28.533711696601042], [77.18354119898356, 28.5336690069529], [77.18353231516359, 28.53365435328983], [77.18351798003053, 28.533652779398583], [77.18347322968346, 28.533662521440725], [77.18344970035106, 28.533690688521155], [77.18343241669271, 28.533694755861767], [77.183439859898, 28.53371881588073], [77.1834555693823, 28.533727585505552], [77.18347422366882, 28.533730533501345]]]}, "properties": {"node": "acacia", "role": "positive", "name": "acacia", "ts": "2026-07-14T16:25:16.442292+00:00"}}, {"type": "Feature", "geometry": {"type": "Polygon", "coordinates": [[[77.1830641471846, 28.533373891053664], [77.18309290228692, 28.533361338786957], [77.18311600422668, 28.533322351892437], [77.18307852781413, 28.533288489395385], [77.18304862096387, 28.53328482005821], [77.18303636966122, 28.533295122026967], [77.18303714700542, 28.5333328226965], [77.18303082313712, 28.53335313431402], [77.18303753412745, 28.533361507351437], [77.1830641471846, 28.533373891053664]]]}, "properties": {"node": "acacia", "role": "positive", "name": "acacia", "ts": "2026-07-14T16:25:16.442330+00:00"}}, {"type": "Feature", "geometry": {"type": "Polygon", "coordinates": [[[77.18353743037358, 28.533486276025027], [77.18356696862361, 28.533462162534807], [77.18355636520768, 28.533443386278527], [77.18356968167564, 28.533415383448443], [77.18355264253013, 28.533401582740492], [77.18350674860119, 28.53341531298987], [77.18349326435724, 28.533425273937468], [77.18348400659046, 28.53344202384552], [77.18349809048846, 28.533480954053214], [77.18353743037358, 28.533486276025027]]]}, "properties": {"node": "acacia", "role": "positive", "name": "acacia", "ts": "2026-07-14T16:25:16.442367+00:00"}}, {"type": "Feature", "geometry": {"type": "Polygon", "coordinates": [[[77.18423447288222, 28.53328288830809], [77.1842535203061, 28.533275183577], [77.18428701817876, 28.533274644617904], [77.18429809591859, 28.53326688766282], [77.18427774641553, 28.53322138186622], [77.18426048063321, 28.53320650222147], [77.18423580669003, 28.533208884107427], [77.18421955642448, 28.533233325283472], [77.18420281535425, 28.53324388003449], [77.18421207135998, 28.533276572235106], [77.18423447288222, 28.53328288830809]]]}, "properties": {"node": "acacia", "role": "positive", "name": "acacia", "ts": "2026-07-14T16:25:16.442405+00:00"}}, {"type": "Feature", "geometry": {"type": "Polygon", "coordinates": [[[77.18359560173808, 28.533364441731997], [77.18363264604113, 28.533357530290036], [77.1836434485322, 28.53333642482843], [77.18364298384971, 28.533323801100476], [77.18361187676258, 28.5333015652821], [77.18357939234359, 28.533291802366264], [77.18355720698186, 28.533305873076902], [77.18355304481894, 28.533331924209904], [77.18356194721272, 28.533347479803147], [77.18358061667453, 28.533361073842084], [77.18359560173808, 28.533364441731997]]]}, "properties": {"node": "acacia", "role": "positive", "name": "acacia", "ts": "2026-07-14T16:25:16.442443+00:00"}}, {"type": "Feature", "geometry": {"type": "Polygon", "coordinates": [[[77.18336298468932, 28.53327056188179], [77.1833968346078, 28.53324746176025], [77.18341710659554, 28.533209963899008], [77.18341337757698, 28.53319757311515], [77.18338821663599, 28.533186248801577], [77.18337921824431, 28.533185852183465], [77.183362269115, 28.533196229734042], [77.18335357236987, 28.53322036888748], [77.1833353486702, 28.533208572103707], [77.18332769856286, 28.533214108508947], [77.18333997010862, 28.5332543310049], [77.18336298468932, 28.53327056188179]]]}, "properties": {"node": "acacia", "role": "positive", "name": "acacia", "ts": "2026-07-14T16:25:16.442482+00:00"}}, {"type": "Feature", "geometry": {"type": "Polygon", "coordinates": [[[77.18336566342548, 28.533628342746752], [77.18338947211203, 28.533623629135906], [77.18340396106612, 28.53356330767267], [77.18339559738631, 28.53355405900666], [77.1833444664321, 28.53355163331269], [77.18332983101702, 28.533565221674206], [77.18333245760051, 28.533593509416605], [77.18335005440133, 28.533624443530368], [77.18336566342548, 28.533628342746752]]]}, "properties": {"node": "acacia", "role": "positive", "name": "acacia", "ts": "2026-07-14T16:25:16.442519+00:00"}}, {"type": "Feature", "geometry": {"type": "Polygon", "coordinates": [[[77.18371968574958, 28.532782854116533], [77.18376107871221, 28.532778759830393], [77.1837725537915, 28.532770455189674], [77.18377313938885, 28.53273940910086], [77.18375484095114, 28.532714080142114], [77.18373720439179, 28.532710935361845], [77.18372195228633, 28.532714428718023], [77.18369267469734, 28.532751169245138], [77.18369734351923, 28.532769499614613], [77.18371968574958, 28.532782854116533]]]}, "properties": {"node": "acacia", "role": "positive", "name": "acacia", "ts": "2026-07-14T16:25:16.442557+00:00"}}, {"type": "Feature", "geometry": {"type": "Polygon", "coordinates": [[[77.18351001848094, 28.5332568290248], [77.18355392523507, 28.53323591290837], [77.18354340298015, 28.53320125611766], [77.1835311584696, 28.53319206987806], [77.18351084791513, 28.5331880658507], [77.1834796827718, 28.533202641867923], [77.18346876493673, 28.533218155354124], [77.18348615373057, 28.53324891235225], [77.18351001848094, 28.5332568290248]]]}, "properties": {"node": "acacia", "role": "positive", "name": "acacia", "ts": "2026-07-14T16:25:16.442594+00:00"}}, {"type": "Feature", "geometry": {"type": "Polygon", "coordinates": [[[77.18428140248747, 28.533349078601788], [77.18429153338774, 28.53334494579521], [77.18430209842109, 28.533332144609112], [77.18431929509778, 28.53329415476842], [77.18430785637028, 28.533284414300148], [77.18426746921108, 28.53327784628047], [77.18424276632372, 28.533298634096198], [77.184239543316, 28.53331077581409], [77.1842442751047, 28.533322248208865], [77.1842636913812, 28.53334232618029], [77.18428140248747, 28.533349078601788]]]}, "properties": {"node": "acacia", "role": "positive", "name": "acacia", "ts": "2026-07-14T16:25:16.442633+00:00"}}, {"type": "Feature", "geometry": {"type": "Polygon", "coordinates": [[[77.18345375291618, 28.533292740451362], [77.18347499141485, 28.533282293901262], [77.18347734877835, 28.533257895809168], [77.18346977981952, 28.533247551690238], [77.18343930822162, 28.53323631280042], [77.18341938454004, 28.53325106889681], [77.18341850124692, 28.53326768411306], [77.18342459577438, 28.53327588659927], [77.18345375291618, 28.533292740451362]]]}, "properties": {"node": "acacia", "role": "positive", "name": "acacia", "ts": "2026-07-14T16:25:16.442671+00:00"}}, {"type": "Feature", "geometry": {"type": "Polygon", "coordinates": [[[77.18398525839564, 28.53271127583019], [77.18400070358145, 28.532707238001407], [77.18400811587367, 28.532700081374742], [77.18400656623386, 28.53267448300942], [77.18399967700964, 28.532667376007993], [77.18397042028967, 28.532665500867093], [77.18396039734226, 28.53267486483787], [77.18395812156139, 28.532693306913522], [77.18396837931559, 28.532705231762826], [77.18398525839564, 28.53271127583019]]]}, "properties": {"node": "acacia", "role": "positive", "name": "acacia", "ts": "2026-07-14T16:25:16.442708+00:00"}}, {"type": "Feature", "geometry": {"type": "Polygon", "coordinates": [[[77.1926461431937, 28.544152898484732], [77.19265821947067, 28.544150075104767], [77.19266893215544, 28.54412564093412], [77.19264069038265, 28.544110731816495], [77.19261749247525, 28.544129302406176], [77.19262438546897, 28.544141523779423], [77.1926461431937, 28.544152898484732]]]}, "properties": {"node": "acacia", "role": "positive", "name": "acacia", "ts": "2026-07-14T16:25:16.442746+00:00"}}, {"type": "Feature", "geometry": {"type": "Polygon", "coordinates": [[[77.19268607491814, 28.54423474113576], [77.1927019500623, 28.544227408510206], [77.1927187587912, 28.544198832333773], [77.19271783895017, 28.544165488175558], [77.1927079313605, 28.544140376254077], [77.19268150674762, 28.54414686843101], [77.19266574467687, 28.54415965797576], [77.19265850984124, 28.544175140222475], [77.19265416120122, 28.544208367319087], [77.1926576126065, 28.544220239937733], [77.1926676303901, 28.544228569485053], [77.19268607491814, 28.54423474113576]]]}, "properties": {"node": "acacia", "role": "positive", "name": "acacia", "ts": "2026-07-14T16:25:16.442784+00:00"}}, {"type": "Feature", "geometry": {"type": "Polygon", "coordinates": [[[77.19284775203717, 28.54427094857562], [77.1928636653919, 28.544266801096484], [77.1928793412263, 28.5442511910918], [77.19289131107654, 28.544224584114353], [77.19288742271686, 28.544204785562282], [77.1928632438193, 28.54420169535553], [77.19283231462298, 28.544208542515385], [77.19281955458744, 28.544219396007534], [77.19281856249157, 28.544238659143133], [77.19282572567646, 28.5442598380833], [77.19283377640105, 28.544267898270313], [77.19284775203717, 28.54427094857562]]]}, "properties": {"node": "acacia", "role": "positive", "name": "acacia", "ts": "2026-07-14T16:25:16.442822+00:00"}}, {"type": "Feature", "geometry": {"type": "Polygon", "coordinates": [[[77.19288087995776, 28.54419832241886], [77.1928934061752, 28.544193622202883], [77.19290684086081, 28.5441793249707], [77.19289934450902, 28.544170254867815], [77.19287610092155, 28.544160070284416], [77.19285803864283, 28.54418617575412], [77.19286243549377, 28.544195295937037], [77.19288087995776, 28.54419832241886]]]}, "properties": {"node": "acacia", "role": "positive", "name": "acacia", "ts": "2026-07-14T16:25:16.442860+00:00"}}, {"type": "Feature", "geometry": {"type": "Polygon", "coordinates": [[[77.19258195862788, 28.544112863477377], [77.19259129633447, 28.544109825419227], [77.19260547475626, 28.544083972372416], [77.19259875296461, 28.544065314088648], [77.19258965192843, 28.544060047591792], [77.19255784693944, 28.54407355383571], [77.19254488553378, 28.544089101528073], [77.19255216040109, 28.544104863669013], [77.19258195862788, 28.544112863477377]]]}, "properties": {"node": "acacia", "role": "positive", "name": "acacia", "ts": "2026-07-14T16:25:16.442897+00:00"}}, {"type": "Feature", "geometry": {"type": "Polygon", "coordinates": [[[77.192434511502, 28.5440608902211], [77.19246787650634, 28.544046805471538], [77.19248806547226, 28.544026666105868], [77.1924834026436, 28.54397842138987], [77.19247156918794, 28.54395981018638], [77.19245999533679, 28.54395372969369], [77.19240733457704, 28.543975808814842], [77.19237776846792, 28.54401854116345], [77.19239786397675, 28.54404914947104], [77.1924136037551, 28.544057386610106], [77.192434511502, 28.5440608902211]]]}, "properties": {"node": "acacia", "role": "positive", "name": "acacia", "ts": "2026-07-14T16:25:16.442935+00:00"}}, {"type": "Feature", "geometry": {"type": "Polygon", "coordinates": [[[77.19250530415655, 28.54404094429777], [77.19252230275625, 28.54403258266599], [77.19253192826157, 28.543999876855978], [77.192527233397, 28.543994291772584], [77.19249196336038, 28.54398273097115], [77.19248638369706, 28.54398969508455], [77.19248621484881, 28.54400364794875], [77.19249624380022, 28.544034621029795], [77.19250530415655, 28.54404094429777]]]}, "properties": {"node": "acacia", "role": "positive", "name": "acacia", "ts": "2026-07-14T16:25:16.442972+00:00"}}, {"type": "Feature", "geometry": {"type": "Polygon", "coordinates": [[[77.19270201215822, 28.544085950990258], [77.1927376917565, 28.544084555539662], [77.19274727450201, 28.54407702949045], [77.19275477239175, 28.544047218668407], [77.19274929820045, 28.544018026933593], [77.19272373559328, 28.54400410696207], [77.19270529372321, 28.54400931905527], [77.19269318945483, 28.544007057526947], [77.19268477841275, 28.544015178912517], [77.19267896112491, 28.54407014762695], [77.19268895101048, 28.54408227162544], [77.19270201215822, 28.544085950990258]]]}, "properties": {"node": "acacia", "role": "positive", "name": "acacia", "ts": "2026-07-14T16:25:16.443010+00:00"}}, {"type": "Feature", "geometry": {"type": "Polygon", "coordinates": [[[77.19262002427321, 28.54409055162044], [77.19265112587547, 28.544080835133897], [77.19266290783882, 28.544067540380638], [77.19266494576415, 28.544020413468804], [77.19265336724506, 28.5440099531844], [77.19261887209295, 28.544012558016238], [77.19260471280019, 28.544023024580127], [77.1925942170372, 28.544042441244745], [77.1925924489365, 28.54405782654364], [77.19259760078438, 28.544071462001327], [77.19260573629417, 28.544083615963153], [77.19262002427321, 28.54409055162044]]]}, "properties": {"node": "acacia", "role": "positive", "name": "acacia", "ts": "2026-07-14T16:25:16.443048+00:00"}}, {"type": "Feature", "geometry": {"type": "Polygon", "coordinates": [[[77.19270201215822, 28.544085950990258], [77.1927376917565, 28.544084555539662], [77.19274727450201, 28.54407702949045], [77.19275477239175, 28.544047218668407], [77.19274929820045, 28.544018026933593], [77.19272373559328, 28.54400410696207], [77.19270529372321, 28.54400931905527], [77.19269318945483, 28.544007057526947], [77.19268477841275, 28.544015178912517], [77.19267896112491, 28.54407014762695], [77.19268895101048, 28.54408227162544], [77.19270201215822, 28.544085950990258]]]}, "properties": {"node": "acacia", "role": "positive", "name": "acacia", "ts": "2026-07-14T16:25:16.443086+00:00"}}, {"type": "Feature", "geometry": {"type": "Polygon", "coordinates": [[[77.19281504371008, 28.544080029738158], [77.19283465304746, 28.544075208280617], [77.19286747030822, 28.54403638860941], [77.19287187995224, 28.544014203666766], [77.1928679746413, 28.543993586361204], [77.19286010059501, 28.543982861486757], [77.19284791998396, 28.5439769155894], [77.19280401877855, 28.543984381834935], [77.19277664291563, 28.54399485718804], [77.19276449346246, 28.54400160568063], [77.19275711139645, 28.54401462460165], [77.1927553772488, 28.544031647404992], [77.19276254464548, 28.544053031038505], [77.192788542643, 28.54407677227799], [77.19281504371008, 28.544080029738158]]]}, "properties": {"node": "acacia", "role": "positive", "name": "acacia", "ts": "2026-07-14T16:25:16.443125+00:00"}}, {"type": "Feature", "geometry": {"type": "Polygon", "coordinates": [[[77.19274183539713, 28.54399357672456], [77.1927564173178, 28.54399231736012], [77.19276809469697, 28.543985166982125], [77.1927755997534, 28.543978084011098], [77.19277905401334, 28.543965742816194], [77.19273805719384, 28.543945519993727], [77.19271260633418, 28.543948183488137], [77.19270106466723, 28.54396188387602], [77.19270212054039, 28.5439792711181], [77.19272068685845, 28.543991256558506], [77.19274183539713, 28.54399357672456]]]}, "properties": {"node": "acacia", "role": "positive", "name": "acacia", "ts": "2026-07-14T16:25:16.443163+00:00"}}, {"type": "Feature", "geometry": {"type": "Polygon", "coordinates": [[[77.19277661495691, 28.543950200341357], [77.19278838547324, 28.543946220712524], [77.19280541026313, 28.54392952464591], [77.19280488324031, 28.543904089613836], [77.19278664999625, 28.54388218875694], [77.19276381273973, 28.54387479833413], [77.19274043617546, 28.543890694759376], [77.1927242784177, 28.543919647457695], [77.19273394875194, 28.543932664128135], [77.19277661495691, 28.543950200341357]]]}, "properties": {"node": "acacia", "role": "positive", "name": "acacia", "ts": "2026-07-14T16:25:16.443200+00:00"}}, {"type": "Feature", "geometry": {"type": "Polygon", "coordinates": [[[77.19288112713572, 28.54394982877545], [77.19290494341357, 28.543940889311525], [77.19292545909157, 28.54391081092389], [77.19292919980852, 28.54390005714896], [77.19292393018463, 28.543879533315618], [77.19291580034026, 28.543869749030474], [77.19290291235491, 28.543864124531595], [77.19284702514462, 28.543866194027316], [77.1928209338715, 28.543892862847287], [77.19282427874505, 28.54391613972236], [77.19283442191606, 28.543927446879454], [77.19288112713572, 28.54394982877545]]]}, "properties": {"node": "acacia", "role": "positive", "name": "acacia", "ts": "2026-07-14T16:25:16.443301+00:00"}}, {"type": "Feature", "geometry": {"type": "Polygon", "coordinates": [[[77.1929774830719, 28.544276428490367], [77.1929986174518, 28.544266872968954], [77.19301029334692, 28.544248460989465], [77.19301013640546, 28.54424088753693], [77.19299054801856, 28.544213152407547], [77.1929723688755, 28.54419747513534], [77.19294715675572, 28.544189282726666], [77.19292612842288, 28.54420395543754], [77.19292282835383, 28.544234926981044], [77.19294108533224, 28.544265550222878], [77.1929774830719, 28.544276428490367]]]}, "properties": {"node": "acacia", "role": "positive", "name": "acacia", "ts": "2026-07-14T16:25:16.443342+00:00"}}, {"type": "Feature", "geometry": {"type": "Polygon", "coordinates": [[[77.19278687790904, 28.543858194703482], [77.19281787858148, 28.54385187507873], [77.1928346206475, 28.543837358624085], [77.19284081766752, 28.54381839764761], [77.1928413716172, 28.54379029806235], [77.1928301021081, 28.54377282316529], [77.19280348676637, 28.543771447341076], [77.1927810974871, 28.543776624599978], [77.19275918057035, 28.543793632420634], [77.19275528840393, 28.543814161336552], [77.19277193082942, 28.543827737135377], [77.19277581620189, 28.54385074881473], [77.19278687790904, 28.543858194703482]]]}, "properties": {"node": "acacia", "role": "positive", "name": "acacia", "ts": "2026-07-14T16:25:16.443383+00:00"}}, {"type": "Feature", "geometry": {"type": "Polygon", "coordinates": [[[77.19287898243867, 28.543861722816686], [77.19294064997726, 28.543854907686022], [77.19295232939831, 28.543848298263242], [77.19297135409332, 28.543823311247436], [77.19297779071881, 28.543804948336412], [77.19297148965255, 28.543785988643275], [77.19297724479075, 28.543767636743286], [77.19297449662747, 28.5437556423031], [77.19296166190709, 28.54373939659159], [77.19289209637505, 28.5437379121447], [77.19286770979836, 28.54375636441538], [77.19285896555925, 28.54378399438507], [77.19284217090085, 28.543806938882696], [77.19283938962339, 28.543826245968056], [77.1928418981435, 28.543837642340986], [77.19285682719165, 28.543856261995607], [77.19287898243867, 28.543861722816686]]]}, "properties": {"node": "acacia", "role": "positive", "name": "acacia", "ts": "2026-07-14T16:25:16.443424+00:00"}}, {"type": "Feature", "geometry": {"type": "Polygon", "coordinates": [[[77.19283830071547, 28.543773693943006], [77.19285361888049, 28.543767226387327], [77.19285744868408, 28.543743688765886], [77.1928390305295, 28.543732148140595], [77.19281951124191, 28.54373326608892], [77.19280342989427, 28.543746768629706], [77.19280137165663, 28.543768070507156], [77.19283830071547, 28.543773693943006]]]}, "properties": {"node": "acacia", "role": "positive", "name": "acacia", "ts": "2026-07-14T16:25:16.443467+00:00"}}, {"type": "Feature", "geometry": {"type": "Polygon", "coordinates": [[[77.19293917561318, 28.5437289249471], [77.19299487867454, 28.543719397099704], [77.19303042650338, 28.543680298433873], [77.19303338087103, 28.54365838013297], [77.19302973652839, 28.54364700211626], [77.19299236277304, 28.543619916645675], [77.19297479652282, 28.543616588816857], [77.19296284424661, 28.543620995527988], [77.19295252237949, 28.54364925293504], [77.19292397211146, 28.543664160835082], [77.19291619601817, 28.543672713663245], [77.19291082454022, 28.543687648356634], [77.19291328462114, 28.543707673348806], [77.19292546693904, 28.543725334137996], [77.19293917561318, 28.5437289249471]]]}, "properties": {"node": "acacia", "role": "positive", "name": "acacia", "ts": "2026-07-14T16:25:16.443512+00:00"}}, {"type": "Feature", "geometry": {"type": "Polygon", "coordinates": [[[77.19288602600838, 28.543655761645955], [77.19290146671133, 28.543652774364254], [77.19291693841573, 28.543640595358166], [77.19291694511324, 28.543630230680712], [77.19290365616509, 28.54361949414486], [77.19289042938263, 28.543622445657064], [77.19287383856725, 28.543634056067408], [77.19287299085738, 28.543646585469922], [77.19288602600838, 28.543655761645955]]]}, "properties": {"node": "acacia", "role": "positive", "name": "acacia", "ts": "2026-07-14T16:25:16.443555+00:00"}}, {"type": "Feature", "geometry": {"type": "Polygon", "coordinates": [[[77.19301168308616, 28.543617162062063], [77.19302093696933, 28.543614861404595], [77.19304097685418, 28.543598697415952], [77.1930475280583, 28.543583533604465], [77.19303312809576, 28.54357261947519], [77.19299318851513, 28.543568962527424], [77.1929808932784, 28.543584805818632], [77.19298022241239, 28.54359518122709], [77.19299945388896, 28.543614817402812], [77.19301168308616, 28.543617162062063]]]}, "properties": {"node": "acacia", "role": "positive", "name": "acacia", "ts": "2026-07-14T16:25:16.443595+00:00"}}, {"type": "Feature", "geometry": {"type": "Polygon", "coordinates": [[[77.1930468555822, 28.54355108185838], [77.1930600864015, 28.543548325824066], [77.19307682565342, 28.54353319295144], [77.1931099113972, 28.543516035926025], [77.19312596883374, 28.543489376148653], [77.193122882713, 28.54346869687795], [77.1931347661176, 28.543443669008262], [77.19313547605556, 28.543424492862645], [77.19309184154008, 28.543392148634307], [77.19308365007113, 28.543392280992425], [77.19304553718126, 28.543412648164274], [77.19300279813993, 28.543455579232234], [77.19298905850243, 28.5434765303673], [77.19298967688587, 28.54349568505091], [77.19300512990065, 28.54352535572988], [77.19301259785458, 28.54353305738256], [77.19303736269384, 28.54354184846287], [77.1930468555822, 28.54355108185838]]]}, "properties": {"node": "acacia", "role": "positive", "name": "acacia", "ts": "2026-07-14T16:25:16.443638+00:00"}}, {"type": "Feature", "geometry": {"type": "Polygon", "coordinates": [[[77.19292393026174, 28.543596342691952], [77.19294698435391, 28.543590352080063], [77.19295877725061, 28.54356728773797], [77.19295227398133, 28.54354953519409], [77.19291916102198, 28.54354164300887], [77.19290748578739, 28.54354845300757], [77.19290172376421, 28.543577439328413], [77.19291136156903, 28.543592934109476], [77.19292393026174, 28.543596342691952]]]}, "properties": {"node": "acacia", "role": "positive", "name": "acacia", "ts": "2026-07-14T16:25:16.443750+00:00"}}, {"type": "Feature", "geometry": {"type": "Polygon", "coordinates": [[[77.19294330376366, 28.54354493267212], [77.19295124549762, 28.54354343545165], [77.19295792228965, 28.543534331910088], [77.19295997275985, 28.543515720778913], [77.19294538383102, 28.543506374155953], [77.19292520481481, 28.543505135724242], [77.19291092250566, 28.54353196235738], [77.19291705400364, 28.54353929449259], [77.19294330376366, 28.54354493267212]]]}, "properties": {"node": "acacia", "role": "positive", "name": "acacia", "ts": "2026-07-14T16:25:16.443818+00:00"}}, {"type": "Feature", "geometry": {"type": "Polygon", "coordinates": [[[77.19294389518487, 28.543492305213512], [77.19296586446004, 28.543486037423364], [77.19297350728436, 28.543477833068536], [77.19297532233529, 28.543457700119156], [77.1929695353917, 28.543447741808432], [77.19295168347446, 28.543448030244136], [77.19292853184959, 28.543472646909233], [77.1929325989212, 28.543485786519188], [77.19294389518487, 28.543492305213512]]]}, "properties": {"node": "acacia", "role": "positive", "name": "acacia", "ts": "2026-07-14T16:25:16.443864+00:00"}}, {"type": "Feature", "geometry": {"type": "Polygon", "coordinates": [[[77.19281560112393, 28.54363692773865], [77.19283501675659, 28.543633952221715], [77.19285405915805, 28.543612964162776], [77.19288131487168, 28.54361907601276], [77.19290381021348, 28.54360806522631], [77.19290695206882, 28.543591838703197], [77.19290020566399, 28.5435348206487], [77.19290894027806, 28.54351993706004], [77.19291136554057, 28.54350269833226], [77.192904548711, 28.543487042221994], [77.19287825266379, 28.543471291316273], [77.19284566147466, 28.543465060909174], [77.19283185559385, 28.543470198115635], [77.19277917770938, 28.543524081107073], [77.19277002613866, 28.543541223745574], [77.19276831466517, 28.54357053157206], [77.19277888129871, 28.54361049312907], [77.19279621371014, 28.54363007448618], [77.19281560112393, 28.54363692773865]]]}, "properties": {"node": "acacia", "role": "positive", "name": "acacia", "ts": "2026-07-14T16:25:16.443909+00:00"}}, {"type": "Feature", "geometry": {"type": "Polygon", "coordinates": [[[77.19284609016539, 28.543329114534753], [77.19285656590829, 28.54332835400267], [77.1928618194152, 28.543323341766335], [77.1928908993581, 28.543272415782482], [77.192887401075, 28.543265179811442], [77.19287194258443, 28.54326247315063], [77.19285888426853, 28.543246325293705], [77.19282067964434, 28.543266257781234], [77.19280033506199, 28.543286295903595], [77.19279156562746, 28.543304767356993], [77.19279351819426, 28.54331281668048], [77.19282729260003, 28.543326856004754], [77.19284609016539, 28.543329114534753]]]}, "properties": {"node": "acacia", "role": "positive", "name": "acacia", "ts": "2026-07-14T16:25:16.443951+00:00"}}, {"type": "Feature", "geometry": {"type": "Polygon", "coordinates": [[[77.19276186119684, 28.543422518399257], [77.1927842318624, 28.54341407611597], [77.19280484175917, 28.543374521367323], [77.1928014101127, 28.543348954541997], [77.19278481677568, 28.5433237974489], [77.19278216888837, 28.543303736602596], [77.19277593975684, 28.543293982520634], [77.19275932877989, 28.54328952061698], [77.19272305489571, 28.543305677092963], [77.19267242871449, 28.54330787462646], [77.1926525657641, 28.54331883860608], [77.19264403986007, 28.543338291588626], [77.19267987298271, 28.543397826491063], [77.19269862702753, 28.543408757896326], [77.19272604576881, 28.543406935278284], [77.19276186119684, 28.543422518399257]]]}, "properties": {"node": "acacia", "role": "positive", "name": "acacia", "ts": "2026-07-14T16:25:16.443993+00:00"}}, {"type": "Feature", "geometry": {"type": "Polygon", "coordinates": [[[77.19278329267715, 28.543298338174804], [77.19279647585596, 28.543296958643936], [77.1928047035843, 28.543290215290956], [77.1928171457741, 28.543253073655713], [77.19280032652028, 28.54323837471419], [77.19276336878454, 28.543229445001877], [77.19275048360977, 28.543245207114474], [77.19274970788024, 28.54328216026737], [77.19275959058571, 28.54329152739841], [77.19278329267715, 28.543298338174804]]]}, "properties": {"node": "acacia", "role": "positive", "name": "acacia", "ts": "2026-07-14T16:25:16.444044+00:00"}}, {"type": "Feature", "geometry": {"type": "Polygon", "coordinates": [[[77.19271492765124, 28.543301275220532], [77.1927396345457, 28.54328707946631], [77.19275531205332, 28.543257262033563], [77.19274036921657, 28.543225574154885], [77.19272280442425, 28.54321817123999], [77.1927079800217, 28.543224520657176], [77.1926953639809, 28.5432404920207], [77.19268678368105, 28.543278866943915], [77.19269289170957, 28.543293550346014], [77.19271492765124, 28.543301275220532]]]}, "properties": {"node": "acacia", "role": "positive", "name": "acacia", "ts": "2026-07-14T16:25:16.444101+00:00"}}, {"type": "Feature", "geometry": {"type": "Polygon", "coordinates": [[[77.19262738533003, 28.543310179047648], [77.1926533590209, 28.543303255335786], [77.19268053551885, 28.543278967883122], [77.19269497346306, 28.543232417460356], [77.19269672870492, 28.54322016925326], [77.19269140305636, 28.54320015166363], [77.19265451687573, 28.543186753856176], [77.1926199288638, 28.543187312613316], [77.19260793327457, 28.54320090881348], [77.19258891394654, 28.54320949402259], [77.19257826540603, 28.543223462648463], [77.19257706257838, 28.543240826384586], [77.19258698860696, 28.543288954159497], [77.19260386082719, 28.54330602590437], [77.19262738533003, 28.543310179047648]]]}, "properties": {"node": "acacia", "role": "positive", "name": "acacia", "ts": "2026-07-14T16:25:16.444151+00:00"}}, {"type": "Feature", "geometry": {"type": "Polygon", "coordinates": [[[77.19325912455398, 28.54344928627439], [77.1932708380274, 28.54344811920256], [77.19327998249948, 28.543440540233146], [77.1932938826918, 28.54341665310807], [77.19329505969205, 28.543398642762487], [77.19326582627241, 28.543355896864956], [77.19322785759896, 28.543340474661143], [77.19321105357729, 28.54335247967106], [77.19320133287418, 28.543385686031453], [77.19320639008227, 28.543426671470517], [77.1932255729493, 28.543443961704885], [77.19325912455398, 28.54344928627439]]]}, "properties": {"node": "acacia", "role": "positive", "name": "acacia", "ts": "2026-07-14T16:25:16.444214+00:00"}}, {"type": "Feature", "geometry": {"type": "Polygon", "coordinates": [[[77.19316726217902, 28.543534716418325], [77.19318484405427, 28.543532410558704], [77.19320247889391, 28.543521612455173], [77.19322246508588, 28.543480652151874], [77.19321306966407, 28.543458160277275], [77.19318768346336, 28.54344846169756], [77.19317834965199, 28.543451038630725], [77.19315747428733, 28.543471189182625], [77.19314478266499, 28.543477459536472], [77.19313009123483, 28.54349771233712], [77.19313682385027, 28.543524290761926], [77.19316726217902, 28.543534716418325]]]}, "properties": {"node": "acacia", "role": "positive", "name": "acacia", "ts": "2026-07-14T16:25:16.444269+00:00"}}, {"type": "Feature", "geometry": {"type": "Polygon", "coordinates": [[[77.19320035869497, 28.543662361107632], [77.19322179804655, 28.543658375502762], [77.19323569123652, 28.54364379651506], [77.19324307525258, 28.543624470489416], [77.19324407398518, 28.54356218418951], [77.19324783510125, 28.543555855961316], [77.1932386490921, 28.54354346949769], [77.19321801908632, 28.543531267958], [77.1932047356706, 28.543531078253107], [77.19316536560571, 28.543542631922787], [77.19313843167616, 28.543535586629933], [77.19310425068788, 28.543576574109927], [77.19310439308892, 28.543583445788162], [77.19311815250116, 28.543595556186908], [77.1931258996848, 28.54361585076651], [77.19313853983286, 28.543629192303534], [77.1931733702832, 28.5436526884174], [77.19320035869497, 28.543662361107632]]]}, "properties": {"node": "acacia", "role": "positive", "name": "acacia", "ts": "2026-07-14T16:25:16.444318+00:00"}}, {"type": "Feature", "geometry": {"type": "Polygon", "coordinates": [[[77.19326872379754, 28.543547118163303], [77.19331066129806, 28.54354177483794], [77.1933495203367, 28.54352598357472], [77.19339017072667, 28.54350102648846], [77.19339947940479, 28.543482796731325], [77.1933816315019, 28.543439539255914], [77.19337139129924, 28.54343406710027], [77.19332366603868, 28.543425701475513], [77.19328921656513, 28.54344181027645], [77.19326966105378, 28.543464871242527], [77.19323960757643, 28.543470022518463], [77.1932267601427, 28.54347683976838], [77.19321080231663, 28.543503536217127], [77.19321535827237, 28.54352154192421], [77.19323778856482, 28.543541591613483], [77.19326872379754, 28.543547118163303]]]}, "properties": {"node": "acacia", "role": "positive", "name": "acacia", "ts": "2026-07-14T16:25:16.444360+00:00"}}, {"type": "Feature", "geometry": {"type": "Polygon", "coordinates": [[[77.19320365840561, 28.54372215183873], [77.19322005821208, 28.543718045491868], [77.19323673418127, 28.543694121447622], [77.19323607537086, 28.5436844276529], [77.19322997788456, 28.54367745002891], [77.19321112593072, 28.54367371114308], [77.1931924457045, 28.543678258689468], [77.19318389065987, 28.543685270908387], [77.19318001374309, 28.543697059754194], [77.19318235847983, 28.543710769823715], [77.19319031213902, 28.543718930511233], [77.19320365840561, 28.54372215183873]]]}, "properties": {"node": "acacia", "role": "positive", "name": "acacia", "ts": "2026-07-14T16:25:16.444409+00:00"}}, {"type": "Feature", "geometry": {"type": "Polygon", "coordinates": [[[77.19297486033683, 28.543963254562794], [77.19299601327266, 28.543949904558424], [77.1929969545903, 28.543887607540086], [77.1929920030581, 28.54387487641299], [77.19297502185009, 28.543863325125944], [77.19294417281611, 28.543882744618493], [77.19294099296039, 28.54389087686372], [77.19294407099135, 28.543942465847504], [77.19296227411245, 28.543959121847788], [77.19297486033683, 28.543963254562794]]]}, "properties": {"node": "acacia", "role": "positive", "name": "acacia", "ts": "2026-07-14T16:25:16.444458+00:00"}}, {"type": "Feature", "geometry": {"type": "Polygon", "coordinates": [[[77.19317474886992, 28.544122120720385], [77.19320074451882, 28.54411236939067], [77.19322060078116, 28.544093191598268], [77.19321766040514, 28.544068161338505], [77.19322322787839, 28.544049992046684], [77.19322166577697, 28.5440383532081], [77.19319191507725, 28.544005008118962], [77.19313933583125, 28.543996137670838], [77.19310611136821, 28.544018253079937], [77.1930952312776, 28.54404564507476], [77.19308338891199, 28.54405847251557], [77.19308452293, 28.54407070147745], [77.19309273300068, 28.54409506338784], [77.19310731175283, 28.54410804711094], [77.19312241783265, 28.544114607066717], [77.19317474886992, 28.544122120720385]]]}, "properties": {"node": "acacia", "role": "positive", "name": "acacia", "ts": "2026-07-14T16:25:16.444501+00:00"}}, {"type": "Feature", "geometry": {"type": "Polygon", "coordinates": [[[77.19328572252189, 28.544123613607873], [77.19331185182011, 28.544120120015556], [77.19332910771264, 28.544102436864037], [77.19332876409038, 28.54408585714682], [77.19331714307977, 28.544073350044464], [77.19327418450821, 28.544070358631814], [77.19325982741894, 28.544082466509632], [77.19325482852062, 28.54410977989443], [77.19327059215898, 28.54412078676384], [77.19328572252189, 28.544123613607873]]]}, "properties": {"node": "acacia", "role": "positive", "name": "acacia", "ts": "2026-07-14T16:25:16.444542+00:00"}}, {"type": "Feature", "geometry": {"type": "Polygon", "coordinates": [[[77.1929774830719, 28.544276428490367], [77.1929986174518, 28.544266872968954], [77.19301029334692, 28.544248460989465], [77.19301013640546, 28.54424088753693], [77.19299054801856, 28.544213152407547], [77.1929723688755, 28.54419747513534], [77.19294715675572, 28.544189282726666], [77.19292612842288, 28.54420395543754], [77.19292282835383, 28.544234926981044], [77.19294108533224, 28.544265550222878], [77.1929774830719, 28.544276428490367]]]}, "properties": {"node": "acacia", "role": "positive", "name": "acacia", "ts": "2026-07-14T16:25:16.444584+00:00"}}, {"type": "Feature", "geometry": {"type": "Polygon", "coordinates": [[[77.19305716909396, 28.544328582365946], [77.1930742583961, 28.544325234886667], [77.1930895257569, 28.544312293292528], [77.19310040567889, 28.544266661561643], [77.19309314213976, 28.544251831709232], [77.1930624162917, 28.54423492388896], [77.19304807462335, 28.54423658891831], [77.19303479587367, 28.544244788977657], [77.19301617033891, 28.544263518006826], [77.19301381569754, 28.544272974849], [77.19301848281013, 28.54428559433788], [77.19301379897679, 28.54430573614969], [77.1930161396445, 28.544317983715953], [77.19302645745047, 28.54432355018226], [77.19305716909396, 28.544328582365946]]]}, "properties": {"node": "acacia", "role": "positive", "name": "acacia", "ts": "2026-07-14T16:25:16.444629+00:00"}}, {"type": "Feature", "geometry": {"type": "Polygon", "coordinates": [[[77.1931741827736, 28.54437686915534], [77.19319057849263, 28.54437256069864], [77.19320697271908, 28.544357132593408], [77.19322403981711, 28.544363124251134], [77.19322888942273, 28.544343030477194], [77.19323461565463, 28.54434314012025], [77.19325078098834, 28.54432771570887], [77.19325789307563, 28.544328409483605], [77.19326160425179, 28.54435281278741], [77.19326848327034, 28.544353308152], [77.19326696845563, 28.544291264651932], [77.19321683351245, 28.544280550785547], [77.1931782560217, 28.54430826572792], [77.19315029624683, 28.54431801761678], [77.19314669845144, 28.544332228061485], [77.19315376473303, 28.544363855484658], [77.19316290054847, 28.54437381665146], [77.1931741827736, 28.54437686915534]]]}, "properties": {"node": "acacia", "role": "positive", "name": "acacia", "ts": "2026-07-14T16:25:16.444673+00:00"}}, {"type": "Feature", "geometry": {"type": "Polygon", "coordinates": [[[77.19274897746801, 28.544338271223992], [77.19276305343097, 28.544334972466675], [77.19278111364247, 28.5443113384487], [77.1927781285076, 28.544301558366882], [77.19275708022619, 28.544292889138983], [77.19273797260777, 28.54429954528935], [77.19272919974202, 28.54431258667876], [77.19273492972553, 28.54433174121385], [77.19274897746801, 28.544338271223992]]]}, "properties": {"node": "acacia", "role": "positive", "name": "acacia", "ts": "2026-07-14T16:25:16.444717+00:00"}}, {"type": "Feature", "geometry": {"type": "Polygon", "coordinates": [[[77.19263296317068, 28.544289775397374], [77.19264655009334, 28.544285256013897], [77.1926533456091, 28.544266308636328], [77.19264595066136, 28.544245133429893], [77.19263677489862, 28.544238729457867], [77.19262372366927, 28.544246721046097], [77.19260542739399, 28.544270154101305], [77.19261006053154, 28.544281136103233], [77.19263296317068, 28.544289775397374]]]}, "properties": {"node": "acacia", "role": "positive", "name": "acacia", "ts": "2026-07-14T16:25:16.444762+00:00"}}, {"type": "Feature", "geometry": {"type": "Polygon", "coordinates": [[[77.19259397266867, 28.5443312517149], [77.19261042284622, 28.54432957073436], [77.19262397569238, 28.544320658226656], [77.19261604153478, 28.544302388397732], [77.19259602413793, 28.54429765737829], [77.19257835560786, 28.54430683854645], [77.19257809465162, 28.5443163450284], [77.19258775936068, 28.54432973468214], [77.19259397266867, 28.5443312517149]]]}, "properties": {"node": "acacia", "role": "positive", "name": "acacia", "ts": "2026-07-14T16:25:16.444808+00:00"}}, {"type": "Feature", "geometry": {"type": "Polygon", "coordinates": [[[77.19272427003243, 28.544422824717287], [77.19273917968667, 28.544418570892233], [77.19274922747792, 28.544409981371004], [77.19275954530433, 28.544381523395074], [77.19275714067797, 28.544375141527752], [77.1927289502477, 28.544363558125], [77.19271554204971, 28.54435253848993], [77.19270483629144, 28.544351306916234], [77.19269404051684, 28.54435669815991], [77.1926850094327, 28.544370488083963], [77.19268636692773, 28.544392136071462], [77.19270751256222, 28.54441466825516], [77.19272427003243, 28.544422824717287]]]}, "properties": {"node": "acacia", "role": "positive", "name": "acacia", "ts": "2026-07-14T16:25:16.444854+00:00"}}, {"type": "Feature", "geometry": {"type": "Polygon", "coordinates": [[[77.19223963539457, 28.544261507701872], [77.19225019571232, 28.54425571900211], [77.19225450907304, 28.544233578114778], [77.19224524388707, 28.5442250999282], [77.1922252493955, 28.544225222233003], [77.19221884449253, 28.544234154171715], [77.19222085844744, 28.544254587680328], [77.19223963539457, 28.544261507701872]]]}, "properties": {"node": "acacia", "role": "positive", "name": "acacia", "ts": "2026-07-14T16:25:16.444896+00:00"}}, {"type": "Feature", "geometry": {"type": "Polygon", "coordinates": [[[77.19236802616359, 28.54376308212235], [77.19237904716196, 28.543760557405783], [77.1923859778085, 28.54375301425329], [77.19239517906591, 28.5437161007314], [77.19237397404946, 28.54368671844754], [77.1923475933366, 28.543664068731587], [77.19233457442667, 28.543655674471456], [77.19231522425335, 28.543651684750454], [77.19226525047038, 28.5436554253092], [77.19225033489617, 28.543640999379043], [77.19223287868321, 28.543653601481353], [77.19222625446376, 28.543665246394074], [77.19222423354367, 28.543695981635032], [77.19223668813657, 28.543730589786854], [77.19225226789827, 28.54374500498998], [77.19227412629222, 28.543752474249327], [77.19230415459948, 28.54374807806451], [77.19236802616359, 28.54376308212235]]]}, "properties": {"node": "acacia", "role": "positive", "name": "acacia", "ts": "2026-07-14T16:25:16.444942+00:00"}}]}