{
"type": "FeatureCollection",
"name": "selected_polygons",
"crs": { "type": "name", "properties": { "name": "urn:ogc:def:crs:OGC:1.3:CRS84" } },
"features": [
{ "type": "Feature", "properties": { "polygon_id": "indiasat_0", "source": "indiasat", "raw_class": "green", "core_class": "greenery", "lon": 83.70958951137132, "lat": 26.079811768803523, "block": "83_26" }, "geometry": { "type": "Polygon", "coordinates": [ [ [ 83.706922770356158, 26.080140513003336 ], [ 83.706953990482148, 26.079846266950131 ], [ 83.707159069829657, 26.079819458421714 ], [ 83.707368689579653, 26.079333454409557 ], [ 83.707520247868388, 26.078963361293379 ], [ 83.707252729805177, 26.078923158424963 ], [ 83.707801225742202, 26.077621114580602 ], [ 83.708251598597855, 26.077585496749361 ], [ 83.708242678749372, 26.077362503759939 ], [ 83.708889202274364, 26.07728666314183 ], [ 83.708978399775305, 26.077835159779713 ], [ 83.709134495094389, 26.077817350092026 ], [ 83.709281589234266, 26.077968952945174 ], [ 83.709598237788057, 26.077910987972345 ], [ 83.709674054808417, 26.078254345712764 ], [ 83.710200230493996, 26.078200829408196 ], [ 83.709977240879056, 26.077839662462722 ], [ 83.710512333526225, 26.077514090477642 ], [ 83.71095822703721, 26.077384790772662 ], [ 83.710922549187003, 26.077268837500618 ], [ 83.711649400263013, 26.077108298940914 ], [ 83.711921440177193, 26.078138427677487 ], [ 83.712545708498197, 26.080666675001034 ], [ 83.711649400263013, 26.081076923220252 ], [ 83.707783385914894, 26.082802595297192 ], [ 83.707404369466815, 26.081625409130343 ], [ 83.707279489772304, 26.081045734320057 ], [ 83.707083249746276, 26.081054609337382 ], [ 83.70694953046511, 26.080434859005116 ], [ 83.706922770356158, 26.080140513003336 ] ] ] } },
{ "type": "Feature", "properties": { "polygon_id": "indiasat_1", "source": "indiasat", "raw_class": "green", "core_class": "greenery", "lon": 83.714061148164475, "lat": 26.078901934815608, "block": "83_26" }, "geometry": { "type": "Polygon", "coordinates": [ [ [ 83.712006173678077, 26.078151812245054 ], [ 83.713384029621054, 26.077879774637672 ], [ 83.715698252985618, 26.077429424673035 ], [ 83.716162027848284, 26.079520751632913 ], [ 83.716019328258753, 26.079551902274481 ], [ 83.714922395315554, 26.079797207322581 ], [ 83.713745171539557, 26.080127190104037 ], [ 83.712625981538793, 26.080631016514342 ], [ 83.712006173678077, 26.078151812245054 ] ] ] } },
{ "type": "Feature", "properties": { "polygon_id": "indiasat_2", "source": "indiasat", "raw_class": "green", "core_class": "greenery", "lon": 83.703217684872726, "lat": 26.075544604801475, "block": "83_26" }, "geometry": { "type": "Polygon", "coordinates": [ [ [ 83.699404751614651, 26.075525321252428 ], [ 83.699797117239953, 26.075422816747846 ], [ 83.699721288193302, 26.075173111469098 ], [ 83.700296532334377, 26.074981327551612 ], [ 83.701326573459113, 26.074620159918691 ], [ 83.702182724905072, 26.074321448114389 ], [ 83.703123610173876, 26.07398700074998 ], [ 83.704077861898725, 26.07364809944896 ], [ 83.705148062911874, 26.073246802266031 ], [ 83.705558313920946, 26.073081750701533 ], [ 83.705642974990596, 26.073398381048918 ], [ 83.70580799887118, 26.074040522969781 ], [ 83.70595510087071, 26.074687091178468 ], [ 83.7061067436928, 26.075369325267008 ], [ 83.706236085808001, 26.075944536981535 ], [ 83.706240545876156, 26.076020339798159 ], [ 83.706191485108974, 26.076127306063242 ], [ 83.706093363458649, 26.076287899355155 ], [ 83.705865980130795, 26.076604496548541 ], [ 83.705785698372324, 26.076644641317987 ], [ 83.70549141213219, 26.076689204859022 ], [ 83.705388829249799, 26.076715986261327 ], [ 83.705299626606006, 26.076809619806522 ], [ 83.705237184679333, 26.076849732987633 ], [ 83.704621844525718, 26.076956727648341 ], [ 83.703716663891967, 26.077135141942986 ], [ 83.702592995449024, 26.077335727936891 ], [ 83.701464846323304, 26.077545357931466 ], [ 83.700697813273479, 26.077696906541338 ], [ 83.700684512976565, 26.077634547756176 ], [ 83.700769180671756, 26.077603307703694 ], [ 83.700671131577423, 26.07734024429649 ], [ 83.700778101590785, 26.077313478242228 ], [ 83.700755799290803, 26.076938867649243 ], [ 83.700653289707432, 26.076323520760202 ], [ 83.700381281656675, 26.076207592050672 ], [ 83.700122653938024, 26.076274531197942 ], [ 83.700051285799034, 26.076078269998174 ], [ 83.700309913813982, 26.076002530900414 ], [ 83.700296532334377, 26.075917719256804 ], [ 83.700528396474425, 26.075850870219433 ], [ 83.700564080280827, 26.075940066167465 ], [ 83.700858389804623, 26.075882134131778 ], [ 83.700827166622659, 26.075761704061033 ], [ 83.700666671110412, 26.075681435748766 ], [ 83.70017171948615, 26.075810720066386 ], [ 83.700091430387261, 26.075592249339628 ], [ 83.699801577769222, 26.075668063950257 ], [ 83.699864025145629, 26.07594448337079 ], [ 83.699538487096078, 26.076042627295067 ], [ 83.699404751614651, 26.075525321252428 ] ], [ [ 83.70550925261621, 26.076341393118962 ], [ 83.705500332374839, 26.076421641634347 ], [ 83.705366528600834, 26.076452810343817 ], [ 83.705250565097458, 26.076408249576385 ], [ 83.704715508317804, 26.075663612342076 ], [ 83.705330847545866, 26.075543235931121 ], [ 83.70550925261621, 26.076341393118962 ] ] ] } },
{ "type": "Feature", "properties": { "polygon_id": "indiasat_4", "source": "indiasat", "raw_class": "green", "core_class": "greenery", "lon": 75.246110657729986, "lat": 13.698685695289166, "block": "75_13" }, "geometry": { "type": "Polygon", "coordinates": [ [ [ 75.240597009253293, 13.697069737412486 ], [ 75.242452000478906, 13.696499004546249 ], [ 75.242670542231465, 13.696811138368927 ], [ 75.242608050894134, 13.697100992983007 ], [ 75.242594698041003, 13.697435393779209 ], [ 75.242969289644648, 13.697511194515243 ], [ 75.243178839781407, 13.697457711588406 ], [ 75.244048371905009, 13.698594791643016 ], [ 75.24450770508939, 13.699085303003919 ], [ 75.24487330128575, 13.699446462707103 ], [ 75.245756176495291, 13.700021684992056 ], [ 75.246170907126228, 13.699914621574685 ], [ 75.24676393706568, 13.699673858553849 ], [ 75.247272310220723, 13.698947036431816 ], [ 75.247432806599988, 13.698429790152206 ], [ 75.247597842637063, 13.697796548401405 ], [ 75.247664693754217, 13.697306078162827 ], [ 75.247918834555691, 13.696177955726391 ], [ 75.247811837323312, 13.695968367172506 ], [ 75.247722643234567, 13.695785503992973 ], [ 75.247637988917262, 13.695727534061449 ], [ 75.247575499580833, 13.695544739807392 ], [ 75.24754879472853, 13.695375301458235 ], [ 75.247361504568474, 13.69515680625655 ], [ 75.24728566267126, 13.694978454022174 ], [ 75.24713851860291, 13.694759981733526 ], [ 75.247022619184008, 13.6945681880813 ], [ 75.24690217983435, 13.694363038558755 ], [ 75.246848680876681, 13.694104455434916 ], [ 75.246884376522701, 13.693845853503493 ], [ 75.247000276044901, 13.693685313303307 ], [ 75.24719201746062, 13.693515855053048 ], [ 75.247218811390724, 13.693315235781556 ], [ 75.247196468279881, 13.693092277290649 ], [ 75.247129616960919, 13.69290492038602 ], [ 75.247076118081679, 13.692637390114337 ], [ 75.246451844438127, 13.692178148104956 ], [ 75.24678182940778, 13.691736682757684 ], [ 75.246942326294629, 13.69158504147369 ], [ 75.24723661466399, 13.691723260049173 ], [ 75.247446248052938, 13.691870465911213 ], [ 75.247664693754217, 13.692124575393084 ], [ 75.247798484918079, 13.69228517550262 ], [ 75.247945628360227, 13.692592800547599 ], [ 75.24793672676455, 13.692833574286201 ], [ 75.24793672676455, 13.692976262317194 ], [ 75.24801701913907, 13.693266157237495 ], [ 75.24805707629487, 13.693404386869261 ], [ 75.248146270191242, 13.693716509421865 ], [ 75.248275610151438, 13.6940152290241 ], [ 75.248409400788219, 13.694242702051266 ], [ 75.248529749951672, 13.694532530761542 ], [ 75.248685883268621, 13.694822376030832 ], [ 75.248828575096397, 13.6950319727967 ], [ 75.248980168329112, 13.695232642300883 ], [ 75.24909606628492, 13.695344055223703 ], [ 75.249234306974529, 13.695468956271451 ], [ 75.249537492498334, 13.695598253230534 ], [ 75.249693624800457, 13.695388679841161 ], [ 75.249796169989722, 13.695094360038665 ], [ 75.249938860795609, 13.694648506602503 ], [ 75.249912067335515, 13.694229311305916 ], [ 75.250152852250821, 13.693979596530424 ], [ 75.250429331622058, 13.693769996149916 ], [ 75.250518524153676, 13.694028676901162 ], [ 75.250638960694275, 13.694657424474505 ], [ 75.250982288885098, 13.695567071021518 ], [ 75.251062579682326, 13.695758776378725 ], [ 75.250991190305896, 13.696663972275987 ], [ 75.250808355019842, 13.697020736257322 ], [ 75.250433782348395, 13.697221386044838 ], [ 75.250215340548507, 13.697239224658809 ], [ 75.249439397892871, 13.697011750677316 ], [ 75.249047018850291, 13.696882470067751 ], [ 75.2487393815925, 13.697132181278958 ], [ 75.248917679533577, 13.69737741859257 ], [ 75.24917190729667, 13.697480000700558 ], [ 75.24967573279433, 13.697546837673523 ], [ 75.249662380549609, 13.697720824997267 ], [ 75.249751573522516, 13.697801017375536 ], [ 75.249176358059117, 13.698117660382691 ], [ 75.248873082813674, 13.698639342467754 ], [ 75.248757184691186, 13.699183393212257 ], [ 75.248462899207482, 13.70004394402987 ], [ 75.24815971158236, 13.700494372594951 ], [ 75.247388209453021, 13.701346064162626 ], [ 75.246746133738156, 13.701849886452733 ], [ 75.246166456277521, 13.702112974578258 ], [ 75.245979164448201, 13.702090693252856 ], [ 75.245684873693008, 13.702367202677037 ], [ 75.24531919039174, 13.702969104106119 ], [ 75.245176495335144, 13.70309841923323 ], [ 75.244672655220853, 13.703620166909316 ], [ 75.244427410898268, 13.703771753210427 ], [ 75.24413756810651, 13.70399026340686 ], [ 75.243473135290088, 13.704030369489129 ], [ 75.243241241870265, 13.703914494446872 ], [ 75.242888994657463, 13.703664805792361 ], [ 75.242398499986678, 13.703450715810119 ], [ 75.24247879522764, 13.70288445286589 ], [ 75.242344999476003, 13.702411761850014 ], [ 75.242683895078073, 13.702277991811819 ], [ 75.243424086077397, 13.70204607617487 ], [ 75.243334889465771, 13.701658196806967 ], [ 75.243241241870265, 13.701310327231409 ], [ 75.243085192091712, 13.700797564194414 ], [ 75.242862288998396, 13.699838901176721 ], [ 75.242541197597973, 13.699170007421936 ], [ 75.242095300509277, 13.69864381888892 ], [ 75.241805453361764, 13.698309370541587 ], [ 75.241332759217443, 13.697872357711923 ], [ 75.240877956656604, 13.69754684780826 ], [ 75.240597009253293, 13.697069737412486 ] ] ] } },
{ "type": "Feature", "properties": { "polygon_id": "indiasat_7", "source": "indiasat", "raw_class": "green", "core_class": "greenery", "lon": 75.220038210537226, "lat": 13.686826516454662, "block": "75_13" }, "geometry": { "type": "Polygon", "coordinates": [ [ [ 75.214002985500699, 13.686185109163098 ], [ 75.214141168364122, 13.686020112656569 ], [ 75.214453325850855, 13.685877374247886 ], [ 75.214720876194079, 13.685904191332126 ], [ 75.215113252855133, 13.685939872397904 ], [ 75.21535854341333, 13.68614052710965 ], [ 75.215447667037779, 13.686403555462681 ], [ 75.215474466439346, 13.686581919790255 ], [ 75.21560374455099, 13.686742495324946 ], [ 75.215898092248139, 13.686961014309579 ], [ 75.216174543526364, 13.687085861800334 ], [ 75.21639748487631, 13.687161599877083 ], [ 75.216540206347801, 13.687424699422584 ], [ 75.216843366619287, 13.687504960537513 ], [ 75.217369555293658, 13.687420290736855 ], [ 75.217797627611617, 13.687393514087089 ], [ 75.218274755915985, 13.68716612456039 ], [ 75.218823286949075, 13.686889629638987 ], [ 75.219028328973693, 13.686653304998286 ], [ 75.219046224508844, 13.686309944267485 ], [ 75.219135346023933, 13.6859576534758 ], [ 75.219460937379381, 13.685315531741695 ], [ 75.21987110851191, 13.684878598037779 ], [ 75.220268012825144, 13.684446021981074 ], [ 75.220651472357275, 13.68377720887807 ], [ 75.221079535655761, 13.683264348260696 ], [ 75.221110785654957, 13.682867508910178 ], [ 75.221124140353567, 13.682350241349363 ], [ 75.221378324565251, 13.682163017185294 ], [ 75.221668120769749, 13.681904383469581 ], [ 75.221877699624272, 13.681801789698486 ], [ 75.222091729735084, 13.681850818316974 ], [ 75.22272945581247, 13.682252160724138 ], [ 75.223371541749202, 13.68263561306054 ], [ 75.223995819102868, 13.683028054278758 ], [ 75.224267804531337, 13.683184109807806 ], [ 75.224718204233241, 13.683331276488845 ], [ 75.225351379075832, 13.683456136329349 ], [ 75.225966745633016, 13.683523038381962 ], [ 75.226452751730648, 13.683612214586917 ], [ 75.226599915395184, 13.683705805495562 ], [ 75.227170674062194, 13.683861900305528 ], [ 75.227375794119837, 13.683991186072165 ], [ 75.227326739825102, 13.68419636287631 ], [ 75.227241985362895, 13.684410390157554 ], [ 75.226987899755173, 13.684410391420428 ], [ 75.226755981730662, 13.68441035934309 ], [ 75.226484000651084, 13.684392495923003 ], [ 75.226345739710524, 13.684285504023467 ], [ 75.226038057485553, 13.684018003144329 ], [ 75.225886441859828, 13.683768223942772 ], [ 75.225507446663613, 13.68376822452495 ], [ 75.224985736943779, 13.683866357379427 ], [ 75.224455122533655, 13.684013511958341 ], [ 75.224196491867573, 13.68408930038313 ], [ 75.223924417284778, 13.684147236037823 ], [ 75.223679229246116, 13.684138394076049 ], [ 75.223500813306387, 13.684075948845281 ], [ 75.223068305154598, 13.68418740064066 ], [ 75.222577836963623, 13.684330099861185 ], [ 75.222158680857419, 13.684579775452432 ], [ 75.221730620525648, 13.684767128485399 ], [ 75.221418477619935, 13.684941030701053 ], [ 75.221333719940262, 13.685137240286126 ], [ 75.221315913699172, 13.685422610671599 ], [ 75.221048374681644, 13.685489507288416 ], [ 75.220785286780213, 13.685525180255938 ], [ 75.220334875699862, 13.685921989177407 ], [ 75.22006733499687, 13.68642144311303 ], [ 75.219902358753615, 13.68652398655373 ], [ 75.219799793834312, 13.686840615341243 ], [ 75.219741833941185, 13.687179483104215 ], [ 75.219567954132387, 13.687504952404918 ], [ 75.219741833941185, 13.687634332129639 ], [ 75.219661526956841, 13.687781421568211 ], [ 75.219563413489624, 13.687977683029425 ], [ 75.219492098671125, 13.688276418952253 ], [ 75.219478743832568, 13.688557331480254 ], [ 75.219438590277747, 13.688815967137698 ], [ 75.219558961878931, 13.688985385521567 ], [ 75.219710583667279, 13.689177179710704 ], [ 75.219822051852049, 13.689293052316977 ], [ 75.220062883400601, 13.689471414330816 ], [ 75.220201149921735, 13.689596313288956 ], [ 75.220343778876753, 13.689774655730474 ], [ 75.220477593564084, 13.689872781686297 ], [ 75.220593512781107, 13.690068951570858 ], [ 75.220696077177692, 13.690207174426321 ], [ 75.220865504153608, 13.690296360813043 ], [ 75.22109734192388, 13.690296399116843 ], [ 75.221226704400635, 13.69028746701626 ], [ 75.221418477619935, 13.69019824973862 ], [ 75.221547750798848, 13.690095689287372 ], [ 75.221735072074253, 13.690051119803968 ], [ 75.221757329815375, 13.690189376043737 ], [ 75.221788579678559, 13.690340999453452 ], [ 75.221944650838637, 13.690358813883533 ], [ 75.222078375119466, 13.690175979625463 ], [ 75.222229994454736, 13.690242830666048 ], [ 75.222283501888938, 13.690537185816311 ], [ 75.22217648700213, 13.690751242417001 ], [ 75.221895594831977, 13.690902862434033 ], [ 75.221601258467516, 13.690925106381785 ], [ 75.221083987222983, 13.69080474919433 ], [ 75.220807544657106, 13.690684287357689 ], [ 75.220562262678101, 13.690626381428201 ], [ 75.220406190132451, 13.690804674470698 ], [ 75.220343778876753, 13.690996480564877 ], [ 75.220312617755411, 13.691326401009277 ], [ 75.220299173955411, 13.69165197599663 ], [ 75.220401738545846, 13.691879350048602 ], [ 75.220593512781107, 13.692213764005016 ], [ 75.220727238222295, 13.692450086288845 ], [ 75.220892302623184, 13.692481356288138 ], [ 75.221075084088397, 13.692548207918881 ], [ 75.221124140353567, 13.692806844402359 ], [ 75.221048374681644, 13.693119004792814 ], [ 75.220771843021026, 13.69346682863088 ], [ 75.220548907931317, 13.69348909875387 ], [ 75.220379480610958, 13.693359807747068 ], [ 75.220276916005858, 13.693194818154948 ], [ 75.220348230464992, 13.692967407794672 ], [ 75.220397286959127, 13.692686499839867 ], [ 75.220045077014177, 13.692374360667792 ], [ 75.219786439022144, 13.692124607867482 ], [ 75.219527800600559, 13.691665322138659 ], [ 75.219197846796305, 13.691513730065793 ], [ 75.219014974095373, 13.691335351805511 ], [ 75.218863351629892, 13.691250599541847 ], [ 75.218823286949075, 13.691000946584339 ], [ 75.218970368793478, 13.690697681856211 ], [ 75.218890150443997, 13.690381142498227 ], [ 75.218832190212382, 13.690109065303361 ], [ 75.218685019204784, 13.689734512672853 ], [ 75.218506686575495, 13.689386725059345 ], [ 75.218381773483941, 13.689212814115491 ], [ 75.218020566639183, 13.689511602024139 ], [ 75.217837781589424, 13.68940009274943 ], [ 75.217418612725879, 13.689154891701524 ], [ 75.216972732629003, 13.689012188470043 ], [ 75.216700734459295, 13.688900687294604 ], [ 75.216727444611564, 13.688704483952732 ], [ 75.216821108175949, 13.688557346287439 ], [ 75.216856810717516, 13.688249655010011 ], [ 75.216575819919825, 13.688245168788933 ], [ 75.216286014241206, 13.68821398896797 ], [ 75.215956053571261, 13.688111448517159 ], [ 75.21593370596689, 13.687982140453634 ], [ 75.215808879846904, 13.687777002476146 ], [ 75.215590389379145, 13.687857277933871 ], [ 75.215340647454624, 13.688053454969305 ], [ 75.215175666206207, 13.687991041274406 ], [ 75.214992877819313, 13.68783943517086 ], [ 75.214836799694368, 13.687562961762403 ], [ 75.214662914411605, 13.687228532087882 ], [ 75.214453325850855, 13.687027889681227 ], [ 75.214199130340617, 13.686795973758935 ], [ 75.214159064460546, 13.686510624553778 ], [ 75.214002985500699, 13.686185109163098 ] ] ] } },
{ "type": "Feature", "properties": { "polygon_id": "indiasat_8", "source": "indiasat", "raw_class": "green", "core_class": "greenery", "lon": 80.927495833957579, "lat": 26.803830774190818, "block": "80_26" }, "geometry": { "type": "Polygon", "coordinates": [ [ [ 80.92320851533529, 26.808592678074721 ], [ 80.923244208168811, 26.807468970123477 ], [ 80.923333397992465, 26.807393169016478 ], [ 80.923315509407672, 26.807232599025308 ], [ 80.923266484539056, 26.80708098736018 ], [ 80.923270956688384, 26.805337541574215 ], [ 80.924024552450078, 26.804410041742194 ], [ 80.926062372607859, 26.802711114829247 ], [ 80.930494668379964, 26.799032385919151 ], [ 80.932639557330674, 26.801681073971576 ], [ 80.927957462204816, 26.805600589505861 ], [ 80.92439016743829, 26.808570374378345 ], [ 80.924318867162867, 26.808619434392288 ], [ 80.92320851533529, 26.808592678074721 ] ] ] } },
{ "type": "Feature", "properties": { "polygon_id": "indiasat_9", "source": "indiasat", "raw_class": "green", "core_class": "greenery", "lon": 80.929864158808968, "lat": 26.806327077833163, "block": "80_26" }, "geometry": { "type": "Polygon", "coordinates": [ [ [ 80.924403583695977, 26.810813251503799 ], [ 80.924421387657105, 26.808659532108631 ], [ 80.925478227023589, 26.807790034770591 ], [ 80.932679633180186, 26.801743444111413 ], [ 80.933705230569458, 26.803045514031464 ], [ 80.9333173005041, 26.803388909070453 ], [ 80.933567033864705, 26.803888304412197 ], [ 80.933611580814102, 26.804280683303556 ], [ 80.93350907217156, 26.804525935591219 ], [ 80.933094395942959, 26.804994150040873 ], [ 80.933156745162151, 26.805337499419071 ], [ 80.933366403544426, 26.805542649145107 ], [ 80.931774504646498, 26.806867001482733 ], [ 80.932902623274728, 26.808338450058883 ], [ 80.931662965909041, 26.808784393685286 ], [ 80.927038864086128, 26.808721947404411 ], [ 80.925232940288112, 26.808695227061946 ], [ 80.924996596900883, 26.810813244117099 ], [ 80.924403583695977, 26.810813251503799 ] ] ] } },
{ "type": "Feature", "properties": { "polygon_id": "indiasat_10", "source": "indiasat", "raw_class": "green", "core_class": "greenery", "lon": 76.966714887728656, "lat": 29.709508522139192, "block": "76_29" }, "geometry": { "type": "Polygon", "coordinates": [ [ [ 76.959897120857391, 29.702009674833455 ], [ 76.961123348313905, 29.701907103244928 ], [ 76.96107429593583, 29.700885979451908 ], [ 76.961399816993648, 29.7007388622043 ], [ 76.961381971816365, 29.700234953811009 ], [ 76.96512764369119, 29.699485850687882 ], [ 76.965194539062367, 29.699793555430169 ], [ 76.969207666789544, 29.699004273234269 ], [ 76.969296886926585, 29.700297390123772 ], [ 76.969613508009203, 29.703601623358246 ], [ 76.970228815923804, 29.70360160962322 ], [ 76.970255537797172, 29.704011845144041 ], [ 76.971299004792158, 29.713768375506842 ], [ 76.971945596487046, 29.721469185466447 ], [ 76.971874221933263, 29.721919606815636 ], [ 76.971606654884368, 29.72177244626285 ], [ 76.966492091036073, 29.720617475974958 ], [ 76.960365319847313, 29.704087657127598 ], [ 76.959897120857391, 29.702009674833455 ] ] ] } },
{ "type": "Feature", "properties": { "polygon_id": "indiasat_11", "source": "indiasat", "raw_class": "green", "core_class": "greenery", "lon": 76.977080465020919, "lat": 29.712723300646456, "block": "76_29" }, "geometry": { "type": "Polygon", "coordinates": [ [ [ 76.970884291239173, 29.703186903359587 ], [ 76.978803687436809, 29.701581633641187 ], [ 76.978950823115341, 29.702063173573379 ], [ 76.979432396772367, 29.702009683857806 ], [ 76.979691069333995, 29.702798940311588 ], [ 76.979115801200592, 29.702897026659386 ], [ 76.979454721914877, 29.703994006107067 ], [ 76.977702273674566, 29.704310599085453 ], [ 76.977871736116299, 29.704899156986237 ], [ 76.97746592239605, 29.704957138102348 ], [ 76.977764679476692, 29.706116529368757 ], [ 76.980114630184417, 29.705585903758813 ], [ 76.980284089269546, 29.705630468309483 ], [ 76.9804089860895, 29.705884633376893 ], [ 76.982856973053032, 29.705679509053862 ], [ 76.985006260099553, 29.7054565983724 ], [ 76.985041943534085, 29.70575085916516 ], [ 76.985635025293064, 29.705666157344798 ], [ 76.985581500398226, 29.7062503285666 ], [ 76.981697674720365, 29.706656034243537 ], [ 76.981991938905921, 29.70825241338737 ], [ 76.981483568073813, 29.708296984384944 ], [ 76.981510375371613, 29.708738483745712 ], [ 76.985104345574243, 29.708448631774999 ], [ 76.982843613499028, 29.715030222060754 ], [ 76.982700965012015, 29.715061521035317 ], [ 76.982455658442888, 29.714040354021517 ], [ 76.979142609019675, 29.714664603003275 ], [ 76.979454721914877, 29.715859636489945 ], [ 76.98277224533048, 29.715190777839986 ], [ 76.979699946636089, 29.723832531343621 ], [ 76.978968665721382, 29.723836985306807 ], [ 76.975936439909745, 29.724541496413959 ], [ 76.9758116264004, 29.724800195567713 ], [ 76.974246436559, 29.724162542848127 ], [ 76.973510727980582, 29.723297480384076 ], [ 76.97312274319728, 29.723185990182536 ], [ 76.970884291239173, 29.703186903359587 ] ] ] } },
{ "type": "Feature", "properties": { "polygon_id": "indiasat_14", "source": "indiasat", "raw_class": "green", "core_class": "greenery", "lon": 75.05297437125131, "lat": 15.408208490578156, "block": "75_15" }, "geometry": { "type": "Polygon", "coordinates": [ [ [ 75.049194578800282, 15.413346562181072 ], [ 75.049346186078452, 15.412829251356879 ], [ 75.049346186078452, 15.412477028112157 ], [ 75.049520075260546, 15.411919641794146 ], [ 75.049390750212851, 15.411255177742229 ], [ 75.049323904006584, 15.410800386730747 ], [ 75.049306078346874, 15.410162702240514 ], [ 75.049413032275368, 15.409748001405362 ], [ 75.049774268640263, 15.409065840231781 ], [ 75.05037623830782, 15.407679004841871 ], [ 75.051000487551192, 15.405462820534455 ], [ 75.050889078313162, 15.403683632698009 ], [ 75.054603509587267, 15.404098395849976 ], [ 75.058830669069323, 15.405177469089166 ], [ 75.058362505300764, 15.406604398380955 ], [ 75.057586596364871, 15.406479563610601 ], [ 75.057412715956673, 15.406871944697148 ], [ 75.056404990151606, 15.406684610099264 ], [ 75.05634251397268, 15.406974508443426 ], [ 75.056882072064781, 15.407224186050959 ], [ 75.056511939331301, 15.407906460359039 ], [ 75.054541032704094, 15.407491734514847 ], [ 75.054389430351094, 15.407759262901006 ], [ 75.056146351089524, 15.40829887746064 ], [ 75.056088331035681, 15.408508402909476 ], [ 75.055142984425729, 15.408963270415372 ], [ 75.053854320132046, 15.409703448488198 ], [ 75.05340396698891, 15.410595290037664 ], [ 75.053016000954472, 15.412062341442768 ], [ 75.052864397155204, 15.414051067401106 ], [ 75.049194578800282, 15.413346562181072 ] ] ] } },
{ "type": "Feature", "properties": { "polygon_id": "indiasat_33", "source": "indiasat", "raw_class": "green", "core_class": "greenery", "lon": 73.080464077591955, "lat": 25.110273445561717, "block": "73_25" }, "geometry": { "type": "Polygon", "coordinates": [ [ [ 73.075195111443833, 25.109229274975959 ], [ 73.076787060462195, 25.108324013088051 ], [ 73.077018881042903, 25.1083196290625 ], [ 73.078026676431676, 25.105309706793445 ], [ 73.07956501942104, 25.105853670522059 ], [ 73.079859339713664, 25.105082315519265 ], [ 73.080844787604278, 25.105421138588987 ], [ 73.079944087317017, 25.107008594220286 ], [ 73.080670880043641, 25.107128974475263 ], [ 73.080728879265394, 25.107485699522826 ], [ 73.081518171572057, 25.107592770408534 ], [ 73.082276210258883, 25.105880485151133 ], [ 73.083591627065601, 25.106250573381384 ], [ 73.083078826144344, 25.107133498084455 ], [ 73.082369872938941, 25.108622782904838 ], [ 73.082329706063504, 25.109010748304964 ], [ 73.08273101426245, 25.109242621148837 ], [ 73.082579443047692, 25.109585992349988 ], [ 73.082516941281852, 25.109835665732575 ], [ 73.082927255158324, 25.110335129372515 ], [ 73.08421592057033, 25.111191239516927 ], [ 73.084608309606566, 25.111619318539631 ], [ 73.08478221419638, 25.111387486438993 ], [ 73.085067611967347, 25.111704041420328 ], [ 73.084791130067714, 25.112163323610385 ], [ 73.084965034519527, 25.112323888532465 ], [ 73.085094359547199, 25.112190076971611 ], [ 73.085593737193392, 25.112421917071678 ], [ 73.08562498766112, 25.112515643179268 ], [ 73.085326171775847, 25.112711828914282 ], [ 73.084965034519527, 25.113701746629339 ], [ 73.083899271046761, 25.115257969734373 ], [ 73.083047575331264, 25.115538882728256 ], [ 73.081857069299474, 25.114651516578949 ], [ 73.081865985283983, 25.113099749398561 ], [ 73.080621886900857, 25.113478795106644 ], [ 73.080158072625366, 25.113278109059074 ], [ 73.079471445663017, 25.112627061805931 ], [ 73.079083460898502, 25.113108629271235 ], [ 73.078673230243908, 25.113041812759125 ], [ 73.077875012062933, 25.112720723447303 ], [ 73.077603024643622, 25.112372927632421 ], [ 73.077491527721477, 25.112181151858927 ], [ 73.077598611600067, 25.112074131773891 ], [ 73.077527282394627, 25.11165051540701 ], [ 73.07703671338561, 25.111079742496685 ], [ 73.076746892614523, 25.110593744863159 ], [ 73.075342274423932, 25.110789886227142 ], [ 73.075195111443833, 25.109229274975959 ] ] ] } },
{ "type": "Feature", "properties": { "polygon_id": "indiasat_34", "source": "indiasat", "raw_class": "green", "core_class": "greenery", "lon": 73.089423401148139, "lat": 25.130292781118534, "block": "73_25" }, "geometry": { "type": "Polygon", "coordinates": [ [ [ 73.083025330513593, 25.135216890125882 ], [ 73.083671870309885, 25.134093208066581 ], [ 73.083961772437704, 25.133517944838285 ], [ 73.08456373021103, 25.133888098229594 ], [ 73.085776556872489, 25.132715370489429 ], [ 73.08565173517627, 25.132550368075162 ], [ 73.08636076834226, 25.131716527987294 ], [ 73.086708574744449, 25.130873684877653 ], [ 73.086815564282972, 25.130441193477672 ], [ 73.087399683058706, 25.130120171920481 ], [ 73.088068544967939, 25.129518142826456 ], [ 73.088331604303178, 25.129625195294768 ], [ 73.089259108954764, 25.129036550758009 ], [ 73.089861142938062, 25.128287419051748 ], [ 73.090868882161701, 25.127230669293926 ], [ 73.091417328195476, 25.126815899421899 ], [ 73.092313660910165, 25.125768029287197 ], [ 73.093018170748948, 25.125482692553035 ], [ 73.093660269744703, 25.125348892765622 ], [ 73.094534259956433, 25.124853908631071 ], [ 73.095091612721149, 25.124604248738489 ], [ 73.095515232338357, 25.124555157931123 ], [ 73.095711462334364, 25.125036787096217 ], [ 73.095979015675326, 25.125397908001322 ], [ 73.095934438482615, 25.125598634483016 ], [ 73.095662382337309, 25.125843826422024 ], [ 73.095524147793853, 25.126329880767884 ], [ 73.094520841687711, 25.127136985995289 ], [ 73.094498597978784, 25.128037751216553 ], [ 73.093713762904116, 25.128519282640625 ], [ 73.093200984530597, 25.128412264131935 ], [ 73.092719364461942, 25.12789062210625 ], [ 73.092286914169179, 25.128162574903161 ], [ 73.091346003268001, 25.128447983866316 ], [ 73.090440841187927, 25.12877790567941 ], [ 73.090302603505776, 25.129304107195644 ], [ 73.090686066526587, 25.129794635792102 ], [ 73.090231188175565, 25.12996853250311 ], [ 73.089486594232142, 25.131328596504055 ], [ 73.089241277557733, 25.132006363983269 ], [ 73.088973716378661, 25.132140142003109 ], [ 73.088880146441568, 25.132684095501357 ], [ 73.088523427593287, 25.13318351455106 ], [ 73.088211286890342, 25.133482306387272 ], [ 73.088108710842761, 25.133883651937936 ], [ 73.086779901108997, 25.134757637780606 ], [ 73.086418676073322, 25.134784333578356 ], [ 73.085223684502282, 25.135560279098353 ], [ 73.084670720745834, 25.135751961586308 ], [ 73.083025330513593, 25.135216890125882 ] ] ] } },
{ "type": "Feature", "properties": { "polygon_id": "indiasat_36", "source": "indiasat", "raw_class": "green", "core_class": "greenery", "lon": 73.078473771269714, "lat": 25.166409249649792, "block": "73_25" }, "geometry": { "type": "Polygon", "coordinates": [ [ [ 73.071150704615377, 25.167019155716446 ], [ 73.073295583800359, 25.165569956402937 ], [ 73.072751507786805, 25.165101808052157 ], [ 73.072805095863572, 25.165030480395103 ], [ 73.072381434493721, 25.164664825943099 ], [ 73.073540827378181, 25.163603491832806 ], [ 73.075034619029339, 25.165070544813251 ], [ 73.077781437619407, 25.162796395227939 ], [ 73.077375617697626, 25.162403990284901 ], [ 73.078187166765588, 25.161770823341559 ], [ 73.078588482173629, 25.162261352039092 ], [ 73.078378908437884, 25.16242184363735 ], [ 73.078610817481035, 25.162783011626821 ], [ 73.078945216401564, 25.162524450905558 ], [ 73.079618605915982, 25.163121983442174 ], [ 73.080158072625366, 25.162756328147854 ], [ 73.079475858670747, 25.162011582428754 ], [ 73.080884954738423, 25.161177814524493 ], [ 73.081651911500074, 25.162319287006689 ], [ 73.081402173511037, 25.162470874533042 ], [ 73.081825818320738, 25.162912362258869 ], [ 73.082396620831929, 25.162528877327439 ], [ 73.083029743453309, 25.163523230245424 ], [ 73.083725365790542, 25.163224503992101 ], [ 73.08408659504957, 25.163884491577655 ], [ 73.083426637501361, 25.164330331094479 ], [ 73.083868110404595, 25.165057236873494 ], [ 73.084233752356496, 25.164834238921255 ], [ 73.084313995377173, 25.164950177494081 ], [ 73.084443320770291, 25.164878849649224 ], [ 73.084777711230927, 25.165360397325923 ], [ 73.084354161906759, 25.165855392192658 ], [ 73.084251584141285, 25.166064983790317 ], [ 73.084135677515491, 25.166640181549091 ], [ 73.083560376322055, 25.167036992058847 ], [ 73.082913836212981, 25.167830767796538 ], [ 73.082409949747131, 25.16835694139953 ], [ 73.081669743484611, 25.169092645479974 ], [ 73.081669743484611, 25.169253206923837 ], [ 73.080394482930899, 25.170238689916228 ], [ 73.080443476121999, 25.170345708496964 ], [ 73.079462529585925, 25.170965505606812 ], [ 73.079328698326705, 25.170871877728448 ], [ 73.079145873533506, 25.171166149683813 ], [ 73.078731229968, 25.171567524652222 ], [ 73.071150704615377, 25.167019155716446 ] ] ] } },
{ "type": "Feature", "properties": { "polygon_id": "indiasat_38", "source": "indiasat", "raw_class": "green", "core_class": "greenery", "lon": 70.450184717956802, "lat": 27.408557675966435, "block": "70_27" }, "geometry": { "type": "Polygon", "coordinates": [ [ [ 70.430243700381595, 27.411886748174535 ], [ 70.438564335818981, 27.405510244340356 ], [ 70.439491859471914, 27.405380902200875 ], [ 70.445409086526979, 27.400654234601532 ], [ 70.44674237850974, 27.400805909633288 ], [ 70.447085688851573, 27.399374458215529 ], [ 70.447692133635954, 27.399142592612634 ], [ 70.447839318289397, 27.398741278368668 ], [ 70.449199298930949, 27.398683345138593 ], [ 70.449698690069155, 27.397978757992018 ], [ 70.461930085255162, 27.400877209274331 ], [ 70.461537663702728, 27.404921660585885 ], [ 70.461956779352988, 27.40615231948037 ], [ 70.464311211638773, 27.40614338513268 ], [ 70.464917636736047, 27.406682989999862 ], [ 70.463941127647118, 27.408016276832594 ], [ 70.464824026319533, 27.410067393405324 ], [ 70.465417103867168, 27.407842360610552 ], [ 70.466790477150113, 27.407806689427353 ], [ 70.466607615146046, 27.415427284111786 ], [ 70.46689752493738, 27.416591080856357 ], [ 70.449355381411578, 27.413527697924199 ], [ 70.444124822833174, 27.415734959051431 ], [ 70.44380829639428, 27.4151106716104 ], [ 70.439977912095912, 27.41742045653293 ], [ 70.431697342020684, 27.413599058094761 ], [ 70.430390799033532, 27.412791965966552 ], [ 70.430243700381595, 27.411886748174535 ] ] ] } },
{ "type": "Feature", "properties": { "polygon_id": "indiasat_44", "source": "indiasat", "raw_class": "green", "core_class": "greenery", "lon": 74.655743253050588, "lat": 31.433200854660715, "block": "74_31" }, "geometry": { "type": "Polygon", "coordinates": [ [ [ 74.653551962024494, 31.433300256836819 ], [ 74.654314406207391, 31.431752931851701 ], [ 74.655745833692833, 31.431489863157971 ], [ 74.657034483389396, 31.430424163157909 ], [ 74.657007681290196, 31.436185303026306 ], [ 74.653551962024494, 31.433300256836819 ] ] ] } },
{ "type": "Feature", "properties": { "polygon_id": "indiasat_46", "source": "indiasat", "raw_class": "green", "core_class": "greenery", "lon": 74.626294398136793, "lat": 31.404878426473104, "block": "74_31" }, "geometry": { "type": "Polygon", "coordinates": [ [ [ 74.614927223812998, 31.401497976136731 ], [ 74.616808915583135, 31.400378758842237 ], [ 74.618717394834619, 31.400927200110132 ], [ 74.620523357673804, 31.397997586582395 ], [ 74.621031722508761, 31.397404492842949 ], [ 74.622931308345713, 31.398024284927775 ], [ 74.625209836397559, 31.396160391374046 ], [ 74.635786871065761, 31.406634841675654 ], [ 74.633561737819804, 31.407156510381771 ], [ 74.632870594092381, 31.409849823492131 ], [ 74.632781419818102, 31.411553236218221 ], [ 74.63363313052939, 31.412569895164914 ], [ 74.633606324759569, 31.413100492974745 ], [ 74.63112713032136, 31.414879689095514 ], [ 74.614927223812998, 31.401497976136731 ] ] ] } },
{ "type": "Feature", "properties": { "polygon_id": "indiasat_47", "source": "indiasat", "raw_class": "green", "core_class": "greenery", "lon": 74.650137065413631, "lat": 31.443858108301264, "block": "74_31" }, "geometry": { "type": "Polygon", "coordinates": [ [ [ 74.64122247927061, 31.441308781383743 ], [ 74.644321596585442, 31.438771584504035 ], [ 74.64810289748074, 31.436042648680662 ], [ 74.65083182932743, 31.432854376144061 ], [ 74.656000008644597, 31.436996894091955 ], [ 74.653395881221542, 31.436635664621264 ], [ 74.652758244540848, 31.437844127437259 ], [ 74.6524460813404, 31.440318906620757 ], [ 74.653525159378162, 31.441803788211416 ], [ 74.654796046892343, 31.441549608913189 ], [ 74.654938725201831, 31.440813833079819 ], [ 74.657163758788741, 31.440693411312292 ], [ 74.657302057448845, 31.453821094069884 ], [ 74.655817127794847, 31.454365030283377 ], [ 74.654840628293016, 31.454316018116167 ], [ 74.653493978960952, 31.452336130051467 ], [ 74.651313479840596, 31.450561443587013 ], [ 74.64122247927061, 31.446548246756723 ], [ 74.64122247927061, 31.441308781383743 ] ] ] } },
{ "type": "Feature", "properties": { "polygon_id": "indiasat_48", "source": "indiasat", "raw_class": "green", "core_class": "greenery", "lon": 74.689785382587033, "lat": 31.443191796073538, "block": "74_31" }, "geometry": { "type": "Polygon", "coordinates": [ [ [ 74.676712518629571, 31.428493345295518 ], [ 74.677452705389882, 31.428479938557267 ], [ 74.67746163835065, 31.42872073685465 ], [ 74.67903570803665, 31.42838188771691 ], [ 74.679008909401148, 31.427864649766487 ], [ 74.680364468412563, 31.427998392192709 ], [ 74.696573346354072, 31.441331093844944 ], [ 74.696956794727541, 31.457201068518959 ], [ 74.695739457028296, 31.457794065101126 ], [ 74.693897847575869, 31.460607780848996 ], [ 74.685447874672164, 31.441085816206659 ], [ 74.676712518629571, 31.428493345295518 ] ], [ [ 74.687699753198871, 31.439761512710028 ], [ 74.689706320610057, 31.439739238044496 ], [ 74.689764291333233, 31.441076917093326 ], [ 74.691886774336297, 31.441331063549548 ], [ 74.691182290140603, 31.444037813551141 ], [ 74.689340631184692, 31.443854956243943 ], [ 74.689113213767811, 31.445558309016771 ], [ 74.6885603005517, 31.445388919545028 ], [ 74.687557013035303, 31.442539500589241 ], [ 74.686593826427469, 31.442566263912443 ], [ 74.686254927789818, 31.441286528468211 ], [ 74.687641781770211, 31.441076972956086 ], [ 74.687699753198871, 31.439761512710028 ] ] ] } },
{ "type": "Feature", "properties": { "polygon_id": "indiasat_51", "source": "indiasat", "raw_class": "green", "core_class": "greenery", "lon": 76.289339877323215, "lat": 25.862818506415469, "block": "76_25" }, "geometry": { "type": "Polygon", "coordinates": [ [ [ 76.283460362483936, 25.858072799595597 ], [ 76.283612015401459, 25.85780971621671 ], [ 76.283982132637419, 25.857635834361727 ], [ 76.283656556785061, 25.857305898492701 ], [ 76.283522844213834, 25.857082957594219 ], [ 76.2837413090989, 25.856891187358119 ], [ 76.283736801938616, 25.856686017734681 ], [ 76.283866183890737, 25.856587949846517 ], [ 76.283826061358894, 25.85636053071925 ], [ 76.284954171559122, 25.856195571007063 ], [ 76.285431306720227, 25.857265760628778 ], [ 76.285685471743804, 25.857216698780526 ], [ 76.285730100809573, 25.857292521218763 ], [ 76.285886169860817, 25.857979170605248 ], [ 76.28638999061981, 25.858367122176421 ], [ 76.28684485049142, 25.858888880190211 ], [ 76.287000918238391, 25.859232204235028 ], [ 76.287232810182047, 25.859432884462212 ], [ 76.287308546144899, 25.859624623127271 ], [ 76.287553870275374, 25.859936785277139 ], [ 76.287790179908086, 25.859932265557831 ], [ 76.287754477208082, 25.860141897634023 ], [ 76.288048759078791, 25.86042275283268 ], [ 76.288365398576573, 25.860320239927354 ], [ 76.288387668476673, 25.860485190230072 ], [ 76.288360891572538, 25.860676927948511 ], [ 76.288508120292519, 25.860797331969994 ], [ 76.28897631714635, 25.860721536556348 ], [ 76.289248326568085, 25.861524174080671 ], [ 76.289792255375161, 25.862184106797137 ], [ 76.290639560361825, 25.862514111730775 ], [ 76.291107749731012, 25.862478462138903 ], [ 76.290884789993001, 25.86306699328593 ], [ 76.291187990401582, 25.863361344608126 ], [ 76.291798896037847, 25.863120559276791 ], [ 76.292552516260542, 25.86370027153702 ], [ 76.292472188041472, 25.863825063351541 ], [ 76.292762041013319, 25.864039157685909 ], [ 76.293234729766695, 25.863851816791826 ], [ 76.293471029330036, 25.864315578212434 ], [ 76.29346210403628, 25.864725791897801 ], [ 76.293751954855125, 25.864685708644089 ], [ 76.293908014516617, 25.865251982932215 ], [ 76.293671715728138, 25.865706845024519 ], [ 76.294072999248783, 25.866143772271801 ], [ 76.294465444703008, 25.866580825359492 ], [ 76.294581384233226, 25.867035625400629 ], [ 76.294706248873595, 25.867717860478713 ], [ 76.294358430306247, 25.867842689170551 ], [ 76.293444341816198, 25.868172688758992 ], [ 76.293212460676301, 25.86823512179269 ], [ 76.292173497429275, 25.868502654703978 ], [ 76.291491190120567, 25.867374553778312 ], [ 76.290947179874024, 25.866719042709953 ], [ 76.291045271554282, 25.866598608611206 ], [ 76.29054146838304, 25.865929789350012 ], [ 76.290113397677786, 25.865359047692969 ], [ 76.290247103642287, 25.865238575016626 ], [ 76.290215908541612, 25.865028994701568 ], [ 76.289921631453623, 25.865029025028303 ], [ 76.289685237226323, 25.864913083347052 ], [ 76.289310717214903, 25.864293255153004 ], [ 76.289796762330823, 25.86395438552708 ], [ 76.289564874845624, 25.863709135543761 ], [ 76.289069903296564, 25.863949955603871 ], [ 76.288891568158562, 25.863807204793797 ], [ 76.288534808794566, 25.864030216890935 ], [ 76.288325277397959, 25.863566452205806 ], [ 76.288900493758362, 25.863169619014663 ], [ 76.288673023335704, 25.862897551766139 ], [ 76.288080043059296, 25.863263233097008 ], [ 76.287067816984546, 25.862045941417005 ], [ 76.287214958758625, 25.861836283922354 ], [ 76.286960796649311, 25.861550957125793 ], [ 76.286626302314602, 25.861751601974653 ], [ 76.28583261504275, 25.860676927340673 ], [ 76.285440232551579, 25.86014629508507 ], [ 76.28497644202875, 25.859700444777761 ], [ 76.284008822045024, 25.8594685517802 ], [ 76.283603089447809, 25.858701566343019 ], [ 76.284423567683149, 25.858184346624846 ], [ 76.284115844748399, 25.858059443876716 ], [ 76.283790357597937, 25.858291371767244 ], [ 76.283460362483936, 25.858072799595597 ] ] ] } },
{ "type": "Feature", "properties": { "polygon_id": "indiasat_55", "source": "indiasat", "raw_class": "green", "core_class": "greenery", "lon": 74.649083367198685, "lat": 18.059902159800192, "block": "74_18" }, "geometry": { "type": "Polygon", "coordinates": [ [ [ 74.643585822651431, 18.056942449299104 ], [ 74.643594757387291, 18.056902332871644 ], [ 74.643612626857632, 18.056888904331132 ], [ 74.643648276445333, 18.056879995320834 ], [ 74.643719575598482, 18.05686666609904 ], [ 74.644062936893164, 18.056839884101318 ], [ 74.64416103999352, 18.056822034627871 ], [ 74.644169974699309, 18.056804186240296 ], [ 74.64417890940463, 18.056737312737532 ], [ 74.644196689466838, 18.056487641064344 ], [ 74.644878942115227, 18.056443041486695 ], [ 74.646961332613643, 18.056434100012329 ], [ 74.646974734452527, 18.056906780622882 ], [ 74.646979201731924, 18.056920168642563 ], [ 74.646988136290361, 18.056933478036921 ], [ 74.647059434049993, 18.056951305301396 ], [ 74.647206586098889, 18.056955818225813 ], [ 74.647460773765786, 18.05694241007571 ], [ 74.647558874915333, 18.056933536099269 ], [ 74.64787998156271, 18.056920172602844 ], [ 74.647951278950103, 18.056915643047976 ], [ 74.647960213457694, 18.056924639570862 ], [ 74.64796914796483, 18.057009331251823 ], [ 74.648004796643633, 18.057067314554775 ], [ 74.648013731148438, 18.057094002638664 ], [ 74.648027132904772, 18.057098519634156 ], [ 74.648053847069221, 18.057102969474496 ], [ 74.648076183323937, 18.057098527389115 ], [ 74.64809396298061, 18.057080690018356 ], [ 74.648111831980415, 18.057022723805346 ], [ 74.648134078882549, 18.056416234104859 ], [ 74.649360334368126, 18.056371706525322 ], [ 74.649592272120401, 18.056358255007069 ], [ 74.649650167165063, 18.056362762451517 ], [ 74.649690372045626, 18.056353868376181 ], [ 74.649757201470621, 18.056327059987812 ], [ 74.649846366892632, 18.056313676802972 ], [ 74.649864235709089, 18.056335982564633 ], [ 74.649868702912897, 18.056402885573707 ], [ 74.649868702912897, 18.056501025714173 ], [ 74.649859768505138, 18.05655892300733 ], [ 74.649837521827791, 18.056576751383869 ], [ 74.649694839253996, 18.05658571713046 ], [ 74.64966356879296, 18.056603519624439 ], [ 74.649654634374471, 18.056616879745917 ], [ 74.649650167165063, 18.056755146818066 ], [ 74.649654634374471, 18.056777424708969 ], [ 74.64966356879296, 18.056987014508628 ], [ 74.649668036002026, 18.056995913660174 ], [ 74.64972155315759, 18.057018198807651 ], [ 74.64990435119519, 18.05704055629338 ], [ 74.649931154410055, 18.057045013069203 ], [ 74.649940088814077, 18.057053921534589 ], [ 74.64993562161213, 18.05718770002861 ], [ 74.649944466671883, 18.057223358845334 ], [ 74.649957868276687, 18.057263523144368 ], [ 74.650078303984742, 18.057317011216636 ], [ 74.650105017828352, 18.057352707305689 ], [ 74.650113952223265, 18.057486425938059 ], [ 74.650113952223265, 18.057615725088318 ], [ 74.650127353814781, 18.057718294608737 ], [ 74.650136288208543, 18.057767339570955 ], [ 74.65014960045437, 18.057789628987116 ], [ 74.650194183068734, 18.057803005718437 ], [ 74.650328020185853, 18.057825363329702 ], [ 74.650582203206895, 18.057825329630578 ], [ 74.650698081948903, 18.057807505975113 ], [ 74.650724885039168, 18.057798583864855 ], [ 74.650747131600895, 18.057776266371494 ], [ 74.650773934683457, 18.057646934614617 ], [ 74.650773934683457, 18.057548881777333 ], [ 74.650751598781611, 18.057415134955782 ], [ 74.650720417857741, 18.057290266737457 ], [ 74.650657966649277, 18.057250095418492 ], [ 74.650439431911607, 18.0572367301036 ], [ 74.650301217033288, 18.057218859771602 ], [ 74.65010948502588, 18.057102920452554 ], [ 74.650038188539483, 18.05704055705063 ], [ 74.649984671483153, 18.05697364671617 ], [ 74.649993516540377, 18.056933521777378 ], [ 74.650020319741245, 18.05686659572606 ], [ 74.650024786940989, 18.05684433641656 ], [ 74.650033721340108, 18.056830976253096 ], [ 74.650069369587939, 18.056813087730657 ], [ 74.650091616235088, 18.05680863808362 ], [ 74.650113952223265, 18.056795305817211 ], [ 74.650118419420551, 18.056786337256888 ], [ 74.650113952223265, 18.056715033187057 ], [ 74.650096083432956, 18.056621344620261 ], [ 74.650082771182952, 18.056474245604864 ], [ 74.650082771182952, 18.056402862904214 ], [ 74.650100550630711, 18.056340488017067 ], [ 74.650185338021913, 18.056237940216718 ], [ 74.650180870826375, 18.056224552176481 ], [ 74.650171936434958, 18.056037231166659 ], [ 74.650171936434958, 18.05599260602898 ], [ 74.650180870826375, 18.055979245863089 ], [ 74.650283437606419, 18.055948022512506 ], [ 74.650314618610082, 18.055943591340267 ], [ 74.650394849361263, 18.055943567899746 ], [ 74.650466235042472, 18.055930242359281 ], [ 74.650475169418485, 18.055934661818071 ], [ 74.650528686321081, 18.055997082735473 ], [ 74.65053753135011, 18.056028340500152 ], [ 74.650599982602643, 18.056113048602246 ], [ 74.650617851340215, 18.056157622916508 ], [ 74.650649032282814, 18.056255732934329 ], [ 74.650675835380795, 18.056322594460621 ], [ 74.650702549130898, 18.056425184218856 ], [ 74.650711483494561, 18.056523255201938 ], [ 74.650707016312793, 18.056567871228957 ], [ 74.650698081948903, 18.056581231458555 ], [ 74.650666901015271, 18.056594640523365 ], [ 74.650568801651076, 18.056621384348308 ], [ 74.650564334465585, 18.056657022490899 ], [ 74.650582203206881, 18.056764089970638 ], [ 74.650591048233153, 18.056772991175144 ], [ 74.650635630732253, 18.05679085653216 ], [ 74.650684680402193, 18.056795264349024 ], [ 74.65083182932743, 18.056781906139367 ], [ 74.650992379649466, 18.056759597719616 ], [ 74.65106823225328, 18.056759572124786 ], [ 74.65110388028512, 18.056773017902291 ], [ 74.651117281798932, 18.056790825469204 ], [ 74.65114399547997, 18.056799763752139 ], [ 74.651237627345751, 18.05688004092536 ], [ 74.651264430351304, 18.056915656079155 ], [ 74.651291144009335, 18.056933484242631 ], [ 74.651304545508438, 18.056951379842172 ], [ 74.65134912782122, 18.056987024860565 ], [ 74.65138924295843, 18.057045017369425 ], [ 74.651393710122349, 18.057076185270187 ], [ 74.651402644449846, 18.057080692764835 ], [ 74.651491809012526, 18.057098467427867 ], [ 74.651554259915969, 18.057138638483661 ], [ 74.651585440687526, 18.05715198695783 ], [ 74.651643424399452, 18.057196637707094 ], [ 74.651665760184613, 18.057223353744106 ], [ 74.651683539467513, 18.057259031220173 ], [ 74.651688006623729, 18.057290199172503 ], [ 74.65170587524743, 18.05730361510393 ], [ 74.651723654526151, 18.057330402684649 ], [ 74.652258818883197, 18.057945727137884 ], [ 74.652481729084499, 18.058293566402497 ], [ 74.652490663355039, 18.058320254817701 ], [ 74.652526311089829, 18.058391617446013 ], [ 74.652588761614766, 18.058476326605881 ], [ 74.652651212116879, 18.058503118915944 ], [ 74.65268239268805, 18.058543225401422 ], [ 74.652709195466755, 18.058619065834051 ], [ 74.652709195466755, 18.058654713787536 ], [ 74.652740376027324, 18.05873495727894 ], [ 74.652780490837586, 18.058801840325561 ], [ 74.652807293600873, 18.058828653869188 ], [ 74.652820605638411, 18.058864322409832 ], [ 74.65283847414355, 18.058886628438952 ], [ 74.652878588930733, 18.05904716461399 ], [ 74.652909769460379, 18.059203193380164 ], [ 74.652941039326777, 18.059261175296381 ], [ 74.652994555456289, 18.059430629575026 ], [ 74.653003489699984, 18.059613465651928 ], [ 74.653012334600774, 18.059671394145212 ], [ 74.653012334600774, 18.059724910343817 ], [ 74.6529990225782, 18.059818543137876 ], [ 74.653003489699984, 18.059912205806079 ], [ 74.653016801722217, 18.059938984509174 ], [ 74.653039137327653, 18.059965700962682 ], [ 74.653065850707918, 18.060019177595741 ], [ 74.65307478494789, 18.060077201441501 ], [ 74.65307478494789, 18.060375942160693 ], [ 74.653070317827954, 18.060389311970106 ], [ 74.653048071569017, 18.060402739922303 ], [ 74.652972219845012, 18.060433924649679 ], [ 74.652967752722404, 18.060451783487522 ], [ 74.652958818476847, 18.060554308573753 ], [ 74.652981154089872, 18.060674678781325 ], [ 74.652981154089872, 18.060701436971065 ], [ 74.652972219845012, 18.060728176596015 ], [ 74.652909769460379, 18.060790636314444 ], [ 74.65283847414355, 18.060817436396206 ], [ 74.652771556582223, 18.060835260423818 ], [ 74.652767089454358, 18.060897657559952 ], [ 74.652776023709961, 18.060968972645902 ], [ 74.652793892219762, 18.061018037178528 ], [ 74.652807293600873, 18.061165235219672 ], [ 74.652811671385138, 18.061307918482019 ], [ 74.652820605638411, 18.061365854573705 ], [ 74.652878588930733, 18.061365880192575 ], [ 74.652985621212139, 18.061348044604124 ], [ 74.653025735964746, 18.06134803299117 ], [ 74.653061383587769, 18.06135690215676 ], [ 74.653079252067684, 18.06140156576873 ], [ 74.653088186306945, 18.061459501923053 ], [ 74.653079252067684, 18.061526379026034 ], [ 74.653083719187364, 18.061615553255645 ], [ 74.65307478494789, 18.061762705278131 ], [ 74.653061383587769, 18.061789435685167 ], [ 74.653021268843531, 18.06185634299537 ], [ 74.653021268843531, 18.061883101300463 ], [ 74.653052538689522, 18.061972331442249 ], [ 74.653039137327653, 18.062030309235787 ], [ 74.653012334600774, 18.062088259121602 ], [ 74.653007867479218, 18.062137277409136 ], [ 74.653021268843531, 18.062248739709162 ], [ 74.653043604448399, 18.062275544585866 ], [ 74.653070317827954, 18.06229777445855 ], [ 74.653088186306945, 18.062364707570019 ], [ 74.653079252067684, 18.062400337427938 ], [ 74.6529990225782, 18.062538641232862 ], [ 74.652994555456289, 18.062560901219307 ], [ 74.6529990225782, 18.062645586696327 ], [ 74.652918703708508, 18.062859669325992 ], [ 74.652927637956182, 18.062868578087674 ], [ 74.652936572203359, 18.062971141237291 ], [ 74.652932105079827, 18.063002379392376 ], [ 74.652941039326777, 18.063091563389399 ], [ 74.652941039326777, 18.063145080219755 ], [ 74.652927637956182, 18.063171810666553 ], [ 74.652874121805681, 18.063238690058334 ], [ 74.652887523180496, 18.063287745807983 ], [ 74.652878588930733, 18.063318974658081 ], [ 74.652851875521165, 18.063350173421433 ], [ 74.652776023709961, 18.063412605059632 ], [ 74.652762622326378, 18.063448225624924 ], [ 74.652744843155887, 18.0635864767684 ], [ 74.652749310284321, 18.06372916848488 ], [ 74.652722507511939, 18.063778228300215 ], [ 74.652686859818118, 18.063805007282369 ], [ 74.652664524166582, 18.063831719029668 ], [ 74.652655679247758, 18.063858466029867 ], [ 74.652651212116879, 18.063885215145351 ], [ 74.652655679247758, 18.063907581887243 ], [ 74.652673458427557, 18.063929881412829 ], [ 74.652709195466755, 18.063938758285424 ], [ 74.652753777412656, 18.063929866305191 ], [ 74.652784957965096, 18.063947704766814 ], [ 74.652784957965082, 18.06396108400634 ], [ 74.652771556582223, 18.063983325375474 ], [ 74.652704728337255, 18.064005645125278 ], [ 74.652695794077928, 18.064019005675252 ], [ 74.652695794077928, 18.064063632480192 ], [ 74.652718040382794, 18.06417959608466 ], [ 74.652704728337255, 18.064384665110271 ], [ 74.652668991297119, 18.064469354936605 ], [ 74.652504064759952, 18.064473878906337 ], [ 74.652481729084499, 18.064487211369414 ], [ 74.652468327677823, 18.064527321046459 ], [ 74.652450548476665, 18.064768117449979 ], [ 74.652459482748824, 18.064893038658848 ], [ 74.652481729084499, 18.064982156033537 ], [ 74.652495130490124, 18.06508472924304 ], [ 74.652490663355039, 18.065120456635725 ], [ 74.652477261949045, 18.065151676193459 ], [ 74.652450548476665, 18.065178385769485 ], [ 74.65239703217658, 18.065200726052783 ], [ 74.652285532385605, 18.065222951673576 ], [ 74.652187433951582, 18.065218534814854 ], [ 74.652160720433827, 18.065209595602504 ], [ 74.652138384713439, 18.065187279270422 ], [ 74.652120516135014, 18.065156082150292 ], [ 74.652107204042878, 18.065111522381667 ], [ 74.652066999731446, 18.064879589579373 ], [ 74.652044753341727, 18.064661169002665 ], [ 74.651986769766125, 18.064255364583232 ], [ 74.651928786170828, 18.063934325136909 ], [ 74.651928786170828, 18.063894187547174 ], [ 74.652093802606785, 18.063894160154494 ], [ 74.652142851857747, 18.063889678773158 ], [ 74.652169565378287, 18.063849590070838 ], [ 74.652174032521785, 18.063760434079612 ], [ 74.652191901094611, 18.063644459757498 ], [ 74.652214147465159, 18.063586493432567 ], [ 74.652272130963524, 18.063488376295425 ], [ 74.652285532385605, 18.063443777689212 ], [ 74.652276598104336, 18.063417088635777 ], [ 74.652254351741917, 18.063408159011793 ], [ 74.652147319001941, 18.063394745965272 ], [ 74.651982302617725, 18.063385795578672 ], [ 74.651946654769333, 18.063368035774893 ], [ 74.651821753226713, 18.063261019001942 ], [ 74.651781638191125, 18.06320302434699 ], [ 74.651763858918443, 18.06314947753155 ], [ 74.651745990300824, 18.063122769822719 ], [ 74.651438292411854, 18.06312718446501 ], [ 74.651420513103403, 18.06306474761481 ], [ 74.651420513103403, 18.062948824500058 ], [ 74.651358062151033, 18.062931008504524 ], [ 74.650961198769593, 18.063310040767934 ], [ 74.650947797243532, 18.063452693942466 ], [ 74.650956731594349, 18.063613262294833 ], [ 74.650983445300511, 18.063702388283573 ], [ 74.651019182693531, 18.06374700184486 ], [ 74.651063765080849, 18.063782736868003 ], [ 74.651215380847944, 18.063836198792153 ], [ 74.65131794700649, 18.063849603231894 ], [ 74.651402644449846, 18.063858481040963 ], [ 74.651522989795495, 18.06384955834465 ], [ 74.651656825870901, 18.0638228026449 ], [ 74.651750457455407, 18.063818407848231 ], [ 74.651812908264219, 18.063831734899455 ], [ 74.651830687531785, 18.063840655252523 ], [ 74.65184408898854, 18.063867441728693 ], [ 74.651955589067867, 18.064719090021487 ], [ 74.651986769766125, 18.065026783027285 ], [ 74.651982302617725, 18.065040152898693 ], [ 74.651915474063742, 18.065071362242946 ], [ 74.651853023292446, 18.065071414138654 ], [ 74.651830687531785, 18.065053498877425 ], [ 74.651790572498314, 18.065040130412537 ], [ 74.651763858918443, 18.065013410861848 ], [ 74.651732588836367, 18.064942047901965 ], [ 74.651696940935821, 18.06488855112832 ], [ 74.65161671079656, 18.064866303283647 ], [ 74.651598842163537, 18.064852886504287 ], [ 74.651580973528624, 18.064826090502077 ], [ 74.651576506369608, 18.064808300831189 ], [ 74.651576506369622, 18.06477265224893 ], [ 74.651621088611364, 18.064670018171057 ], [ 74.651625555769229, 18.064620999769147 ], [ 74.651625555769229, 18.064545213565953 ], [ 74.651612243638482, 18.064411400566243 ], [ 74.651585440687526, 18.064357915489367 ], [ 74.651549792756256, 18.064353446614472 ], [ 74.651424890923238, 18.064402490099038 ], [ 74.651371463644892, 18.064398078885162 ], [ 74.651362529315762, 18.064389169988623 ], [ 74.651331259160173, 18.064326697397068 ], [ 74.65127774250918, 18.06423302570883 ], [ 74.651228693009628, 18.064183990046185 ], [ 74.651197512172899, 18.064139392991734 ], [ 74.651161864160613, 18.064117143854858 ], [ 74.651130593968261, 18.064072539586494 ], [ 74.651099413113613, 18.064036832659756 ], [ 74.651077077254357, 18.064019005509849 ], [ 74.650974600294589, 18.063983338834589 ], [ 74.65083182932743, 18.063885261694512 ], [ 74.650711483494561, 18.063840667286687 ], [ 74.650595515417962, 18.063813943180207 ], [ 74.650586581048216, 18.063796056203554 ], [ 74.650528686321081, 18.063782657348959 ], [ 74.65033248737754, 18.063747064291338 ], [ 74.650252167253171, 18.063742589184006 ], [ 74.650113952223265, 18.063720226027293 ], [ 74.650087238381047, 18.063711374743622 ], [ 74.650069369587939, 18.063693556975515 ], [ 74.650055967991889, 18.063635523317771 ], [ 74.650055967991889, 18.063550847750999 ], [ 74.650069369587953, 18.063506249679243 ], [ 74.650171936434958, 18.063497297498273 ], [ 74.650319085802124, 18.063506212166764 ], [ 74.65039038217121, 18.063501771075977 ], [ 74.650586581048216, 18.063475045366268 ], [ 74.650626785708312, 18.063461662781481 ], [ 74.650635630732253, 18.063448295225875 ], [ 74.650599982602643, 18.063020184101855 ], [ 74.650608916971663, 18.062877521946614 ], [ 74.650635630732253, 18.06266341771261 ], [ 74.650671368198076, 18.062632245567013 ], [ 74.650707016312793, 18.06261884626813 ], [ 74.650715950676201, 18.06260997497872 ], [ 74.650724885039168, 18.062543098354354 ], [ 74.650368135562999, 18.062507366473039 ], [ 74.650363668372236, 18.062409302713171 ], [ 74.650421652499134, 18.061994579095494 ], [ 74.650421652499134, 18.061927683934506 ], [ 74.650412718120307, 18.061918775171552 ], [ 74.65033248737754, 18.061918796903107 ], [ 74.65023876567146, 18.061927673234273 ], [ 74.650225453432583, 18.06193214133717 ], [ 74.650216519043497, 18.061949990611573 ], [ 74.650194183068734, 18.062025816847026 ], [ 74.650180870826375, 18.062244349405706 ], [ 74.650154067650718, 18.062498494819884 ], [ 74.650154067650718, 18.062587659125299 ], [ 74.650131821011712, 18.062859689499309 ], [ 74.650105017828352, 18.062935506470492 ], [ 74.650064902389374, 18.063011302466776 ], [ 74.64993562161213, 18.063225292498235 ], [ 74.649922220005564, 18.063261000466884 ], [ 74.649868702912897, 18.063430421678927 ], [ 74.649846366892632, 18.063452731743244 ], [ 74.649779537502553, 18.063470561082518 ], [ 74.649676970419819, 18.063528540253643 ], [ 74.64966356879296, 18.063635544567493 ], [ 74.649636854880299, 18.063751505929446 ], [ 74.649623453250285, 18.063778235808865 ], [ 74.649605584408647, 18.063787176166809 ], [ 74.649525353286606, 18.063813867085027 ], [ 74.649306817099358, 18.063827252946837 ], [ 74.648941219549215, 18.063831729761628 ], [ 74.648914416178954, 18.063827272075763 ], [ 74.64876726560135, 18.063822844991382 ], [ 74.648727149848128, 18.06381836615326 ], [ 74.648700435788967, 18.063805025648964 ], [ 74.648691501320087, 18.063764869636689 ], [ 74.648691501320087, 18.063724732536674 ], [ 74.648682566850752, 18.063697955569506 ], [ 74.648655852784614, 18.063680126060827 ], [ 74.648562219503106, 18.063666739009932 ], [ 74.648517636462671, 18.063675717733581 ], [ 74.648468586170267, 18.063751494071507 ], [ 74.64833474759584, 18.063760378776298 ], [ 74.648276762760347, 18.063751460998319 ], [ 74.648236646891903, 18.063729202053832 ], [ 74.648209932756032, 18.063711372493692 ], [ 74.648200998261501, 18.063697974554639 ], [ 74.648200998261501, 18.063622189528257 ], [ 74.648178662023099, 18.063568626198599 ], [ 74.648169816871899, 18.063559724507861 ], [ 74.647911163005219, 18.063550849665312 ], [ 74.647764011563254, 18.063497306883733 ], [ 74.647616859994528, 18.063425984089175 ], [ 74.6475544076511, 18.063385809753743 ], [ 74.647487577364146, 18.063327853239926 ], [ 74.647318089206365, 18.063211945179102 ], [ 74.647304687394424, 18.063194048802952 ], [ 74.647291374926823, 18.063158379753993 ], [ 74.647286907655598, 18.063127211430086 ], [ 74.647304687394424, 18.062926558131387 ], [ 74.647313621935837, 18.062868572396312 ], [ 74.647313621935837, 18.062801677774559 ], [ 74.647304687394424, 18.062752632117633 ], [ 74.647286907655598, 18.062725931627835 ], [ 74.647184339075949, 18.062699146332616 ], [ 74.647166469979112, 18.062685729509006 ], [ 74.647148690225919, 18.062663429984184 ], [ 74.64713528840069, 18.062654511616348 ], [ 74.647050588840827, 18.062618874266143 ], [ 74.646979201731924, 18.062596548989703 ], [ 74.646939085558742, 18.062560911183947 ], [ 74.646898969376153, 18.062494026635186 ], [ 74.646814180353459, 18.06232459323212 ], [ 74.646800867847674, 18.062244298772832 ], [ 74.646600197332475, 18.061820706682539 ], [ 74.646586795464202, 18.06177614078484 ], [ 74.646542211908184, 18.061669110549541 ], [ 74.646528810035363, 18.061620055737951 ], [ 74.646515497507323, 18.061513003921327 ], [ 74.646511030215805, 18.061383695185466 ], [ 74.646542211908184, 18.06128112467686 ], [ 74.646564548360558, 18.061241035599242 ], [ 74.646617977142753, 18.061187531516044 ], [ 74.646640313585223, 18.061178600974348 ], [ 74.646658182737085, 18.061147392276656 ], [ 74.646662650024751, 18.061018014564386 ], [ 74.646635846296959, 18.060906614436345 ], [ 74.646604664621663, 18.060844150360822 ], [ 74.646586795464202, 18.06082633278713 ], [ 74.646488693756453, 18.060781689728238 ], [ 74.646417395758633, 18.060549888584546 ], [ 74.646430708294318, 18.06049630663847 ], [ 74.646439642881447, 18.060487435724021 ], [ 74.646560081070319, 18.060456166189805 ], [ 74.646586795464202, 18.060456215714193 ], [ 74.646774064141567, 18.060424985372055 ], [ 74.646814180353459, 18.06041608534392 ], [ 74.646863231120932, 18.060393737397888 ], [ 74.646881100249487, 18.060349149899647 ], [ 74.646881100249487, 18.060224339933676 ], [ 74.646894502094668, 18.060170853154286 ], [ 74.646903436657539, 18.060161894180478 ], [ 74.647090704987804, 18.060108394627907 ], [ 74.647335958287343, 18.060068300956519 ], [ 74.647509824347594, 18.060068287696925 ], [ 74.647572276707336, 18.060090593080943 ], [ 74.647581211234765, 18.060112880605413 ], [ 74.647590145761711, 18.060166326679148 ], [ 74.647616859994528, 18.0602376710019 ], [ 74.647697092013104, 18.06035805956629 ], [ 74.647737297353459, 18.060371523223644 ], [ 74.647764011563254, 18.060389352303236 ], [ 74.648031510811592, 18.060416103753681 ], [ 74.648085028479997, 18.06037589694937 ], [ 74.648098430230732, 18.060358145413471 ], [ 74.64810289748074, 18.059733838738776 ], [ 74.64809396298061, 18.059568873265665 ], [ 74.648080561229506, 18.059568845058447 ], [ 74.64796914796483, 18.059586675422352 ], [ 74.647884359473323, 18.059591168891004 ], [ 74.647634729044242, 18.059631261653777 ], [ 74.647286907655598, 18.059671417889486 ], [ 74.647166469979126, 18.059680331681541 ], [ 74.646863231120932, 18.0596803496558 ], [ 74.646849918618955, 18.059671438740395 ], [ 74.646836516770279, 18.059439570825589 ], [ 74.646827582203898, 18.05936368042121 ], [ 74.646809802415433, 18.059319112806577 ], [ 74.646751817062281, 18.059283438122673 ], [ 74.646689364402604, 18.059279000366836 ], [ 74.646390591992358, 18.059301295827428 ], [ 74.646230037344353, 18.059332487763911 ], [ 74.646047235374468, 18.059381595079621 ], [ 74.645757396464163, 18.059403820092193 ], [ 74.64566376159398, 18.059403899809766 ], [ 74.645463089743288, 18.059354828830731 ], [ 74.645422973214153, 18.059336971255384 ], [ 74.645347207449674, 18.05931913312568 ], [ 74.645133133244968, 18.059301279631324 ], [ 74.645039498032716, 18.05928349147851 ], [ 74.644999381404133, 18.059261144950668 ], [ 74.644789774100332, 18.059185385152183 ], [ 74.644602503248279, 18.059136341898466 ], [ 74.644437479574506, 18.059136276304194 ], [ 74.644366180720851, 18.059154182301608 ], [ 74.644263610387952, 18.059212157556356 ], [ 74.644187844109496, 18.059274502599422 ], [ 74.644134325220392, 18.059310218709658 ], [ 74.644062936893164, 18.059341407872559 ], [ 74.644018352678671, 18.059328029395914 ], [ 74.64397376845254, 18.059140729190823 ], [ 74.643906847417952, 18.058980226782417 ], [ 74.643884599965418, 18.058873245874043 ], [ 74.643880132605105, 18.058788476078046 ], [ 74.643866730523527, 18.058431803319252 ], [ 74.643889067325603, 18.058164191895411 ], [ 74.643871197884167, 18.05795018538036 ], [ 74.643871197884167, 18.057936806852009 ], [ 74.643795431431769, 18.057914479703278 ], [ 74.643741912419785, 18.057910060156072 ], [ 74.643719575598482, 18.057852097764449 ], [ 74.643697328121561, 18.057758407912111 ], [ 74.643683926025631, 18.057642549708508 ], [ 74.643617004877555, 18.057241147740555 ], [ 74.643585822651431, 18.056982584704095 ], [ 74.643585822651431, 18.056942449299104 ] ] ] } },
{ "type": "Feature", "properties": { "polygon_id": "indiasat_57", "source": "indiasat", "raw_class": "green", "core_class": "greenery", "lon": 73.940620272480118, "lat": 19.651263099345339, "block": "73_19" }, "geometry": { "type": "Polygon", "coordinates": [ [ [ 73.937032317205293, 19.657447551252289 ], [ 73.937063531244533, 19.657416359876674 ], [ 73.937112594681096, 19.657389618465729 ], [ 73.937183992274086, 19.657362886015559 ], [ 73.937473798062982, 19.65728261877414 ], [ 73.937598653905283, 19.657215700605178 ], [ 73.937652201968177, 19.657206828223519 ], [ 73.937687810973344, 19.657211222517834 ], [ 73.937696780495003, 19.657202340502696 ], [ 73.937701175560491, 19.657139866911034 ], [ 73.937692295734223, 19.657095318228031 ], [ 73.93765659703466, 19.657037300536839 ], [ 73.93765659703466, 19.656858994656151 ], [ 73.937714629841906, 19.656644976872236 ], [ 73.937910793159091, 19.656337297060691 ], [ 73.938008919590743, 19.656207975900692 ], [ 73.938053498035487, 19.656136557076604 ], [ 73.938102561221399, 19.65601175567652 ], [ 73.93811592577994, 19.655958212984309 ], [ 73.938173868754632, 19.6556238170634 ], [ 73.938182838253809, 19.65544994487923 ], [ 73.93814265489425, 19.655360742805534 ], [ 73.938008919590743, 19.655240345803072 ], [ 73.937995555024827, 19.655173430814461 ], [ 73.937968736195117, 19.655137740038054 ], [ 73.937875094499773, 19.655061916455658 ], [ 73.93783948552904, 19.655017399404382 ], [ 73.937781452759182, 19.654959373546987 ], [ 73.937745843771239, 19.654834522179755 ], [ 73.937741359011582, 19.654700781134505 ], [ 73.937750238835605, 19.654571433548735 ], [ 73.937759208354379, 19.654486714519194 ], [ 73.937790422276535, 19.65435746380113 ], [ 73.937843880591274, 19.654348494466589 ], [ 73.937959856381127, 19.65429055338678 ], [ 73.938106956277664, 19.654196914798909 ], [ 73.93815601945002, 19.654152271464387 ], [ 73.938173868754632, 19.65411659800937 ], [ 73.938200597860941, 19.654085438014167 ], [ 73.938205082609969, 19.654072002335507 ], [ 73.938200597860941, 19.654018507435545 ], [ 73.938191718057581, 19.654009584845781 ], [ 73.938147139644627, 19.654014073221965 ], [ 73.938106956277664, 19.654000708606326 ], [ 73.938084711910236, 19.653982895347305 ], [ 73.937991070270954, 19.653862452050678 ], [ 73.93795537162643, 19.653795528752635 ], [ 73.937933127241593, 19.653728686069002 ], [ 73.937942007056805, 19.653715298494877 ], [ 73.937852850105727, 19.653099944119816 ], [ 73.937812666677743, 19.653028643845786 ], [ 73.937763603418432, 19.652926022757498 ], [ 73.937723509667137, 19.652649618942185 ], [ 73.937710145081539, 19.652404312018774 ], [ 73.937692295734223, 19.652310710369974 ], [ 73.93768781097333, 19.65221700474887 ], [ 73.937705660321072, 19.652159109543199 ], [ 73.937741359011582, 19.652132294835919 ], [ 73.937937522301695, 19.652052036203312 ], [ 73.937977705703787, 19.652047587720038 ], [ 73.938013314649126, 19.652052069396582 ], [ 73.938022284155736, 19.652061000070095 ], [ 73.938008919590743, 19.652181384585308 ], [ 73.938013314649112, 19.652283900341057 ], [ 73.938022284155736, 19.652324047527411 ], [ 73.938035648719804, 19.652328528975517 ], [ 73.938049013282978, 19.652328513129742 ], [ 73.938084711910236, 19.652306195611629 ], [ 73.938106956277664, 19.65222154092336 ], [ 73.938164988950035, 19.652136798770194 ], [ 73.938227416658549, 19.652074326537505 ], [ 73.938329937981052, 19.652002988375141 ], [ 73.938387880891739, 19.651980670916508 ], [ 73.938481522339231, 19.651922720222203 ], [ 73.938749081896219, 19.651904878108621 ], [ 73.938775900617912, 19.651900445304086 ], [ 73.93880711437626, 19.651664140894873 ], [ 73.93882935866074, 19.651606116996668 ], [ 73.938860572410476, 19.651405526475067 ], [ 73.93890075562112, 19.651294024300327 ], [ 73.938963183092554, 19.651204832257836 ], [ 73.9390032765873, 19.651106725561348 ], [ 73.939025610543851, 19.651030896965153 ], [ 73.939056824261968, 19.650803499016678 ], [ 73.939025610543865, 19.65078566204739 ], [ 73.938958698361077, 19.650785645728629 ], [ 73.938838328129577, 19.650785693366572 ], [ 73.938762446410166, 19.650790150065749 ], [ 73.938749081896219, 19.650803481559812 ], [ 73.938726837602516, 19.650919441089865 ], [ 73.938749081896219, 19.650955154915351 ], [ 73.93880711437626, 19.650959564469911 ], [ 73.938860572410476, 19.650968495116516 ], [ 73.938878421650145, 19.650972944425348 ], [ 73.938887301422056, 19.650981866840805 ], [ 73.938887301422056, 19.651017580652233 ], [ 73.93882935866074, 19.651204799325548 ], [ 73.938811509416524, 19.651218250993669 ], [ 73.938780295658901, 19.651213729445633 ], [ 73.938722352865582, 19.651187017897627 ], [ 73.938713473086125, 19.65116469176898 ], [ 73.938717868128535, 19.651146838791973 ], [ 73.938708988348878, 19.651133507252595 ], [ 73.938682259312699, 19.651120135485577 ], [ 73.938668805098459, 19.651120143270155 ], [ 73.938628711534477, 19.651195939657292 ], [ 73.938601982487228, 19.65122269077013 ], [ 73.938561799214625, 19.651231548658501 ], [ 73.938530585416743, 19.651222706133463 ], [ 73.938517220886808, 19.651213727496366 ], [ 73.938512736145, 19.651146829218632 ], [ 73.938517220886808, 19.651026428606507 ], [ 73.938530585416743, 19.650923945018061 ], [ 73.938552919427806, 19.650848116639676 ], [ 73.938575163741476, 19.650723250829696 ], [ 73.93858861796221, 19.650598377192512 ], [ 73.938597497747395, 19.650580580425789 ], [ 73.938762446410166, 19.650549324614822 ], [ 73.938771415882101, 19.650540442399503 ], [ 73.938780295658901, 19.650513651032885 ], [ 73.938789265129998, 19.650330873689111 ], [ 73.938766931146191, 19.650148064091258 ], [ 73.938758051368779, 19.650130235328092 ], [ 73.938677774574728, 19.650112334112229 ], [ 73.938642076056738, 19.650090031915475 ], [ 73.93862422679527, 19.650063272603184 ], [ 73.938619831750742, 19.650023189980899 ], [ 73.938651045534229, 19.649965190380033 ], [ 73.938686654355806, 19.649942864284629 ], [ 73.938842723169131, 19.649916177505471 ], [ 73.938896270888208, 19.649916121522764 ], [ 73.939043370073747, 19.649929533202872 ], [ 73.939105797499224, 19.649947394083014 ], [ 73.939186074115895, 19.649960709566418 ], [ 73.939217287808162, 19.649978546386656 ], [ 73.939248501495399, 19.64998306769516 ], [ 73.939288684625552, 19.649991934055492 ], [ 73.939333262775847, 19.65000084838471 ], [ 73.939355506999902, 19.650000848254372 ], [ 73.939373356193997, 19.649978578224118 ], [ 73.93940456985608, 19.649933982000018 ], [ 73.939413539298258, 19.649853760299028 ], [ 73.939409054577226, 19.649826984939548 ], [ 73.939404569856066, 19.64967984089256 ], [ 73.939435783513119, 19.649385512776146 ], [ 73.939400174829245, 19.649291879677374 ], [ 73.939288684625552, 19.649251733247969 ], [ 73.939092433008966, 19.649265145512366 ], [ 73.938972062860557, 19.649291913072283 ], [ 73.938766931146191, 19.649363244424205 ], [ 73.938651045534229, 19.649381073260848 ], [ 73.938552919427792, 19.649385530304961 ], [ 73.938526190370084, 19.649381065103988 ], [ 73.93848600708175, 19.649372110480705 ], [ 73.938414699663412, 19.649336509008588 ], [ 73.938356667065847, 19.649238362452131 ], [ 73.938338907472996, 19.649220517771177 ], [ 73.938325453234924, 19.649171496571892 ], [ 73.938334422727067, 19.64907337446833 ], [ 73.938356667065847, 19.648957415455271 ], [ 73.938343302523904, 19.648841472571743 ], [ 73.938356667065847, 19.648774614813078 ], [ 73.938365636556554, 19.648752328995133 ], [ 73.93838348584184, 19.648738965490438 ], [ 73.938432548944178, 19.648716631495351 ], [ 73.938543949945753, 19.648672027367443 ], [ 73.938998791856747, 19.648605208345089 ], [ 73.939177194357697, 19.648605159398066 ], [ 73.939186074115909, 19.648614081683998 ], [ 73.939190558842114, 19.648636359663158 ], [ 73.939252986220154, 19.648801395830112 ], [ 73.939386720664871, 19.648747892530334 ], [ 73.939440268233554, 19.64873002335025 ], [ 73.939498210812118, 19.648730014866533 ], [ 73.939529424454079, 19.648734447782267 ], [ 73.93957400254898, 19.648752356386634 ], [ 73.939649883950466, 19.648805834338802 ], [ 73.939712311180458, 19.648859320280305 ], [ 73.939765768964875, 19.64887274746361 ], [ 73.939903987765248, 19.648837024361296 ], [ 73.939908472474826, 19.648823676786407 ], [ 73.939890623330058, 19.648752297476062 ], [ 73.939886138620068, 19.648582843444256 ], [ 73.93986389445692, 19.648533814509825 ], [ 73.939868379167436, 19.648493659577746 ], [ 73.94044358727723, 19.648342130965812 ], [ 73.941125798205064, 19.648252910273222 ], [ 73.941513722752788, 19.648261816329683 ], [ 73.942026499511442, 19.648417903250561 ], [ 73.942316387748022, 19.6484624920794 ], [ 73.942842526613106, 19.648431259763253 ], [ 73.943047654010272, 19.648426852084945 ], [ 73.943101200566588, 19.648435700775899 ], [ 73.943212688575159, 19.648431311964604 ], [ 73.943341935655184, 19.648435684519047 ], [ 73.943364269111342, 19.648359942427383 ], [ 73.943395482130072, 19.648315344660475 ], [ 73.943435664399672, 19.648275179862974 ], [ 73.943556031773412, 19.648217279120001 ], [ 73.943761158414432, 19.648083505341742 ], [ 73.944345234480394, 19.647882767796652 ], [ 73.944969580426559, 19.647699982849783 ], [ 73.94588811243969, 19.647396735143072 ], [ 73.945901476460818, 19.647312061819303 ], [ 73.94628948112809, 19.64717378318668 ], [ 73.946302845121494, 19.647236200593998 ], [ 73.946311724552842, 19.647383395131069 ], [ 73.946204722893427, 19.6478069813082 ], [ 73.946119964621616, 19.648047760525667 ], [ 73.946102205740914, 19.648159282430427 ], [ 73.946097721174809, 19.648293001788808 ], [ 73.946079872600748, 19.648391111561963 ], [ 73.945959506796896, 19.648721151042963 ], [ 73.945950537657978, 19.648819188135509 ], [ 73.945959506796896, 19.649002017621427 ], [ 73.945955022227494, 19.649055577676258 ], [ 73.945919325051349, 19.649135835052491 ], [ 73.94588811243969, 19.649158123148581 ], [ 73.945830171773665, 19.649162543264875 ], [ 73.945758777368738, 19.649144749478911 ], [ 73.945656259979913, 19.649144754480261 ], [ 73.945607198708146, 19.649149190047886 ], [ 73.945580470624307, 19.649167036613814 ], [ 73.945513560706985, 19.649180427655143 ], [ 73.945393194550803, 19.649193797159452 ], [ 73.945303951338985, 19.649220496811367 ], [ 73.945299556446088, 19.649238350380472 ], [ 73.94532179998464, 19.649336498120654 ], [ 73.945263859149023, 19.649407849651052 ], [ 73.94525049508384, 19.64942118208641 ], [ 73.945165736394017, 19.649456844129968 ], [ 73.945085462256699, 19.649439034392923 ], [ 73.945009672677514, 19.649421192412664 ], [ 73.944938367661692, 19.649416722153497 ], [ 73.944902670297992, 19.649425638191364 ], [ 73.94488482161367, 19.649439002782419 ], [ 73.944880337019356, 19.649456848141554 ], [ 73.94488482161367, 19.64951484096256 ], [ 73.944916034387177, 19.649559396620425 ], [ 73.944978459919099, 19.649626285593925 ], [ 73.944996308594781, 19.649684261848449 ], [ 73.944960611241768, 19.64971548842297 ], [ 73.944893701110104, 19.649728879031258 ], [ 73.944853608835132, 19.649724431433615 ], [ 73.94483127555084, 19.649697616320665 ], [ 73.944786698666448, 19.649679796953123 ], [ 73.944702029465432, 19.649657529952719 ], [ 73.944621755135756, 19.649617409406748 ], [ 73.944568209000124, 19.64956385175304 ], [ 73.94451475254175, 19.649470266830793 ], [ 73.944510267938853, 19.649430087211186 ], [ 73.944510267938853, 19.649385554394378 ], [ 73.94451475254175, 19.649349807763382 ], [ 73.944528116657736, 19.649318662304584 ], [ 73.944550360284978, 19.649242823277472 ], [ 73.944541480772784, 19.649216087983742 ], [ 73.944496903821644, 19.649207175203792 ], [ 73.944180290573442, 19.649189342208867 ], [ 73.944010861911408, 19.649207145552808 ], [ 73.943850312645367, 19.649256181308758 ], [ 73.943663034897497, 19.649278530250434 ], [ 73.943542667590307, 19.649278494223605 ], [ 73.943431179771778, 19.649256251556036 ], [ 73.943408846323351, 19.649242840310528 ], [ 73.943364269111342, 19.649207119470166 ], [ 73.943350904914979, 19.649162603347747 ], [ 73.943368753740771, 19.649122431262231 ], [ 73.943395482130072, 19.649091181368014 ], [ 73.943417815580048, 19.649051065286937 ], [ 73.943364269111342, 19.648984191923311 ], [ 73.943350904914993, 19.648939587649039 ], [ 73.943368753740771, 19.648926223300581 ], [ 73.943404361694832, 19.648908392935738 ], [ 73.943498090409093, 19.648877165011974 ], [ 73.943480241595239, 19.648792469491767 ], [ 73.943480241595239, 19.648783562973733 ], [ 73.943457908152467, 19.648774649135536 ], [ 73.943377633306753, 19.648761247972768 ], [ 73.943212688575159, 19.648752298899886 ], [ 73.94320371930894, 19.648756772395799 ], [ 73.943199324368351, 19.648779123099885 ], [ 73.943239416986017, 19.648863817752105 ], [ 73.943243901618359, 19.648903908981943 ], [ 73.943243901618359, 19.649024367372299 ], [ 73.943239416986017, 19.649051119079608 ], [ 73.943217083515449, 19.649091235107129 ], [ 73.943119049415401, 19.649109019224152 ], [ 73.942971863633062, 19.649153628281972 ], [ 73.942757856561585, 19.649198231124512 ], [ 73.942659732536029, 19.649238405217563 ], [ 73.942592821608926, 19.649251706587833 ], [ 73.942543759560536, 19.649251731909487 ], [ 73.942530395307557, 19.649372118291303 ], [ 73.942508151448166, 19.649403335784303 ], [ 73.942392178381866, 19.649465780275786 ], [ 73.9423387213225, 19.649501471768641 ], [ 73.94214695745454, 19.649679846458266 ], [ 73.942169201355412, 19.649804713135641 ], [ 73.942160321733994, 19.649858224508655 ], [ 73.942169201355412, 19.649947393419033 ], [ 73.942160321733994, 19.650036530791692 ], [ 73.942133593174148, 19.650085593280934 ], [ 73.942097895293173, 19.650103414966658 ], [ 73.942004255594171, 19.650179270322873 ], [ 73.942004255594171, 19.650237206635083 ], [ 73.942013135222737, 19.65025062626729 ], [ 73.942026499511442, 19.650259516454533 ], [ 73.942039953492426, 19.650290725154306 ], [ 73.942039953492426, 19.65031744464957 ], [ 73.942026499511442, 19.650344260459661 ], [ 73.94198640664257, 19.650397748358941 ], [ 73.941848189328539, 19.650500315813304 ], [ 73.941834825027513, 19.65051814508546 ], [ 73.941839219999096, 19.650549321641115 ], [ 73.941857068964268, 19.650616204272271 ], [ 73.941879402591724, 19.650651926167509 ], [ 73.941879402591724, 19.65070545335071 ], [ 73.941843704663867, 19.650803521585562 ], [ 73.941830340362543, 19.650843661197772 ], [ 73.941549420741495, 19.651387626988353 ], [ 73.941473629777747, 19.651432216485286 ], [ 73.941406718440717, 19.651503629476721 ], [ 73.941366625443507, 19.651557117040323 ], [ 73.941272985390853, 19.651637380606893 ], [ 73.94116598094574, 19.651699759058008 ], [ 73.941116918535798, 19.651713187291879 ], [ 73.941076735784932, 19.6517399470541 ], [ 73.941000944636187, 19.651860285437142 ], [ 73.940992064961179, 19.651882579849953 ], [ 73.940755721946886, 19.652208120797034 ], [ 73.940684325670262, 19.652266073216328 ], [ 73.940644232523496, 19.652310653921752 ], [ 73.940653112214434, 19.652355290500687 ], [ 73.94064871721595, 19.652399863160444 ], [ 73.940626383446542, 19.652457879575959 ], [ 73.940604049674548, 19.65248459099092 ], [ 73.940546107426798, 19.652551441870187 ], [ 73.940327612974386, 19.65268081430305 ], [ 73.940296399461062, 19.652716504324992 ], [ 73.940269670643929, 19.652756571475052 ], [ 73.940189394476334, 19.652943871970169 ], [ 73.940113602980304, 19.653389781301051 ], [ 73.940033326748022, 19.653590485489143 ], [ 73.94001547761475, 19.653719721684539 ], [ 73.939970899621486, 19.653840171477185 ], [ 73.939921836908766, 19.653942752052441 ], [ 73.939707826466332, 19.654281613567445 ], [ 73.939667643423107, 19.654357402374327 ], [ 73.939569607525982, 19.654589290756196 ], [ 73.939493815787429, 19.654736435268539 ], [ 73.939355506999902, 19.654852393785699 ], [ 73.939172709631194, 19.654968351479582 ], [ 73.939154860418626, 19.654990621368206 ], [ 73.939110282227276, 19.655079765633229 ], [ 73.939038975038727, 19.655204655605303 ], [ 73.939016641083697, 19.65525817419767 ], [ 73.938998791856747, 19.655356281489425 ], [ 73.938989912089966, 19.655494448241029 ], [ 73.9390032765873, 19.655614890600088 ], [ 73.9390032765873, 19.655721944926725 ], [ 73.938989912089966, 19.655842330693815 ], [ 73.938985427359114, 19.655873491271176 ], [ 73.938967578129294, 19.655918071444628 ], [ 73.938927484627158, 19.655971645875233 ], [ 73.938882906383498, 19.656042977014867 ], [ 73.938856087676626, 19.656123246987665 ], [ 73.93880711437626, 19.656239150674708 ], [ 73.938700018874059, 19.656346138028969 ], [ 73.938668805098459, 19.656421950674087 ], [ 73.938659925316543, 19.656475461654299 ], [ 73.938642076056738, 19.65652453909177 ], [ 73.938575163741476, 19.656631575534746 ], [ 73.938552919427806, 19.656658294500556 ], [ 73.93838348584184, 19.656787638242225 ], [ 73.938329937981052, 19.656845628989956 ], [ 73.938205082609969, 19.657023923349456 ], [ 73.938138170143787, 19.657104239922699 ], [ 73.937973220949516, 19.657269176927837 ], [ 73.937968736195117, 19.65729592827002 ], [ 73.937982100762895, 19.657358346312769 ], [ 73.937999950083508, 19.657380697366971 ], [ 73.937982100762895, 19.657420779957715 ], [ 73.937942007056805, 19.657478763022816 ], [ 73.937835000771557, 19.657545634057751 ], [ 73.937745843771239, 19.657617043081391 ], [ 73.937723509667151, 19.657657157459298 ], [ 73.937719024906983, 19.657706219104242 ], [ 73.937790422276535, 19.657755235658595 ], [ 73.937799302098284, 19.657773064946575 ], [ 73.937799302098284, 19.657813188269717 ], [ 73.937785937517901, 19.657866730982807 ], [ 73.937750238835605, 19.657924673909882 ], [ 73.937745843771225, 19.657951433429702 ], [ 73.937710145081539, 19.658045090509503 ], [ 73.937674446385273, 19.65810753073994 ], [ 73.937603138668251, 19.658281449161066 ], [ 73.937589774074326, 19.658379524342397 ], [ 73.937562955188469, 19.658450887348657 ], [ 73.937549590591786, 19.658459809347459 ], [ 73.93747828282882, 19.658459830470004 ], [ 73.937415854878935, 19.658446375883813 ], [ 73.937380156128441, 19.658428569340135 ], [ 73.937348942140204, 19.658397327135493 ], [ 73.937335577528771, 19.6583661258063 ], [ 73.937326607990371, 19.658285854685527 ], [ 73.937308848303132, 19.658223476581338 ], [ 73.937255300145353, 19.658098575005987 ], [ 73.937255300145353, 19.657835525171372 ], [ 73.937237450756129, 19.657697301657528 ], [ 73.937215206288883, 19.657657177607341 ], [ 73.937192872123632, 19.657634858327857 ], [ 73.937166142878297, 19.657616988211217 ], [ 73.937090350199497, 19.657536794803267 ], [ 73.937063531244533, 19.657514419181766 ], [ 73.937036801981364, 19.657483233460084 ], [ 73.937032317205293, 19.657456457716673 ], [ 73.937032317205293, 19.657447551252289 ] ], [ [ 73.944786698666448, 19.648957482877147 ], [ 73.944800062763662, 19.648828100621941 ], [ 73.94483576014629, 19.648805868791587 ], [ 73.944942762562803, 19.648792428072785 ], [ 73.944960611241768, 19.648823684466102 ], [ 73.944965095834235, 19.648903899545967 ], [ 73.944978459919099, 19.648935188171581 ], [ 73.945045370021461, 19.649002044685151 ], [ 73.945049854611952, 19.649042136141528 ], [ 73.945040885430885, 19.64907782687553 ], [ 73.945027521350312, 19.649095656666159 ], [ 73.944987429103065, 19.649118017106915 ], [ 73.944969580426559, 19.649149194871441 ], [ 73.944925003574042, 19.649309683486749 ], [ 73.944849124240093, 19.64935876487467 ], [ 73.944777819165125, 19.649354294557433 ], [ 73.944724273072694, 19.64926960811411 ], [ 73.944706424371915, 19.649135793879189 ], [ 73.944733242268427, 19.649042205810193 ], [ 73.944786698666448, 19.648957482877147 ] ] ] } },
{ "type": "Feature", "properties": { "polygon_id": "indiasat_58", "source": "indiasat", "raw_class": "green", "core_class": "greenery", "lon": 74.60899184498507, "lat": 18.086372701162592, "block": "74_18" }, "geometry": { "type": "Polygon", "coordinates": [ [ [ 74.603146276623178, 18.088196253645993 ], [ 74.603155124097484, 18.088165023975304 ], [ 74.603471756135463, 18.087674561359158 ], [ 74.603752640348773, 18.087300010264347 ], [ 74.604073739684821, 18.086970004710853 ], [ 74.604390370032604, 18.086675720357416 ], [ 74.604938819244978, 18.086212012707929 ], [ 74.605411483295256, 18.085832973866964 ], [ 74.606379059822103, 18.085074937271035 ], [ 74.606811594349793, 18.08472264434927 ], [ 74.606829467653981, 18.084704821533389 ], [ 74.606833935979736, 18.084678076483147 ], [ 74.606882998188908, 18.084628990450476 ], [ 74.607195065683584, 18.084521971242562 ], [ 74.607542879073961, 18.08444170680368 ], [ 74.607797125570244, 18.08437478769293 ], [ 74.607939753668603, 18.084285598790661 ], [ 74.608078002721228, 18.084218761451101 ], [ 74.608684438428796, 18.084040420413203 ], [ 74.608711158726862, 18.084049279932817 ], [ 74.608729031833633, 18.084089457753475 ], [ 74.608782561777261, 18.084655773645959 ], [ 74.608840470612378, 18.084811773499556 ], [ 74.60881821860859, 18.085052620282774 ], [ 74.60883162343049, 18.085168567432774 ], [ 74.60881821860859, 18.085186401519866 ], [ 74.608782561777261, 18.085199787570133 ], [ 74.608425814325827, 18.085275543781158 ], [ 74.608394625698324, 18.085302318760398 ], [ 74.608390157413112, 18.085315685940493 ], [ 74.608461471231152, 18.086586506105473 ], [ 74.608474876080848, 18.086711431298166 ], [ 74.608483812646739, 18.086711365188133 ], [ 74.6085015964115, 18.086733669369707 ], [ 74.608510532975998, 18.086773825829859 ], [ 74.608546189863731, 18.087375837273147 ], [ 74.608555126425927, 18.087411505103788 ], [ 74.608581846744102, 18.08773255304996 ], [ 74.608581846744102, 18.087817223206713 ], [ 74.608586315024326, 18.087835101164558 ], [ 74.608604188144056, 18.087821678777374 ], [ 74.60861312470324, 18.087803833718436 ], [ 74.6086309084546, 18.087656709712835 ], [ 74.608644313291109, 18.087629986134278 ], [ 74.608684438428796, 18.087585366063532 ], [ 74.608693374983801, 18.087563120267792 ], [ 74.608675501873321, 18.087447161117002 ], [ 74.608675501873321, 18.087389159472149 ], [ 74.608684438428796, 18.087295533836585 ], [ 74.608720095280475, 18.087139476339821 ], [ 74.608737968386308, 18.087099297492529 ], [ 74.608764688676061, 18.087001219713201 ], [ 74.608849407159255, 18.086537488817747 ], [ 74.608840470612378, 18.08649733236863 ], [ 74.608706779815435, 18.08616741960223 ], [ 74.608711158726862, 18.086145067657835 ], [ 74.608715627003733, 18.086136189154612 ], [ 74.608827155156646, 18.086078182549219 ], [ 74.608876216797171, 18.086064829350459 ], [ 74.608916341880715, 18.086073721890518 ], [ 74.609027780538071, 18.086368029348669 ], [ 74.609054590148148, 18.086403740780689 ], [ 74.60906343731854, 18.08641264484185 ], [ 74.609085778655924, 18.086408210757689 ], [ 74.609121435424385, 18.086385847247936 ], [ 74.609433588221947, 18.086274430619387 ], [ 74.60942911996375, 18.086225307602408 ], [ 74.609371121961701, 18.086118323354253 ], [ 74.609157092185441, 18.085538613374123 ], [ 74.609237342212111, 18.085520840387797 ], [ 74.609371121961701, 18.08547176990205 ], [ 74.609259683526886, 18.085110572874981 ], [ 74.609406778670987, 18.085057038958645 ], [ 74.609237342212097, 18.084477345607251 ], [ 74.609036717075227, 18.0845309320108 ], [ 74.608996592019764, 18.084526440460145 ], [ 74.608983187210725, 18.084522007060247 ], [ 74.608974250670784, 18.084504118446201 ], [ 74.608956466954908, 18.084446169002163 ], [ 74.608925278423655, 18.084084979558337 ], [ 74.60892965732954, 18.08404484895776 ], [ 74.608947530413602, 18.084018136385232 ], [ 74.608965403495773, 18.084004713874297 ], [ 74.609045653611915, 18.08397796325373 ], [ 74.609357806547067, 18.083897701915234 ], [ 74.609384526740484, 18.083902160635908 ], [ 74.609473713175433, 18.084379310923111 ], [ 74.60956736781884, 18.084700336136443 ], [ 74.609629744642717, 18.084865324510289 ], [ 74.60973233570212, 18.084820761215799 ], [ 74.609763524086958, 18.084811852713152 ], [ 74.609808117211912, 18.08481177827424 ], [ 74.609825990204627, 18.084816310534048 ], [ 74.609839394947954, 18.084838610778583 ], [ 74.60989730342709, 18.085079368735823 ], [ 74.609915176410539, 18.085177460232948 ], [ 74.609937428272346, 18.085204175755255 ], [ 74.609968705984869, 18.085222030861974 ], [ 74.610093548683565, 18.08521316035419 ], [ 74.61011580052228, 18.085230986418587 ], [ 74.610151457077109, 18.085275601518109 ], [ 74.610164861795042, 18.085293413082194 ], [ 74.610280767879274, 18.085663511312081 ], [ 74.610320892635016, 18.08576156229287 ], [ 74.610365485615361, 18.085953359870615 ], [ 74.610481480928939, 18.086305599592652 ], [ 74.61060632325524, 18.086265483829365 ], [ 74.610267452535098, 18.085271117108618 ], [ 74.610258516061904, 18.085230960753659 ], [ 74.610258516061904, 18.085199715621464 ], [ 74.610294172587132, 18.085168550248163 ], [ 74.610347702043427, 18.085141829083405 ], [ 74.610361106746069, 18.085132884230386 ], [ 74.610365485615361, 18.085106131449312 ], [ 74.610401231483053, 18.085065995822156 ], [ 74.610508200947706, 18.085008057357115 ], [ 74.610601855027511, 18.084990140046731 ], [ 74.61068657260536, 18.084958998768936 ], [ 74.610949661526092, 18.084793952427844 ], [ 74.611217218255959, 18.084646871250193 ], [ 74.611605147965207, 18.084477352277656 ], [ 74.611359932881072, 18.0837639709092 ], [ 74.611177093709458, 18.083304649875622 ], [ 74.611172625496565, 18.083277882751847 ], [ 74.611177093709458, 18.083264515422496 ], [ 74.611208281832148, 18.083233250869842 ], [ 74.611252874582291, 18.083206507482682 ], [ 74.611342060047861, 18.083166398805684 ], [ 74.611551618900521, 18.083099539784357 ], [ 74.611837047476882, 18.08297019057424 ], [ 74.61243006538281, 18.082778420294453 ], [ 74.612853737711731, 18.082604581508278 ], [ 74.613232727408018, 18.08243961116116 ], [ 74.613286255949006, 18.082430667392948 ], [ 74.61331297553167, 18.082435125351026 ], [ 74.613330848159904, 18.082444057811216 ], [ 74.613344163266731, 18.082479728701649 ], [ 74.613357567735633, 18.082564430993433 ], [ 74.613366504047676, 18.082738369435027 ], [ 74.613370972203498, 18.082903319737692 ], [ 74.613362035891711, 18.082992545175898 ], [ 74.613362035891711, 18.083054947642193 ], [ 74.613339784473311, 18.083295709614873 ], [ 74.613339784473311, 18.083648033232873 ], [ 74.613357567735633, 18.083777275020616 ], [ 74.613353099579456, 18.083977938504752 ], [ 74.613366504047676, 18.084232158418054 ], [ 74.613357567735633, 18.084441700978314 ], [ 74.613362035891711, 18.084646787245585 ], [ 74.613344163266731, 18.084825151100606 ], [ 74.613339784473311, 18.084958930876539 ], [ 74.613344163266731, 18.085003558194479 ], [ 74.613366504047676, 18.085110550831967 ], [ 74.613370972203498, 18.085172964552516 ], [ 74.61334863142315, 18.085427187266703 ], [ 74.613210475972892, 18.086029172004654 ], [ 74.613058826557094, 18.086359148943334 ], [ 74.612898330034881, 18.086684622559051 ], [ 74.612791272694508, 18.086827314731408 ], [ 74.612688683461016, 18.086938772035573 ], [ 74.612639712272212, 18.08697897854519 ], [ 74.612581715353556, 18.087014579271127 ], [ 74.612666431955432, 18.087344566016586 ], [ 74.612670900129487, 18.087398090518999 ], [ 74.612684304650912, 18.087469415939953 ], [ 74.612688683461016, 18.08751404360299 ], [ 74.612679836477213, 18.087554164435272 ], [ 74.612648559258076, 18.08760320139482 ], [ 74.612635244097362, 18.087621043342274 ], [ 74.612595119881945, 18.087647797808909 ], [ 74.612345348664405, 18.087910921882976 ], [ 74.612166978728325, 18.088017895717286 ], [ 74.612126854403584, 18.08804913881238 ], [ 74.612082261880232, 18.088071393395563 ], [ 74.612042137535695, 18.088084769228406 ], [ 74.611957420626041, 18.088089241958546 ], [ 74.611930700832573, 18.088071404750639 ], [ 74.611894955282992, 18.088000112913118 ], [ 74.611868235479818, 18.087928762099715 ], [ 74.611841515672481, 18.087897546508344 ], [ 74.611819174693267, 18.087843978535719 ], [ 74.61176126686162, 18.08774148935878 ], [ 74.61172105307817, 18.087696855526136 ], [ 74.611645272411778, 18.087540809427239 ], [ 74.611569491711961, 18.087438188900538 ], [ 74.611542771858183, 18.087429329340857 ], [ 74.611515962636176, 18.087429264073439 ], [ 74.611489242774084, 18.087433782867883 ], [ 74.611413372641323, 18.087460537910047 ], [ 74.611431245467131, 18.087585387470707 ], [ 74.611462433543721, 18.08765226021535 ], [ 74.611493710978735, 18.087754786571647 ], [ 74.611493710978735, 18.087830656055395 ], [ 74.611484774569306, 18.087857391043659 ], [ 74.611462433543721, 18.087897471752193 ], [ 74.611444650085275, 18.087906413058299 ], [ 74.611377716348287, 18.087910921812778 ], [ 74.61132865542173, 18.087946543621786 ], [ 74.611324276576951, 18.087973296743609 ], [ 74.611337591839259, 18.088040214062083 ], [ 74.611350996464694, 18.088084782675217 ], [ 74.611368869296996, 18.0881159838051 ], [ 74.611391120970595, 18.088218569331886 ], [ 74.611408993798719, 18.088263148880252 ], [ 74.611449118291077, 18.088294397253868 ], [ 74.611466901749068, 18.088316701565436 ], [ 74.611466901749068, 18.088352347964822 ], [ 74.611449118291077, 18.088370178853047 ], [ 74.611417840847963, 18.088392458596026 ], [ 74.611159220857218, 18.088521781175807 ], [ 74.610851539414568, 18.088642188765981 ], [ 74.610615259710315, 18.088753697488073 ], [ 74.610427951514296, 18.088807133122643 ], [ 74.610129205242998, 18.088865157639784 ], [ 74.610089080442521, 18.088856264878384 ], [ 74.610057892116743, 18.088842817187519 ], [ 74.61004001914813, 18.088811615930762 ], [ 74.609999894326819, 18.088508399541219 ], [ 74.610035550905678, 18.088486123872435 ], [ 74.610093548683565, 18.088463814852584 ], [ 74.610106864041214, 18.08846384039694 ], [ 74.610588450343641, 18.088218585287034 ], [ 74.610490417390523, 18.088089248214615 ], [ 74.610427951514296, 18.088120436096325 ], [ 74.610347702043427, 18.088147186742923 ], [ 74.610213923053806, 18.088205234965557 ], [ 74.610066739235521, 18.088289918882548 ], [ 74.610026614420448, 18.088321161201023 ], [ 74.609932960027237, 18.08836574586514 ], [ 74.609821521956619, 18.088410293944992 ], [ 74.60966986955043, 18.088486076840084 ], [ 74.609652085906518, 18.088521774513701 ], [ 74.60964314940135, 18.088758161761817 ], [ 74.60961196099467, 18.088824984022441 ], [ 74.609571836073457, 18.088860714939692 ], [ 74.609545026544026, 18.088869626767718 ], [ 74.609495965094368, 18.088874090292293 ], [ 74.609420183446986, 18.088874094533423 ], [ 74.609139308488494, 18.08883842453713 ], [ 74.609121435424385, 18.088825002352532 ], [ 74.609112498891633, 18.088789334259236 ], [ 74.609023312269315, 18.088767037593133 ], [ 74.609014375731448, 18.088691234611495 ], [ 74.609032248806713, 18.088428113336342 ], [ 74.608902937065423, 18.088454925729433 ], [ 74.608764688676061, 18.088450470729331 ], [ 74.608555126425927, 18.088419185985728 ], [ 74.608443687462241, 18.088414796592051 ], [ 74.608265313477503, 18.088396959379427 ], [ 74.608207315082893, 18.08838802234186 ], [ 74.608176126415756, 18.088374662461128 ], [ 74.608158253251517, 18.088356839527908 ], [ 74.608149316668715, 18.088321083562569 ], [ 74.608140469451257, 18.088312179359455 ], [ 74.608028940852961, 18.08829880496463 ], [ 74.608002220448881, 18.088303323045178 ], [ 74.60797103174454, 18.088584196379404 ], [ 74.607966563448329, 18.088602052381763 ], [ 74.607944221965525, 18.088619864393799 ], [ 74.607868439634217, 18.088610978472886 ], [ 74.607805972805352, 18.088584251276114 ], [ 74.607658876291822, 18.088499511152143 ], [ 74.607618750914838, 18.088481640416415 ], [ 74.607583004468651, 18.08846826216644 ], [ 74.607529563517758, 18.08846383189687 ], [ 74.607351188584815, 18.088463860630984 ], [ 74.607235280525728, 18.088477238306179 ], [ 74.606994438163952, 18.088490585869554 ], [ 74.606829467653981, 18.088512826691961 ], [ 74.606758153159205, 18.088512840786795 ], [ 74.606731343191086, 18.088521752071664 ], [ 74.606677812608964, 18.088552960066703 ], [ 74.606633218672229, 18.088570811923088 ], [ 74.606615434714286, 18.088566374330842 ], [ 74.606606498051292, 18.088557462813949 ], [ 74.606593093055963, 18.088508405733119 ], [ 74.606566372428773, 18.088236382716282 ], [ 74.60655743576325, 18.088222982494166 ], [ 74.606535183464061, 18.088205155732304 ], [ 74.606486121155669, 18.088200728951428 ], [ 74.606419185488321, 18.088205147452346 ], [ 74.606338934146549, 18.088236384389976 ], [ 74.606227493746815, 18.08831666313829 ], [ 74.606205152038086, 18.088338963520094 ], [ 74.606151710659077, 18.088370178555689 ], [ 74.605959929252521, 18.088392440211717 ], [ 74.605777084338683, 18.088441479983477 ], [ 74.605670111930962, 18.08852176921075 ], [ 74.605634454446928, 18.088539642845678 ], [ 74.605567518448197, 18.088557439025529 ], [ 74.605371357393992, 18.08857529530929 ], [ 74.605215232695798, 18.088575281639162 ], [ 74.605184043486105, 18.08856640999198 ], [ 74.605094854826604, 18.088548512212608 ], [ 74.604934350869996, 18.088503959486982 ], [ 74.604760441625515, 18.088463862102664 ], [ 74.60443496455072, 18.088419191874799 ], [ 74.604341307112534, 18.08841474875916 ], [ 74.604185181479664, 18.088379088690729 ], [ 74.60414952368788, 18.089123778359752 ], [ 74.60414952368788, 18.089208447580177 ], [ 74.604136207869004, 18.089248643787688 ], [ 74.604113865888721, 18.089261966301386 ], [ 74.604033613471586, 18.089275334834515 ], [ 74.603993487248985, 18.089270929353553 ], [ 74.603886424364276, 18.089239696156561 ], [ 74.60362332463842, 18.089217431971768 ], [ 74.60356988245745, 18.089204022890868 ], [ 74.603502945655535, 18.089195149842695 ], [ 74.60347622454843, 18.089181712253595 ], [ 74.6034628193092, 18.0891326553228 ], [ 74.603462819309186, 18.089065765059193 ], [ 74.603498477243249, 18.08890082156563 ], [ 74.603525287715144, 18.088811642690796 ], [ 74.603587666730206, 18.088374621406903 ], [ 74.603587666730206, 18.088321109312801 ], [ 74.603574350867845, 18.088254281141445 ], [ 74.603445035023512, 18.088214110549249 ], [ 74.603284440159655, 18.088200706060547 ], [ 74.603159592518665, 18.088205169086557 ], [ 74.603146276623178, 18.088196253645993 ] ] ] } },
{ "type": "Feature", "properties": { "polygon_id": "indiasat_59", "source": "indiasat", "raw_class": "green", "core_class": "greenery", "lon": 74.014631504403454, "lat": 16.434507440946852, "block": "74_16" }, "geometry": { "type": "Polygon", "coordinates": [ [ [ 74.009465969907751, 16.433236585150745 ], [ 74.009497172202742, 16.433027036887299 ], [ 74.009925306627053, 16.432853147810636 ], [ 74.011909596293023, 16.432670319834898 ], [ 74.012984175901948, 16.432340280775268 ], [ 74.013465829481447, 16.432010359609997 ], [ 74.014237261686745, 16.431247790626276 ], [ 74.014968523462471, 16.430784058556767 ], [ 74.015151338468954, 16.430538855040119 ], [ 74.015418881056547, 16.429713923422288 ], [ 74.01564186281287, 16.429736221912584 ], [ 74.015985166342844, 16.430302476239898 ], [ 74.016448970314485, 16.43064135574933 ], [ 74.016480171469112, 16.430806404027731 ], [ 74.0162126303684, 16.431136321910412 ], [ 74.016092218819054, 16.431586758224025 ], [ 74.016105577959692, 16.431742747197951 ], [ 74.016404320377433, 16.432197595401504 ], [ 74.017349677457318, 16.432866457183721 ], [ 74.018098769201501, 16.433245477851603 ], [ 74.018540243318256, 16.433348062956618 ], [ 74.018647294361699, 16.433575514586746 ], [ 74.018669529411781, 16.433945574172654 ], [ 74.017960606600596, 16.434828488129202 ], [ 74.017135663513116, 16.435064861741679 ], [ 74.016640660086239, 16.435479476384867 ], [ 74.016511372618638, 16.43575596549945 ], [ 74.016533697575966, 16.436054703989949 ], [ 74.016725387262667, 16.437330086263337 ], [ 74.016524731729959, 16.437659976827963 ], [ 74.01596732425763, 16.437784853269626 ], [ 74.015579460224558, 16.438297697309412 ], [ 74.014732181684224, 16.439091358359729 ], [ 74.014433436650762, 16.439202854338674 ], [ 74.013925066927314, 16.439006625048812 ], [ 74.013488065134879, 16.438707903810659 ], [ 74.013037702988527, 16.438110356517306 ], [ 74.013037702988527, 16.435929850381754 ], [ 74.012854885959243, 16.435479555665921 ], [ 74.011864945294889, 16.434346880108322 ], [ 74.011071267579524, 16.434008057038319 ], [ 74.009604228314146, 16.433544240015426 ], [ 74.009465969907751, 16.433236585150745 ] ] ] } },
{ "type": "Feature", "properties": { "polygon_id": "indiasat_61", "source": "indiasat", "raw_class": "green", "core_class": "greenery", "lon": 74.009317883700788, "lat": 16.435901662705721, "block": "74_16" }, "geometry": { "type": "Polygon", "coordinates": [ [ [ 74.004975655521221, 16.436652227684657 ], [ 74.00498013871514, 16.436598776231879 ], [ 74.005011341741962, 16.436567545820299 ], [ 74.00505590467661, 16.436549736617692 ], [ 74.005153996894563, 16.43646947352563 ], [ 74.00522536926286, 16.436384690254805 ], [ 74.005323461393957, 16.436166220711286 ], [ 74.005363630734763, 16.436028000216361 ], [ 74.005403710403471, 16.435858556526224 ], [ 74.005492925743241, 16.435715867707092 ], [ 74.005564297985117, 16.435675728777909 ], [ 74.005666873120262, 16.435631128484495 ], [ 74.005814010958503, 16.435608828867885 ], [ 74.005827370817556, 16.43558649947245 ], [ 74.005880899907865, 16.435408161491292 ], [ 74.005961148683568, 16.435261025468161 ], [ 74.006005711396995, 16.435207552612383 ], [ 74.006036914256555, 16.435140658717881 ], [ 74.006041397425605, 16.43511388942845 ], [ 74.006036914256555, 16.434944380265428 ], [ 74.006019071242662, 16.434774965654064 ], [ 74.006023554412138, 16.434730408432042 ], [ 74.006036914256555, 16.434712526052483 ], [ 74.006068117111013, 16.434681295400726 ], [ 74.006157332140972, 16.434565375487658 ], [ 74.006277749949589, 16.434471763113624 ], [ 74.006380324702207, 16.43440937410406 ], [ 74.006514102181569, 16.43437365235161 ], [ 74.006594350691628, 16.434315717602686 ], [ 74.006603227340406, 16.434186398839117 ], [ 74.006598744184501, 16.43412841366343 ], [ 74.006589867535538, 16.434097204715446 ], [ 74.00654969845219, 16.43404368132904 ], [ 74.006527461991709, 16.434025820642461 ], [ 74.006665632859509, 16.434052610986875 ], [ 74.006719161715267, 16.434079357936817 ], [ 74.006893107977305, 16.434123928310189 ], [ 74.00694215362158, 16.434128440364656 ], [ 74.00700007588361, 16.434123964017719 ], [ 74.007062570936142, 16.434079384332986 ], [ 74.007160662125187, 16.434021354560656 ], [ 74.007289955919092, 16.43378508125998 ], [ 74.007312281953716, 16.433673550033312 ], [ 74.007316675430104, 16.433588875704288 ], [ 74.007187381654248, 16.433223236177302 ], [ 74.007129459448933, 16.432951215506083 ], [ 74.007022401952057, 16.432665782696262 ], [ 74.007009042176477, 16.432616786288488 ], [ 74.007017918805985, 16.432509790364563 ], [ 74.007066964418271, 16.432353688320472 ], [ 74.007071447563177, 16.432282362468477 ], [ 74.007066964418271, 16.432099514316135 ], [ 74.007044728017917, 16.43204154424949 ], [ 74.006968873181165, 16.431925605237943 ], [ 74.006897501463328, 16.431836435032498 ], [ 74.006839579170219, 16.431769586337602 ], [ 74.006808376441583, 16.431716063654701 ], [ 74.006772690556048, 16.431551018961983 ], [ 74.006777173707874, 16.431519803074902 ], [ 74.006844062320468, 16.431403891033423 ], [ 74.006946636769413, 16.431252301111027 ], [ 74.007026885098028, 16.431105165854699 ], [ 74.007040244872371, 16.431056067783068 ], [ 74.007160662125187, 16.430850932604425 ], [ 74.007227550603673, 16.430761789211019 ], [ 74.007294439058782, 16.430672645786881 ], [ 74.007334518322949, 16.430636960666437 ], [ 74.007526306900331, 16.430476438009919 ], [ 74.007602071853341, 16.430400627837066 ], [ 74.007677926438973, 16.430338165355124 ], [ 74.007731365348846, 16.430275703812782 ], [ 74.007740331607437, 16.430249021886684 ], [ 74.007820579603035, 16.430150889579998 ], [ 74.007882984724944, 16.429981439931915 ], [ 74.007945389826489, 16.429736218398581 ], [ 74.007936513240011, 16.429705010210551 ], [ 74.007833939321941, 16.42967820104737 ], [ 74.007838422448884, 16.42965143218353 ], [ 74.007936513240011, 16.429593488654522 ], [ 74.00802572739849, 16.429566768017828 ], [ 74.008123818093551, 16.429508824334039 ], [ 74.008177346541217, 16.429468691363404 ], [ 74.008186223116496, 16.42944191528613 ], [ 74.008190706235197, 16.429370590115226 ], [ 74.008181739997724, 16.42930815946108 ], [ 74.008155020607575, 16.429236762673014 ], [ 74.008119334973301, 16.429103022545618 ], [ 74.00811045839491, 16.42899595558498 ], [ 74.008137177791284, 16.428911274802029 ], [ 74.008212942502297, 16.428813142660971 ], [ 74.008244234664133, 16.428804240247448 ], [ 74.008382404291652, 16.428804257331702 ], [ 74.008694608105117, 16.428857739246176 ], [ 74.008770372595279, 16.428889002920993 ], [ 74.008926474248995, 16.428978131238068 ], [ 74.00900223864727, 16.42904061049116 ], [ 74.009051283750637, 16.429071802412683 ], [ 74.0090824861133, 16.429107449237701 ], [ 74.009265306750947, 16.429272421425996 ], [ 74.009483812600052, 16.429499896439484 ], [ 74.00952837449266, 16.42953108869683 ], [ 74.009720160869676, 16.429580091576792 ], [ 74.009853936012675, 16.429593543137454 ], [ 74.010010036781679, 16.429624686884164 ], [ 74.010224058708687, 16.429629204605156 ], [ 74.010384552581371, 16.429651446933214 ], [ 74.010500484663666, 16.42969603482992 ], [ 74.010513844195316, 16.429718348995596 ], [ 74.010509450792384, 16.429843219840699 ], [ 74.010487125131078, 16.429968091861415 ], [ 74.010478248662608, 16.430075088069664 ], [ 74.010478248662608, 16.430244508745698 ], [ 74.010491608195821, 16.430494228892183 ], [ 74.010504967728082, 16.43052099016397 ], [ 74.010540652917086, 16.430587853121391 ], [ 74.010585214563335, 16.430614598609942 ], [ 74.010692270065405, 16.430636959654418 ], [ 74.010843887093458, 16.430627993752701 ], [ 74.01095533584342, 16.430628025299814 ], [ 74.011017739942133, 16.430641421700255 ], [ 74.011097986562092, 16.430712708042183 ], [ 74.011133671640394, 16.430761783155731 ], [ 74.011200558728973, 16.430886615681136 ], [ 74.011240726835254, 16.430984781939692 ], [ 74.011276411886911, 16.431064986152144 ], [ 74.01132545640678, 16.431105159593745 ], [ 74.011432421833376, 16.431136320337149 ], [ 74.011677733767527, 16.431176491872527 ], [ 74.011749014040234, 16.431203221703928 ], [ 74.011829350013826, 16.43128349647322 ], [ 74.011833743386418, 16.431399460406848 ], [ 74.011820383947011, 16.431470794905866 ], [ 74.01179366506544, 16.431533243200686 ], [ 74.011722295148672, 16.431591174021701 ], [ 74.011454747384278, 16.431631325235191 ], [ 74.011187199245327, 16.43165360071395 ], [ 74.011124795201951, 16.43167142032852 ], [ 74.01105790808684, 16.43171600943446 ], [ 74.010933010234197, 16.431814161268413 ], [ 74.010669944425445, 16.431858757710277 ], [ 74.010420237792843, 16.431881023762067 ], [ 74.010076924263444, 16.431885460925162 ], [ 74.009947542692444, 16.431898857372246 ], [ 74.009867295589487, 16.431912237294412 ], [ 74.00980040803438, 16.431934503519948 ], [ 74.009639913671279, 16.432001460479555 ], [ 74.009443733786355, 16.432108455800272 ], [ 74.00929211564781, 16.432144101575243 ], [ 74.009100328841413, 16.432166421972333 ], [ 74.008997755547611, 16.432215472448767 ], [ 74.008837260510745, 16.432384883482719 ], [ 74.008797091899439, 16.432491888464888 ], [ 74.008654439463825, 16.432799584334759 ], [ 74.008609877367533, 16.432928918692287 ], [ 74.008574191818141, 16.433085014959058 ], [ 74.008502820699391, 16.433455106001116 ], [ 74.008502820699391, 16.433517538506987 ], [ 74.008525146592419, 16.433678059098956 ], [ 74.00858755148441, 16.433869773823531 ], [ 74.008632113585904, 16.433918842921997 ], [ 74.008716844313625, 16.433994665988902 ], [ 74.008832777407235, 16.434074921045802 ], [ 74.008993362109848, 16.434208699325485 ], [ 74.009078003015546, 16.434262193176146 ], [ 74.009390205693222, 16.434373667890274 ], [ 74.009492778776462, 16.434422713987789 ], [ 74.009604228314132, 16.434453964556852 ], [ 74.009742486620553, 16.434440562137922 ], [ 74.009849452932968, 16.43443161489644 ], [ 74.010001070629514, 16.434404863563561 ], [ 74.010090283824709, 16.434404912148498 ], [ 74.010299822592742, 16.43450744369429 ], [ 74.010487125131078, 16.434583220525873 ], [ 74.010603057151172, 16.434618917531804 ], [ 74.010674427485895, 16.43463231486308 ], [ 74.010723472160251, 16.434654614296409 ], [ 74.010763550705633, 16.434685808277337 ], [ 74.01085276354496, 16.434739308667961 ], [ 74.010892931724342, 16.434748187047113 ], [ 74.011062301477153, 16.434841840021889 ], [ 74.011749014040234, 16.435483996292664 ], [ 74.011914079324384, 16.435617774936212 ], [ 74.01201656139267, 16.435711372196636 ], [ 74.012123616092964, 16.43586749758196 ], [ 74.012154817954126, 16.435961133340257 ], [ 74.012203862248583, 16.436201865437173 ], [ 74.012203862248583, 16.436277728300166 ], [ 74.012181536785221, 16.436331189142717 ], [ 74.0120924142267, 16.436380240834985 ], [ 74.012061212355349, 16.4363847033617 ], [ 74.011695576253373, 16.43638469888808 ], [ 74.011459230426311, 16.436420383767317 ], [ 74.011280805272179, 16.436460485103293 ], [ 74.011080144020468, 16.436491706807768 ], [ 74.010982054842202, 16.436464982645735 ], [ 74.010933010234197, 16.436447129836722 ], [ 74.010830437923744, 16.436335649055057 ], [ 74.010768033763895, 16.436188488778754 ], [ 74.010750191191434, 16.436112721243575 ], [ 74.010718989100965, 16.436059196770533 ], [ 74.010656584904723, 16.435916483889574 ], [ 74.01061641667566, 16.4358496185578 ], [ 74.010567371973821, 16.435720326868132 ], [ 74.010536169853495, 16.435586493317913 ], [ 74.010438080396085, 16.435475100311997 ], [ 74.010317665207225, 16.435287766100355 ], [ 74.010250777809702, 16.435252132847467 ], [ 74.010117002944398, 16.435189673287926 ], [ 74.00996099192426, 16.435100458902863 ], [ 74.009862812510121, 16.43502917008697 ], [ 74.009751363123186, 16.434984578128951 ], [ 74.009662149769838, 16.43493107723943 ], [ 74.009617587908423, 16.434922118520308 ], [ 74.009479329511692, 16.434908751071124 ], [ 74.009341160676811, 16.434908731661551 ], [ 74.009247464038253, 16.434939986442672 ], [ 74.009229621323882, 16.434957782259595 ], [ 74.009185059361641, 16.435029131997624 ], [ 74.009162733545679, 16.435051462211547 ], [ 74.009091452308553, 16.435064840677981 ], [ 74.008930867688292, 16.435073715714431 ], [ 74.008814934654154, 16.435082662408284 ], [ 74.008716844313625, 16.43511383672212 ], [ 74.008685641891276, 16.435149515236944 ], [ 74.00867676533916, 16.435185186079895 ], [ 74.00867676533916, 16.435229830976173 ], [ 74.008685641891276, 16.435265487334686 ], [ 74.008730203969904, 16.435301128655677 ], [ 74.008757012941786, 16.435314549211522 ], [ 74.008814934654154, 16.435314519510136 ], [ 74.008868462908353, 16.435323478212702 ], [ 74.009011115184279, 16.43538584410225 ], [ 74.009474936084985, 16.435385901838082 ], [ 74.009671115937891, 16.435376917049094 ], [ 74.009742486620553, 16.435385867905836 ], [ 74.00987626174792, 16.435452774906935 ], [ 74.009934183121203, 16.435550842170752 ], [ 74.010036755912594, 16.435778295352453 ], [ 74.010121486017809, 16.435947682746079 ], [ 74.010246294739318, 16.436103793873933 ], [ 74.010429114264014, 16.436313334569004 ], [ 74.010455922997664, 16.436353524953411 ], [ 74.01048264206625, 16.436402515395031 ], [ 74.010500484663666, 16.436482817321203 ], [ 74.010536169853495, 16.436554130240129 ], [ 74.010562888910869, 16.436678983300219 ], [ 74.010580731500795, 16.436723621237981 ], [ 74.010710112643253, 16.43692429853229 ], [ 74.010776999880051, 16.436982255226344 ], [ 74.010875089163562, 16.436986656909209 ], [ 74.01115151417703, 16.436946590915873 ], [ 74.011213918211681, 16.43690644920164 ], [ 74.011485949354636, 16.436790526814153 ], [ 74.011579644895974, 16.436768165177483 ], [ 74.01161972326183, 16.436763695434315 ], [ 74.011744620665709, 16.43678160425365 ], [ 74.011757980110389, 16.436794938121469 ], [ 74.011771339554144, 16.436821700606679 ], [ 74.011717812112821, 16.437080355599246 ], [ 74.011713418737571, 16.437129368548074 ], [ 74.011673250730638, 16.437231930100189 ], [ 74.01166428465649, 16.437294364926835 ], [ 74.011624206299985, 16.437365716236396 ], [ 74.011579644895974, 16.43743262056697 ], [ 74.011490432395945, 16.437602086635575 ], [ 74.011432421833376, 16.437655562786272 ], [ 74.011361141442592, 16.437775935048474 ], [ 74.011347692309272, 16.437798258510934 ], [ 74.01132097336162, 16.437807167744783 ], [ 74.011222884306946, 16.437874094833038 ], [ 74.011240726835254, 16.437896322994909 ], [ 74.011276411886911, 16.437998941167606 ], [ 74.011307613886387, 16.438043484896095 ], [ 74.011432421833376, 16.438141610999928 ], [ 74.011512757940068, 16.438226337957389 ], [ 74.011530510780503, 16.438253093571898 ], [ 74.01156619577803, 16.438270954209912 ], [ 74.011699969629049, 16.438368992918448 ], [ 74.011780305623248, 16.43846270155764 ], [ 74.011811507540457, 16.438484922350746 ], [ 74.011873911359615, 16.438556308623074 ], [ 74.011909596293023, 16.438627622666395 ], [ 74.011954157620096, 16.438788134767314 ], [ 74.011985359508927, 16.438855089104706 ], [ 74.012043369903637, 16.439020048168128 ], [ 74.012047763271298, 16.439122588121432 ], [ 74.012061212355349, 16.439144910826126 ], [ 74.012087931199531, 16.439167219110136 ], [ 74.012163784005239, 16.439171635685007 ], [ 74.012181536785221, 16.439162726692654 ], [ 74.012244030143989, 16.439078032299282 ], [ 74.012275231985498, 16.439046799602071 ], [ 74.012333152631783, 16.439037875135487 ], [ 74.012484768358078, 16.439060129799049 ], [ 74.012560621006244, 16.439077974983238 ], [ 74.012591822796054, 16.439095835838437 ], [ 74.012694394161116, 16.439113665993929 ], [ 74.012721112916751, 16.439127079810561 ], [ 74.012756797691935, 16.439189499773168 ], [ 74.012770157065859, 16.43922515715305 ], [ 74.012810324842235, 16.439256359296927 ], [ 74.012823684212407, 16.439287569482282 ], [ 74.012903930074032, 16.439367842894107 ], [ 74.012944097822256, 16.439430262793952 ], [ 74.012984175901948, 16.439443669130863 ], [ 74.013430144838679, 16.439568515014535 ], [ 74.013630803622632, 16.439702275812945 ], [ 74.013813619909442, 16.439791484799976 ], [ 74.01388050605992, 16.439831566371694 ], [ 74.014000919003678, 16.439894035299368 ], [ 74.014134691150034, 16.440001056359925 ], [ 74.014170375661195, 16.440036706040857 ], [ 74.014174768979956, 16.440094687569292 ], [ 74.014170375661195, 16.440166025223274 ], [ 74.01415253340646, 16.440206145488727 ], [ 74.014121331871536, 16.440241826054613 ], [ 74.013947392186964, 16.440304252043113 ], [ 74.013853787466417, 16.440362199327964 ], [ 74.013813619909442, 16.440393432921933 ], [ 74.01369768983713, 16.440460369682846 ], [ 74.013447987160902, 16.440674388297843 ], [ 74.013403336522273, 16.440727858195984 ], [ 74.013314214533679, 16.440785892075748 ], [ 74.013265170524221, 16.440848263570377 ], [ 74.01322500284347, 16.440915162213351 ], [ 74.013167082467533, 16.441035529722591 ], [ 74.013104589410659, 16.441133654112203 ], [ 74.013042185993413, 16.441271898009418 ], [ 74.012948580829359, 16.441419051400921 ], [ 74.012921772445381, 16.44147704806895 ], [ 74.012863851977514, 16.441682088040309 ], [ 74.012484768358064, 16.442654199830031 ], [ 74.012426847757737, 16.442667571004776 ], [ 74.01239116292092, 16.442654243973347 ], [ 74.012373320500018, 16.442640822332187 ], [ 74.012359961098355, 16.442614058740826 ], [ 74.012310916843958, 16.442551644530919 ], [ 74.012199379224015, 16.442221718817546 ], [ 74.012199379224015, 16.442181518995344 ], [ 74.012177143420615, 16.442070090226007 ], [ 74.012172660395422, 16.441896123857902 ], [ 74.012128099119309, 16.441749037576308 ], [ 74.012087931199531, 16.441655398599778 ], [ 74.012061212355349, 16.441628642525735 ], [ 74.01196312368063, 16.441548374797932 ], [ 74.011686610180291, 16.441410105582403 ], [ 74.011508274899285, 16.441374434333408 ], [ 74.011454747384278, 16.441374456531083 ], [ 74.011307613886387, 16.441352112144166 ], [ 74.011169356712017, 16.441352171047438 ], [ 74.010977661450042, 16.441334295550853 ], [ 74.01094636973562, 16.441311979840091 ], [ 74.010817078414235, 16.441120284498965 ], [ 74.010750191191434, 16.441062325532972 ], [ 74.010696663464117, 16.441026595419849 ], [ 74.01061641667566, 16.440950854876277 ], [ 74.010460406063117, 16.440852740311733 ], [ 74.010380069514127, 16.440781352877405 ], [ 74.010344473956508, 16.440705597623921 ], [ 74.010344473956508, 16.440674380002079 ], [ 74.010371193040683, 16.440598588680306 ], [ 74.010371193040683, 16.440500488672136 ], [ 74.010366709973127, 16.440469271172539 ], [ 74.01034886736322, 16.440446955326692 ], [ 74.01027758656835, 16.440424668482176 ], [ 74.010241901330247, 16.44041570156481 ], [ 74.010170530834046, 16.440424625279082 ], [ 74.010103643385023, 16.440393436938294 ], [ 74.010027879423191, 16.440326591018927 ], [ 74.009969868416761, 16.440237407703126 ], [ 74.009947542692444, 16.440215091977919 ], [ 74.009880655165389, 16.440179369279942 ], [ 74.009751363123186, 16.44007243356123 ], [ 74.009599745228599, 16.439978759613382 ], [ 74.009497172202742, 16.43990738694308 ], [ 74.009318834879053, 16.439760274262508 ], [ 74.009269789844325, 16.439733525848933 ], [ 74.009189542456909, 16.439675574585323 ], [ 74.008975519371774, 16.439559606697028 ], [ 74.008819417758104, 16.439461485801033 ], [ 74.008690124998253, 16.43937233903938 ], [ 74.008498337588037, 16.439229586871992 ], [ 74.008418089876827, 16.439176082856697 ], [ 74.008391370519718, 16.439153861509258 ], [ 74.008373527725482, 16.439127098730616 ], [ 74.008369044611072, 16.439100328792065 ], [ 74.008342325247099, 16.43904680313435 ], [ 74.008284313729234, 16.439011160637218 ], [ 74.008257594353424, 16.439006640634506 ], [ 74.008123818093551, 16.439006698252488 ], [ 74.008034603980832, 16.439024522785488 ], [ 74.007967715784602, 16.439020017192487 ], [ 74.007909793815614, 16.438979934481946 ], [ 74.007833939321941, 16.438953193351711 ], [ 74.007651117315817, 16.438895197999106 ], [ 74.007624397851529, 16.438921982135753 ], [ 74.006879748192688, 16.438467128616924 ], [ 74.006870781893767, 16.438440358928922 ], [ 74.006870781893767, 16.438337814218183 ], [ 74.006897501463328, 16.438257490819243 ], [ 74.006946636769413, 16.438150484693441 ], [ 74.006959996549355, 16.438088131167945 ], [ 74.00699568239996, 16.437963249664744 ], [ 74.007017918806, 16.437860690959401 ], [ 74.007017918806, 16.437802704499862 ], [ 74.007013525322748, 16.43774027800405 ], [ 74.006973356328388, 16.437521775278977 ], [ 74.006959996549355, 16.437463796069505 ], [ 74.0069510302542, 16.437414791191621 ], [ 74.006924310692114, 16.437321155414889 ], [ 74.006910950909671, 16.437289945884036 ], [ 74.006781567196541, 16.437129378819147 ], [ 74.006759330763018, 16.437093729360281 ], [ 74.006737004663862, 16.437017875010447 ], [ 74.006732521511111, 16.43690198998814 ], [ 74.006777173707874, 16.436781556167514 ], [ 74.006835096019856, 16.436656748369401 ], [ 74.006879748192688, 16.436612088844292 ], [ 74.006910950909671, 16.436589839161535 ], [ 74.006964390033843, 16.436567575171928 ], [ 74.007102650248896, 16.436545281872789 ], [ 74.007223067462419, 16.436505120308887 ], [ 74.007463811999315, 16.436389213411946 ], [ 74.007606554985742, 16.436299952046578 ], [ 74.007655600447038, 16.436264353651296 ], [ 74.007731365348846, 16.436224206458679 ], [ 74.007838422448884, 16.436050291058756 ], [ 74.007869625009477, 16.436014612755407 ], [ 74.007887467850736, 16.435983388786255 ], [ 74.00798107549322, 16.435867459712295 ], [ 74.008007884570134, 16.435698028123067 ], [ 74.007998918324091, 16.435675705902131 ], [ 74.007918670403328, 16.43557764615181 ], [ 74.007896344439501, 16.435559778306178 ], [ 74.007838422448884, 16.435541932271054 ], [ 74.007762567926918, 16.435532980746427 ], [ 74.007548543244681, 16.435564205760393 ], [ 74.007472778270454, 16.435586564744266 ], [ 74.007446058781241, 16.435608814482492 ], [ 74.007432609372529, 16.435635584207937 ], [ 74.007379170379181, 16.435702493250204 ], [ 74.007312281953716, 16.435751527195116 ], [ 74.007258753263926, 16.43577831865754 ], [ 74.007147212696395, 16.435809492013039 ], [ 74.006959996549355, 16.43588526609614 ], [ 74.006924310692114, 16.435903156036218 ], [ 74.006866298744129, 16.43592541317382 ], [ 74.006799410139308, 16.435965552750737 ], [ 74.006732521511111, 16.436014586360592 ], [ 74.006670116013822, 16.436081495201257 ], [ 74.00662555345518, 16.436170719145572 ], [ 74.006607710496198, 16.436215283964849 ], [ 74.006603227340406, 16.436291058087313 ], [ 74.006616587144336, 16.436344589797184 ], [ 74.006630036610446, 16.43636246496542 ], [ 74.0066433964125, 16.43642489078869 ], [ 74.00662555345518, 16.43650511920762 ], [ 74.006616587144336, 16.436545229937394 ], [ 74.006580990886135, 16.436598790293175 ], [ 74.00654969845219, 16.436634461250026 ], [ 74.006500652707302, 16.43672359813937 ], [ 74.006465056427544, 16.436826163209108 ], [ 74.006465056427544, 16.436857379756102 ], [ 74.006469449923387, 16.436937681244331 ], [ 74.006487292895272, 16.437026789530204 ], [ 74.006554181609232, 16.437182931064203 ], [ 74.006607710496198, 16.437330011373021 ], [ 74.00665227305899, 16.437490607527142 ], [ 74.006674599168051, 16.437530711135327 ], [ 74.006710285071875, 16.437575254712623 ], [ 74.006737004663862, 16.437695660233771 ], [ 74.006772690556048, 16.437891927684298 ], [ 74.006763813915157, 16.438137134622657 ], [ 74.006737004663862, 16.438239686378292 ], [ 74.006737004663862, 16.438266456096219 ], [ 74.006719161715267, 16.438288785844207 ], [ 74.006665632859509, 16.438297701347715 ], [ 74.00662555345518, 16.438297635367046 ], [ 74.006514102181569, 16.438284256504911 ], [ 74.006407044340278, 16.438199542894196 ], [ 74.006255423794215, 16.438016753280333 ], [ 74.006014677736459, 16.437798255354597 ], [ 74.005889776589754, 16.437682332452905 ], [ 74.005742638809792, 16.43752177876593 ], [ 74.00563558053679, 16.437383526582448 ], [ 74.005470599496292, 16.437218533259895 ], [ 74.00539035051483, 16.437147241452731 ], [ 74.005305618313514, 16.437049093089879 ], [ 74.005189683082037, 16.436946599038411 ], [ 74.005064871060583, 16.436826149562329 ], [ 74.004993498632416, 16.436750403908967 ], [ 74.00498462190896, 16.436723641583459 ], [ 74.004975655521221, 16.436652227684657 ] ] ] } },
{ "type": "Feature", "properties": { "polygon_id": "indiasat_67", "source": "indiasat", "raw_class": "green", "core_class": "greenery", "lon": 74.468226852994121, "lat": 17.170590046955809, "block": "74_17" }, "geometry": { "type": "Polygon", "coordinates": [ [ [ 74.460642267206637, 17.163280607269552 ], [ 74.460682426465482, 17.163204785748455 ], [ 74.46072258571516, 17.163160254236715 ], [ 74.46080281474562, 17.163155763627401 ], [ 74.460856300745661, 17.163186952255987 ], [ 74.46090093202757, 17.163195885468809 ], [ 74.460936619156698, 17.163191408612537 ], [ 74.460967834208589, 17.163164669341199 ], [ 74.460990105116139, 17.163071055232166 ], [ 74.461007903951895, 17.163035375890239 ], [ 74.461025792227218, 17.163017495930667 ], [ 74.461039118991152, 17.163013106603852 ], [ 74.461070334024882, 17.163013099687504 ], [ 74.461163979092944, 17.163035341291867 ], [ 74.461181867352437, 17.163026488967272 ], [ 74.461199666168838, 17.162937257152066 ], [ 74.461253152048499, 17.162767821257646 ], [ 74.461288839106331, 17.162723201886038 ], [ 74.461302255291599, 17.162723201893314 ], [ 74.461360213200336, 17.162732127897847 ], [ 74.461373539939004, 17.162727650883181 ], [ 74.461391428177222, 17.1626741861235 ], [ 74.461431587265452, 17.162616244339016 ], [ 74.461476128960612, 17.162589410255578 ], [ 74.461560829703316, 17.162567126733347 ], [ 74.461672362720606, 17.16255378310672 ], [ 74.461774862127371, 17.162549284778969 ], [ 74.461832909321714, 17.16256715761957 ], [ 74.461846236024627, 17.162589412964358 ], [ 74.461841763976778, 17.162763392836005 ], [ 74.461859652167519, 17.162807917632563 ], [ 74.461926553984753, 17.162834723518898 ], [ 74.461993366335719, 17.162848112330725 ], [ 74.462033525286841, 17.162848105185148 ], [ 74.462055796059801, 17.162834688040409 ], [ 74.462095954996698, 17.16226392155696 ], [ 74.462095954996698, 17.162201516754862 ], [ 74.462180655441642, 17.162179232782922 ], [ 74.462158384684457, 17.162482411788289 ], [ 74.46218959952003, 17.162522547076637 ], [ 74.462238613061601, 17.162531472802005 ], [ 74.462323402878724, 17.162482463379483 ], [ 74.462323402878724, 17.162246078563832 ], [ 74.462376888417481, 17.162241681771068 ], [ 74.462408103214386, 17.16249138180245 ], [ 74.47393483978901, 17.175623375615789 ], [ 74.473867942532948, 17.175645656189598 ], [ 74.473836729767072, 17.17566801638506 ], [ 74.473814460483752, 17.175694759132263 ], [ 74.473801134686354, 17.175739383483631 ], [ 74.473805516995668, 17.175783905677637 ], [ 74.473894772986299, 17.17589538790881 ], [ 74.473903627035, 17.175922203464623 ], [ 74.473894772986299, 17.176073768413936 ], [ 74.473850144996646, 17.17626109817186 ], [ 74.473774304218722, 17.176265496942058 ], [ 74.473711878648217, 17.176252101111167 ], [ 74.473578173376112, 17.176211992875114 ], [ 74.473471119650242, 17.176167399456759 ], [ 74.473430963306853, 17.176158466485376 ], [ 74.473395278708935, 17.176158474332631 ], [ 74.473328470682858, 17.176176378768172 ], [ 74.473297257821287, 17.176211974889487 ], [ 74.473274899034536, 17.176256592378916 ], [ 74.473257101438236, 17.176350216591867 ], [ 74.47323921440497, 17.176394833989033 ], [ 74.47319467568424, 17.17638590803233 ], [ 74.47311436286212, 17.176359188613066 ], [ 74.472998454760273, 17.176336866729137 ], [ 74.472900344216228, 17.176327948802562 ], [ 74.472775492432973, 17.176323508804124 ], [ 74.472628371127684, 17.1762967238557 ], [ 74.472628371127684, 17.176350281666625 ], [ 74.472583742816852, 17.176698021042114 ], [ 74.472597158141951, 17.17670696174638 ], [ 74.472873603046608, 17.176698040575289 ], [ 74.472882546582056, 17.176702510879739 ], [ 74.472878074814389, 17.176742657512108 ], [ 74.472873603046608, 17.17680059836886 ], [ 74.472846861872938, 17.176845222887831 ], [ 74.472637314675595, 17.176840717379555 ], [ 74.472583742816852, 17.176845195716922 ], [ 74.472574888701729, 17.17686299707389 ], [ 74.472570416926246, 17.17698343676761 ], [ 74.472574888701729, 17.176996848102444 ], [ 74.472815648925931, 17.177010199568326 ], [ 74.472828974797963, 17.177014662805504 ], [ 74.472828974797963, 17.177054809404208 ], [ 74.472815648925931, 17.177081551820173 ], [ 74.472771020662591, 17.177121618504511 ], [ 74.472722010051726, 17.177210867465444 ], [ 74.472713066508121, 17.177300014137625 ], [ 74.472708594736147, 17.177496189294672 ], [ 74.472668527654221, 17.177652320084704 ], [ 74.472641697013898, 17.177719202366735 ], [ 74.472557001599114, 17.178151722088252 ], [ 74.472548058047124, 17.178254280509844 ], [ 74.472534732153832, 17.178365787014762 ], [ 74.472507990928662, 17.178388059105107 ], [ 74.472445564908909, 17.178401397550857 ], [ 74.472231456013972, 17.178392500508654 ], [ 74.471696361508975, 17.177545249496092 ], [ 74.471674091954782, 17.177473904585618 ], [ 74.471660765995324, 17.177358030340297 ], [ 74.471647350598843, 17.177317883974379 ], [ 74.471593867874773, 17.17720639998722 ], [ 74.471112254318115, 17.17653304974575 ], [ 74.471049827803341, 17.176466183079693 ], [ 74.470929446524664, 17.176310097654113 ], [ 74.470840278466525, 17.176162945976113 ], [ 74.470710953399205, 17.175846364212028 ], [ 74.471308477345033, 17.175534259682916 ], [ 74.471388701555114, 17.175471827026907 ], [ 74.471433330168963, 17.175431673282425 ], [ 74.471455599753625, 17.175395990261134 ], [ 74.471518026124485, 17.175324623941439 ], [ 74.471580452473219, 17.17521766956137 ], [ 74.471611665639273, 17.175150781114649 ], [ 74.470844750285963, 17.175141850961396 ], [ 74.470826863007517, 17.175123969556942 ], [ 74.470804593343331, 17.175088301265188 ], [ 74.47077338003416, 17.174883196209517 ], [ 74.47012684293864, 17.174874321619658 ], [ 74.470091157670836, 17.174838565840098 ], [ 74.470019787113529, 17.174727083828198 ], [ 74.46997515814131, 17.174637946561141 ], [ 74.469952888369392, 17.174566603014192 ], [ 74.469943944685099, 17.174513046222245 ], [ 74.469979629982731, 17.174486304298991 ], [ 74.469997517347252, 17.174477451042367 ], [ 74.470991873082127, 17.174361510534414 ], [ 74.470920502889996, 17.174058240612233 ], [ 74.469939472842768, 17.174169704101043 ], [ 74.469926146751988, 17.174076096471424 ], [ 74.469908259380219, 17.174049362102203 ], [ 74.46988151775605, 17.174040428646595 ], [ 74.469801292859131, 17.174040450452516 ], [ 74.4697790230652, 17.174022576215137 ], [ 74.469738865879492, 17.173946762740943 ], [ 74.469671967028617, 17.173942307014212 ], [ 74.469560528512019, 17.173937865661475 ], [ 74.469498101447016, 17.173924469117779 ], [ 74.469457944197231, 17.173902212315515 ], [ 74.469377629670205, 17.17379967176608 ], [ 74.469346416108053, 17.1737416520943 ], [ 74.469337561830102, 17.173705984021883 ], [ 74.469310820119233, 17.17364805200458 ], [ 74.469270662826744, 17.173572238726329 ], [ 74.469248392965724, 17.173558834873269 ], [ 74.46923050552509, 17.173536570937021 ], [ 74.468922841262028, 17.173108455074193 ], [ 74.468570547133226, 17.172613468282702 ], [ 74.468575019010302, 17.172591204322163 ], [ 74.468624120213221, 17.172537728456241 ], [ 74.468713289393719, 17.172488620873033 ], [ 74.468780188608818, 17.172439608088684 ], [ 74.468780188608818, 17.172377198972271 ], [ 74.468753357375874, 17.172234499800425 ], [ 74.468726615576301, 17.172234507068001 ], [ 74.468668660090373, 17.172261255843598 ], [ 74.468583962764129, 17.172314746040545 ], [ 74.468517063474494, 17.172377169646829 ], [ 74.468481377880451, 17.172386117550317 ], [ 74.468463579799504, 17.172372713763366 ], [ 74.468441220398802, 17.172328098487458 ], [ 74.46841000667068, 17.172292430917381 ], [ 74.467968631441394, 17.171485344180532 ], [ 74.467139182881397, 17.170227897986212 ], [ 74.467032214678383, 17.170129756718126 ], [ 74.46697425863492, 17.170058422582379 ], [ 74.466916213133985, 17.169969288168009 ], [ 74.466550588645347, 17.169327152036644 ], [ 74.466412406002803, 17.1691532878727 ], [ 74.466403462138715, 17.169121996442748 ], [ 74.466412406002803, 17.16907746956063 ], [ 74.466465890300611, 17.168979373444493 ], [ 74.466479216653227, 17.168908018265519 ], [ 74.466474834161531, 17.16889461468465 ], [ 74.466434676222434, 17.168845537378623 ], [ 74.466416788496062, 17.168787600134952 ], [ 74.466443620084945, 17.168631580988528 ], [ 74.466443620084945, 17.168569085797134 ], [ 74.466251863573262, 17.168520044969643 ], [ 74.466238447764724, 17.168511104682178 ], [ 74.466220649457171, 17.168488848501045 ], [ 74.466220649457171, 17.168466585167081 ], [ 74.466265189942064, 17.16819897263883 ], [ 74.466216177520309, 17.168181194001608 ], [ 74.466109119318062, 17.168158865038009 ], [ 74.465970936329256, 17.1681454906686 ], [ 74.46592630633107, 17.168350600750749 ], [ 74.46579259514661, 17.168181207857241 ], [ 74.465467037055802, 17.167605942223126 ], [ 74.465426878887001, 17.167525661811979 ], [ 74.465409080497452, 17.167481054948475 ], [ 74.465409080497452, 17.167449851451885 ], [ 74.465435822800657, 17.167338353130326 ], [ 74.465453621187521, 17.167293819667346 ], [ 74.465444766713873, 17.167244742632146 ], [ 74.465400136582417, 17.167209076370227 ], [ 74.46534218000204, 17.167182357541215 ], [ 74.465297549844621, 17.167209098173963 ], [ 74.465244065192152, 17.167271519466848 ], [ 74.465186108560459, 17.167284856683956 ], [ 74.46514595032761, 17.167262600812318 ], [ 74.465110353489962, 17.167222471307259 ], [ 74.464954281843035, 17.167088665670104 ], [ 74.464905179617219, 17.167017325886984 ], [ 74.464896235676605, 17.166995062853779 ], [ 74.464940865935702, 17.166888035036997 ], [ 74.464949809874028, 17.166812217828898 ], [ 74.464918595527266, 17.166705204584641 ], [ 74.464878437233466, 17.166665068253351 ], [ 74.464824952453782, 17.166638349443577 ], [ 74.464811536536615, 17.166638349529062 ], [ 74.464708949456138, 17.166651693941866 ], [ 74.464628722203372, 17.16667844857519 ], [ 74.464575237347901, 17.166682932997077 ], [ 74.464468178148664, 17.166580316767661 ], [ 74.464423637209507, 17.166522394596974 ], [ 74.46453060699622, 17.166442078998486 ], [ 74.464450379662281, 17.16630834724015 ], [ 74.464410221261787, 17.166312824587344 ], [ 74.464329993873022, 17.166339579106555 ], [ 74.464263092967968, 17.166348446016027 ], [ 74.464004433080092, 17.166014033136467 ], [ 74.463946476040704, 17.166058660836711 ], [ 74.463897462974003, 17.166071997697493 ], [ 74.463848360453738, 17.166058594511608 ], [ 74.462996711286735, 17.165354094393177 ], [ 74.46254628899672, 17.164926029269651 ], [ 74.462564177115965, 17.164720932168446 ], [ 74.462581975792816, 17.164600496416178 ], [ 74.462403631180777, 17.164582658219445 ], [ 74.46235014565012, 17.164645077711615 ], [ 74.46230551473505, 17.164636144547828 ], [ 74.462287716030289, 17.164613888895989 ], [ 74.462283243993625, 17.164564805918989 ], [ 74.462296660103249, 17.164368649447308 ], [ 74.462180655441642, 17.16435079018062 ], [ 74.462140585964832, 17.164515757793087 ], [ 74.462136113924444, 17.164529167941545 ], [ 74.46211822576177, 17.164533637955639 ], [ 74.462073684228812, 17.164475628858227 ], [ 74.462055796059801, 17.164439956065397 ], [ 74.461980039643919, 17.16432401863057 ], [ 74.461988983732482, 17.164261613308387 ], [ 74.461980039643919, 17.16423041062659 ], [ 74.461966623510207, 17.164221470512292 ], [ 74.461881922962434, 17.164212551273565 ], [ 74.461855180119997, 17.164243760864434 ], [ 74.461797222373988, 17.164243774719385 ], [ 74.461721376405976, 17.164203645780837 ], [ 74.461757063369035, 17.163904847582586 ], [ 74.461440441940681, 17.163829101552647 ], [ 74.461431587265452, 17.163869251133438 ], [ 74.461418171090003, 17.163882573516865 ], [ 74.46126209617394, 17.163855875365684 ], [ 74.461213082360914, 17.163829068997948 ], [ 74.461199666168838, 17.163802336436842 ], [ 74.461168451157988, 17.163771140779296 ], [ 74.461106021119733, 17.163731011932754 ], [ 74.460655683441118, 17.163347482130348 ], [ 74.460642267206637, 17.163320749658926 ], [ 74.460642267206637, 17.163280607269552 ] ] ] } },
{ "type": "Feature", "properties": { "polygon_id": "indiasat_68", "source": "indiasat", "raw_class": "green", "core_class": "greenery", "lon": 74.477361906610227, "lat": 17.181103416624516, "block": "74_17" }, "geometry": { "type": "Polygon", "coordinates": [ [ [ 74.473150047517009, 17.17872696166458 ], [ 74.473163462798937, 17.178660079151005 ], [ 74.473328470682858, 17.178263218499499 ], [ 74.473587027440772, 17.177879739672818 ], [ 74.473787719453043, 17.177349106866576 ], [ 74.473917042259473, 17.177072606635772 ], [ 74.474024095714043, 17.176747113896358 ], [ 74.47413105966875, 17.176323526671251 ], [ 74.474162272382415, 17.176167402664927 ], [ 74.474202428558897, 17.17605598322395 ], [ 74.474264853955347, 17.175997938867283 ], [ 74.482808517342775, 17.185687564665184 ], [ 74.482754948582894, 17.185812493661551 ], [ 74.482728208912008, 17.185848092989708 ], [ 74.482661315001792, 17.185968558762188 ], [ 74.48262563227722, 17.186062191310718 ], [ 74.482594421066096, 17.186187031691784 ], [ 74.482576624413142, 17.186213776659606 ], [ 74.482545413193293, 17.186236051372767 ], [ 74.482478519213473, 17.186249480604697 ], [ 74.48230010533257, 17.186236022840916 ], [ 74.482179731754684, 17.186236055686699 ], [ 74.482019203712312, 17.186267304968922 ], [ 74.481956781069044, 17.186298529336401 ], [ 74.481876561679712, 17.186325290545412 ], [ 74.481805195904585, 17.186329690356722 ], [ 74.481742773185275, 17.186320765071077 ], [ 74.481635724430205, 17.186173604334407 ], [ 74.481546561799959, 17.18607553413424 ], [ 74.481475195890809, 17.18603093048684 ], [ 74.481390504730427, 17.186004217480846 ], [ 74.481274512652561, 17.185937268479055 ], [ 74.481118455341402, 17.185821331618236 ], [ 74.480761714067782, 17.185611820382164 ], [ 74.48060565630125, 17.185495883606155 ], [ 74.480471956270705, 17.185406683059657 ], [ 74.480445126820882, 17.185379947017836 ], [ 74.480351492008893, 17.185304143470102 ], [ 74.480289068773203, 17.185250598060694 ], [ 74.480124067420249, 17.185063305033339 ], [ 74.479932325816023, 17.1849116983411 ], [ 74.479878845611125, 17.184880506470421 ], [ 74.479838690730844, 17.184826953481231 ], [ 74.479798625273247, 17.184755612230436 ], [ 74.479745055595814, 17.184679881337683 ], [ 74.479704990116858, 17.18464860143721 ], [ 74.479473093091684, 17.184385498084811 ], [ 74.479383929364232, 17.184305311733631 ], [ 74.479334831164024, 17.184238347044211 ], [ 74.479276879172346, 17.184091267395402 ], [ 74.479165357307465, 17.183935167408471 ], [ 74.479120820087431, 17.183854885293595 ], [ 74.47906286802521, 17.183779074325862 ], [ 74.479009298123529, 17.183627517274441 ], [ 74.478955817637797, 17.183516028348667 ], [ 74.478897865521176, 17.183462483380222 ], [ 74.478786343415834, 17.183391151899908 ], [ 74.47867491067214, 17.183333151849034 ], [ 74.478558916802129, 17.183248496093196 ], [ 74.47844748391428, 17.183194966717029 ], [ 74.478394003257634, 17.183141421688735 ], [ 74.47835831966664, 17.18308348614713 ], [ 74.478349376409625, 17.183056749970035 ], [ 74.478741806099777, 17.182905089364677 ], [ 74.47906733963562, 17.182829357794063 ], [ 74.479366042954084, 17.182784745896946 ], [ 74.479473093091684, 17.182749043179186 ], [ 74.479535516617176, 17.182740173175027 ], [ 74.479785210497454, 17.182740107825722 ], [ 74.479852105502559, 17.182749032657579 ], [ 74.479883317200787, 17.182744553750926 ], [ 74.479901114126505, 17.182704485078006 ], [ 74.479976952262177, 17.182615317093752 ], [ 74.479976952262177, 17.182588492902063 ], [ 74.479963537499998, 17.182561756904889 ], [ 74.479901114126505, 17.182543890599799 ], [ 74.479816422207548, 17.182534973547337 ], [ 74.479655892006321, 17.182552809858446 ], [ 74.479504304857201, 17.182543909186844 ], [ 74.479330359560407, 17.18247706558925 ], [ 74.479254610577883, 17.182468147968915 ], [ 74.479201040734637, 17.182472539901774 ], [ 74.479111876869197, 17.182490446786524 ], [ 74.479004826511627, 17.182526061624095 ], [ 74.478835441769249, 17.182606318594392 ], [ 74.478755131522831, 17.182637542306594 ], [ 74.478625812273904, 17.182673252198018 ], [ 74.478487639112345, 17.182700027886963 ], [ 74.47835831966664, 17.182753532554191 ], [ 74.478224528494081, 17.182793625186608 ], [ 74.478130892499237, 17.182811443864971 ], [ 74.478063996839154, 17.182811459719002 ], [ 74.477992629515967, 17.182798063655078 ], [ 74.477809828871827, 17.18271334318348 ], [ 74.477239067516209, 17.182267469996155 ], [ 74.477234595859287, 17.18215596692988 ], [ 74.477198912033018, 17.182080149189922 ], [ 74.477145430996572, 17.182040016405729 ], [ 74.477020582226174, 17.181991045749132 ], [ 74.477002695575592, 17.181990958514852 ], [ 74.476922473925342, 17.182017717599109 ], [ 74.47686004947208, 17.181995467536968 ], [ 74.476797624996649, 17.181946393659263 ], [ 74.476641563711127, 17.181772515928685 ], [ 74.476561252462659, 17.181710118284748 ], [ 74.476512242907731, 17.181661044180327 ], [ 74.476476558934849, 17.18162984527379 ], [ 74.475611466319592, 17.181148190344921 ], [ 74.474300538376895, 17.180318818762689 ], [ 74.473992882975864, 17.180100361568396 ], [ 74.473957198491931, 17.180055751172002 ], [ 74.473943783270514, 17.180015604048158 ], [ 74.473930457482908, 17.179926463234771 ], [ 74.473912570518095, 17.179641049887806 ], [ 74.473885829502308, 17.179498350624439 ], [ 74.473845673253578, 17.179489417120241 ], [ 74.473658396551571, 17.179525138297368 ], [ 74.473631655497144, 17.17957414621479 ], [ 74.47360938618786, 17.179596506175152 ], [ 74.473569229876034, 17.179605367077251 ], [ 74.473542488808064, 17.179600903866394 ], [ 74.473515747736016, 17.179534028497702 ], [ 74.473444378567351, 17.179418072515737 ], [ 74.473399750463457, 17.17933340298385 ], [ 74.473315055413536, 17.17911936580024 ], [ 74.47324815792183, 17.178847292628525 ], [ 74.47323036032283, 17.178829505462172 ], [ 74.473185732164652, 17.17881163097293 ], [ 74.473150047517009, 17.178780432490509 ], [ 74.473150047517009, 17.17872696166458 ] ] ] } },
{ "type": "Feature", "properties": { "polygon_id": "indiasat_71", "source": "indiasat", "raw_class": "green", "core_class": "greenery", "lon": 76.862906483369656, "lat": 28.645702565082942, "block": "76_28" }, "geometry": { "type": "Polygon", "coordinates": [ [ [ 76.852851886443517, 28.651565864199128 ], [ 76.853030231793625, 28.639784934088595 ], [ 76.871994784408443, 28.639223066399566 ], [ 76.873225497012768, 28.651953800230977 ], [ 76.852851886443517, 28.651565864199128 ] ] ] } },
{ "type": "Feature", "properties": { "polygon_id": "indiasat_74", "source": "indiasat", "raw_class": "green", "core_class": "greenery", "lon": 86.067495785234385, "lat": 26.367912808088267, "block": "86_26" }, "geometry": { "type": "Polygon", "coordinates": [ [ [ 86.066291119068993, 26.368925291980631 ], [ 86.0664159475361, 26.368795982208482 ], [ 86.066505154984355, 26.368845002980532 ], [ 86.066705812847616, 26.368693398718154 ], [ 86.06695103436148, 26.368421437878677 ], [ 86.067187388531579, 26.368443730449588 ], [ 86.067196254708378, 26.368341191399843 ], [ 86.06740585379444, 26.368341170214663 ], [ 86.067361289755866, 26.368051299105876 ], [ 86.067445984728153, 26.367935367450251 ], [ 86.067263139852585, 26.36788189718704 ], [ 86.067124936383394, 26.367863998499036 ], [ 86.067361289755866, 26.36710593880683 ], [ 86.067428174685844, 26.366691243977961 ], [ 86.067490626466522, 26.366655634105058 ], [ 86.067584265109147, 26.366200754962023 ], [ 86.06790974361887, 26.366227552132887 ], [ 86.067865180016071, 26.366490618386084 ], [ 86.06784285931397, 26.366700158844271 ], [ 86.067775974922256, 26.36670021783835 ], [ 86.06774478810064, 26.366891980535122 ], [ 86.06790974361887, 26.36688300384554 ], [ 86.067869613046341, 26.366994490148237 ], [ 86.068177279970229, 26.367003444482407 ], [ 86.068172846966419, 26.367177324684803 ], [ 86.068351177853685, 26.36718175220556 ], [ 86.068373498335589, 26.367694564663942 ], [ 86.068137149606088, 26.367712379917979 ], [ 86.068137149606088, 26.36752516018085 ], [ 86.068186223748668, 26.36744044596005 ], [ 86.068168413962226, 26.36723079766152 ], [ 86.067758164994018, 26.367239719757361 ], [ 86.067820538602206, 26.3677703531486 ], [ 86.067816105567701, 26.368078037932037 ], [ 86.068110396012614, 26.367988880613321 ], [ 86.068186223748668, 26.368301008434582 ], [ 86.067882989907332, 26.368434792530142 ], [ 86.067633262005501, 26.36847490130079 ], [ 86.067642205878371, 26.368630981880759 ], [ 86.067807161725014, 26.36859529860536 ], [ 86.067882989907332, 26.368911921893972 ], [ 86.067820538602206, 26.368956523758978 ], [ 86.067651149749707, 26.368974370956586 ], [ 86.067660015846712, 26.36888514059947 ], [ 86.067338968835472, 26.368871772195103 ], [ 86.067075861230038, 26.368956475010474 ], [ 86.067075861230038, 26.369166084130217 ], [ 86.06676818772965, 26.369183923630217 ], [ 86.06671919001073, 26.369041225066574 ], [ 86.066531909411268, 26.369125933205737 ], [ 86.066371382641435, 26.369050142397914 ], [ 86.066291119068993, 26.368925291980631 ] ] ] } },
{ "type": "Feature", "properties": { "polygon_id": "indiasat_82", "source": "indiasat", "raw_class": "green", "core_class": "greenery", "lon": 77.060662210299057, "lat": 28.434364122917014, "block": "77_28" }, "geometry": { "type": "Polygon", "coordinates": [ [ [ 77.059736352939609, 28.435196923313821 ], [ 77.060231307984751, 28.434015254279171 ], [ 77.060360602029121, 28.433805633616533 ], [ 77.060561306164303, 28.43361838065886 ], [ 77.060730740598586, 28.433448958908734 ], [ 77.06091800533649, 28.433346398787787 ], [ 77.06172064049035, 28.434166842124863 ], [ 77.06003069113595, 28.435446597449808 ], [ 77.059736352939609, 28.435196923313821 ] ] ] } },
{ "type": "Feature", "properties": { "polygon_id": "indiasat_84", "source": "indiasat", "raw_class": "green", "core_class": "greenery", "lon": 81.798010492607148, "lat": 21.158494188832584, "block": "81_21" }, "geometry": { "type": "Polygon", "coordinates": [ [ [ 81.796710763562189, 21.158407722308134 ], [ 81.797005070639983, 21.158309689394546 ], [ 81.797673930806369, 21.158122390653798 ], [ 81.798284808867891, 21.157903835878681 ], [ 81.798534564185729, 21.158211546391758 ], [ 81.7988332851113, 21.158889364014183 ], [ 81.798137658042251, 21.159192558357702 ], [ 81.797825503783429, 21.158323045175418 ], [ 81.796808866052572, 21.158661939931903 ], [ 81.79672861555575, 21.158461224667374 ], [ 81.796710763562189, 21.158407722308134 ] ] ] } },
{ "type": "Feature", "properties": { "polygon_id": "indiasat_85", "source": "indiasat", "raw_class": "green", "core_class": "greenery", "lon": 81.795222463466061, "lat": 21.157156045635141, "block": "81_21" }, "geometry": { "type": "Polygon", "coordinates": [ [ [ 81.793406568423094, 21.157359854218061 ], [ 81.793464548285542, 21.156686530152221 ], [ 81.793589350826934, 21.156209387166715 ], [ 81.793656256914844, 21.156013196996732 ], [ 81.793754363487139, 21.155888310944476 ], [ 81.793879248959655, 21.155825937335422 ], [ 81.794004050796133, 21.155843731980653 ], [ 81.794021903447913, 21.155803609451592 ], [ 81.794240389521534, 21.155901699675468 ], [ 81.794244894382189, 21.155946338212114 ], [ 81.794218115484242, 21.155986478947696 ], [ 81.794164641082446, 21.15601322584747 ], [ 81.793834617235362, 21.155906200476878 ], [ 81.793611708479062, 21.156668664937296 ], [ 81.793540297446924, 21.157177019879956 ], [ 81.794026408321983, 21.157252800995508 ], [ 81.794128935843958, 21.15722608790276 ], [ 81.794204767743295, 21.156811391033138 ], [ 81.794329569026431, 21.156303008389568 ], [ 81.794302873582637, 21.156057764382755 ], [ 81.794311716449471, 21.156008717770554 ], [ 81.79434742159907, 21.155950772824582 ], [ 81.79457041154464, 21.156057838921136 ], [ 81.794967253554859, 21.156811382760662 ], [ 81.794994032179588, 21.156918405568113 ], [ 81.795038579776616, 21.1569986637329 ], [ 81.795141189307401, 21.157043278661888 ], [ 81.795234789095772, 21.157038792910889 ], [ 81.795323967392747, 21.156976400694596 ], [ 81.795364093419948, 21.156918399157352 ], [ 81.795399798057701, 21.156905054449091 ], [ 81.795627206160844, 21.157542665969245 ], [ 81.796291574147915, 21.157319762835332 ], [ 81.796469928065932, 21.157239487271003 ], [ 81.797183422824318, 21.157043250372389 ], [ 81.797107594001901, 21.156820269171053 ], [ 81.797138793108843, 21.156798038077639 ], [ 81.797080899568329, 21.156659801772072 ], [ 81.797022922561951, 21.156668725674763 ], [ 81.796915894385293, 21.156365502381462 ], [ 81.796951514848004, 21.156356577135561 ], [ 81.796987218713667, 21.156392256615813 ], [ 81.79709424678633, 21.156419027788086 ], [ 81.797152223736347, 21.156396651392232 ], [ 81.797223547835074, 21.156338718355059 ], [ 81.79724582096047, 21.156271814559695 ], [ 81.797281524682973, 21.156222806803161 ], [ 81.797821082561782, 21.156106876373094 ], [ 81.79784786014541, 21.156115759438382 ], [ 81.797986085709852, 21.156427899478505 ], [ 81.79799050692155, 21.156552797512429 ], [ 81.797968234022136, 21.156740051374133 ], [ 81.797901331864153, 21.156931821061267 ], [ 81.797812156698399, 21.157092264596518 ], [ 81.797776453234022, 21.157012074720583 ], [ 81.796652786263465, 21.157373224386159 ], [ 81.796670638271124, 21.157422302731316 ], [ 81.796541336248367, 21.157466858616875 ], [ 81.796559104862411, 21.157524871115204 ], [ 81.796193470966188, 21.157640749376331 ], [ 81.79617119752146, 21.157587303348148 ], [ 81.796095367653351, 21.157609535140441 ], [ 81.796077598927042, 21.1575605511003 ], [ 81.795497902300113, 21.157747837143294 ], [ 81.795533523450942, 21.157850323561167 ], [ 81.79488249622348, 21.158055452208391 ], [ 81.793723162941788, 21.158104539528519 ], [ 81.793669688179506, 21.157841473395234 ], [ 81.79346004337701, 21.157863708355862 ], [ 81.793549223829743, 21.158314132331711 ], [ 81.793477896161065, 21.158323038632162 ], [ 81.793419916309148, 21.157877108702575 ], [ 81.793406568423094, 21.157359854218061 ] ] ] } },
{ "type": "Feature", "properties": { "polygon_id": "indiasat_86", "source": "indiasat", "raw_class": "green", "core_class": "greenery", "lon": 81.795538249062218, "lat": 21.155291633887209, "block": "81_21" }, "geometry": { "type": "Polygon", "coordinates": [ [ [ 81.79452135882012, 21.155683215706059 ], [ 81.794539211346105, 21.155611854687518 ], [ 81.794623885650893, 21.15549146214866 ], [ 81.794753191051058, 21.15537558300527 ], [ 81.79488249622348, 21.155304213908245 ], [ 81.795100979736006, 21.155223900751608 ], [ 81.795283841343618, 21.155148178458635 ], [ 81.795497902300127, 21.154974205591547 ], [ 81.795640553643167, 21.154889489275273 ], [ 81.795783288130622, 21.154849377384899 ], [ 81.795943791103525, 21.154809224713656 ], [ 81.796144419326154, 21.154760184726459 ], [ 81.796385255890399, 21.154675446755881 ], [ 81.796568030878177, 21.154563965768585 ], [ 81.796911389688546, 21.154300923324211 ], [ 81.797085320834555, 21.154621927716185 ], [ 81.796737541550897, 21.154742377019051 ], [ 81.79652790550908, 21.154827094581226 ], [ 81.79626037468087, 21.154969764147033 ], [ 81.79602404245837, 21.155125864615595 ], [ 81.79590808673035, 21.155170436078627 ], [ 81.795480050007271, 21.155330956129003 ], [ 81.795511249805969, 21.155500399382998 ], [ 81.795466702495759, 21.155513766500306 ], [ 81.795493397516353, 21.155634147243919 ], [ 81.795515754588635, 21.15562972484868 ], [ 81.795529102091237, 21.155723365641709 ], [ 81.795364093419948, 21.155763479533999 ], [ 81.795399798057701, 21.155892784277732 ], [ 81.794744264814625, 21.156129114770327 ], [ 81.794668516895399, 21.155986490703356 ], [ 81.794543632765425, 21.155741175910808 ], [ 81.79452135882012, 21.155683215706059 ] ] ] } },
{ "type": "Feature", "properties": { "polygon_id": "indiasat_87", "source": "indiasat", "raw_class": "green", "core_class": "greenery", "lon": 81.790155530110908, "lat": 21.156476197797936, "block": "81_21" }, "geometry": { "type": "Polygon", "coordinates": [ [ [ 81.788358891374372, 21.159032000968065 ], [ 81.789304147526892, 21.158033154902657 ], [ 81.789420113684059, 21.157511440875343 ], [ 81.789429040567697, 21.156882688200113 ], [ 81.789116932711266, 21.156521563237558 ], [ 81.789384489567496, 21.155968660762348 ], [ 81.78969659628703, 21.155799188378968 ], [ 81.789803634987535, 21.155067853267965 ], [ 81.78977685446992, 21.15406901016113 ], [ 81.790713249075168, 21.153921904020489 ], [ 81.791114616984729, 21.154804774997654 ], [ 81.793116751848686, 21.155384452053227 ], [ 81.793107825413301, 21.155536057182584 ], [ 81.793134521291606, 21.155643075781441 ], [ 81.793116751848686, 21.155736740674854 ], [ 81.790896121610317, 21.155112506539737 ], [ 81.790512606011603, 21.154309861170724 ], [ 81.790151447115861, 21.15436780134727 ], [ 81.790138015207688, 21.154519367217368 ], [ 81.790289687170954, 21.155018868134306 ], [ 81.790236126480423, 21.155330995983437 ], [ 81.790093464637508, 21.15531314398282 ], [ 81.789567281982471, 21.158082229260259 ], [ 81.788947487874509, 21.158733224503749 ], [ 81.789103500613905, 21.159482392106082 ], [ 81.790245053264897, 21.159121178595463 ], [ 81.790472477333111, 21.159353057963092 ], [ 81.789090151943284, 21.159772186129196 ], [ 81.788974185265175, 21.159758878912591 ], [ 81.788916285286859, 21.159709841173971 ], [ 81.788876072306763, 21.159638459707615 ], [ 81.788791391374204, 21.158889326287934 ], [ 81.788679929426465, 21.158902690955248 ], [ 81.788684351198569, 21.158974049166744 ], [ 81.788514905363911, 21.158991910039152 ], [ 81.788613018804739, 21.159749911597885 ], [ 81.788786969608537, 21.15973208911986 ], [ 81.788800318334253, 21.159839091618878 ], [ 81.788728986053044, 21.159901533523655 ], [ 81.788505978369173, 21.15996843439417 ], [ 81.788358891374372, 21.159032000968065 ] ] ] } },
{ "type": "Feature", "properties": { "polygon_id": "indiasat_88", "source": "indiasat", "raw_class": "green", "core_class": "greenery", "lon": 77.047746819781949, "lat": 28.459198198734295, "block": "77_28" }, "geometry": { "type": "Polygon", "coordinates": [ [ [ 77.046180734239357, 28.458134540457415 ], [ 77.046586493790869, 28.457862498388451 ], [ 77.046787132996059, 28.458036439882552 ], [ 77.04704574976347, 28.457862540143029 ], [ 77.049493797076195, 28.460413145960878 ], [ 77.048182813652673, 28.460341814326313 ], [ 77.046180734239357, 28.458134540457415 ] ] ] } },
{ "type": "Feature", "properties": { "polygon_id": "indiasat_89", "source": "indiasat", "raw_class": "green", "core_class": "greenery", "lon": 77.044040731770437, "lat": 28.45304838603159, "block": "77_28" }, "geometry": { "type": "Polygon", "coordinates": [ [ [ 77.042760581210942, 28.452310958493065 ], [ 77.043331330865911, 28.451869472882017 ], [ 77.043469515654721, 28.452052285431847 ], [ 77.04361674860607, 28.451976561187653 ], [ 77.045306664325636, 28.453786909401728 ], [ 77.04465123950942, 28.454272942705323 ], [ 77.042760581210942, 28.452310958493065 ] ] ] } },
{ "type": "Feature", "properties": { "polygon_id": "indiasat_90", "source": "indiasat", "raw_class": "green", "core_class": "greenery", "lon": 75.891777841577778, "lat": 29.380071337056979, "block": "75_29" }, "geometry": { "type": "Polygon", "coordinates": [ [ [ 75.889119796757015, 29.378974600379212 ], [ 75.88975740242131, 29.378274493563303 ], [ 75.890444105991463, 29.3768787730429 ], [ 75.891866603389673, 29.376816375679013 ], [ 75.894715986454912, 29.381944300347374 ], [ 75.893922241864487, 29.382894143871983 ], [ 75.890635900247446, 29.382376900402708 ], [ 75.889119796757015, 29.378974600379212 ] ] ] } },
{ "type": "Feature", "properties": { "polygon_id": "indiasat_91", "source": "indiasat", "raw_class": "green", "core_class": "greenery", "lon": 73.086687101487328, "lat": 25.161288210571893, "block": "73_25" }, "geometry": { "type": "Polygon", "coordinates": [ [ [ 73.081540416535148, 25.158573681527894 ], [ 73.082574940039194, 25.158011805941108 ], [ 73.083114489891273, 25.158707399083966 ], [ 73.084706384246374, 25.158386385034913 ], [ 73.085905881444575, 25.157280515739391 ], [ 73.088554587605614, 25.159064137441256 ], [ 73.087042961916524, 25.159835608059346 ], [ 73.08887564355625, 25.161619251987975 ], [ 73.090949122869972, 25.16033496857936 ], [ 73.092523221968435, 25.161552337923276 ], [ 73.092206583871146, 25.162140921354908 ], [ 73.091604646081507, 25.162551165388237 ], [ 73.085575905512485, 25.164950199220357 ], [ 73.08244120064667, 25.160901344746438 ], [ 73.084224836463591, 25.160192301058398 ], [ 73.083591627065601, 25.158908109813414 ], [ 73.082111219753003, 25.159438762191947 ], [ 73.081540416535148, 25.158573681527894 ] ] ] } },
{ "type": "Feature", "properties": { "polygon_id": "indiasat_94", "source": "indiasat", "raw_class": "water", "core_class": "water", "lon": 75.862640452056098, "lat": 30.841323673759423, "block": "75_30" }, "geometry": { "type": "Polygon", "coordinates": [ [ [ 75.862017386612848, 30.841136087815915 ], [ 75.862021818983138, 30.841118299575818 ], [ 75.862039637110314, 30.841095988033601 ], [ 75.862066408620564, 30.841082564605593 ], [ 75.862088659110341, 30.84107370330111 ], [ 75.862115430611311, 30.841060279854808 ], [ 75.862128816359899, 30.841051379715047 ], [ 75.86215558785328, 30.841042504719578 ], [ 75.862173405963631, 30.841033581070342 ], [ 75.862191224071722, 30.841020194769037 ], [ 75.862213563189144, 30.841002332138338 ], [ 75.862235813655786, 30.840988922319177 ], [ 75.862253720403288, 30.840975545826232 ], [ 75.862275970863593, 30.840966684463496 ], [ 75.862298309967656, 30.840953284451057 ], [ 75.862320560420969, 30.840939874602526 ], [ 75.862342899517969, 30.840926560394678 ], [ 75.862365149964276, 30.84091761318421 ], [ 75.862396353771516, 30.840904251936955 ], [ 75.862409739493543, 30.840899728572193 ], [ 75.86243651093379, 30.840886390821133 ], [ 75.862454329008756, 30.840881929754737 ], [ 75.86247214708149, 30.84088193134113 ], [ 75.862485532796342, 30.840877493784546 ], [ 75.862503439512238, 30.840890893163479 ], [ 75.862525689933292, 30.840890871224342 ], [ 75.862556893705147, 30.840890812070523 ], [ 75.862583665117555, 30.840890862248436 ], [ 75.862601483174004, 30.840890863813904 ], [ 75.862623822226666, 30.840899776998135 ], [ 75.862619301228193, 30.840922103977913 ], [ 75.862619301228207, 30.840939868783526 ], [ 75.862614868876634, 30.840962205583157 ], [ 75.862614868876634, 30.840984518857727 ], [ 75.862610436524903, 30.841002307174328 ], [ 75.862610436524903, 30.841029083094423 ], [ 75.862605915526004, 30.841051410047971 ], [ 75.862601483174004, 30.841073661004593 ], [ 75.862605915526004, 30.841091488089482 ], [ 75.862601483174004, 30.841109362208844 ], [ 75.862601483174004, 30.841127212807148 ], [ 75.862610436524903, 30.841145026195203 ], [ 75.862614868876634, 30.841167315919076 ], [ 75.862623822226666, 30.841189591949512 ], [ 75.862637207927193, 30.841211930278373 ], [ 75.862646072628806, 30.841234196473636 ], [ 75.862659458327215, 30.841256534795022 ], [ 75.862677276374114, 30.841274301128571 ], [ 75.862695183065767, 30.84128770046193 ], [ 75.862713001108162, 30.841296627319672 ], [ 75.862730819148325, 30.841314479463708 ], [ 75.862762022874946, 30.841332270867515 ], [ 75.862779840908942, 30.841341197715149 ], [ 75.862802179933453, 30.841354573508866 ], [ 75.862824430307555, 30.84136347682665 ], [ 75.862842248333678, 30.841367941021257 ], [ 75.862860155004441, 30.841372415041143 ], [ 75.862882405369433, 30.841372393060201 ], [ 75.862900223388266, 30.841367931957176 ], [ 75.862926994735716, 30.841367982087572 ], [ 75.862953766078121, 30.841367946391223 ], [ 75.862971584087973, 30.84136348527505 ], [ 75.862998355421936, 30.841359072741188 ], [ 75.863020694411958, 30.841354597911959 ], [ 75.86304737708987, 30.841354638183628 ], [ 75.863074148409495, 30.841341214513299 ], [ 75.863091966404184, 30.841332290724875 ], [ 75.863109873043356, 30.841323376759618 ], [ 75.863132123369084, 30.841305589945545 ], [ 75.863158894672665, 30.841296628892305 ], [ 75.863167847988294, 30.841296677462498 ], [ 75.863199051618565, 30.841283230206219 ], [ 75.863216869597522, 30.841274306386634 ], [ 75.863243640885088, 30.841269893778371 ], [ 75.863257026526966, 30.841260993491822 ], [ 75.863288230137556, 30.841260934160534 ], [ 75.863306048105301, 30.841260935629055 ], [ 75.863337251705076, 30.841260962103821 ], [ 75.863355069666653, 30.841260963564224 ], [ 75.863377408600371, 30.841269876610379 ], [ 75.86339965888402, 30.841278779824979 ], [ 75.86339965888402, 30.841292167787582 ], [ 75.863395226556861, 30.841314504603659 ], [ 75.863381840928056, 30.841332330210005 ], [ 75.863372887625971, 30.841354594915554 ], [ 75.863355069666653, 30.84137244405645 ], [ 75.86334168403404, 30.841394732294763 ], [ 75.863319433741282, 30.84140814231613 ], [ 75.863301615775214, 30.841430368262568 ], [ 75.863274844498633, 30.841448254628691 ], [ 75.86324807321698, 30.841457129870808 ], [ 75.863230255241945, 30.841466053673692 ], [ 75.863199051618565, 30.841479500903699 ], [ 75.863167847988294, 30.841492862300647 ], [ 75.863136555704457, 30.84150621385697 ], [ 75.863109873043356, 30.841515098880095 ], [ 75.863083101730496, 30.841519597245249 ], [ 75.863065283734684, 30.841528521008719 ], [ 75.863042944751683, 30.841541921111055 ], [ 75.863016173426161, 30.841555258914937 ], [ 75.862993923082229, 30.841568668828323 ], [ 75.862980537415453, 30.841573106402805 ], [ 75.862958198419093, 30.841582043838748 ], [ 75.862922562393777, 30.841604268114388 ], [ 75.862909176720265, 30.841608791496324 ], [ 75.862882405369433, 30.841626591884509 ], [ 75.862869019692113, 30.841631029439316 ], [ 75.862837815989081, 30.841648939151163 ], [ 75.862802179933453, 30.841657861281604 ], [ 75.862775408562385, 30.841671198994565 ], [ 75.862748637186243, 30.841680074065891 ], [ 75.862721865805042, 30.841693497579115 ], [ 75.862699615414826, 30.841702444766067 ], [ 75.862668411674449, 30.841715805954117 ], [ 75.862650593626412, 30.841720266984943 ], [ 75.862628254577984, 30.841720279066777 ], [ 75.862605915526004, 30.841720205324215 ], [ 75.862579232764858, 30.841702400221518 ], [ 75.862565847058875, 30.841702375100734 ], [ 75.862539075643099, 30.84169348541775 ], [ 75.862521257578777, 30.841680095914693 ], [ 75.862503439512238, 30.84167116903734 ], [ 75.862485532796342, 30.841653392891242 ], [ 75.86247214708149, 30.841635517244256 ], [ 75.862458850012501, 30.841617651422759 ], [ 75.862449896652009, 30.841590912823573 ], [ 75.862440943290949, 30.841573099482193 ], [ 75.862432078576475, 30.841555295966753 ], [ 75.862418692856565, 30.841528495041111 ], [ 75.862409739493543, 30.841501756425128 ], [ 75.862396353771516, 30.841483880757149 ], [ 75.862387489054257, 30.841452689326299 ], [ 75.862378535689245, 30.841439338602335 ], [ 75.862365149964276, 30.841421462925712 ], [ 75.86234733187807, 30.841399148114043 ], [ 75.862338378510529, 30.841372409473639 ], [ 75.862324992781751, 30.84135461960723 ], [ 75.862316128060016, 30.841323428148343 ], [ 75.8623071746905, 30.841301066312944 ], [ 75.86229378895878, 30.841283276437014 ], [ 75.862284924235098, 30.841260924423477 ], [ 75.862271538501261, 30.841247597182534 ], [ 75.862262585128917, 30.841225321154905 ], [ 75.862244767029807, 30.841203006308511 ], [ 75.86224033466651, 30.841194104526789 ], [ 75.862253720403288, 30.841162891168125 ], [ 75.862235813655786, 30.841180730273681 ], [ 75.862213563189144, 30.841189591597786 ], [ 75.862200177448571, 30.841189652271929 ], [ 75.862177926976329, 30.841189588303983 ], [ 75.862146634473618, 30.841194100132626 ], [ 75.862124383992963, 30.84119403615335 ], [ 75.862106565876445, 30.841180732391276 ], [ 75.862075362005314, 30.841176242927105 ], [ 75.862061976251667, 30.841176217764573 ], [ 75.862044069479907, 30.84115835570449 ], [ 75.862026251353299, 30.841145051930411 ], [ 75.862017386612848, 30.841136087815915 ] ] ] } },
{ "type": "Feature", "properties": { "polygon_id": "indiasat_95", "source": "indiasat", "raw_class": "water", "core_class": "water", "lon": 73.786919359039615, "lat": 16.732596840732235, "block": "73_16" }, "geometry": { "type": "Polygon", "coordinates": [ [ [ 73.776928343049548, 16.731407785298735 ], [ 73.776937230135033, 16.731216028508342 ], [ 73.776995220602359, 16.730970801477643 ], [ 73.777039835547967, 16.73077903174433 ], [ 73.777084360715136, 16.7305917045596 ], [ 73.777128975640849, 16.730404471917204 ], [ 73.777186966052511, 16.730168144704479 ], [ 73.777240468027301, 16.729936256248507 ], [ 73.777293969987767, 16.729708817573815 ], [ 73.777347471933894, 16.729481466286447 ], [ 73.777392086800845, 16.729303046205416 ], [ 73.777454475783188, 16.729035488878878 ], [ 73.777570456400724, 16.728861571365815 ], [ 73.777646220792533, 16.728683206858136 ], [ 73.777779975395163, 16.728424601589328 ], [ 73.777846942431012, 16.728295349759755 ], [ 73.778002959379194, 16.728085730596757 ], [ 73.778109962877352, 16.727916240389082 ], [ 73.778257182361671, 16.727746834366901 ], [ 73.778399823575612, 16.727581859617054 ], [ 73.778613830089398, 16.727416849354086 ], [ 73.778783311595333, 16.727291979051408 ], [ 73.778957191571379, 16.727131515369056 ], [ 73.779086546685107, 16.727011104662388 ], [ 73.779251539415, 16.726890672325279 ], [ 73.779416532008611, 16.726770326991279 ], [ 73.779581524465868, 16.726649894166016 ], [ 73.779733141462302, 16.726569656553988 ], [ 73.779929282876566, 16.726453727537674 ], [ 73.780058637360597, 16.726333315692965 ], [ 73.78025037986977, 16.726217382423421 ], [ 73.78036626909666, 16.726141520912194 ], [ 73.78055801131039, 16.726025587121931 ], [ 73.780718604249387, 16.725909685804009 ], [ 73.780865732043779, 16.725833885427765 ], [ 73.781057473777835, 16.725717950792763 ], [ 73.78124472699767, 16.725606454602499 ], [ 73.781431980041845, 16.725494958103933 ], [ 73.781579197076923, 16.725419164011385 ], [ 73.78176644980735, 16.725307666964298 ], [ 73.781909178280642, 16.725231948872239 ], [ 73.782127669343311, 16.725120425334296 ], [ 73.782270307792146, 16.725049061972296 ], [ 73.782421922746522, 16.724937586221586 ], [ 73.78259588931958, 16.724866290869539 ], [ 73.782738527433793, 16.724794926931498 ], [ 73.782912403965028, 16.724719087054556 ], [ 73.783050643329346, 16.724683403383647 ], [ 73.783193370884248, 16.72461204609445 ], [ 73.783367247019157, 16.724540742434687 ], [ 73.78346984912784, 16.724505080972019 ], [ 73.783608088105993, 16.724433712415632 ], [ 73.78371060032535, 16.724398043554736 ], [ 73.783884565774954, 16.724326746345664 ], [ 73.784022714700427, 16.724219685812365 ], [ 73.784160953295526, 16.724188450532242 ], [ 73.784294793298628, 16.724152761932935 ], [ 73.784455293465612, 16.724152800352137 ], [ 73.784651520004417, 16.724152822815316 ], [ 73.784807531634499, 16.72421968206795 ], [ 73.784941371203814, 16.724219677292897 ], [ 73.785070632674433, 16.724255338937962 ], [ 73.785191007343641, 16.72436235522871 ], [ 73.78528472180092, 16.724469416116975 ], [ 73.785373858212239, 16.724576459174926 ], [ 73.785498720932935, 16.72468339915639 ], [ 73.785623583575443, 16.724794876122317 ], [ 73.785752844603991, 16.724901907006597 ], [ 73.785913433362325, 16.724973321047411 ], [ 73.786011545938649, 16.725049063606445 ], [ 73.786172044724324, 16.725160517604717 ], [ 73.786301395161715, 16.725231871076883 ], [ 73.7864663819268, 16.725343423085317 ], [ 73.78660013061878, 16.725383544921989 ], [ 73.78673387922106, 16.725419216998823 ], [ 73.786898865628345, 16.725494996830307 ], [ 73.787068340098259, 16.725494967728068 ], [ 73.787237724660244, 16.725530703468245 ], [ 73.787402800414469, 16.725570805266315 ], [ 73.787540946903079, 16.725570795417582 ], [ 73.787674784638014, 16.725606474199772 ], [ 73.787808532519449, 16.725682280512942 ], [ 73.788013642351231, 16.725717912215959 ], [ 73.788249989655014, 16.725758053710276 ], [ 73.788419462976478, 16.725793795836559 ], [ 73.788490735082391, 16.725793748675436 ], [ 73.7886245721797, 16.725833876731851 ], [ 73.788793955419493, 16.725833838923823 ], [ 73.788999154000507, 16.725793743894268 ], [ 73.789199774456179, 16.725758080483679 ], [ 73.789404882856473, 16.725682292373499 ], [ 73.789538629577109, 16.72568227751179 ], [ 73.78970810180293, 16.725717931208067 ], [ 73.789819587161048, 16.72587405540061 ], [ 73.789855222966864, 16.725985450220694 ], [ 73.789864199239361, 16.726141562426221 ], [ 73.789939958963174, 16.726333301963791 ], [ 73.790051444191576, 16.726493789403385 ], [ 73.790127293606815, 16.726649938314743 ], [ 73.790238778730426, 16.726770290745964 ], [ 73.790350263791652, 16.726890730527735 ], [ 73.790497384481512, 16.727011059316634 ], [ 73.790711378018315, 16.727131511523773 ], [ 73.790818464462831, 16.727131454252163 ], [ 73.791001220407892, 16.727251846461879 ], [ 73.791184065947462, 16.727336560088553 ], [ 73.791366911319216, 16.727416823845708 ], [ 73.79158539201957, 16.727497150795255 ], [ 73.791656752755173, 16.727497109954669 ], [ 73.791870745046765, 16.727541740174445 ], [ 73.792022352701494, 16.727662079682069 ], [ 73.79221408370887, 16.727791392703764 ], [ 73.792401416214318, 16.727871666746164 ], [ 73.792691256145133, 16.727916265957049 ], [ 73.792874100133531, 16.727956393159456 ], [ 73.792981095654198, 16.727956414914551 ], [ 73.79319957458415, 16.72800096747477 ], [ 73.793270934741486, 16.728001013341625 ], [ 73.793462664546965, 16.728085740015665 ], [ 73.793609782938304, 16.728125883816006 ], [ 73.793765877317654, 16.72821054748167 ], [ 73.793957606646657, 16.728295273994785 ], [ 73.794033454574631, 16.728339916327595 ], [ 73.794193946899767, 16.728469169523102 ], [ 73.794323292130315, 16.728598545047518 ], [ 73.794457035548916, 16.728772423105983 ], [ 73.794590868638267, 16.728946308574731 ], [ 73.794733498169691, 16.729169324600257 ], [ 73.794831606403548, 16.729347677753275 ], [ 73.79498321180435, 16.729619664804275 ], [ 73.795094694210135, 16.729847079599722 ], [ 73.795210664569254, 16.730123542006545 ], [ 73.795232925125802, 16.730261790624805 ], [ 73.795264161709028, 16.73044900998875 ], [ 73.795215062824568, 16.730636337214978 ], [ 73.795018936446823, 16.730591742517948 ], [ 73.794778109147529, 16.73049810690113 ], [ 73.794590868638267, 16.730498112576452 ], [ 73.794394651884971, 16.730449060260518 ], [ 73.794198434938323, 16.730400007801983 ], [ 73.794011104123115, 16.730400005712383 ], [ 73.793850611650612, 16.730355385958511 ], [ 73.793654394167888, 16.730261746548933 ], [ 73.793458176491825, 16.730212693554627 ], [ 73.793266446682011, 16.730168100938517 ], [ 73.793079204751407, 16.730168105173334 ], [ 73.792923109833865, 16.730123575558824 ], [ 73.792762616484595, 16.730029918969535 ], [ 73.792539648999508, 16.730029939419438 ], [ 73.792352316624047, 16.730029935754178 ], [ 73.792165073834099, 16.730029939073717 ], [ 73.791977830868149, 16.730029942185414 ], [ 73.791714738944151, 16.730029887396562 ], [ 73.791527405792962, 16.730029882815224 ], [ 73.791340162227684, 16.730029885219107 ], [ 73.791152828724307, 16.730029880221778 ], [ 73.791001220407892, 16.730029858674992 ], [ 73.790778250951433, 16.730029876796529 ], [ 73.790555371007898, 16.730029901816952 ], [ 73.790368036766679, 16.730029895948046 ], [ 73.790180792111912, 16.730029897064934 ], [ 73.789993457518563, 16.730029890780028 ], [ 73.789806212511863, 16.730029891481106 ], [ 73.789618967329233, 16.730029891974329 ], [ 73.789502993714677, 16.730029933082779 ], [ 73.789280022581906, 16.730029861971811 ], [ 73.789092776904951, 16.729985276208922 ], [ 73.788865317154688, 16.72993624566811 ], [ 73.788753831262824, 16.729936209768258 ], [ 73.788530949055342, 16.729891646638325 ], [ 73.788414974807736, 16.72989168706016 ], [ 73.788227728318191, 16.72970880711841 ], [ 73.788044880066394, 16.729664224207511 ], [ 73.787786271133314, 16.729570641108442 ], [ 73.787563298080357, 16.72952598281195 ], [ 73.787375961027081, 16.729481388714209 ], [ 73.787157475712405, 16.729436828046225 ], [ 73.787081714931119, 16.72943686289047 ], [ 73.786827503189286, 16.729347645094254 ], [ 73.786609017273662, 16.729258498861743 ], [ 73.786461893714105, 16.729258484450266 ], [ 73.786314770046005, 16.729213884881215 ], [ 73.786172044724324, 16.729169288823623 ], [ 73.786024920842394, 16.72912468912121 ], [ 73.785842070570638, 16.729080104736973 ], [ 73.785735071217545, 16.729080077991895 ], [ 73.785445221171457, 16.728990968891743 ], [ 73.785191007343641, 16.72894633458851 ], [ 73.784977007881508, 16.728901782832274 ], [ 73.784865519815725, 16.728901744806791 ], [ 73.784575668506122, 16.728901716834937 ], [ 73.784388418411723, 16.728946296965919 ], [ 73.784201078376313, 16.728990956887692 ], [ 73.784049554539038, 16.729035521488388 ], [ 73.783897940821305, 16.729080078713967 ], [ 73.783808713985081, 16.729258505278906 ], [ 73.783786452152512, 16.729481388596117 ], [ 73.783764100552006, 16.729753473858381 ], [ 73.783741838714477, 16.729985344372601 ], [ 73.783719576874446, 16.730212765349773 ], [ 73.783777475606428, 16.730400022077855 ], [ 73.783795338932748, 16.730591747081419 ], [ 73.783813202257477, 16.730828057226102 ], [ 73.783906827596581, 16.731068871788352 ], [ 73.784004941159822, 16.731260575514284 ], [ 73.78410305467483, 16.731456816544124 ], [ 73.784285816775395, 16.731603917243255 ], [ 73.784433031705206, 16.731706549178366 ], [ 73.784575668506122, 16.731853661131321 ], [ 73.784722793457007, 16.73200523390269 ], [ 73.784865519815725, 16.732156890415457 ], [ 73.785017132798146, 16.732254989251054 ], [ 73.78512862077919, 16.732357549061991 ], [ 73.785315870178792, 16.732513648273862 ], [ 73.785427357992859, 16.732665243691699 ], [ 73.785534357511054, 16.732874763622316 ], [ 73.785605720412846, 16.733030907677566 ], [ 73.785757332832631, 16.733186942389036 ], [ 73.785873308625995, 16.733347449127457 ], [ 73.786065045548213, 16.73350801013834 ], [ 73.786225544290829, 16.733561538329603 ], [ 73.786421769088122, 16.733668537315967 ], [ 73.786582267543636, 16.733775551189233 ], [ 73.786782980195497, 16.733882561020149 ], [ 73.787023727394256, 16.733994002213215 ], [ 73.787264564066234, 16.734047514595048 ], [ 73.787469674457626, 16.734101041787632 ], [ 73.787670296452518, 16.734212494058628 ], [ 73.787875406426522, 16.734324044395397 ], [ 73.788080516189495, 16.734431057545557 ], [ 73.788245501482479, 16.734600468414101 ], [ 73.788370362405061, 16.734769890999491 ], [ 73.788535347458136, 16.734939389519422 ], [ 73.788744944703538, 16.735108800236901 ], [ 73.788874293471778, 16.735220297629525 ], [ 73.789043676499375, 16.735394162952748 ], [ 73.789173025073751, 16.735568134521522 ], [ 73.789387020032635, 16.735741999460849 ], [ 73.789560980530396, 16.735915883388365 ], [ 73.78977946321082, 16.73609429671151 ], [ 73.789997945651763, 16.736272622950406 ], [ 73.790216427853153, 16.736451036614387 ], [ 73.790439397938258, 16.736633823992349 ], [ 73.790573143964622, 16.736754226009868 ], [ 73.790796113650586, 16.736937013694529 ], [ 73.790974471267262, 16.737061864955706 ], [ 73.791197440504149, 16.737182265208773 ], [ 73.791375797761575, 16.737244728774236 ], [ 73.791509543159378, 16.737307106107135 ], [ 73.791696876327364, 16.737494454145413 ], [ 73.79192424308377, 16.73761930802694 ], [ 73.79201795437568, 16.737744179822965 ], [ 73.792254296930452, 16.737935893568533 ], [ 73.792446027714576, 16.738123158649056 ], [ 73.792628782166602, 16.738252464130571 ], [ 73.792825000659761, 16.738448640508157 ], [ 73.793012332590664, 16.738577964151226 ], [ 73.793159451314636, 16.738707292714746 ], [ 73.793400280571518, 16.738903468326985 ], [ 73.793556285354029, 16.739099737649081 ], [ 73.79379262608343, 16.739233514022064 ], [ 73.794037942616811, 16.739434151066185 ], [ 73.794180572544292, 16.739500993131315 ], [ 73.794506134620306, 16.739567927234962 ], [ 73.794786995437704, 16.739639218168033 ], [ 73.79502782272624, 16.739773005010704 ], [ 73.795313170821132, 16.739839943324821 ], [ 73.795594120260176, 16.739906790550581 ], [ 73.795776961583087, 16.739906787021848 ], [ 73.796013299676531, 16.739978172962498 ], [ 73.796307622340962, 16.740116421713999 ], [ 73.796592968601345, 16.740183271420349 ], [ 73.796829305725907, 16.740250119334011 ], [ 73.797163749654274, 16.740321514543758 ], [ 73.797507079189359, 16.740459763850335 ], [ 73.797792423730002, 16.740531062539219 ], [ 73.798059995574548, 16.74074063869099 ], [ 73.7982606966616, 16.740812046703738 ], [ 73.798563902123831, 16.740950221072051 ], [ 73.798760114766978, 16.741021618211359 ], [ 73.799081181423929, 16.741235656526229 ], [ 73.799250555769717, 16.741378288301181 ], [ 73.799527011731826, 16.741596779657581 ], [ 73.799803557067946, 16.741815278448708 ], [ 73.799990792672844, 16.742033775381461 ], [ 73.800276223409227, 16.742256739083373 ], [ 73.800512556158623, 16.742479695010488 ], [ 73.800753286760127, 16.742702654679682 ], [ 73.800976245043856, 16.743081696975878 ], [ 73.801029740633524, 16.743313561858976 ], [ 73.801096610100387, 16.743621194797136 ], [ 73.80106546419043, 16.743933364066965 ], [ 73.800940611228654, 16.744249978274603 ], [ 73.800775636454418, 16.744406043777033 ], [ 73.800610571785455, 16.744566552195515 ], [ 73.800365353111829, 16.74456653163535 ], [ 73.800120134135895, 16.744566597980125 ], [ 73.799906060954001, 16.744486261973751 ], [ 73.799611743612104, 16.744249927970071 ], [ 73.79938878379879, 16.744089471894519 ], [ 73.799210433719921, 16.743933376978667 ], [ 73.798974099423432, 16.743697066541145 ], [ 73.798751138895469, 16.743545424252595 ], [ 73.798465795729683, 16.743313563092833 ], [ 73.7982606966616, 16.743233335667835 ], [ 73.798091231714125, 16.743081705947208 ], [ 73.797886132259933, 16.743005841466083 ], [ 73.797609674017821, 16.742778445289023 ], [ 73.797333215391618, 16.742555499644009 ], [ 73.797083504704986, 16.742479724024005 ], [ 73.796784695207734, 16.742403939115473 ], [ 73.796526097620742, 16.742256770531142 ], [ 73.796276385921473, 16.742180907087189 ], [ 73.796089057061451, 16.742180986082023 ], [ 73.795830458570691, 16.742033817203978 ], [ 73.795625356786744, 16.741886661222164 ], [ 73.795389018232726, 16.74188665024127 ], [ 73.795085807933702, 16.741739482480444 ], [ 73.794844980715311, 16.741668169784855 ], [ 73.79460864123493, 16.741668157908435 ], [ 73.794358927130489, 16.741525452997511 ], [ 73.794118188793732, 16.741449696756654 ], [ 73.793828350939521, 16.741378293490961 ], [ 73.793542910955722, 16.741306980761749 ], [ 73.793355669285006, 16.741306977285724 ], [ 73.793074716687627, 16.741306964485094 ], [ 73.792927597901055, 16.741235659241905 ], [ 73.792735867580461, 16.741164267488049 ], [ 73.792544137075325, 16.741092962903611 ], [ 73.79221408370887, 16.741021562162508 ], [ 73.792026840789006, 16.741021557416051 ], [ 73.791839597693127, 16.74095026320245 ], [ 73.79164337822931, 16.740812020947796 ], [ 73.791456045011032, 16.740740632181947 ], [ 73.791126079604027, 16.740669324632155 ], [ 73.790894223823855, 16.740597943162943 ], [ 73.790519645564842, 16.74045970929825 ], [ 73.790381411378135, 16.74045970648034 ], [ 73.790100544348888, 16.740388408247011 ], [ 73.789868597612738, 16.740321468875223 ], [ 73.789636740369474, 16.740250173707988 ], [ 73.789498505570336, 16.740183244737018 ], [ 73.789315748247176, 16.740111960181466 ], [ 73.789132900993394, 16.740045031156832 ], [ 73.788945565415091, 16.739839877767029 ], [ 73.788762807584931, 16.739773043169468 ], [ 73.788535347458136, 16.739634826043307 ], [ 73.788352499488497, 16.739434134089723 ], [ 73.788214353562211, 16.739300374622832 ], [ 73.788080516189495, 16.73909968694667 ], [ 73.787946768490528, 16.738903544032564 ], [ 73.787768408164439, 16.738707314022097 ], [ 73.787683671245006, 16.738448700980271 ], [ 73.787505310683542, 16.73819008449669 ], [ 73.787291313704742, 16.737998327168604 ], [ 73.787117351226385, 16.73780655211538 ], [ 73.786903353831192, 16.737619245220134 ], [ 73.786640255208894, 16.737619262089872 ], [ 73.786426257301713, 16.737494429159447 ], [ 73.786212169400542, 16.737431975618385 ], [ 73.785958046314732, 16.73724476669604 ], [ 73.785828695654644, 16.737182302812645 ], [ 73.785663708362023, 16.737061923936114 ], [ 73.785454107877797, 16.73693700750637 ], [ 73.78528472180092, 16.736816625002852 ], [ 73.785119734058341, 16.736691796372742 ], [ 73.784919019732683, 16.736513408537398 ], [ 73.784798644899354, 16.736393030528724 ], [ 73.784633656754764, 16.736272652081137 ], [ 73.784473156731252, 16.736152284636194 ], [ 73.784317055074453, 16.735978347823881 ], [ 73.784201078376313, 16.735799950975974 ], [ 73.784094078142985, 16.735568090472896 ], [ 73.78393806595497, 16.735394161604145 ], [ 73.783822089036519, 16.73527823812822 ], [ 73.783630349958457, 16.735108773555972 ], [ 73.783429723900028, 16.734992867183539 ], [ 73.783278109711304, 16.734881415081926 ], [ 73.783117518831617, 16.734823426493239 ], [ 73.782957017588515, 16.734769894878248 ], [ 73.782760789383261, 16.734653992217812 ], [ 73.782609264452304, 16.734542547381142 ], [ 73.782372910464815, 16.734431017491044 ], [ 73.782216807165, 16.734377489435488 ], [ 73.782100919012407, 16.734324045672633 ], [ 73.781900201650117, 16.73426606678855 ], [ 73.781704062172196, 16.734212555758265 ], [ 73.781507832735059, 16.734159037394658 ], [ 73.781231351773499, 16.734101088967506 ], [ 73.781039610206463, 16.733994009272017 ], [ 73.780879107292449, 16.733994048775234 ], [ 73.780691763962821, 16.733882522979489 ], [ 73.780611512382123, 16.733882542619046 ], [ 73.780455497471834, 16.73382902096721 ], [ 73.780254778455131, 16.733829062554324 ], [ 73.780027398395035, 16.733722003209309 ], [ 73.779915907564273, 16.733668562672595 ], [ 73.779759892110462, 16.733615040704269 ], [ 73.77958592306598, 16.733454505954459 ], [ 73.779434305957778, 16.733400987759676 ], [ 73.779251539415, 16.733293929701397 ], [ 73.779082058306443, 16.733137855975613 ], [ 73.778943816193973, 16.733030879546117 ], [ 73.778810062370724, 16.732874792698404 ], [ 73.778671820070002, 16.732772266157028 ], [ 73.778582680665622, 16.732616181104781 ], [ 73.778408710595642, 16.732513580822939 ], [ 73.778279444810849, 16.732357505569063 ], [ 73.778181328433618, 16.73225941955905 ], [ 73.77809658744323, 16.732103338945048 ], [ 73.777949457608614, 16.732054368843752 ], [ 73.777788952210926, 16.731902680866416 ], [ 73.777650709203485, 16.73200527673362 ], [ 73.777583831870089, 16.731956200402369 ], [ 73.777387598384095, 16.731956251074088 ], [ 73.77719145447378, 16.7319562214699 ], [ 73.777070985212347, 16.731804604109985 ], [ 73.776959582499813, 16.731608432302004 ], [ 73.776928343049548, 16.731407785298735 ] ] ] } },
{ "type": "Feature", "properties": { "polygon_id": "indiasat_96", "source": "indiasat", "raw_class": "water", "core_class": "water", "lon": 76.822381330124543, "lat": 13.278297432452614, "block": "76_13" }, "geometry": { "type": "Polygon", "coordinates": [ [ [ 76.819921434860362, 13.279350103344477 ], [ 76.819939300545357, 13.279247553597076 ], [ 76.819983832734252, 13.279127169013455 ], [ 76.820023964495547, 13.279046826997407 ], [ 76.820055207414782, 13.278948772198415 ], [ 76.820086450326158, 13.27885511555521 ], [ 76.820113204813026, 13.278756998368262 ], [ 76.820144359701672, 13.2786455723654 ], [ 76.820171114176091, 13.278551939631967 ], [ 76.820215734290002, 13.278458293582135 ], [ 76.820238000336914, 13.278386933839814 ], [ 76.820264754791182, 13.278293301242488 ], [ 76.820291509239681, 13.278221917813612 ], [ 76.820300486059921, 13.278150552412834 ], [ 76.820322752091656, 13.278083677113706 ], [ 76.820367372151125, 13.277958813579044 ], [ 76.820376260957914, 13.277909778999007 ], [ 76.820411904186642, 13.277771596437146 ], [ 76.820416392592492, 13.277722504052958 ], [ 76.82043865860345, 13.277588709389631 ], [ 76.820452035809694, 13.277490668869309 ], [ 76.820465413014503, 13.277410393108726 ], [ 76.820474389822181, 13.277343512400501 ], [ 76.820474389822181, 13.277267710697096 ], [ 76.820478790217877, 13.277218613890616 ], [ 76.82048327862131, 13.277125023837186 ], [ 76.82048327862131, 13.277031371392628 ], [ 76.820492167419815, 13.276986735175365 ], [ 76.820496655822765, 13.276866325896123 ], [ 76.820510033022771, 13.276790534773991 ], [ 76.820523410221341, 13.276688010568297 ], [ 76.820532299016961, 13.276630007904458 ], [ 76.820545676213129, 13.276558701168852 ], [ 76.820554653015023, 13.276500703164023 ], [ 76.820554653015023, 13.276429386221009 ], [ 76.820550164614147, 13.276371373396943 ], [ 76.820541275819807, 13.276277773693153 ], [ 76.820550164614147, 13.276233137719306 ], [ 76.820554653015023, 13.276139548384764 ], [ 76.820563541808397, 13.276072663707406 ], [ 76.820554653015023, 13.275992344487131 ], [ 76.820550164614147, 13.275938902350745 ], [ 76.820541275819807, 13.275858583225309 ], [ 76.820523410221341, 13.275822895368 ], [ 76.820527898623155, 13.275742672807018 ], [ 76.820536787418462, 13.275693639022274 ], [ 76.820532299016961, 13.275631228570255 ], [ 76.820545676213129, 13.275568804589156 ], [ 76.820559053407862, 13.275492927967271 ], [ 76.820563541808397, 13.275443922675878 ], [ 76.820590296192577, 13.275430576704473 ], [ 76.820630427758033, 13.275443887570955 ], [ 76.820670559310543, 13.275457284669798 ], [ 76.820710690850092, 13.275466197542798 ], [ 76.820764199549316, 13.275492971291609 ], [ 76.820804331058625, 13.275515250599868 ], [ 76.820853439335266, 13.275542052763411 ], [ 76.820893570815755, 13.275568730070846 ], [ 76.820947079436252, 13.275577653140928 ], [ 76.8209872108865, 13.275604416686372 ], [ 76.821058496983269, 13.27564014070434 ], [ 76.821089739642431, 13.275666870247427 ], [ 76.821161113687822, 13.275706996884375 ], [ 76.821214622193111, 13.275742652898611 ], [ 76.821277019417707, 13.275769460680802 ], [ 76.821317150761416, 13.275796224259386 ], [ 76.821348393355535, 13.275809587336498 ], [ 76.821401901780192, 13.27583627487903 ], [ 76.821433056345768, 13.27584523533794 ], [ 76.821499941827412, 13.275885385817707 ], [ 76.821549049829173, 13.275925468305193 ], [ 76.821602558167413, 13.275965608622313 ], [ 76.821647089760305, 13.275992343814877 ], [ 76.821700598056339, 13.276005751078307 ], [ 76.82176748339397, 13.276045901596039 ], [ 76.821812102934715, 13.276072641403092 ], [ 76.821865611159694, 13.276072682103461 ], [ 76.821945873453942, 13.276099390004033 ], [ 76.821954762147811, 13.276099423993601 ], [ 76.822012758659554, 13.276112807401731 ], [ 76.822079643829156, 13.276126138549737 ], [ 76.822115286569314, 13.27612619285622 ], [ 76.82216879466371, 13.276139513823916 ], [ 76.822249056762132, 13.276166307904054 ], [ 76.822293676129945, 13.27617968111376 ], [ 76.822382826810951, 13.276193056328671 ], [ 76.822454200113597, 13.276206449808866 ], [ 76.822507708062048, 13.276219770728435 ], [ 76.822565704315693, 13.276233154045292 ], [ 76.822623700542252, 13.276246537352799 ], [ 76.822690585382986, 13.276264352659354 ], [ 76.822748493544964, 13.276291184190182 ], [ 76.822819866637545, 13.27633131083407 ], [ 76.822886751372678, 13.276344641833846 ], [ 76.822993766873978, 13.276389220721953 ], [ 76.823042786279245, 13.27647396915587 ], [ 76.823078516749163, 13.276514127893789 ], [ 76.823158778259895, 13.276558686608912 ], [ 76.82318553208529, 13.276572073494933 ], [ 76.8232657935269, 13.276616632221202 ], [ 76.823301435926766, 13.276643419732853 ], [ 76.823386185592071, 13.276674587951355 ], [ 76.823435204842497, 13.276701385574899 ], [ 76.823484224073582, 13.276719214582499 ], [ 76.823568973614186, 13.27676383572245 ], [ 76.823604703932773, 13.276790541627102 ], [ 76.823689365385562, 13.276821791464673 ], [ 76.82372949595009, 13.276852953244097 ], [ 76.823827622166206, 13.276879733447934 ], [ 76.823849887565885, 13.276879777465513 ], [ 76.823939125135652, 13.276910921794656 ], [ 76.823997032715639, 13.276910933647672 ], [ 76.824032762911116, 13.276910992328599 ], [ 76.824130800882358, 13.276942165934459 ], [ 76.824179907844268, 13.276955515171764 ], [ 76.82425568037641, 13.276973364253475 ], [ 76.824353806176873, 13.276986777565565 ], [ 76.824451931899844, 13.277017955703881 ], [ 76.82450543898787, 13.277031362672309 ], [ 76.824554457796623, 13.277049191595047 ], [ 76.824652583361086, 13.277062604814461 ], [ 76.824755109092266, 13.277111605547841 ], [ 76.824781862573857, 13.277111625619291 ], [ 76.824879987958667, 13.277142803674463 ], [ 76.824920118138536, 13.277142833760868 ], [ 76.824991401978735, 13.277156222216888 ], [ 76.825058373549339, 13.277187408658056 ], [ 76.825098503671597, 13.277205289879982 ], [ 76.825116280607574, 13.277249856225993 ], [ 76.825089527198003, 13.277312272179369 ], [ 76.825058373549339, 13.277361349793116 ], [ 76.825018155409438, 13.277423751137052 ], [ 76.824991401978735, 13.277472800292713 ], [ 76.824960248305459, 13.277521877925 ], [ 76.824920118138536, 13.277588768258836 ], [ 76.824875499714054, 13.277637831248118 ], [ 76.824826481031977, 13.277673469605052 ], [ 76.824795239312493, 13.277722542642612 ], [ 76.824750620843133, 13.277771605620472 ], [ 76.824719467109475, 13.277825081399477 ], [ 76.824692713614454, 13.277909833080709 ], [ 76.824648095108273, 13.277976661081633 ], [ 76.824616853343898, 13.278030218529981 ], [ 76.824585699576687, 13.278097061242725 ], [ 76.824554457796623, 13.278168383746845 ], [ 76.824514327498619, 13.278257609851147 ], [ 76.824492062218013, 13.278328970959667 ], [ 76.824460820414416, 13.278404777926047 ], [ 76.824442955379524, 13.278476110647594 ], [ 76.824398424788768, 13.278551912155931 ], [ 76.824362694698479, 13.278623258644988 ], [ 76.824331452862324, 13.278699065713926 ], [ 76.824309187548963, 13.278757060036826 ], [ 76.824264568905022, 13.278855106529843 ], [ 76.824215549981858, 13.278948783333878 ], [ 76.824184308108713, 13.279028988680421 ], [ 76.824162042768975, 13.279109318887889 ], [ 76.824126400616009, 13.279207404130608 ], [ 76.824095158720425, 13.279309945411223 ], [ 76.824072893364701, 13.279390189512288 ], [ 76.824050539999618, 13.279470515285217 ], [ 76.824014897814664, 13.279555233697147 ], [ 76.823992632444558, 13.279639962336711 ], [ 76.823983655891055, 13.279702360718934 ], [ 76.823961390515336, 13.279853924696686 ], [ 76.823939125135652, 13.279938653501986 ], [ 76.82393014857827, 13.280005536451785 ], [ 76.823894506358783, 13.280139325243885 ], [ 76.823858864129065, 13.280250864399671 ], [ 76.823818733606331, 13.280362341185485 ], [ 76.823783003349291, 13.280478274085507 ], [ 76.823742872802043, 13.280571899427462 ], [ 76.823716119096673, 13.280665535065433 ], [ 76.823675988527825, 13.280785894781321 ], [ 76.823635857946016, 13.280901856351548 ], [ 76.82360910421761, 13.280977640536207 ], [ 76.823582350483434, 13.281098096980733 ], [ 76.823542219871385, 13.281173870962423 ], [ 76.823497600951953, 13.281298739270261 ], [ 76.823457470312505, 13.281401247717135 ], [ 76.823408451070875, 13.281401268960288 ], [ 76.823359431809891, 13.281374555797278 ], [ 76.823283570725138, 13.281325481266714 ], [ 76.823203309295025, 13.281276435132597 ], [ 76.823109670894354, 13.281200644360446 ], [ 76.822998255186576, 13.28114712154146 ], [ 76.822891239689142, 13.281075718745017 ], [ 76.822802001366668, 13.280999985961286 ], [ 76.822694985700196, 13.280950919273886 ], [ 76.822619212216125, 13.280901849492226 ], [ 76.822556815665521, 13.280857274512261 ], [ 76.822449711781346, 13.280781469053428 ], [ 76.822365049483807, 13.28071011550368 ], [ 76.822320430141616, 13.280687858519158 ], [ 76.822213414060357, 13.280616455964751 ], [ 76.822186660025636, 13.280594185578202 ], [ 76.822115286569314, 13.280500501982774 ], [ 76.822044001078794, 13.280455979282026 ], [ 76.821986004581618, 13.280384555803636 ], [ 76.821914631010031, 13.280340028540051 ], [ 76.821856722459444, 13.28029543001448 ], [ 76.821798725874871, 13.280250826899064 ], [ 76.821731840554051, 13.280183940102015 ], [ 76.821647089760305, 13.280117066744646 ], [ 76.821593581441235, 13.280072439944796 ], [ 76.821535672741007, 13.280027841525728 ], [ 76.821482164373961, 13.280005550527248 ], [ 76.821410790512985, 13.27996102339239 ], [ 76.821343904983337, 13.279916386279041 ], [ 76.821277019417707, 13.279853984085042 ], [ 76.821223510939291, 13.279809357386929 ], [ 76.821170002437825, 13.279764816945299 ], [ 76.821116493913323, 13.279724674669136 ], [ 76.821062985365771, 13.279680048023335 ], [ 76.821013965179461, 13.279617632600171 ], [ 76.820942591049558, 13.279595355019563 ], [ 76.820889082427144, 13.279577462206831 ], [ 76.82079544228246, 13.279532890686406 ], [ 76.820719667640049, 13.279452689565934 ], [ 76.820692913283722, 13.279430333173652 ], [ 76.820612562172386, 13.27940801683739 ], [ 76.820536787418462, 13.279350065151126 ], [ 76.820496655822765, 13.279327784614528 ], [ 76.820443147008348, 13.279309978038395 ], [ 76.820403015382396, 13.279309946825908 ], [ 76.820322752091656, 13.279265385748719 ], [ 76.820273731613355, 13.279247555418898 ], [ 76.820202357058321, 13.279247527092435 ], [ 76.820148848117185, 13.279247485424305 ], [ 76.820086450326158, 13.279265346998194 ], [ 76.820028452915409, 13.279287664561378 ], [ 76.819970455477602, 13.27930998210446 ], [ 76.819921434860362, 13.279350103344477 ] ] ] } },
{ "type": "Feature", "properties": { "polygon_id": "indiasat_97", "source": "indiasat", "raw_class": "water", "core_class": "water", "lon": 78.535152945232809, "lat": 24.933581424415735, "block": "78_24" }, "geometry": { "type": "Polygon", "coordinates": [ [ [ 78.532755833056456, 24.932251996786071 ], [ 78.532800381336074, 24.93216280890994 ], [ 78.532862783562521, 24.932073577416869 ], [ 78.532911838619142, 24.931966620955052 ], [ 78.532920765596856, 24.931881900060453 ], [ 78.532929692573774, 24.931797179141213 ], [ 78.532938619549924, 24.931712458197318 ], [ 78.532934199396777, 24.931605460536225 ], [ 78.532911838619142, 24.931525185769601 ], [ 78.532907418464831, 24.931400337854107 ], [ 78.532902911640647, 24.931320019454809 ], [ 78.532898491485952, 24.931199634025976 ], [ 78.532880637525821, 24.931101501429946 ], [ 78.532885144350999, 24.931043569917634 ], [ 78.532885144350999, 24.930923170138929 ], [ 78.532894071331071, 24.93084737409643 ], [ 78.532889564506263, 24.930771518139782 ], [ 78.532885144350999, 24.930677907898481 ], [ 78.532862783562521, 24.930584245290976 ], [ 78.532871710544569, 24.930526299423811 ], [ 78.532880637525821, 24.93043265303746 ], [ 78.532898491485952, 24.93032568635676 ], [ 78.532911838619142, 24.93021863793291 ], [ 78.532920765596856, 24.930129454014107 ], [ 78.532934199396777, 24.930040262513121 ], [ 78.532960893652017, 24.929951117402336 ], [ 78.532987674569839, 24.929866352292191 ], [ 78.533041149714691, 24.929794991867233 ], [ 78.533108058608207, 24.929746004097655 ], [ 78.53317046064528, 24.929745933666972 ], [ 78.533224022363129, 24.929794980116124 ], [ 78.533259643489913, 24.929884226720638 ], [ 78.533299771410938, 24.929951063617491 ], [ 78.533308698354489, 24.930022442941439 ], [ 78.533331059044599, 24.930093792828018 ], [ 78.533371186937359, 24.93016509226813 ], [ 78.533393460944396, 24.930236435414187 ], [ 78.533429168680897, 24.930343449689175 ], [ 78.533451442675187, 24.930432643089524 ], [ 78.533491570520297, 24.930508494299655 ], [ 78.533518264628739, 24.930561972830617 ], [ 78.533545045399336, 24.930619920643565 ], [ 78.533589680001242, 24.930677913976385 ], [ 78.533634227914419, 24.930731438008909 ], [ 78.533692209507507, 24.930789395157056 ], [ 78.533768044874421, 24.930847397795628 ], [ 78.53383044650522, 24.930887490329397 ], [ 78.53389284809758, 24.930905359247998 ], [ 78.53397310342244, 24.930981108521362 ], [ 78.53403559159571, 24.931021296951325 ], [ 78.534097993061806, 24.931079239663841 ], [ 78.534173828125148, 24.931141704694671 ], [ 78.534222882547311, 24.931199683562212 ], [ 78.53429863084871, 24.931279902843684 ], [ 78.534347685210477, 24.931320031400755 ], [ 78.534410086484442, 24.931400286845232 ], [ 78.534459140792279, 24.931485041053378 ], [ 78.534503774991677, 24.93158757057407 ], [ 78.534548322503127, 24.931712406183777 ], [ 78.53459737674406, 24.931815010592995 ], [ 78.53464643096126, 24.931904138033449 ], [ 78.534695485154714, 24.9320112049618 ], [ 78.534726685689435, 24.932095913621193 ], [ 78.534757972882659, 24.932162778734835 ], [ 78.53480702702214, 24.932274308165333 ], [ 78.534860501207206, 24.932341197638983 ], [ 78.534909555297048, 24.932408012162409 ], [ 78.534980883021376, 24.932497259819293 ], [ 78.535052210695511, 24.932541792584573 ], [ 78.535136971827455, 24.932541848669857 ], [ 78.535226152941888, 24.932541801119342 ], [ 78.535333187509167, 24.932541798870297 ], [ 78.535457988805177, 24.932541835158428 ], [ 78.535547169637155, 24.932519563798412 ], [ 78.535578369909686, 24.932519483576129 ], [ 78.535667637303064, 24.932497218837003 ], [ 78.535756817950556, 24.932474947304765 ], [ 78.535859345264626, 24.93243032650728 ], [ 78.535930672320518, 24.932408009538467 ], [ 78.535997579306667, 24.932363483258747 ], [ 78.536064486248634, 24.932296554794256 ], [ 78.536113539755732, 24.932229670273006 ], [ 78.53618035995423, 24.932185137105538 ], [ 78.536229413405252, 24.932118252485289 ], [ 78.536265120142659, 24.932118253664392 ], [ 78.536251773451028, 24.932207363136556 ], [ 78.53623834009079, 24.932296555112096 ], [ 78.536224993395621, 24.932385753776241 ], [ 78.536229413405266, 24.932474901675601 ], [ 78.536233920081543, 24.932568608098453 ], [ 78.53623834009079, 24.932657755955546 ], [ 78.536278466832528, 24.932751367595802 ], [ 78.536336446912941, 24.932822711594333 ], [ 78.536407773633044, 24.932822707289386 ], [ 78.536483606968105, 24.932845008161618 ], [ 78.536554933584625, 24.932867316647904 ], [ 78.53663076680958, 24.932916392891592 ], [ 78.536724366597554, 24.932960955744338 ], [ 78.536813546315102, 24.932987771872241 ], [ 78.536893885993464, 24.933059063961888 ], [ 78.536969632298522, 24.933130446212484 ], [ 78.537014265392287, 24.9332285126244 ], [ 78.537040958572931, 24.933326616392769 ], [ 78.537049885186974, 24.933424681700494 ], [ 78.537058811800236, 24.933522836236278 ], [ 78.537067738412702, 24.933625364067328 ], [ 78.537076665024387, 24.933727981124058 ], [ 78.537103444854708, 24.933830464824396 ], [ 78.537134644648091, 24.933933023375403 ], [ 78.537201550839328, 24.934062358388442 ], [ 78.537228243970645, 24.934169387118249 ], [ 78.537259530391594, 24.93427641488104 ], [ 78.537326349834444, 24.934410205645509 ], [ 78.537397762523611, 24.934521682611869 ], [ 78.537469088496664, 24.934659928194804 ], [ 78.537535994467049, 24.934744637386032 ], [ 78.537602813727588, 24.934829339831939 ], [ 78.537691992672023, 24.934914079718812 ], [ 78.537781171537986, 24.935025505672606 ], [ 78.537843657363268, 24.935056767656249 ], [ 78.537932836095735, 24.935141507420649 ], [ 78.538026434680944, 24.935230695304341 ], [ 78.538137972882083, 24.935346621060201 ], [ 78.538209298334067, 24.935435778149944 ], [ 78.538302896663893, 24.935524965885474 ], [ 78.538396581572243, 24.935614160288683 ], [ 78.538472326753961, 24.935734540780068 ], [ 78.53851695918577, 24.93589061985524 ], [ 78.538574937985317, 24.936015424484506 ], [ 78.538579357892445, 24.936202748164874 ], [ 78.538499106215411, 24.936233923800359 ], [ 78.538396581572243, 24.936233920060317 ], [ 78.53829397016024, 24.936233998770351 ], [ 78.53818702538544, 24.936233920003573 ], [ 78.538102266804643, 24.936202716587999 ], [ 78.537995235162143, 24.936202720200463 ], [ 78.537892710009103, 24.936202716060027 ], [ 78.537790098086802, 24.936202705118308 ], [ 78.537665299662876, 24.936202759239862 ], [ 78.537540414419496, 24.936202717269058 ], [ 78.537415529022198, 24.936202764425811 ], [ 78.537330856461949, 24.936202715810261 ], [ 78.537246097164939, 24.936202749670311 ], [ 78.537143571253893, 24.936202744922671 ], [ 78.537014265392273, 24.936171568276858 ], [ 78.536934012475626, 24.936171505052101 ], [ 78.536871526089371, 24.936171569617354 ], [ 78.536764493146833, 24.936171572196724 ], [ 78.536661966748497, 24.9361403293309 ], [ 78.536612913506872, 24.936046650983403 ], [ 78.536603986854331, 24.935890573450791 ], [ 78.536595060200995, 24.93576573362213 ], [ 78.536528240275942, 24.935645330617493 ], [ 78.536421206970829, 24.935556171538039 ], [ 78.536358720268368, 24.935493760410569 ], [ 78.536274046825042, 24.935435787493592 ], [ 78.536189286644088, 24.935346570047017 ], [ 78.536126886465581, 24.935288628094757 ], [ 78.536046632846151, 24.935230640739412 ], [ 78.53594401905444, 24.935141467042357 ], [ 78.535823638384272, 24.935083492366473 ], [ 78.53572111103405, 24.935056800782288 ], [ 78.535623003616195, 24.934998767806558 ], [ 78.535524896103382, 24.934967599241268 ], [ 78.535444642007249, 24.934940849352397 ], [ 78.535386661416624, 24.934940816536194 ], [ 78.535306407211039, 24.934940841776452 ], [ 78.535208299391741, 24.934940821479543 ], [ 78.535110191477472, 24.934940801106553 ], [ 78.535029937052954, 24.934940826171385 ], [ 78.534949682564914, 24.934914076004937 ], [ 78.534851574400307, 24.934882817732628 ], [ 78.534775739844051, 24.934882828358958 ], [ 78.534677631511087, 24.934856121748755 ], [ 78.534539482337038, 24.934829344924687 ], [ 78.534383392610835, 24.934798142374795 ], [ 78.534267430182226, 24.934771389889498 ], [ 78.534151467620944, 24.934744637311372 ], [ 78.534075719209582, 24.934744654264524 ], [ 78.533977610199045, 24.934744633061264 ], [ 78.53389284809758, 24.934798125975579 ], [ 78.53383044650522, 24.93491404295278 ], [ 78.533763538088479, 24.93502550483808 ], [ 78.533696629627585, 24.935114743298008 ], [ 78.533629807791598, 24.935199436628857 ], [ 78.533545045399336, 24.935257391608772 ], [ 78.533429168680897, 24.935230645033378 ], [ 78.533388954141799, 24.935230650288823 ], [ 78.533371186937359, 24.935199462939924 ], [ 78.533362259999308, 24.935056773621678 ], [ 78.533335479180423, 24.934940813574805 ], [ 78.533322132103009, 24.934829375997996 ], [ 78.533295351273551, 24.934686640808309 ], [ 78.533268570437002, 24.934575143186116 ], [ 78.533255223350778, 24.934494943135654 ], [ 78.533228442503628, 24.934356670361453 ], [ 78.53319724150775, 24.934249649419158 ], [ 78.533174967457583, 24.934115920826599 ], [ 78.533161620359024, 24.934035631446022 ], [ 78.533134839487161, 24.933906283581379 ], [ 78.533125912528305, 24.933803756555971 ], [ 78.533116985568654, 24.933701229504848 ], [ 78.533125912528305, 24.933625344807282 ], [ 78.533081277722189, 24.933522815515424 ], [ 78.533054583498668, 24.933424711923969 ], [ 78.533005528511126, 24.933348882751083 ], [ 78.533018875630233, 24.933228536961735 ], [ 78.533085784538457, 24.933130462408027 ], [ 78.533090204684981, 24.933059047643365 ], [ 78.533099131646992, 24.932960939381527 ], [ 78.533108058608207, 24.932867382873702 ], [ 78.533121405713814, 24.932773722834082 ], [ 78.533094711500851, 24.932657768932696 ], [ 78.532996601540873, 24.932590898672363 ], [ 78.532902911640647, 24.932497238883556 ], [ 78.532822655468536, 24.93240801228885 ], [ 78.532760253217376, 24.932341144065479 ], [ 78.532755833056456, 24.932251996786071 ] ] ] } },
{ "type": "Feature", "properties": { "polygon_id": "indiasat_99", "source": "indiasat", "raw_class": "water", "core_class": "water", "lon": 80.894725138277892, "lat": 15.842124746363931, "block": "80_15" }, "geometry": { "type": "Polygon", "coordinates": [ [ [ 80.889029545862542, 15.854400683605183 ], [ 80.889074117735731, 15.853914656342672 ], [ 80.88911421551704, 15.853437491762813 ], [ 80.889154397694526, 15.85296485690564 ], [ 80.889194495435504, 15.852496655896875 ], [ 80.889283723388886, 15.852126527063698 ], [ 80.889314872953648, 15.851760872068244 ], [ 80.889470958259039, 15.85130607873422 ], [ 80.889479906352733, 15.851216843579806 ], [ 80.88936391872069, 15.851216924906948 ], [ 80.889524477974362, 15.850681759149138 ], [ 80.889738556476658, 15.850155592407376 ], [ 80.889881218882053, 15.849812295062568 ], [ 80.889961498028782, 15.849468942894559 ], [ 80.890104160035534, 15.84912555757114 ], [ 80.890188912964916, 15.848706447169828 ], [ 80.890278055391107, 15.848291692462409 ], [ 80.89042966481901, 15.847720932316184 ], [ 80.890509943413903, 15.847395416452782 ], [ 80.890661552401156, 15.846838055518576 ], [ 80.890862205946306, 15.846289593110452 ], [ 80.890880017406161, 15.8459774182537 ], [ 80.890973717437504, 15.84544237519223 ], [ 80.891053911070628, 15.844991937930871 ], [ 80.891196655538138, 15.844470230319168 ], [ 80.891267985469057, 15.844180451810635 ], [ 80.89135273716208, 15.843672096317027 ], [ 80.891437404351151, 15.843172699320998 ], [ 80.891504344547712, 15.84289178717329 ], [ 80.89163805594491, 15.842405724515462 ], [ 80.891762988108454, 15.84199550437269 ], [ 80.891825369703355, 15.841790346618902 ], [ 80.891936879848231, 15.841585216829808 ], [ 80.892008209117293, 15.841188356004409 ], [ 80.892075064421618, 15.840920839305786 ], [ 80.892142004083084, 15.840595303387618 ], [ 80.892253429372289, 15.840336672507826 ], [ 80.892364938918774, 15.840078045358123 ], [ 80.892578925386303, 15.839761450680422 ], [ 80.892636916886318, 15.839507313826953 ], [ 80.892699382210353, 15.839257535388246 ], [ 80.89285546089404, 15.839007882552691 ], [ 80.893011539272308, 15.8387002071913 ], [ 80.893167532933091, 15.83839696442983 ], [ 80.89331913686955, 15.838156172923984 ], [ 80.893421697275613, 15.837857424354281 ], [ 80.893617954475147, 15.83762108511543 ], [ 80.89381412678037, 15.837384742226359 ], [ 80.893863169781284, 15.837268809794427 ], [ 80.894059425894497, 15.836921039479368 ], [ 80.894202080572612, 15.836751556525529 ], [ 80.894344734995556, 15.836524140191461 ], [ 80.89443843095701, 15.836350201745645 ], [ 80.894581084957196, 15.83607381285692 ], [ 80.894768391804291, 15.83585084827925 ], [ 80.89490665588238, 15.835627860768543 ], [ 80.895089403822894, 15.835409406377407 ], [ 80.895272235754476, 15.835190866731768 ], [ 80.895450593555296, 15.834976840856426 ], [ 80.895673603552396, 15.834762830248739 ], [ 80.895941096552875, 15.834548738868699 ], [ 80.896115063592305, 15.834392726931352 ], [ 80.896244378001597, 15.834232175081235 ], [ 80.896418259970716, 15.83402700964719 ], [ 80.89659214156066, 15.833870993809688 ], [ 80.896761633541644, 15.833665820997799 ], [ 80.896886473271309, 15.83341166102395 ], [ 80.896971218994011, 15.833309118963133 ], [ 80.897180719487636, 15.83300591018855 ], [ 80.897305642968831, 15.832858747260568 ], [ 80.897426008245958, 15.832707134168009 ], [ 80.897550846935388, 15.832510995618421 ], [ 80.89775148314844, 15.832265701342317 ], [ 80.897956676834823, 15.832074006400239 ], [ 80.898157312026569, 15.831882208326169 ], [ 80.898317853579073, 15.831690498592389 ], [ 80.898522961401341, 15.831547771424594 ], [ 80.898723595167951, 15.831405122079895 ], [ 80.898844042710394, 15.831311444210822 ], [ 80.899000109367535, 15.831173219702386 ], [ 80.899120472086423, 15.831079626828169 ], [ 80.899272064705201, 15.830896766857498 ], [ 80.89938803792829, 15.830803078021992 ], [ 80.899624372940679, 15.830664856355053 ], [ 80.899784911538745, 15.830575702275096 ], [ 80.899936502893951, 15.830437466400113 ], [ 80.900088093960889, 15.830303666256521 ], [ 80.900279861311787, 15.830165433371377 ], [ 80.900386886199655, 15.829987086968133 ], [ 80.900542949836137, 15.829897921590884 ], [ 80.900645500950645, 15.829724000373137 ], [ 80.900748051933206, 15.829545643362355 ], [ 80.90081489991006, 15.829416354170576 ], [ 80.900913061673421, 15.829197801669714 ], [ 80.900944206696053, 15.829113144511933 ], [ 80.901037894902103, 15.828899106135605 ], [ 80.901135971987216, 15.828689510712964 ], [ 80.901234048951636, 15.82852001507578 ], [ 80.901292034156967, 15.8283506089121 ], [ 80.901385721954171, 15.828145531258381 ], [ 80.901519501185376, 15.827940364193127 ], [ 80.901662142515775, 15.82781550253922 ], [ 80.901795921282982, 15.827654959479419 ], [ 80.901983211179839, 15.827614834401457 ], [ 80.902139271690558, 15.827614827173511 ], [ 80.902299805223166, 15.827655018651731 ], [ 80.902424636279761, 15.827695129318808 ], [ 80.902634206843118, 15.827815539918394 ], [ 80.90276351067736, 15.82789576067486 ], [ 80.902901760889463, 15.828020626712878 ], [ 80.903008782256478, 15.82822579966377 ], [ 80.903071239454718, 15.828350586381914 ], [ 80.903182733872057, 15.828560206107444 ], [ 80.903249579806726, 15.828729624514304 ], [ 80.903280808317618, 15.828943679230388 ], [ 80.903227297834732, 15.829113097735986 ], [ 80.903213962409112, 15.829287043409174 ], [ 80.903133696604002, 15.829545651769102 ], [ 80.903071239454718, 15.829679385343761 ], [ 80.903017728831117, 15.829853328886172 ], [ 80.902928516244685, 15.830076252352256 ], [ 80.90287053223004, 15.830254621451564 ], [ 80.902776930580259, 15.830437437939896 ], [ 80.90268332882053, 15.830664879361123 ], [ 80.902589642548747, 15.830896753258234 ], [ 80.902500429483084, 15.83112420199282 ], [ 80.902397880755359, 15.831311433598843 ], [ 80.902295331895658, 15.831503189865636 ], [ 80.902197256237272, 15.831690520877943 ], [ 80.902094707119417, 15.831882188550349 ], [ 80.901947508813436, 15.832073931410459 ], [ 80.901800394638514, 15.832265677783637 ], [ 80.901599768616308, 15.832363795181339 ], [ 80.901448096021127, 15.832559963108736 ], [ 80.901287560772914, 15.832658079746368 ], [ 80.901131498594395, 15.832809703907563 ], [ 80.900970962708485, 15.832907820256612 ], [ 80.900855076192386, 15.833054922878082 ], [ 80.900703486584135, 15.833260054509728 ], [ 80.900583041851348, 15.833358170359197 ], [ 80.900422504860757, 15.833509783417886 ], [ 80.900302144107869, 15.833612338567946 ], [ 80.900186172214731, 15.833817459303296 ], [ 80.900021245374489, 15.833920003666409 ], [ 80.899860707252387, 15.834129638287751 ], [ 80.899695695333577, 15.834285676141199 ], [ 80.899619899463033, 15.83444173909824 ], [ 80.899499453092844, 15.834602312349068 ], [ 80.899379090946184, 15.834816297862353 ], [ 80.899218551530822, 15.835083865824432 ], [ 80.899098188960025, 15.835297851469599 ], [ 80.898977741801573, 15.83551635830276 ], [ 80.898852905346487, 15.835739382740584 ], [ 80.898687975747734, 15.835957882077848 ], [ 80.898563054432515, 15.836185250304258 ], [ 80.898433743783841, 15.836408175475915 ], [ 80.898353473164676, 15.836635647462733 ], [ 80.898228635732025, 15.836863019517008 ], [ 80.898143891345867, 15.837094917065398 ], [ 80.898014580017303, 15.837326803306906 ], [ 80.897934308976104, 15.837563147887089 ], [ 80.897804997307603, 15.837857404506414 ], [ 80.897720336878379, 15.838093742292646 ], [ 80.897537510560056, 15.838334556575512 ], [ 80.897403724645955, 15.838642199711913 ], [ 80.897318979382959, 15.838887495199597 ], [ 80.897180719487636, 15.839195128041366 ], [ 80.897091584775993, 15.839444852764828 ], [ 80.896953324486361, 15.839694551405811 ], [ 80.896815148365192, 15.840078044770316 ], [ 80.896676887596186, 15.840399075438693 ], [ 80.896534152936653, 15.840724620360602 ], [ 80.896387028771201, 15.840987698518015 ], [ 80.896244378001597, 15.841250787583819 ], [ 80.896146210489434, 15.841451425630845 ], [ 80.895945570236961, 15.841723430926901 ], [ 80.895798444985516, 15.841991034218868 ], [ 80.895597803858024, 15.84233437180362 ], [ 80.895446204253105, 15.842543940386959 ], [ 80.895343646450499, 15.842820428788897 ], [ 80.895138530449586, 15.843101295560128 ], [ 80.89497798249559, 15.843458032548101 ], [ 80.894821907965508, 15.843814780719107 ], [ 80.894661359374112, 15.844104621598664 ], [ 80.894554326800275, 15.844398933482029 ], [ 80.894389388309833, 15.844693203492113 ], [ 80.894282355371004, 15.844991952002546 ], [ 80.894166374721493, 15.845290767728429 ], [ 80.894054952104611, 15.845593945611187 ], [ 80.893943444920794, 15.8459016451148 ], [ 80.893769557555444, 15.846289586086828 ], [ 80.893658049972629, 15.846521427682525 ], [ 80.893591195995086, 15.846918312246101 ], [ 80.893417307861753, 15.847234920478138 ], [ 80.893354843099956, 15.847555954649657 ], [ 80.893176480612169, 15.847881513545882 ], [ 80.892895556774832, 15.848046421706252 ], [ 80.892770710797578, 15.848376452457639 ], [ 80.892703856076281, 15.848706441564728 ], [ 80.892578925386303, 15.849040817010939 ], [ 80.892445215566184, 15.849553603200619 ], [ 80.892253429372289, 15.84998169632204 ], [ 80.892182100322501, 15.850329510276696 ], [ 80.892106297309752, 15.850681750017454 ], [ 80.891972502284062, 15.851127725723277 ], [ 80.891901172983069, 15.851395244798901 ], [ 80.891812032370524, 15.851943717781543 ], [ 80.891727281165458, 15.852496635926222 ], [ 80.89169157420649, 15.853152148586874 ], [ 80.891673762927837, 15.853531147061261 ], [ 80.891642529870353, 15.85411081293408 ], [ 80.891620244654305, 15.854596895685919 ], [ 80.891589011575874, 15.855189962603776 ], [ 80.89156225241517, 15.855693782545202 ], [ 80.891535577659283, 15.856206657598046 ], [ 80.891513207999537, 15.856616879742319 ], [ 80.891490922747352, 15.857035979133968 ], [ 80.891464163553749, 15.857562163482164 ], [ 80.891557862898992, 15.858204336578732 ], [ 80.891597959432033, 15.858748337062536 ], [ 80.89169157420649, 15.859408256982574 ], [ 80.891678236851291, 15.859747173547033 ], [ 80.891838791447441, 15.860424913986348 ], [ 80.891950217160186, 15.860884173818114 ], [ 80.892124108491828, 15.861463901667786 ], [ 80.892244566002702, 15.86182061764486 ], [ 80.892422930574369, 15.86229326183798 ], [ 80.892614631948064, 15.862654490950053 ], [ 80.892797469552903, 15.863140547174604 ], [ 80.892596820875511, 15.863140519491562 ], [ 80.892471974430691, 15.862774831166309 ], [ 80.892284662190576, 15.862413698014953 ], [ 80.892039442031603, 15.861936549698296 ], [ 80.891856602689259, 15.861584302593352 ], [ 80.891678236851291, 15.86111609704629 ], [ 80.891441878287864, 15.860540836087656 ], [ 80.891209992973856, 15.859970113539278 ], [ 80.890920198694332, 15.85940822091481 ], [ 80.890692785842688, 15.858859784513314 ], [ 80.890536702927577, 15.8583113396813 ], [ 80.890318236982466, 15.857776238552454 ], [ 80.890157679326123, 15.857348190241529 ], [ 80.890059588737756, 15.856928986839495 ], [ 80.889903504583884, 15.856514261064286 ], [ 80.889809887711237, 15.856104032415086 ], [ 80.88965827710561, 15.855693844992375 ], [ 80.889497718121191, 15.855390641090704 ], [ 80.889207917622187, 15.855194407580996 ], [ 80.889056305872728, 15.854793095197023 ], [ 80.889029545862542, 15.854400683605183 ] ] ] } },
{ "type": "Feature", "properties": { "polygon_id": "indiasat_100", "source": "indiasat", "raw_class": "water", "core_class": "water", "lon": 80.866944255217788, "lat": 15.834696515583396, "block": "80_15" }, "geometry": { "type": "MultiPolygon", "coordinates": [ [ [ [ 80.866493251697719, 15.839716830418853 ], [ 80.866586895902728, 15.84015389068381 ], [ 80.866087430728527, 15.839507275274382 ], [ 80.866430765873233, 15.839690062017441 ], [ 80.866493251697719, 15.839716830418853 ] ] ], [ [ [ 80.866493251697719, 15.839716830418853 ], [ 80.866488776363255, 15.839690115720627 ], [ 80.866332730582627, 15.839235252153218 ], [ 80.86610972306994, 15.839052489224885 ], [ 80.865828788449491, 15.838874111889899 ], [ 80.865556803616073, 15.83860651102786 ], [ 80.865289293259437, 15.838249853122486 ], [ 80.865146586926656, 15.8378128562623 ], [ 80.864950344192806, 15.837295532550055 ], [ 80.864758660851052, 15.836782749991832 ], [ 80.86456689260757, 15.83636364638131 ], [ 80.864375123904267, 15.83594889080784 ], [ 80.864236891400978, 15.835618987829903 ], [ 80.864040730877804, 15.835293470836531 ], [ 80.863911364311704, 15.834892086738337 ], [ 80.863826667941311, 15.834575535129915 ], [ 80.863643848451247, 15.834178638357649 ], [ 80.86346550404717, 15.833790713961749 ], [ 80.863287159245459, 15.833407226083908 ], [ 80.863162266981377, 15.833023777948846 ], [ 80.863032983438373, 15.832724952948974 ], [ 80.862899224151079, 15.832497617841637 ], [ 80.862729744732874, 15.83212745916615 ], [ 80.862600460490796, 15.831837595614394 ], [ 80.862484518272339, 15.831472005096405 ], [ 80.862337331368366, 15.831400678230448 ], [ 80.862078676961886, 15.831400670010487 ], [ 80.861846875289572, 15.831186584809428 ], [ 80.861762092287918, 15.831043908384485 ], [ 80.861588219297289, 15.830758551509481 ], [ 80.861512387248098, 15.830548922823873 ], [ 80.861405394691189, 15.830201100332106 ], [ 80.861271632682389, 15.830062921510887 ], [ 80.861164639803491, 15.829719535556103 ], [ 80.861004107993836, 15.829447518438752 ], [ 80.860879212165315, 15.829246908762718 ], [ 80.860776694415932, 15.828912495704074 ], [ 80.860656273893454, 15.82871180953582 ], [ 80.860509083625772, 15.828381809958127 ], [ 80.860437726227005, 15.82818559091897 ], [ 80.86033073223291, 15.827927013931072 ], [ 80.860223738095726, 15.82767287276287 ], [ 80.860067680092129, 15.827418700949993 ], [ 80.859960601156018, 15.827164468330919 ], [ 80.859858082229593, 15.826914775304433 ], [ 80.859742136036715, 15.826727498010598 ], [ 80.859595028534898, 15.826482221495647 ], [ 80.859434493575904, 15.826299449196647 ], [ 80.859372002237023, 15.826116558328932 ], [ 80.85909999544883, 15.826299431632323 ], [ 80.858792350519138, 15.826419858158648 ], [ 80.858774531904771, 15.826236990483288 ], [ 80.858881527979804, 15.826174534179508 ], [ 80.859229369795585, 15.82611656876993 ], [ 80.859380953702072, 15.826054220429175 ], [ 80.859697547798362, 15.825875801526013 ], [ 80.859951734202994, 15.825755423122695 ], [ 80.860143429063712, 15.825755442895426 ], [ 80.860424383653083, 15.825755415914189 ], [ 80.86066074955427, 15.825755458000327 ], [ 80.86089703031098, 15.825755407517979 ], [ 80.861137870449937, 15.825755460505052 ], [ 80.861347380514076, 15.82593382293877 ], [ 80.861481226841789, 15.825996244916061 ], [ 80.861708638416999, 15.826054188735066 ], [ 80.861971685162359, 15.826237028483499 ], [ 80.862194619768573, 15.826357410639716 ], [ 80.862373051450845, 15.826482212792705 ], [ 80.862595984938494, 15.826602683565421 ], [ 80.862760989097055, 15.826852352080635 ], [ 80.862979445972698, 15.827039608638612 ], [ 80.863104338522234, 15.827226908569326 ], [ 80.863282683731583, 15.827351796179947 ], [ 80.863461028543298, 15.827543481241545 ], [ 80.863746446969401, 15.827605912624916 ], [ 80.86394260821433, 15.827605940742147 ], [ 80.864183439183847, 15.827605902083416 ], [ 80.864428660435721, 15.827605959696282 ], [ 80.86467388093574, 15.827605928280793 ], [ 80.864883466180373, 15.827418636947796 ], [ 80.865133160696445, 15.827289367736773 ], [ 80.86529368421948, 15.827102046229504 ], [ 80.865503267839813, 15.826852392168728 ], [ 80.865708459973831, 15.826665092178853 ], [ 80.865819922146954, 15.826482265045099 ], [ 80.865975968928296, 15.826237005325808 ], [ 80.866087430728527, 15.825996251803168 ], [ 80.866247952336053, 15.825692988501636 ], [ 80.866355022855643, 15.825456662858274 ], [ 80.866412948960274, 15.825278319575224 ], [ 80.866520019258942, 15.824983979305109 ], [ 80.866582420573522, 15.824694142128369 ], [ 80.86669388152842, 15.824350843708302 ], [ 80.866707223056551, 15.824123428310072 ], [ 80.86681429296118, 15.823784469539209 ], [ 80.866876694046098, 15.82345010286547 ], [ 80.866943570391555, 15.823013025418183 ], [ 80.867050639979709, 15.822634061415027 ], [ 80.867108565580409, 15.822366481196481 ], [ 80.867166575578707, 15.822049938873299 ], [ 80.867255743703623, 15.822103374815033 ], [ 80.86732709501986, 15.822473540415666 ], [ 80.867367203719951, 15.822634016932255 ], [ 80.867398446272389, 15.822959558099045 ], [ 80.867429604373342, 15.823285096326227 ], [ 80.86750543081223, 15.823619526866992 ], [ 80.867590123286433, 15.823842471928298 ], [ 80.867621365751788, 15.82423490098977 ], [ 80.867701667275597, 15.82457821560031 ], [ 80.867737300523217, 15.824868019019355 ], [ 80.867817601930611, 15.825278309621474 ], [ 80.86790676932948, 15.825572589837954 ], [ 80.867991461378566, 15.825875818825436 ], [ 80.868076237776549, 15.826174616519708 ], [ 80.868165404886966, 15.826419842434433 ], [ 80.868209988404899, 15.826602688857326 ], [ 80.868299155366145, 15.826977253236171 ], [ 80.868388322227958, 15.827289367163198 ], [ 80.86843290562156, 15.827481085513631 ], [ 80.868522156772329, 15.827797728175424 ], [ 80.868615714163042, 15.828056270841596 ], [ 80.868709355882189, 15.828381793415994 ], [ 80.86880299749167, 15.828711840868587 ], [ 80.868847665091806, 15.829041774919245 ], [ 80.868896638991458, 15.829380673590137 ], [ 80.868892248229258, 15.829514441090421 ], [ 80.86894130653927, 15.829924667616387 ], [ 80.868985889624511, 15.830339408041352 ], [ 80.869083921661968, 15.830758533187547 ], [ 80.869083921661968, 15.830972593139951 ], [ 80.869132979854356, 15.831329330264548 ], [ 80.86918203801666, 15.831690503727966 ], [ 80.869177562832704, 15.832056161734384 ], [ 80.869280154250902, 15.832426248494468 ], [ 80.869280154250902, 15.832725030505937 ], [ 80.869275679072445, 15.833023712923328 ], [ 80.869275679072445, 15.833407216236715 ], [ 80.869271203893732, 15.83379070897789 ], [ 80.869271203893732, 15.834102888844596 ], [ 80.869266813152123, 15.834495257894769 ], [ 80.869320261971197, 15.834811823172656 ], [ 80.869320261971197, 15.835132876146611 ], [ 80.869373795191763, 15.835538691907519 ], [ 80.869369320018563, 15.83586869487702 ], [ 80.869427328376503, 15.836113951832969 ], [ 80.869422853206288, 15.836448302859354 ], [ 80.86953431020136, 15.836782755745782 ], [ 80.869592318439558, 15.837380298612967 ], [ 80.869650242198759, 15.837728108300434 ], [ 80.869761783313592, 15.838165121727414 ], [ 80.869877714981101, 15.838517332630056 ], [ 80.869993646480481, 15.838874068792689 ], [ 80.870171976324627, 15.839235301888984 ], [ 80.870350305770927, 15.839507287917108 ], [ 80.870528719255375, 15.839783713740959 ], [ 80.870765055292949, 15.8400601888943 ], [ 80.87094338341609, 15.840243016604386 ], [ 80.871188668371076, 15.840617635388471 ], [ 80.871375945671588, 15.841094758974346 ], [ 80.871567697583657, 15.84147821047581 ], [ 80.871759449035707, 15.841861662904432 ], [ 80.871946724998764, 15.842156032801642 ], [ 80.872200872470415, 15.842552854603888 ], [ 80.872334616197364, 15.842851620730141 ], [ 80.872477309699676, 15.843351001165329 ], [ 80.872682483933957, 15.843863843315534 ], [ 80.872820701835153, 15.844274053563456 ], [ 80.872963394469537, 15.844693236851526 ], [ 80.873101611884877, 15.845005326259338 ], [ 80.873315649988498, 15.845540461515199 ], [ 80.873462816683357, 15.845968531500516 ], [ 80.873547502845625, 15.846405499572484 ], [ 80.873440526392429, 15.846846978779396 ], [ 80.873119427307074, 15.846847001992879 ], [ 80.87279841136511, 15.8468469395014 ], [ 80.872477309699676, 15.846846961617535 ], [ 80.872218688093426, 15.846846958735169 ], [ 80.871960065650271, 15.846846955496831 ], [ 80.87163904505131, 15.846846979744127 ], [ 80.871255541109463, 15.846846938873748 ], [ 80.870867560238125, 15.846735454416578 ], [ 80.870546535251123, 15.846735476874334 ], [ 80.870287907397227, 15.846624040267855 ], [ 80.869966880082231, 15.846405547137119 ], [ 80.869645767041007, 15.846079967030407 ], [ 80.869396086616902, 15.845861469914832 ], [ 80.869141930227002, 15.845540491825735 ], [ 80.868954647692391, 15.845219409942391 ], [ 80.868771839925941, 15.844902776090457 ], [ 80.868589031741465, 15.844483673933906 ], [ 80.868468622981453, 15.843966424296044 ], [ 80.868290204899139, 15.843556115567928 ], [ 80.868178746169562, 15.843047852336889 ], [ 80.868125296587294, 15.842650983654455 ], [ 80.867951352991639, 15.842254086044443 ], [ 80.867781884279879, 15.84186172545542 ], [ 80.86761249964799, 15.841380121126974 ], [ 80.867447505499044, 15.840902961981245 ], [ 80.867335961155277, 15.840617556938284 ], [ 80.867113040880184, 15.840242993706724 ], [ 80.866885644671328, 15.839966538760525 ], [ 80.866658247815792, 15.839783767250735 ], [ 80.866493251697719, 15.839716830418853 ] ] ] ] } },
{ "type": "Feature", "properties": { "polygon_id": "indiasat_109", "source": "indiasat", "raw_class": "water", "core_class": "water", "lon": 72.926419717273689, "lat": 20.947732670053739, "block": "72_20" }, "geometry": { "type": "Polygon", "coordinates": [ [ [ 72.924446286780636, 20.947715259460114 ], [ 72.924794153210286, 20.946341780478473 ], [ 72.925003683911058, 20.946123348357496 ], [ 72.925289095971905, 20.94613219868636 ], [ 72.926368197408593, 20.946404270763431 ], [ 72.926756164454588, 20.94654694029424 ], [ 72.927291206475033, 20.946890308764573 ], [ 72.928013605925301, 20.947202456522476 ], [ 72.928116161957377, 20.947327300966794 ], [ 72.928602176016128, 20.947376342109425 ], [ 72.929618900166048, 20.947376291035397 ], [ 72.929703611963092, 20.947429863099174 ], [ 72.929418205182117, 20.948192369663591 ], [ 72.928878661970032, 20.948134408382007 ], [ 72.928058215101075, 20.948134334705184 ], [ 72.927108353273354, 20.948410811206372 ], [ 72.926506441719823, 20.948700695779596 ], [ 72.926412806891946, 20.949030645367561 ], [ 72.92648859793448, 20.949498899450052 ], [ 72.925926698253903, 20.949570210900145 ], [ 72.92516869484102, 20.949289249277221 ], [ 72.925092903379422, 20.948950374672773 ], [ 72.925034865668437, 20.948772006745575 ], [ 72.924557766310812, 20.948740852438529 ], [ 72.924508740557783, 20.948589196506639 ], [ 72.924499818590633, 20.948308316019119 ], [ 72.924589038247277, 20.948263691436569 ], [ 72.92515526686681, 20.948232432029126 ], [ 72.925173110751828, 20.948228013220902 ], [ 72.925471860446777, 20.948205756992124 ], [ 72.925556663836545, 20.948067473896391 ], [ 72.92537822521308, 20.947973835672723 ], [ 72.925083981434085, 20.94806749170213 ], [ 72.924446286780636, 20.948027348939572 ], [ 72.924446286780636, 20.947715259460114 ] ] ] } },
{ "type": "Feature", "properties": { "polygon_id": "indiasat_110", "source": "indiasat", "raw_class": "water", "core_class": "water", "lon": 69.664646581873228, "lat": 23.251971133361529, "block": "69_23" }, "geometry": { "type": "Polygon", "coordinates": [ [ [ 69.661231547217213, 23.250733884332892 ], [ 69.664000664955651, 23.249199945041486 ], [ 69.66392930308244, 23.250796286831875 ], [ 69.663483404874455, 23.250791887668573 ], [ 69.663461132684716, 23.251607869493899 ], [ 69.664419836297782, 23.25162575060126 ], [ 69.664437654029769, 23.250809686958849 ], [ 69.664031846001564, 23.250800785291851 ], [ 69.664134479815331, 23.249141996100622 ], [ 69.665146635831064, 23.248638095105559 ], [ 69.665351812273542, 23.248593554181017 ], [ 69.666056338896382, 23.249601306627216 ], [ 69.666355058010083, 23.250172057637403 ], [ 69.666528962303232, 23.251032643848575 ], [ 69.666725138666919, 23.25148746781986 ], [ 69.667175580518702, 23.252209831974337 ], [ 69.667532297571242, 23.252802960577782 ], [ 69.667670475390679, 23.253257714176112 ], [ 69.667634840060416, 23.253511890764294 ], [ 69.667095310070792, 23.253997917620193 ], [ 69.666413056413901, 23.25448844629414 ], [ 69.665926978761064, 23.254742644401389 ], [ 69.665583624322878, 23.254827357701782 ], [ 69.664981640118498, 23.254782793398537 ], [ 69.664281567048747, 23.254528561599635 ], [ 69.663438860494381, 23.254203081438842 ], [ 69.663019688674524, 23.254243228487251 ], [ 69.662573789995477, 23.254359186876439 ], [ 69.662109982398803, 23.254541987837413 ], [ 69.662087710173552, 23.254443879448697 ], [ 69.662408793789666, 23.254359132513056 ], [ 69.662769967261312, 23.25413614879886 ], [ 69.66285914699526, 23.253650177974478 ], [ 69.662190253311977, 23.252111754333065 ], [ 69.661855806275611, 23.251616820901219 ], [ 69.661557085600123, 23.251487446835725 ], [ 69.661316272661296, 23.250970215853108 ], [ 69.661231547217213, 23.250733884332892 ] ] ] } },
{ "type": "Feature", "properties": { "polygon_id": "indiasat_111", "source": "indiasat", "raw_class": "water", "core_class": "water", "lon": 73.018754777328923, "lat": 26.286546582144073, "block": "73_26" }, "geometry": { "type": "Polygon", "coordinates": [ [ [ 73.018118642694077, 26.286106396487227 ], [ 73.01840844653978, 26.286119789386731 ], [ 73.01901048427888, 26.28610195529513 ], [ 73.019278036090853, 26.286066271247694 ], [ 73.019362715725109, 26.286208944057687 ], [ 73.019349383188981, 26.286396241288696 ], [ 73.019474240558338, 26.286641517475498 ], [ 73.019331546416495, 26.286949203014739 ], [ 73.019144260223143, 26.286913481063117 ], [ 73.01909966825022, 26.287016111918486 ], [ 73.018649243804461, 26.287011628674783 ], [ 73.018568978077127, 26.286917963925678 ], [ 73.018475379736245, 26.28692687707542 ], [ 73.018395113949225, 26.287011644309576 ], [ 73.018127561126761, 26.286980424141664 ], [ 73.018118642694077, 26.286534441819501 ], [ 73.018118642694077, 26.286106396487227 ] ] ] } },
{ "type": "Feature", "properties": { "polygon_id": "indiasat_113", "source": "indiasat", "raw_class": "water", "core_class": "water", "lon": 73.029151468382082, "lat": 26.296736622470579, "block": "73_26" }, "geometry": { "type": "Polygon", "coordinates": [ [ [ 73.028401369491021, 26.297115952862359 ], [ 73.028414701510314, 26.296277637644117 ], [ 73.028566308135666, 26.296255314279943 ], [ 73.028749172799252, 26.296304379388893 ], [ 73.028851685045481, 26.296322219700979 ], [ 73.028878439112873, 26.296277601025487 ], [ 73.029761321615254, 26.296357884589124 ], [ 73.029881759465127, 26.296554058959906 ], [ 73.029895091399808, 26.296634366961143 ], [ 73.029939681310935, 26.296879603225875 ], [ 73.029966435253513, 26.297178312207507 ], [ 73.028401369491021, 26.297115952862359 ] ] ] } },
{ "type": "Feature", "properties": { "polygon_id": "indiasat_114", "source": "indiasat", "raw_class": "water", "core_class": "water", "lon": 73.024978846309992, "lat": 26.297195885913837, "block": "73_26" }, "geometry": { "type": "Polygon", "coordinates": [ [ [ 73.023964557275278, 26.297133802286918 ], [ 73.024067071623207, 26.296937584601995 ], [ 73.024075989828845, 26.296937530522676 ], [ 73.024080493972974, 26.296946460954562 ], [ 73.0240894121781, 26.296955402553539 ], [ 73.024102744443738, 26.296955359639895 ], [ 73.024111662648011, 26.296950938723654 ], [ 73.024116166791458, 26.296946506640399 ], [ 73.024116166791458, 26.296937598296868 ], [ 73.024116166791458, 26.296924235781006 ], [ 73.024138417258811, 26.296884051223156 ], [ 73.024142921401747, 26.296888527482569 ], [ 73.024160757806897, 26.296857327429255 ], [ 73.024151839604485, 26.296848385833179 ], [ 73.024174090068442, 26.296803834406784 ], [ 73.024178594210682, 26.296808223328711 ], [ 73.024183008269986, 26.296808234490069 ], [ 73.02418751241207, 26.296803802398038 ], [ 73.024191926471204, 26.296803813558984 ], [ 73.024196430613117, 26.29679483995394 ], [ 73.024196430613117, 26.296785931602507 ], [ 73.024196430613117, 26.296777023250758 ], [ 73.024191926471204, 26.296772546992436 ], [ 73.024183008269986, 26.29676814691026 ], [ 73.024165171866542, 26.296768080422275 ], [ 73.024156253664302, 26.296759226163012 ], [ 73.024334617644328, 26.296415870909382 ], [ 73.02537363016053, 26.296879572321281 ], [ 73.02535579384805, 26.296924222610755 ], [ 73.025502898344158, 26.296995507271639 ], [ 73.025525238761674, 26.297080225280112 ], [ 73.025560911359378, 26.297120358279294 ], [ 73.025627752424285, 26.297133789331422 ], [ 73.026087081542542, 26.297347817706783 ], [ 73.025819537529841, 26.29782936098486 ], [ 73.025766028690498, 26.29781597417292 ], [ 73.025716933869205, 26.297909673511057 ], [ 73.025253189983559, 26.297691178174773 ], [ 73.025217517338817, 26.297753578543688 ], [ 73.025141757991861, 26.297744655465983 ], [ 73.024000230111483, 26.297236293842332 ], [ 73.023977889548036, 26.29720511338148 ], [ 73.023964557275292, 26.297178343942363 ], [ 73.023964557275278, 26.297133802286918 ] ] ] } },
{ "type": "Feature", "properties": { "polygon_id": "indiasat_115", "source": "indiasat", "raw_class": "water", "core_class": "water", "lon": 73.016148945528442, "lat": 26.29922070822019, "block": "73_26" }, "geometry": { "type": "Polygon", "coordinates": [ [ [ 73.015625972467944, 26.298850477037636 ], [ 73.015906950971527, 26.29870334719595 ], [ 73.016156669319855, 26.298953110250775 ], [ 73.016477735375986, 26.299220610984573 ], [ 73.016754118485466, 26.299595176238789 ], [ 73.016718444543145, 26.299697744686323 ], [ 73.016611422683539, 26.299711136408526 ], [ 73.016437557100147, 26.299501579100752 ], [ 73.01614775081201, 26.299296471163284 ], [ 73.016036224392224, 26.299327656065614 ], [ 73.016125409497931, 26.299497072722914 ], [ 73.016178920545045, 26.299822592578693 ], [ 73.015817765782529, 26.299278621677349 ], [ 73.015880195418404, 26.299233970111146 ], [ 73.015746417606834, 26.298993206914741 ], [ 73.015625972467944, 26.298850477037636 ] ] ] } },
{ "type": "Feature", "properties": { "polygon_id": "indiasat_116", "source": "indiasat", "raw_class": "water", "core_class": "water", "lon": 73.015385617932552, "lat": 26.299649816229479, "block": "73_26" }, "geometry": { "type": "Polygon", "coordinates": [ [ [ 73.014845645017289, 26.299046714741085 ], [ 73.015028520421055, 26.298881746826275 ], [ 73.015389676401995, 26.298854996900605 ], [ 73.015483275977829, 26.299283018788355 ], [ 73.015518950108515, 26.29944358562642 ], [ 73.015554624233772, 26.299599611078488 ], [ 73.015594802661255, 26.29978247015298 ], [ 73.015683987935262, 26.300000967830258 ], [ 73.01583109852001, 26.300076804232766 ], [ 73.015639395302514, 26.300464709860204 ], [ 73.015639395302514, 26.300678762357041 ], [ 73.015576965602364, 26.300723325836149 ], [ 73.015505617353227, 26.30050926323003 ], [ 73.015425350546963, 26.300277437941652 ], [ 73.015358416477554, 26.300134737545989 ], [ 73.015233646996961, 26.300054449912874 ], [ 73.015313823782748, 26.299666550702888 ], [ 73.015264816851783, 26.29957737683398 ], [ 73.015104283046455, 26.29955955988245 ], [ 73.015139957234936, 26.29933656031881 ], [ 73.01506860885253, 26.299189394094647 ], [ 73.014921497788308, 26.299095741240787 ], [ 73.014845645017289, 26.299046714741085 ] ] ] } },
{ "type": "Feature", "properties": { "polygon_id": "indiasat_117", "source": "indiasat", "raw_class": "water", "core_class": "water", "lon": 87.327325339563657, "lat": 23.538669702431314, "block": "87_23" }, "geometry": { "type": "Polygon", "coordinates": [ [ [ 87.32571068150969, 23.538707138358536 ], [ 87.326392911829117, 23.53819432902376 ], [ 87.32668278089885, 23.538073951467457 ], [ 87.326990461609384, 23.538064962468326 ], [ 87.327596872456212, 23.538118526518947 ], [ 87.328033862397405, 23.538172006902517 ], [ 87.328417333814144, 23.538274578052135 ], [ 87.328742891680875, 23.538354831453553 ], [ 87.328930114852355, 23.538640188401651 ], [ 87.328948003342859, 23.538756116429955 ], [ 87.328943531220887, 23.53888545731607 ], [ 87.328903357902504, 23.538965724944795 ], [ 87.328800802086064, 23.539005902094573 ], [ 87.32729366801577, 23.539184258227181 ], [ 87.326339395010464, 23.539264508413559 ], [ 87.326192261344943, 23.539242207978649 ], [ 87.326094171977417, 23.539130716856366 ], [ 87.32571068150969, 23.538707138358536 ] ] ] } },
{ "type": "Feature", "properties": { "polygon_id": "indiasat_118", "source": "indiasat", "raw_class": "water", "core_class": "water", "lon": 88.361493571362985, "lat": 22.512595535084987, "block": "88_22" }, "geometry": { "type": "Polygon", "coordinates": [ [ [ 88.360338078687505, 22.512881942880021 ], [ 88.360369265990897, 22.512730338444197 ], [ 88.360445048821973, 22.512610005931247 ], [ 88.360529795056394, 22.512560951156242 ], [ 88.361140718633436, 22.512257748430255 ], [ 88.3618452664373, 22.511923306059764 ], [ 88.362139571566772, 22.511794000237902 ], [ 88.362340169031768, 22.511758298787381 ], [ 88.362469505013024, 22.511807337468166 ], [ 88.362460615954532, 22.511963441065319 ], [ 88.362398170267099, 22.512280015056792 ], [ 88.362349132190715, 22.512654546979789 ], [ 88.362210906739449, 22.512846345192226 ], [ 88.361956677424246, 22.513082609600289 ], [ 88.361764967383039, 22.513171858816076 ], [ 88.361550959304182, 22.513162874998816 ], [ 88.361203092059682, 22.513176265326287 ], [ 88.360984636518054, 22.513216421166838 ], [ 88.360806256267608, 22.513234253434799 ], [ 88.360547648044388, 22.513171812958522 ], [ 88.360440604084815, 22.513104906234062 ], [ 88.360369265990897, 22.513002358337314 ], [ 88.360338078687505, 22.512881942880021 ] ] ] } },
{ "type": "Feature", "properties": { "polygon_id": "indiasat_120", "source": "indiasat", "raw_class": "water", "core_class": "water", "lon": 88.349123251950346, "lat": 22.571949837113728, "block": "88_22" }, "geometry": { "type": "Polygon", "coordinates": [ [ [ 88.348155827661813, 22.571626150242711 ], [ 88.349743242827145, 22.571229359000142 ], [ 88.350064305153879, 22.572281659456948 ], [ 88.348539293458543, 22.572674090574136 ], [ 88.348155827661813, 22.571626150242711 ] ] ] } },
{ "type": "Feature", "properties": { "polygon_id": "indiasat_121", "source": "indiasat", "raw_class": "water", "core_class": "water", "lon": 89.440018721511109, "lat": 26.321265686182954, "block": "89_26" }, "geometry": { "type": "Polygon", "coordinates": [ [ [ 89.439074896343442, 26.322479280015536 ], [ 89.43911943024456, 26.320080281670226 ], [ 89.439172986344971, 26.320008961334196 ], [ 89.440894177566548, 26.32000898039054 ], [ 89.440929831934795, 26.320049117083617 ], [ 89.440956608777427, 26.322412449213463 ], [ 89.440898652408038, 26.322492670910428 ], [ 89.439146208303768, 26.322519465398006 ], [ 89.439074896343442, 26.322479280015536 ] ] ] } },
{ "type": "Feature", "properties": { "polygon_id": "indiasat_130", "source": "indiasat", "raw_class": "water", "core_class": "water", "lon": 70.638968024732563, "lat": 22.283370696303329, "block": "70_22" }, "geometry": { "type": "Polygon", "coordinates": [ [ [ 70.638291909837406, 22.283220447764485 ], [ 70.63842124951455, 22.283059949137801 ], [ 70.638550589157376, 22.282979692487125 ], [ 70.638572917260646, 22.282841410834838 ], [ 70.63869771863213, 22.28284144721216 ], [ 70.638871623617177, 22.282761189704736 ], [ 70.639023200458524, 22.282622881506391 ], [ 70.639023200458524, 22.282542639039988 ], [ 70.639170420555104, 22.282364282576253 ], [ 70.639214985939304, 22.282364282024666 ], [ 70.639384443279525, 22.282564934595811 ], [ 70.639451336707182, 22.282502533227031 ], [ 70.639491454606485, 22.28234647058596 ], [ 70.639406680580123, 22.282185913228975 ], [ 70.639406680580123, 22.28214579192425 ], [ 70.639491454606485, 22.282105655450906 ], [ 70.639406680580123, 22.282069997545371 ], [ 70.639473574004711, 22.282047717324144 ], [ 70.639558348019435, 22.281927338091336 ], [ 70.639580676076534, 22.281949628089496 ], [ 70.639580676076534, 22.282069992100137 ], [ 70.639620793965179, 22.282105639486428 ], [ 70.639580676076534, 22.282185907872442 ], [ 70.639580676076534, 22.28250251752813 ], [ 70.639384443279525, 22.282721058770854 ], [ 70.639299669234546, 22.282720986419836 ], [ 70.639192657865465, 22.282823621558563 ], [ 70.639277431929074, 22.282979643669314 ], [ 70.639063409157643, 22.283220412017997 ], [ 70.639148092479203, 22.283336389039317 ], [ 70.639321997303483, 22.283456737553163 ], [ 70.639321997303483, 22.283657431157593 ], [ 70.639366562673828, 22.283737673374418 ], [ 70.639558348019435, 22.283916047480872 ], [ 70.639620793965179, 22.283933864038627 ], [ 70.639665359308182, 22.284054314860985 ], [ 70.639558348019435, 22.284192535665884 ], [ 70.639344325371411, 22.28419248870139 ], [ 70.639299669234546, 22.284232686235125 ], [ 70.639170420555104, 22.284152382153263 ], [ 70.639130302629368, 22.284192528605477 ], [ 70.639041081076826, 22.284192517727941 ], [ 70.639000963140447, 22.284152421681483 ], [ 70.638657600667472, 22.284072145502765 ], [ 70.638635272568067, 22.283893731626975 ], [ 70.638572917260646, 22.283835804734089 ], [ 70.638336566066656, 22.283853674543714 ], [ 70.638376684057747, 22.283773407305265 ], [ 70.638376684057747, 22.283577162750621 ], [ 70.638291909837406, 22.283416605042436 ], [ 70.638291909837406, 22.283220447764485 ] ] ] } },
{ "type": "Feature", "properties": { "polygon_id": "indiasat_135", "source": "indiasat", "raw_class": "water", "core_class": "water", "lon": 70.428117555606207, "lat": 20.883414166510221, "block": "70_20" }, "geometry": { "type": "Polygon", "coordinates": [ [ [ 70.417223131246715, 20.881832010740499 ], [ 70.41841365911732, 20.881399428060714 ], [ 70.42042477445338, 20.880819757210499 ], [ 70.420754662758483, 20.880784112424834 ], [ 70.421374485381648, 20.880717231998418 ], [ 70.421900689349954, 20.880815347728443 ], [ 70.422672151565379, 20.881056156270162 ], [ 70.423363252196339, 20.881524319752199 ], [ 70.423818083280565, 20.88188107259521 ], [ 70.423974173156935, 20.882081743506685 ], [ 70.424156958975644, 20.882496413065628 ], [ 70.424232779205141, 20.882763953090148 ], [ 70.424375520973555, 20.883374877587624 ], [ 70.42431749808371, 20.883388209837292 ], [ 70.424353183523749, 20.883611198440295 ], [ 70.424522621229698, 20.884445006562679 ], [ 70.424754531058113, 20.884890927045276 ], [ 70.425302978336575, 20.885368068127384 ], [ 70.425842526422244, 20.88574705294603 ], [ 70.426333040722341, 20.885929943422852 ], [ 70.427171326992195, 20.886143917332788 ], [ 70.428254958976609, 20.886135082209091 ], [ 70.429334048687679, 20.885987925923359 ], [ 70.4299805571371, 20.885854072382894 ], [ 70.43076535560435, 20.885417144594854 ], [ 70.43137181888973, 20.885082675923261 ], [ 70.431777610455569, 20.88467245249339 ], [ 70.432143267529113, 20.883865396089487 ], [ 70.432201198773427, 20.883290145035598 ], [ 70.432201198773427, 20.88291557132532 ], [ 70.432281467132981, 20.882594480227986 ], [ 70.432201198773427, 20.882130717520536 ], [ 70.432009517155876, 20.881778479158509 ], [ 70.432009517155876, 20.881510939591969 ], [ 70.432161064589152, 20.881082892511525 ], [ 70.432348387690524, 20.880806435483045 ], [ 70.43253117066341, 20.880654762654 ], [ 70.432914715059908, 20.880547754199853 ], [ 70.433730654002773, 20.880543306171418 ], [ 70.433949212108928, 20.880610194070737 ], [ 70.434626950514087, 20.880663672046435 ], [ 70.434885642238413, 20.88062357147583 ], [ 70.435126355275187, 20.880752911493861 ], [ 70.43545187612807, 20.880917893182879 ], [ 70.43591568625142, 20.881323674958754 ], [ 70.436232217361962, 20.881742857198766 ], [ 70.436673689872237, 20.882175346167752 ], [ 70.437199878865684, 20.882674732569257 ], [ 70.437641350578318, 20.882951240740297 ], [ 70.437770650328147, 20.883067134065751 ], [ 70.437864265506761, 20.883299078591307 ], [ 70.438118415652042, 20.883620131164605 ], [ 70.438595571100805, 20.883838591571656 ], [ 70.439407142987676, 20.884436114106499 ], [ 70.439951126095082, 20.884850776922619 ], [ 70.440392595537801, 20.884908767521253 ], [ 70.440646744481938, 20.884864203344801 ], [ 70.441511794305455, 20.88462341704955 ], [ 70.441850749627577, 20.884610048884188 ], [ 70.442167277226829, 20.884783890987091 ], [ 70.442617643195092, 20.885118319507782 ], [ 70.442943159490142, 20.885541966284691 ], [ 70.441890883085705, 20.8849355643862 ], [ 70.441578713709688, 20.88495340811447 ], [ 70.440994598735884, 20.885078246784577 ], [ 70.440490659453388, 20.885336852401458 ], [ 70.440165141664366, 20.885385859776626 ], [ 70.439817377670792, 20.885207533390357 ], [ 70.439317977284517, 20.88480180323165 ], [ 70.438586672677673, 20.884324646884053 ], [ 70.437882153177242, 20.883829670871343 ], [ 70.437605666021071, 20.883718217755529 ], [ 70.437302392588705, 20.883468514604878 ], [ 70.436847572918623, 20.882879855767143 ], [ 70.435148692277266, 20.881185435653595 ], [ 70.434564570286696, 20.881007090115379 ], [ 70.433498838847285, 20.88086884500618 ], [ 70.432861142350532, 20.880980346427098 ], [ 70.432584743405712, 20.881114058304071 ], [ 70.432410768175586, 20.881484149751294 ], [ 70.432419757502544, 20.881729413809907 ], [ 70.432553507773562, 20.882050496522105 ], [ 70.432736290676587, 20.882398285448499 ], [ 70.432589192667123, 20.884030358669431 ], [ 70.432392971123832, 20.88456093510689 ], [ 70.432152166059211, 20.884940008121088 ], [ 70.431452087373273, 20.885577618057425 ], [ 70.430814479246749, 20.886041384223855 ], [ 70.429824559804331, 20.886469436471668 ], [ 70.429218094772594, 20.886531913500992 ], [ 70.427960578859583, 20.886754865680548 ], [ 70.427251596102934, 20.886754855118426 ], [ 70.426003065027999, 20.886482885668766 ], [ 70.425044372801992, 20.886014630561867 ], [ 70.424420105067782, 20.885470593758033 ], [ 70.423991970487251, 20.88492662335015 ], [ 70.423746803130015, 20.884494111743916 ], [ 70.423639746682369, 20.884173057695868 ], [ 70.423662084161762, 20.883923326293313 ], [ 70.423769049802218, 20.883673603274975 ], [ 70.423720016319407, 20.883504159991993 ], [ 70.423470308698896, 20.883419458921889 ], [ 70.42326073581394, 20.882835280942611 ], [ 70.422872735192769, 20.882224397958666 ], [ 70.422649814044988, 20.881943442754864 ], [ 70.421972060547546, 20.881546612311606 ], [ 70.421307654262847, 20.881457467541612 ], [ 70.420117041966151, 20.881626898959258 ], [ 70.419309981131263, 20.881947910864021 ], [ 70.418525165979062, 20.882295760800794 ], [ 70.417918688234238, 20.882532102988606 ], [ 70.417695765041273, 20.882652516495241 ], [ 70.417437155861549, 20.882206573836608 ], [ 70.417223131246715, 20.881832010740499 ] ] ] } },
{ "type": "Feature", "properties": { "polygon_id": "indiasat_136", "source": "indiasat", "raw_class": "water", "core_class": "water", "lon": 73.14493794540985, "lat": 22.373707024175978, "block": "73_22" }, "geometry": { "type": "Polygon", "coordinates": [ [ [ 73.143624462053097, 22.373454835831822 ], [ 73.143678033562267, 22.37340574031445 ], [ 73.14518964528061, 22.373463759152475 ], [ 73.145996722435541, 22.373374556439369 ], [ 73.145666743110567, 22.374186093548015 ], [ 73.143936617207245, 22.373789223388318 ], [ 73.143624462053097, 22.373454835831822 ] ] ] } },
{ "type": "Feature", "properties": { "polygon_id": "indiasat_137", "source": "indiasat", "raw_class": "water", "core_class": "water", "lon": 71.76102987954549, "lat": 22.774157218047794, "block": "71_22" }, "geometry": { "type": "Polygon", "coordinates": [ [ [ 71.75790977547868, 22.772464060950885 ], [ 71.757976657938073, 22.772441788637597 ], [ 71.758016841709491, 22.772481912430973 ], [ 71.758190699816126, 22.772522077340764 ], [ 71.758489453169133, 22.77248195759163 ], [ 71.758534071565052, 22.772522077267237 ], [ 71.75874811307456, 22.772562237043061 ], [ 71.758832824601171, 22.772522084934895 ], [ 71.759006772773262, 22.772678176000543 ], [ 71.759519566372376, 22.772994771681461 ], [ 71.759947647946291, 22.773034872753723 ], [ 71.759992175637748, 22.773074981605959 ], [ 71.760375638450526, 22.773074961900363 ], [ 71.76050496767526, 22.773155272723617 ], [ 71.760594203905157, 22.773155254473011 ], [ 71.760678914948485, 22.773235486733494 ], [ 71.760763625969631, 22.773235549476176 ], [ 71.761022284057177, 22.773431743222268 ], [ 71.761236323920741, 22.773431683799274 ], [ 71.761280851434819, 22.773471880097581 ], [ 71.761708930678068, 22.773587765386367 ], [ 71.761967588009639, 22.773587783049614 ], [ 71.762007680782531, 22.773552106734265 ], [ 71.762181627247557, 22.773512020719732 ], [ 71.762221719993917, 22.773552133399214 ], [ 71.762310955750138, 22.773552114106369 ], [ 71.762654323126029, 22.7733915890324 ], [ 71.762868361909341, 22.773391614483078 ], [ 71.763144756813546, 22.773610044021435 ], [ 71.763189374567332, 22.77400694268584 ], [ 71.763144756813546, 22.774042612990975 ], [ 71.763189374567332, 22.774082732065775 ], [ 71.763189374567332, 22.774162989948021 ], [ 71.76310466418164, 22.774283402865404 ], [ 71.763144756813546, 22.774323515515206 ], [ 71.763060046416157, 22.774439459808285 ], [ 71.763060046416157, 22.774519717627353 ], [ 71.763015428644508, 22.774599985162862 ], [ 71.762953072356964, 22.774658014408821 ], [ 71.76282374411123, 22.774778348843292 ], [ 71.76280138995854, 22.774876480028908 ], [ 71.762672152154821, 22.774956695914067 ], [ 71.762672152154835, 22.775112830355745 ], [ 71.762502640587442, 22.775308958478576 ], [ 71.762502640587442, 22.775389216063687 ], [ 71.762417930021797, 22.775469498882583 ], [ 71.762502640587442, 22.77558994762369 ], [ 71.762244074186682, 22.776183021215228 ], [ 71.762092391455639, 22.776200840687302 ], [ 71.762052298693249, 22.776321242398737 ], [ 71.761922970087227, 22.776361317123065 ], [ 71.761749113985971, 22.776517416324815 ], [ 71.761642048990097, 22.776575354706083 ], [ 71.761642048990097, 22.776735869157797 ], [ 71.761517245370285, 22.776891954654509 ], [ 71.761405745648901, 22.777150627103609 ], [ 71.761343298547885, 22.777052510427609 ], [ 71.761428009395047, 22.776972229311909 ], [ 71.761517245370285, 22.776816165948343 ], [ 71.761517245370285, 22.776735908770615 ], [ 71.761450363642666, 22.776713584949423 ], [ 71.761428009395047, 22.776575412035548 ], [ 71.761517245370271, 22.776499605677884 ], [ 71.761557338199012, 22.776379204442495 ], [ 71.761771377708484, 22.776182971973924 ], [ 71.76173128490629, 22.775982344291702 ], [ 71.761860523086071, 22.775906511122912 ], [ 71.761900706375144, 22.775745991425477 ], [ 71.761860523086071, 22.775665739078761 ], [ 71.761900706375144, 22.775625605374842 ], [ 71.761860523086071, 22.775509692837243 ], [ 71.761771377708484, 22.775429376790925 ], [ 71.761860523086071, 22.775308961795659 ], [ 71.761793641429449, 22.77521093722811 ], [ 71.761686666951277, 22.775233226745826 ], [ 71.76173128490629, 22.775273346268698 ], [ 71.76173128490629, 22.775349135125495 ], [ 71.761624219904505, 22.775487331340194 ], [ 71.761517245370285, 22.775429363322861 ], [ 71.761494891127271, 22.775331319000639 ], [ 71.761213969658314, 22.775349094585977 ], [ 71.761213969658314, 22.775273305890398 ], [ 71.761280851434819, 22.775210903784167 ], [ 71.761365562298323, 22.775210879202643 ], [ 71.761472627385743, 22.775112811830528 ], [ 71.761472627385743, 22.775032554569414 ], [ 71.761601956171873, 22.774640171025801 ], [ 71.761472627385743, 22.774559860235907 ], [ 71.761450363642666, 22.774461738970313 ], [ 71.761321034795913, 22.774461773028705 ], [ 71.761280851434819, 22.774501906682147 ], [ 71.761106994988396, 22.774501872655851 ], [ 71.760977666004351, 22.774577695012393 ], [ 71.760634296848295, 22.774617827194433 ], [ 71.760612033047522, 22.774675839289124 ], [ 71.760719007881136, 22.774778404515772 ], [ 71.760290927327787, 22.774698086794753 ], [ 71.760268663503382, 22.77475609873758 ], [ 71.760161688520867, 22.774818515480145 ], [ 71.759992175637748, 22.774818465016899 ], [ 71.759818318498787, 22.774818516643897 ], [ 71.759840582354173, 22.774715908080648 ], [ 71.759604277697065, 22.774501926642269 ], [ 71.759474948112313, 22.774421614574543 ], [ 71.759283170977227, 22.774399318484996 ], [ 71.759283170977241, 22.774323530339576 ], [ 71.759390236753774, 22.774301253266934 ], [ 71.759497211991331, 22.77420317722088 ], [ 71.759497211991331, 22.774082704610503 ], [ 71.759541830248324, 22.77400690776852 ], [ 71.759367882363804, 22.773886563775928 ], [ 71.759367882363804, 22.77376617881874 ], [ 71.759220813970174, 22.773627881104495 ], [ 71.759046865913092, 22.773627921896871 ], [ 71.758984418356803, 22.77356993395097 ], [ 71.758984418356803, 22.773449549156354 ], [ 71.758832824601171, 22.773271204151438 ], [ 71.75874811307456, 22.773271227744971 ], [ 71.75866340152578, 22.773351420101832 ], [ 71.758534071565052, 22.773351451955865 ], [ 71.758404741552667, 22.773431740025369 ], [ 71.758382477598502, 22.77337374766218 ], [ 71.758489453169133, 22.773195416003173 ], [ 71.758320029914032, 22.773155246955394 ], [ 71.758230883560969, 22.773075017975096 ], [ 71.75790977547868, 22.773097261474202 ], [ 71.758061369666564, 22.772994709937681 ], [ 71.758275411488626, 22.772994742660277 ], [ 71.758404741552667, 22.77307496724158 ], [ 71.758427096009171, 22.772936797727358 ], [ 71.75844492527095, 22.772918918531722 ], [ 71.758551900820933, 22.772936759155328 ], [ 71.758404741552667, 22.772718281982922 ], [ 71.758190699816126, 22.772678121561125 ], [ 71.75790977547868, 22.772464060950885 ] ] ] } },
{ "type": "Feature", "properties": { "polygon_id": "indiasat_139", "source": "indiasat", "raw_class": "water", "core_class": "water", "lon": 74.383887777506473, "lat": 22.711311015867981, "block": "74_22" }, "geometry": { "type": "Polygon", "coordinates": [ [ [ 74.382741839664931, 22.711231742607861 ], [ 74.383018245702686, 22.710937387716687 ], [ 74.383107457919522, 22.710937418991559 ], [ 74.383192196062197, 22.711093471784014 ], [ 74.38370491913075, 22.711133627699258 ], [ 74.383963606598869, 22.711017691339229 ], [ 74.384351502878928, 22.710736731574197 ], [ 74.384480801451858, 22.710736769710998 ], [ 74.384735013805823, 22.710540558847224 ], [ 74.384824225165687, 22.710580679312105 ], [ 74.384953523396547, 22.710500447418674 ], [ 74.385167558739866, 22.710540513800851 ], [ 74.385185365180376, 22.710598483723665 ], [ 74.385145278316827, 22.710678834171532 ], [ 74.385015980224722, 22.710759066216063 ], [ 74.384886592559312, 22.711035493532862 ], [ 74.384587908918576, 22.711432420095921 ], [ 74.384284661296263, 22.711708885153794 ], [ 74.38415974710685, 22.711905044109646 ], [ 74.384008167736837, 22.711887211201613 ], [ 74.383834307651753, 22.711967430115088 ], [ 74.383580094016537, 22.711967433819744 ], [ 74.383406233515032, 22.711766843316607 ], [ 74.383236757392481, 22.711766786408457 ], [ 74.383062807076342, 22.711887173949492 ], [ 74.382893420108914, 22.711806945096502 ], [ 74.382786401107495, 22.711588405981303 ], [ 74.382741839664931, 22.711231742607861 ] ] ] } },
{ "type": "Feature", "properties": { "polygon_id": "indiasat_140", "source": "indiasat", "raw_class": "water", "core_class": "water", "lon": 73.192066304065122, "lat": 21.328185256595464, "block": "73_21" }, "geometry": { "type": "Polygon", "coordinates": [ [ [ 73.19088203698189, 21.327929379798189 ], [ 73.190935597303962, 21.327742128953624 ], [ 73.191283334009498, 21.327416575487369 ], [ 73.191501895660792, 21.327479041221469 ], [ 73.191760514671785, 21.327536969806179 ], [ 73.192081515091459, 21.327300681419523 ], [ 73.192723694590583, 21.327452234901006 ], [ 73.192808400216151, 21.328121151403135 ], [ 73.193035782003406, 21.328678559591921 ], [ 73.193196371377425, 21.329160129519394 ], [ 73.192647900581917, 21.328861385599787 ], [ 73.192540870756602, 21.329084321403315 ], [ 73.191791750571213, 21.328919350664897 ], [ 73.191573189201321, 21.328803391141303 ], [ 73.191421600383592, 21.328642819967509 ], [ 73.191283334009483, 21.328281626137873 ], [ 73.19088203698189, 21.327929379798189 ] ] ] } },
{ "type": "Feature", "properties": { "polygon_id": "indiasat_142", "source": "indiasat", "raw_class": "water", "core_class": "water", "lon": 72.568209152712683, "lat": 23.004397632939035, "block": "72_23" }, "geometry": { "type": "Polygon", "coordinates": [ [ [ 72.553779084126887, 22.99254747890275 ], [ 72.554033242129691, 22.992270990626192 ], [ 72.554189292854502, 22.992110490568141 ], [ 72.554305270342496, 22.991972265506227 ], [ 72.554541557391815, 22.991709134746767 ], [ 72.557600543763883, 22.988315820836295 ], [ 72.557676356854827, 22.988373774512784 ], [ 72.558318420647169, 22.988761711024573 ], [ 72.561234673595479, 22.991682420771255 ], [ 72.563112007677091, 22.993474951585913 ], [ 72.565158729522921, 22.995468178442223 ], [ 72.566986939039396, 22.997470297859934 ], [ 72.567579973978681, 22.998183749054778 ], [ 72.568494116951598, 22.999320859261264 ], [ 72.569265572058399, 23.000404417917789 ], [ 72.569827375487506, 23.001166898895139 ], [ 72.570411559515037, 23.001951769777126 ], [ 72.570906485909077, 23.00258049617776 ], [ 72.571553029470536, 23.003392008237057 ], [ 72.571963300415021, 23.003976197256673 ], [ 72.572868493363373, 23.005260389164214 ], [ 72.573292118968467, 23.005862346112146 ], [ 72.57372910059982, 23.00648215836393 ], [ 72.57401446491096, 23.006914702843197 ], [ 72.574576348307332, 23.007797601245237 ], [ 72.575124783593296, 23.008733998813991 ], [ 72.575628635492066, 23.009639172899259 ], [ 72.57603889999038, 23.010642495801569 ], [ 72.576346552814471, 23.011534305709407 ], [ 72.576600778999904, 23.012345906974971 ], [ 72.576779107194199, 23.01309506359555 ], [ 72.576877205698153, 23.013741561315861 ], [ 72.576966369715549, 23.015048132523503 ], [ 72.577051111602444, 23.016706891646301 ], [ 72.576979816513088, 23.018713456919279 ], [ 72.576930722161677, 23.020095809507609 ], [ 72.576890562253325, 23.020822660842246 ], [ 72.576738947262356, 23.022124702447947 ], [ 72.5765516845767, 23.023801325055668 ], [ 72.57637777833736, 23.024902746957714 ], [ 72.573840556969969, 23.024777888489577 ], [ 72.574139368103317, 23.023239479891565 ], [ 72.574286472219512, 23.021620824516322 ], [ 72.574402440743086, 23.019600878860459 ], [ 72.574121499008683, 23.019101417305123 ], [ 72.574224020666264, 23.016443833571312 ], [ 72.574170503644083, 23.01528886194308 ], [ 72.574103629912798, 23.014401574425047 ], [ 72.574005530359486, 23.013714830160328 ], [ 72.574232955210221, 23.013206523092467 ], [ 72.573573061601167, 23.011244473901204 ], [ 72.572814976061537, 23.009688267521014 ], [ 72.571561964106451, 23.007721814110337 ], [ 72.571535250446615, 23.007534501720716 ], [ 72.571120556624521, 23.006905778671449 ], [ 72.570523017310094, 23.006268182013308 ], [ 72.569934411312218, 23.005349571706972 ], [ 72.569024695645581, 23.00410098464036 ], [ 72.568315783063156, 23.00310665410365 ], [ 72.566933420525231, 23.001376513710976 ], [ 72.566019272060956, 23.000114598973479 ], [ 72.564962523620366, 22.998892824481359 ], [ 72.563990426782837, 22.997813667768298 ], [ 72.562960384639979, 22.996877279498289 ], [ 72.562353891607628, 22.996355557849459 ], [ 72.560877995736462, 22.995147162253637 ], [ 72.559593698687863, 22.994357899647213 ], [ 72.558487916559869, 22.993952104044599 ], [ 72.558064266824772, 22.993849578367513 ], [ 72.557431047273582, 22.993751408163948 ], [ 72.556860281923235, 22.993711263212621 ], [ 72.556316320802523, 22.993711318419507 ], [ 72.556325255962022, 22.993648877801757 ], [ 72.556133465855112, 22.993662271753099 ], [ 72.555937253147889, 22.993675605094598 ], [ 72.555718747470664, 22.993706807524664 ], [ 72.555473526300332, 22.993738066615748 ], [ 72.555272890625673, 22.993773748135624 ], [ 72.553988656191166, 22.992690151392637 ], [ 72.553779084126887, 22.99254747890275 ] ] ] } },
{ "type": "Feature", "properties": { "polygon_id": "indiasat_143", "source": "indiasat", "raw_class": "water", "core_class": "water", "lon": 73.148019142460626, "lat": 22.374346750158768, "block": "73_22" }, "geometry": { "type": "Polygon", "coordinates": [ [ [ 73.147000072725504, 22.374551740197457 ], [ 73.147093708922881, 22.374266352197665 ], [ 73.147263154328115, 22.374391219386535 ], [ 73.147486080184223, 22.3744491794548 ], [ 73.147642110146464, 22.374208422383884 ], [ 73.147807143452155, 22.374016649402478 ], [ 73.147940934685664, 22.373994345434014 ], [ 73.148921947945368, 22.374208384263188 ], [ 73.148846139252342, 22.374471531660021 ], [ 73.14744592473518, 22.374636467179908 ], [ 73.147000072725504, 22.374551740197457 ] ] ] } },
{ "type": "Feature", "properties": { "polygon_id": "indiasat_146", "source": "indiasat", "raw_class": "water", "core_class": "water", "lon": 73.363728459132247, "lat": 28.052355484678142, "block": "73_28" }, "geometry": { "type": "Polygon", "coordinates": [ [ [ 73.362816043388122, 28.052342995355158 ], [ 73.362842847701316, 28.052173553212217 ], [ 73.362891869003775, 28.052039736926396 ], [ 73.362972102010687, 28.051905975107303 ], [ 73.363070234493421, 28.051798977572659 ], [ 73.363186176480468, 28.051709799936365 ], [ 73.363302118405585, 28.051647335072051 ], [ 73.363409155504129, 28.051602759719668 ], [ 73.363538409476291, 28.051567097238994 ], [ 73.363676658072535, 28.051553712292932 ], [ 73.363859520263972, 28.051558175404701 ], [ 73.364064599173915, 28.051607197517946 ], [ 73.364242963699851, 28.051691935480353 ], [ 73.364363402396677, 28.051776688826454 ], [ 73.364492655800532, 28.051914920549422 ], [ 73.364586290264228, 28.052084294875097 ], [ 73.364635401119529, 28.052271651988384 ], [ 73.364639808503441, 28.052432129796355 ], [ 73.364595284927205, 28.052606054130607 ], [ 73.364510555187209, 28.052771002801268 ], [ 73.364354497670817, 28.05294046239926 ], [ 73.364189445362769, 28.053051911029584 ], [ 73.364006673396176, 28.053123347483165 ], [ 73.363788192334539, 28.053158958877134 ], [ 73.363556308941654, 28.053145639918064 ], [ 73.363346732194231, 28.053087645700394 ], [ 73.363154964795712, 28.052985112478506 ], [ 73.362998906304611, 28.05284234173633 ], [ 73.362891869003775, 28.052677376468051 ], [ 73.36283394291307, 28.052507920766622 ], [ 73.362816043388122, 28.052342995355158 ] ] ] } },
{ "type": "Feature", "properties": { "polygon_id": "indiasat_147", "source": "indiasat", "raw_class": "water", "core_class": "water", "lon": 73.364181980564695, "lat": 28.054147891062776, "block": "73_28" }, "geometry": { "type": "Polygon", "coordinates": [ [ [ 73.363270906737483, 28.054135475948744 ], [ 73.363293213636169, 28.053966084594609 ], [ 73.363342234836935, 28.053832269519518 ], [ 73.363426965033042, 28.053698546361368 ], [ 73.363520599956502, 28.05359151256177 ], [ 73.363641039054201, 28.053502286567234 ], [ 73.363752483387543, 28.053439871858888 ], [ 73.363859520263972, 28.053395297128805 ], [ 73.36399327131187, 28.053359672598631 ], [ 73.364127022277316, 28.053346250748334 ], [ 73.364314291479829, 28.053350740445257 ], [ 73.36451945990666, 28.053399773800393 ], [ 73.364697824058752, 28.053484511495991 ], [ 73.364813765176308, 28.053569227119869 ], [ 73.364947515636061, 28.053707408611189 ], [ 73.36504114990349, 28.053872445277765 ], [ 73.365090170709422, 28.054064126328822 ], [ 73.365090170709422, 28.054224663406437 ], [ 73.36505005460117, 28.05439861238094 ], [ 73.364965325038753, 28.054563559506253 ], [ 73.364809267849409, 28.054733017352724 ], [ 73.364644305833849, 28.054844475837275 ], [ 73.364461444303672, 28.054915813390839 ], [ 73.364238556307868, 28.054951571226418 ], [ 73.364006673396176, 28.054938165086984 ], [ 73.363797097083619, 28.054880170836825 ], [ 73.363609827434843, 28.054777675374261 ], [ 73.363453679323669, 28.05463489426959 ], [ 73.363346732194231, 28.054469941246577 ], [ 73.363284308866412, 28.054296026204455 ], [ 73.363270906737483, 28.054135475948744 ] ] ] } },
{ "type": "Feature", "properties": { "polygon_id": "indiasat_159", "source": "indiasat", "raw_class": "water", "core_class": "water", "lon": 86.075406823884407, "lat": 26.386008702421442, "block": "86_26" }, "geometry": { "type": "Polygon", "coordinates": [ [ [ 86.075039812410921, 26.38583870675599 ], [ 86.075606147269227, 26.385682613924068 ], [ 86.075713145988217, 26.385985858033521 ], [ 86.075731030926832, 26.386195402677188 ], [ 86.075227139843875, 26.386342500985943 ], [ 86.075039812410921, 26.38583870675599 ] ] ] } },
{ "type": "Feature", "properties": { "polygon_id": "indiasat_160", "source": "indiasat", "raw_class": "water", "core_class": "water", "lon": 86.07596533522559, "lat": 26.384079633052874, "block": "86_26" }, "geometry": { "type": "Polygon", "coordinates": [ [ [ 86.075695338804053, 26.383809737750003 ], [ 86.075878153751319, 26.383751787856983 ], [ 86.076034218571351, 26.383733929821194 ], [ 86.076110034643563, 26.383885532935555 ], [ 86.076239349389155, 26.38394795992911 ], [ 86.076261666453092, 26.384291334536819 ], [ 86.076069910459253, 26.384367203874312 ], [ 86.075766645264352, 26.384393900186033 ], [ 86.075699771160501, 26.3843314696548 ], [ 86.075753270450519, 26.384251195826753 ], [ 86.075717656103762, 26.384001511747371 ], [ 86.075695338804053, 26.383809737750003 ] ] ] } },
{ "type": "Feature", "properties": { "polygon_id": "indiasat_161", "source": "indiasat", "raw_class": "water", "core_class": "water", "lon": 85.439743748528173, "lat": 25.129001689717704, "block": "85_25" }, "geometry": { "type": "Polygon", "coordinates": [ [ [ 85.439345938584552, 25.128813587583636 ], [ 85.439796279458974, 25.128751204070227 ], [ 85.440121794402543, 25.128760102107982 ], [ 85.440170904804347, 25.128809183845789 ], [ 85.440188691573496, 25.128916165632873 ], [ 85.440206557039289, 25.129125794517925 ], [ 85.439961319557767, 25.129152489747568 ], [ 85.439689321872976, 25.129272883656526 ], [ 85.439519873550239, 25.129277346934639 ], [ 85.439368211735797, 25.129326410499264 ], [ 85.439345938584552, 25.129014272833786 ], [ 85.439345938584552, 25.128813587583636 ] ] ] } },
{ "type": "Feature", "properties": { "polygon_id": "indiasat_162", "source": "indiasat", "raw_class": "water", "core_class": "water", "lon": 73.194988751989058, "lat": 18.714459929434106, "block": "73_18" }, "geometry": { "type": "Polygon", "coordinates": [ [ [ 73.179805668834646, 18.714432423689406 ], [ 73.180492353946235, 18.713781365939486 ], [ 73.180835695718358, 18.712809285881015 ], [ 73.180492353946235, 18.710205164522073 ], [ 73.181179036968004, 18.710205160137981 ], [ 73.181522377695089, 18.711832774164289 ], [ 73.182552486761551, 18.712809334903753 ], [ 73.182209057581559, 18.713455881462796 ], [ 73.182726316639929, 18.715569511555682 ], [ 73.184786429048941, 18.715569510518947 ], [ 73.185473189014957, 18.714922900664781 ], [ 73.186846522631171, 18.714597414422428 ], [ 73.187533276319257, 18.715895015826863 ], [ 73.188219937895511, 18.714922921650665 ], [ 73.18907610148834, 18.716385477100246 ], [ 73.18907610148834, 18.718334115633617 ], [ 73.18959334478609, 18.718824627202117 ], [ 73.190623416961671, 18.718499093692511 ], [ 73.192509634961155, 18.716385514429156 ], [ 73.192509634961155, 18.71540894927298 ], [ 73.193196371377425, 18.714106885556948 ], [ 73.193539693791479, 18.71248380490761 ], [ 73.193539693791479, 18.711832795299227 ], [ 73.193196371377425, 18.711507231884259 ], [ 73.193196371377425, 18.70890759825155 ], [ 73.193539693791479, 18.708256607274773 ], [ 73.192852958422961, 18.707605576846642 ], [ 73.194743658526164, 18.707115074762022 ], [ 73.195256388018635, 18.706629014426198 ], [ 73.195256388018635, 18.705326922615647 ], [ 73.195943116050216, 18.704354862342594 ], [ 73.196973159158048, 18.703703863918498 ], [ 73.196973159158048, 18.702401774677433 ], [ 73.19817710551149, 18.700613666203829 ], [ 73.199207228397427, 18.700613648524968 ], [ 73.19955054163421, 18.700939180905781 ], [ 73.200750063523728, 18.69980207266352 ], [ 73.201267279976037, 18.698335102980604 ], [ 73.202297388693921, 18.698335055265566 ], [ 73.203670799626167, 18.697362981563206 ], [ 73.206243694700035, 18.696546954568568 ], [ 73.206243694700035, 18.695895943430806 ], [ 73.207273690571569, 18.69492384365628 ], [ 73.207960381862264, 18.693621837957767 ], [ 73.207960381862264, 18.692319731829265 ], [ 73.207617081484997, 18.69199422758243 ], [ 73.207960381862264, 18.691668724523833 ], [ 73.208129871603077, 18.69053163441006 ], [ 73.208990459861568, 18.691994241187178 ], [ 73.208990459861568, 18.69297080136489 ], [ 73.209333848146599, 18.693621777738617 ], [ 73.210707216009041, 18.693947337398949 ], [ 73.210707216009041, 18.694272802739345 ], [ 73.208990459861568, 18.695570384730786 ], [ 73.208990459861568, 18.695895937186599 ], [ 73.210363829827358, 18.697198003920608 ], [ 73.210020533129395, 18.698825562466112 ], [ 73.211906678265791, 18.700939189132885 ], [ 73.213797397945484, 18.701099693753022 ], [ 73.212936738132967, 18.701915769117697 ], [ 73.211906678265791, 18.702241261054247 ], [ 73.210189931303532, 18.702241245844089 ], [ 73.209503246839532, 18.701590187986636 ], [ 73.208816560272609, 18.701590246988641 ], [ 73.207786481474628, 18.70191570687636 ], [ 73.207099789651593, 18.701590201399362 ], [ 73.205044202156841, 18.699637173108105 ], [ 73.203327402674475, 18.701915685961378 ], [ 73.202297388693921, 18.701915734448043 ], [ 73.201436774770855, 18.702727329478108 ], [ 73.201093374403058, 18.703378346822731 ], [ 73.201436774770855, 18.704354818302601 ], [ 73.201953989641936, 18.704840876752531 ], [ 73.202640697208182, 18.704515392047508 ], [ 73.203153498696764, 18.705977971445435 ], [ 73.202123483918527, 18.706954489248332 ], [ 73.202123483918527, 18.70760551130358 ], [ 73.202810190966503, 18.709228633334998 ], [ 73.202297388693921, 18.709719197810031 ], [ 73.201267279976037, 18.709068087956574 ], [ 73.20023725654778, 18.709068093715857 ], [ 73.199376634732417, 18.709879663743386 ], [ 73.199376634732417, 18.712483754123241 ], [ 73.199719947710378, 18.712809313760825 ], [ 73.200063350177487, 18.714432466676765 ], [ 73.200063350177487, 18.715083497921398 ], [ 73.199719947710378, 18.715408956108909 ], [ 73.199719947710378, 18.717683144174288 ], [ 73.200063350177487, 18.719310713532614 ], [ 73.200580568210782, 18.719796738113235 ], [ 73.201610680077948, 18.719475689606615 ], [ 73.202123483918527, 18.720287225936072 ], [ 73.201267279976022, 18.720773288653998 ], [ 73.199719947710378, 18.722561343660296 ], [ 73.199719947710378, 18.723537869302376 ], [ 73.200406662106218, 18.724188959847094 ], [ 73.200063350177487, 18.726463105461576 ], [ 73.199893854346456, 18.726628096688099 ], [ 73.199376634732417, 18.726137573172991 ], [ 73.199376634732417, 18.725490996668615 ], [ 73.198520510336152, 18.725000508952292 ], [ 73.196973159158048, 18.726463034361334 ], [ 73.196973159158048, 18.727114080889407 ], [ 73.194913068224423, 18.729067188786999 ], [ 73.194913068224423, 18.729713760819756 ], [ 73.194400247933416, 18.730529751755565 ], [ 73.193370193042668, 18.730204234116879 ], [ 73.192509634961155, 18.729067169126445 ], [ 73.192509634961155, 18.725812074825544 ], [ 73.191996809192332, 18.725325983863097 ], [ 73.191653484424478, 18.725326034327004 ], [ 73.189250016353114, 18.727925630514211 ], [ 73.186503190011734, 18.727279108079006 ], [ 73.185473189014957, 18.726302554733692 ], [ 73.18409975701077, 18.726628054626488 ], [ 73.182704081546433, 18.725129793969764 ], [ 73.181237010635556, 18.719890327061915 ], [ 73.18186571789964, 18.718008622385497 ], [ 73.181522377695089, 18.717683121042782 ], [ 73.181522377695089, 18.717036518164218 ], [ 73.179805668834646, 18.715083491022533 ], [ 73.179805668834646, 18.714432423689406 ] ] ] } },
{ "type": "Feature", "properties": { "polygon_id": "indiasat_163", "source": "indiasat", "raw_class": "water", "core_class": "water", "lon": 75.869996433746962, "lat": 29.361487579372813, "block": "75_29" }, "geometry": { "type": "Polygon", "coordinates": [ [ [ 75.867979153743477, 29.359470430757785 ], [ 75.868095099618628, 29.359474923385346 ], [ 75.868130822984554, 29.359412483787196 ], [ 75.871907609413313, 29.359711267257786 ], [ 75.87200573519722, 29.363398955423442 ], [ 75.868224430570564, 29.363483634719717 ], [ 75.867979153743477, 29.359470430757785 ] ] ] } },
{ "type": "Feature", "properties": { "polygon_id": "indiasat_164", "source": "indiasat", "raw_class": "water", "core_class": "water", "lon": 74.944908881819856, "lat": 30.248063026551385, "block": "74_30" }, "geometry": { "type": "Polygon", "coordinates": [ [ [ 74.942907412521421, 30.247487090616275 ], [ 74.943464830959201, 30.246746885602644 ], [ 74.946889389553917, 30.248606296529505 ], [ 74.946332072036498, 30.249386672085553 ], [ 74.942907412521421, 30.247487090616275 ] ] ] } },
{ "type": "Feature", "properties": { "polygon_id": "indiasat_165", "source": "indiasat", "raw_class": "water", "core_class": "water", "lon": 83.156232781862997, "lat": 17.670103676219089, "block": "83_17" }, "geometry": { "type": "Polygon", "coordinates": [ [ [ 83.146311225010876, 17.668728669862745 ], [ 83.146413730027476, 17.668055273623104 ], [ 83.146578735769438, 17.667560320432131 ], [ 83.146913163578972, 17.667043135395247 ], [ 83.148152773039882, 17.665544801056313 ], [ 83.150792580869535, 17.662499248914049 ], [ 83.151069071449967, 17.662178236557537 ], [ 83.15141239258989, 17.661776891110669 ], [ 83.151604134655969, 17.661647619891248 ], [ 83.151840457612977, 17.661522771155884 ], [ 83.152223938664775, 17.661424592687926 ], [ 83.152527171765357, 17.661433502544373 ], [ 83.156544815899082, 17.661455871443625 ], [ 83.157146823623094, 17.661553930504088 ], [ 83.157913802856939, 17.661821491360911 ], [ 83.158912653614422, 17.662427889531948 ], [ 83.163028375608434, 17.66489384124354 ], [ 83.163616992331541, 17.66524603742927 ], [ 83.165021570487667, 17.666088850469038 ], [ 83.165382810597492, 17.666409894516466 ], [ 83.165543270243802, 17.666597210154617 ], [ 83.16573946883598, 17.667069851922758 ], [ 83.165775208157442, 17.667292826311947 ], [ 83.165788538837546, 17.667769913038626 ], [ 83.165743966920999, 17.668309502259145 ], [ 83.165931250548667, 17.675756135798668 ], [ 83.165895593095996, 17.676148610086486 ], [ 83.165806367595621, 17.676344797808369 ], [ 83.165650324905286, 17.676603448765817 ], [ 83.165471954894244, 17.676835269748768 ], [ 83.165097384459898, 17.677098382350064 ], [ 83.164722811872082, 17.677245500957014 ], [ 83.163313729023173, 17.677272280895156 ], [ 83.1576150116571, 17.677370392406996 ], [ 83.152331015202563, 17.677477352599432 ], [ 83.150641001364619, 17.67722321439836 ], [ 83.149900768058657, 17.676937835641578 ], [ 83.149445940466748, 17.676652492067191 ], [ 83.149240857995537, 17.676523174637765 ], [ 83.149169443006812, 17.676483047334685 ], [ 83.147889686245534, 17.67539501567699 ], [ 83.147087084996187, 17.674320338777992 ], [ 83.146935496881909, 17.673959196924741 ], [ 83.146632237789547, 17.673129728546694 ], [ 83.146489565638433, 17.672706187727091 ], [ 83.146431564084153, 17.672371750925393 ], [ 83.146333476712115, 17.669638287181225 ], [ 83.146311225010876, 17.668728669862745 ] ] ] } },
{ "type": "Feature", "properties": { "polygon_id": "indiasat_168", "source": "indiasat", "raw_class": "water", "core_class": "water", "lon": 75.18521958361751, "lat": 31.212425737333362, "block": "75_31" }, "geometry": { "type": "Polygon", "coordinates": [ [ [ 75.184242919501912, 31.211138966651525 ], [ 75.184871627827192, 31.211125572719201 ], [ 75.184884985625416, 31.212146644039397 ], [ 75.18632975835439, 31.212133271712158 ], [ 75.186338663470409, 31.212217993504318 ], [ 75.186624072170375, 31.212226940702749 ], [ 75.186610714520526, 31.212962678856375 ], [ 75.186347568585916, 31.212958218992821 ], [ 75.186338663470409, 31.213136569305938 ], [ 75.184898432474483, 31.213132111832326 ], [ 75.184893979875582, 31.213203483739274 ], [ 75.184283082106376, 31.213203506863994 ], [ 75.184242919501912, 31.211138966651525 ] ] ] } },
{ "type": "Feature", "properties": { "polygon_id": "indiasat_169", "source": "indiasat", "raw_class": "water", "core_class": "water", "lon": 73.551560559307603, "lat": 17.371166629479589, "block": "73_17" }, "geometry": { "type": "Polygon", "coordinates": [ [ [ 73.548675881937129, 17.369148425214835 ], [ 73.548778422324347, 17.367725929229852 ], [ 73.548885456101672, 17.367494082456034 ], [ 73.5490682491765, 17.367351398469026 ], [ 73.550356962776831, 17.366624559737424 ], [ 73.550602212881742, 17.366553218717311 ], [ 73.55077161412359, 17.366593344489004 ], [ 73.551244319249633, 17.366887593689395 ], [ 73.551632278151686, 17.367485158115066 ], [ 73.551685749382358, 17.367761632212577 ], [ 73.551663462215615, 17.367966690900634 ], [ 73.551587613936761, 17.368158502146059 ], [ 73.551556429861506, 17.368568697318551 ], [ 73.551708036546728, 17.368733655750148 ], [ 73.552145062196544, 17.36885408082961 ], [ 73.552363529744852, 17.368796134598288 ], [ 73.552671235192406, 17.368475026260207 ], [ 73.552898599031465, 17.368426045199215 ], [ 73.553143846151841, 17.368109386506468 ], [ 73.553349012356293, 17.368024704177515 ], [ 73.553478330767035, 17.368198627707766 ], [ 73.553478330767035, 17.368403726887614 ], [ 73.553585362136047, 17.368590988449295 ], [ 73.553754760958071, 17.368733663135135 ], [ 73.553799334842751, 17.368938839966514 ], [ 73.554035684112719, 17.369304485729348 ], [ 73.553821621781537, 17.369304491782678 ], [ 73.553464940608691, 17.369522955893384 ], [ 73.552738096362873, 17.370526225770149 ], [ 73.552662338341506, 17.371342267320401 ], [ 73.552907585739376, 17.371712339339869 ], [ 73.55312155914072, 17.371774838664248 ], [ 73.553286554860307, 17.371917496876463 ], [ 73.553166133160587, 17.372100316960879 ], [ 73.553250877692321, 17.372296549042442 ], [ 73.553647729675887, 17.372818210258526 ], [ 73.553843998584611, 17.373206197485125 ], [ 73.554258643007628, 17.373393463136043 ], [ 73.554387960854896, 17.373576310783637 ], [ 73.554508381849814, 17.37375019207709 ], [ 73.554646596309098, 17.374151483213755 ], [ 73.554905231442831, 17.374485968861169 ], [ 73.554891841376033, 17.374691084788424 ], [ 73.555088019248856, 17.374847122673305 ], [ 73.55519504979253, 17.375029933286495 ], [ 73.555560714602777, 17.375266237307986 ], [ 73.555667744904014, 17.375449135871708 ], [ 73.555591898079925, 17.375645327248517 ], [ 73.556158232349802, 17.375881639034464 ], [ 73.555966458905303, 17.376010988285863 ], [ 73.555364537174256, 17.375756819040731 ], [ 73.55493641501792, 17.375734442000496 ], [ 73.5545306687129, 17.375542762174444 ], [ 73.554227459331287, 17.3752127421903 ], [ 73.553852895385177, 17.374967557278254 ], [ 73.553808321511909, 17.374762374149018 ], [ 73.553647729675887, 17.374619733389412 ], [ 73.553264267864392, 17.374428005572078 ], [ 73.553175119857002, 17.374240667834563 ], [ 73.553166133160587, 17.374035594640347 ], [ 73.553036904423521, 17.373852753864828 ], [ 73.552831737912385, 17.373843798935589 ], [ 73.552693522251616, 17.374004314342802 ], [ 73.552617674346877, 17.374200588727234 ], [ 73.552448274602327, 17.374334350409065 ], [ 73.552327852419182, 17.374499334918145 ], [ 73.552127178582111, 17.374468113075284 ], [ 73.551944388183827, 17.374557296196301 ], [ 73.551730323708725, 17.375154770472445 ], [ 73.55134236498877, 17.375386680578707 ], [ 73.551449397452572, 17.375573950416996 ], [ 73.551458384222855, 17.376002050448658 ], [ 73.55137363896371, 17.37618481135415 ], [ 73.551181861124149, 17.376300776147591 ], [ 73.550990172976427, 17.37620718523241 ], [ 73.55090093413034, 17.376024297096659 ], [ 73.550883140277321, 17.375819182293032 ], [ 73.55090093413034, 17.375591795950186 ], [ 73.550860853024929, 17.374980894746486 ], [ 73.550686958453866, 17.374833723636311 ], [ 73.550410434333969, 17.374098018358691 ], [ 73.550334675468307, 17.373268615550373 ], [ 73.550000185818448, 17.372992094765259 ], [ 73.550267723660255, 17.372644358007033 ], [ 73.55032128510841, 17.372011095746235 ], [ 73.550281114023562, 17.371792649685524 ], [ 73.54993781718936, 17.37145821552712 ], [ 73.549581039515218, 17.371230792309973 ], [ 73.549634601139417, 17.370976608824741 ], [ 73.549514177334203, 17.370816106519861 ], [ 73.549527567745827, 17.370713547512018 ], [ 73.549420534297383, 17.370686795111176 ], [ 73.549152995370804, 17.370330062119919 ], [ 73.549059352172137, 17.370133871578364 ], [ 73.54898350294782, 17.369728049174316 ], [ 73.548800709798869, 17.369335698190863 ], [ 73.548778422324347, 17.369112728294148 ], [ 73.548675881937129, 17.369148425214835 ] ] ] } },
{ "type": "Feature", "properties": { "polygon_id": "indiasat_171", "source": "indiasat", "raw_class": "water", "core_class": "water", "lon": 86.19357150166374, "lat": 22.820145619346331, "block": "86_22" }, "geometry": { "type": "Polygon", "coordinates": [ [ [ 86.181648058660784, 22.824769322410031 ], [ 86.181942317593141, 22.824341279833423 ], [ 86.182249999500087, 22.823953314174183 ], [ 86.182481865497962, 22.823899844888235 ], [ 86.182566603411232, 22.823659054401482 ], [ 86.182825239414356, 22.823587705888215 ], [ 86.183150763515059, 22.823186366117863 ], [ 86.183783958205723, 22.822744889574086 ], [ 86.184180787248593, 22.822388181941243 ], [ 86.185665726134047, 22.821563253253917 ], [ 86.186156195754236, 22.821563233308403 ], [ 86.186521814085864, 22.821389314243419 ], [ 86.186463852271174, 22.821104000112246 ], [ 86.186633314741115, 22.821028159383548 ], [ 86.187663345812737, 22.820907737988467 ], [ 86.18838571302058, 22.820805216790067 ], [ 86.188952038659252, 22.820506449674252 ], [ 86.189973177969932, 22.820212154464169 ], [ 86.192207183569082, 22.819128585971583 ], [ 86.193433463189223, 22.818638086307686 ], [ 86.19424946666463, 22.818455251390262 ], [ 86.195671894458016, 22.817982558530371 ], [ 86.199065312627113, 22.816841108716702 ], [ 86.199841198629386, 22.816716201586924 ], [ 86.201071871422315, 22.816546804485426 ], [ 86.201620370352074, 22.816470955025082 ], [ 86.203354956476304, 22.816760827111871 ], [ 86.205664776327765, 22.817443024467877 ], [ 86.206364860901786, 22.817402886028848 ], [ 86.206458478839124, 22.817871134824525 ], [ 86.203729526870333, 22.818963604896222 ], [ 86.203417397994244, 22.818892296889825 ], [ 86.20227583085871, 22.8186292037466 ], [ 86.201406277284264, 22.818548930502022 ], [ 86.200452078373274, 22.818691577959708 ], [ 86.199636018965919, 22.81856672486715 ], [ 86.199346206133185, 22.818803113634086 ], [ 86.199288258883684, 22.818892237834127 ], [ 86.199176785877214, 22.818896670864117 ], [ 86.198962760124786, 22.818883327713902 ], [ 86.197330735745439, 22.819373853770834 ], [ 86.196180266039732, 22.819761797674222 ], [ 86.196104472215595, 22.819895519210796 ], [ 86.194512543154943, 22.820394954222063 ], [ 86.194298497832605, 22.820377156304144 ], [ 86.192737856084079, 22.82101029675632 ], [ 86.191903983988254, 22.821170820250945 ], [ 86.191426836680463, 22.821389390467342 ], [ 86.190704434925067, 22.821732741773555 ], [ 86.188247525197212, 22.822575509587928 ], [ 86.186379120825265, 22.823378071162164 ], [ 86.185674571854733, 22.82379725249498 ], [ 86.184033664443419, 22.825094822630586 ], [ 86.183271117669065, 22.825835115947374 ], [ 86.181648058660784, 22.824769322410031 ] ] ] } },
{ "type": "Feature", "properties": { "polygon_id": "indiasat_172", "source": "indiasat", "raw_class": "water", "core_class": "water", "lon": 80.846597968455711, "lat": 24.011407342974838, "block": "80_24" }, "geometry": { "type": "Polygon", "coordinates": [ [ [ 80.82774808592842, 23.986748670480317 ], [ 80.828252014229676, 23.984751018629794 ], [ 80.8290011001247, 23.985500099928519 ], [ 80.82925082202901, 23.985250438493772 ], [ 80.82975026350617, 23.985749856968166 ], [ 80.82975026350617, 23.986249273111024 ], [ 80.830294222024875, 23.988073002462304 ], [ 80.830249617396206, 23.988750750703048 ], [ 80.830499335414927, 23.989000503682156 ], [ 80.834748899918452, 23.995751585424305 ], [ 80.834748899918452, 23.996250996442502 ], [ 80.835498009625084, 24.000500504473777 ], [ 80.835498009625084, 24.000999911414794 ], [ 80.834748899918452, 24.004999778641533 ], [ 80.835248307167006, 24.006497984407844 ], [ 80.835752188358498, 24.007001880628032 ], [ 80.837000769500548, 24.008500129085014 ], [ 80.8372504665018, 24.008250471824802 ], [ 80.839248098987085, 24.009249250030201 ], [ 80.839751955043553, 24.009748729116883 ], [ 80.838998408207047, 24.009748701650473 ], [ 80.839751955043553, 24.011251428763234 ], [ 80.839751955043553, 24.010752028017208 ], [ 80.840001727944781, 24.009998383995129 ], [ 80.840251415599795, 24.010248123381643 ], [ 80.840501102477077, 24.011251370816662 ], [ 80.843475323555168, 24.014011582429838 ], [ 80.844750643714022, 24.016000357282742 ], [ 80.845999169158887, 24.016250045738552 ], [ 80.848001313337122, 24.016999217633202 ], [ 80.848500722477709, 24.016999185883776 ], [ 80.85024875663423, 24.016250094200991 ], [ 80.852750261683312, 24.016499757921704 ], [ 80.853249725663687, 24.016999211169864 ], [ 80.85675010880415, 24.019001327708221 ], [ 80.859001951173354, 24.021498414166938 ], [ 80.861249338992508, 24.022501746093766 ], [ 80.862248157759524, 24.02250169217405 ], [ 80.863251439571187, 24.023001130760534 ], [ 80.870501953036296, 24.023001150453052 ], [ 80.872000172025864, 24.023750239359899 ], [ 80.87475150577265, 24.025248578232432 ], [ 80.875429234923615, 24.025953035434714 ], [ 80.875250916810572, 24.028249480737134 ], [ 80.87475150577265, 24.027999792681999 ], [ 80.871500825106466, 24.024749095492567 ], [ 80.870501953036296, 24.024749114454025 ], [ 80.868000411879024, 24.024249726205809 ], [ 80.861249338992508, 24.024249679560349 ], [ 80.860250507755154, 24.023750314557802 ], [ 80.859251664048301, 24.023500557394108 ], [ 80.85900195117334, 24.023250839310101 ], [ 80.85424855982356, 24.019001329594278 ], [ 80.852250879042487, 24.017998026713112 ], [ 80.851252019960825, 24.017748316938228 ], [ 80.848750468109856, 24.018501921206131 ], [ 80.844750643714022, 24.018252240717747 ], [ 80.841250242909311, 24.016250068592697 ], [ 80.840251415599795, 24.014751802435249 ], [ 80.839751955043553, 24.013249116557727 ], [ 80.837500162725476, 24.010752010412066 ], [ 80.8372504665018, 24.00974867268431 ], [ 80.836501288693484, 24.009748714565504 ], [ 80.835752188358498, 24.008749870310634 ], [ 80.835248307167006, 24.00874986876488 ], [ 80.833250659514761, 24.005998564173311 ], [ 80.833250659514761, 24.004750064226414 ], [ 80.833250659514761, 24.003251770172785 ], [ 80.833999783214892, 24.001998816982894 ], [ 80.83350036819219, 23.997499574880639 ], [ 80.83250152881844, 23.995501850007624 ], [ 80.83124848480783, 23.993749461182944 ], [ 80.830249617396206, 23.990998197872322 ], [ 80.829500543156172, 23.99024903188494 ], [ 80.8290011001247, 23.987248052473699 ], [ 80.82774808592842, 23.986748670480317 ] ] ] } },
{ "type": "Feature", "properties": { "polygon_id": "indiasat_173", "source": "indiasat", "raw_class": "water", "core_class": "water", "lon": 76.182007317974012, "lat": 12.820294494647115, "block": "76_12" }, "geometry": { "type": "Polygon", "coordinates": [ [ [ 76.167844780368213, 12.833404314515482 ], [ 76.168580521061472, 12.833043110684757 ], [ 76.170283907308232, 12.832347459222863 ], [ 76.170885898595088, 12.832160258547225 ], [ 76.171483464732987, 12.831825796987291 ], [ 76.17200956133631, 12.831219368794033 ], [ 76.172410943013375, 12.830563859058921 ], [ 76.172772079367732, 12.829667543307213 ], [ 76.173146658919094, 12.828882791697916 ], [ 76.173289326135858, 12.828312001753366 ], [ 76.173329481667608, 12.827817019742577 ], [ 76.173267037157146, 12.826974274738236 ], [ 76.173360703912024, 12.826394624726856 ], [ 76.173472148691829, 12.825979913957131 ], [ 76.173485592817812, 12.82569002654839 ], [ 76.173472148691829, 12.825302097232639 ], [ 76.173646126192594, 12.82460200561688 ], [ 76.17396719237145, 12.823732563343723 ], [ 76.174212369668354, 12.82320634313159 ], [ 76.17466274470101, 12.822791689370359 ], [ 76.174899076012238, 12.822608829210353 ], [ 76.175144340069508, 12.822532996639829 ], [ 76.175367315049527, 12.822292248301823 ], [ 76.17543418093787, 12.822225345684629 ], [ 76.175701732607862, 12.822220905207496 ], [ 76.176120881087101, 12.822292256789297 ], [ 76.176540028269031, 12.822368065362792 ], [ 76.176767423253679, 12.822394745823644 ], [ 76.176896819762533, 12.822363574831554 ], [ 76.176981462524736, 12.822345708058537 ], [ 76.177079637449111, 12.822470603536162 ], [ 76.177213367501821, 12.822608793372835 ], [ 76.177414050778907, 12.822680170015367 ], [ 76.177677087819021, 12.822715862690714 ], [ 76.177859904452077, 12.822769314832222 ], [ 76.178430729447641, 12.82322420688959 ], [ 76.178693764512516, 12.823393627666105 ], [ 76.178947954604084, 12.823500685316661 ], [ 76.179273518878091, 12.823612142984263 ], [ 76.179523197224384, 12.823665640129942 ], [ 76.180348114224714, 12.823879633286278 ], [ 76.180575502813028, 12.823910855043067 ], [ 76.180731605609509, 12.823835069530515 ], [ 76.181306840649256, 12.823670067915197 ], [ 76.181748259360702, 12.823545261513399 ], [ 76.182234340090787, 12.823398056893948 ], [ 76.182550875347943, 12.823277659834861 ], [ 76.183050307928937, 12.822965543981386 ], [ 76.183201985778325, 12.822787165924819 ], [ 76.183469522095223, 12.822292202243315 ], [ 76.18360324583449, 12.821922133270565 ], [ 76.183692483362094, 12.8215921309706 ], [ 76.18374147995776, 12.821409318254794 ], [ 76.183759345138057, 12.82105263113019 ], [ 76.183705838031628, 12.820789528609939 ], [ 76.183558671269424, 12.820423890674133 ], [ 76.18302359845913, 12.819433959325327 ], [ 76.182568740685454, 12.818662523652238 ], [ 76.182020309125662, 12.817703788970405 ], [ 76.181828565395023, 12.817351564211847 ], [ 76.181690329317348, 12.817021560306843 ], [ 76.181427211632808, 12.816223401791623 ], [ 76.181181958957282, 12.815621381024634 ], [ 76.181083875451264, 12.815327120894564 ], [ 76.181017012353223, 12.815068466881256 ], [ 76.181039300056227, 12.814903531310502 ], [ 76.181057077150058, 12.814702868869404 ], [ 76.181155249118689, 12.81454231345621 ], [ 76.181329128304554, 12.814100860728873 ], [ 76.181761614222125, 12.813213464773252 ], [ 76.181957868623286, 12.813079727702375 ], [ 76.182078239027732, 12.812932611302166 ], [ 76.182185254506791, 12.812740812020142 ], [ 76.182247694904234, 12.812691760144531 ], [ 76.182350288129257, 12.812723017266212 ], [ 76.182412728450544, 12.812780939636392 ], [ 76.182328000642173, 12.812589228445677 ], [ 76.182310135272871, 12.812464332339452 ], [ 76.182381508293503, 12.812388583457798 ], [ 76.182550875347943, 12.812214672317776 ], [ 76.182644535680225, 12.812067507059313 ], [ 76.183286713039394, 12.811416443362427 ], [ 76.183612178434061, 12.811090972478866 ], [ 76.183808341709522, 12.810966143686532 ], [ 76.183924288399069, 12.81087245004322 ], [ 76.183995660568186, 12.810743128631909 ], [ 76.184058100130102, 12.810591560600077 ], [ 76.184281060426898, 12.810453327449794 ], [ 76.184477222732426, 12.810337412443387 ], [ 76.184878567446731, 12.810069803794262 ], [ 76.185181830435027, 12.810002953980247 ], [ 76.185364636929762, 12.81004755867837 ], [ 76.185520645760349, 12.810141139436263 ], [ 76.185779333475679, 12.81018574940078 ], [ 76.185997780494418, 12.81014121847406 ], [ 76.18632774979578, 12.810101072849223 ], [ 76.186693447879861, 12.810199114239987 ], [ 76.186876252331317, 12.810292747691461 ], [ 76.187295366200388, 12.810511316731885 ], [ 76.187982094599889, 12.810716424717244 ], [ 76.189128078667892, 12.811095433317835 ], [ 76.189801443691721, 12.811313887172203 ], [ 76.190505935212684, 12.811594854701028 ], [ 76.191018780797933, 12.811795519161514 ], [ 76.19145574598717, 12.811911403884279 ], [ 76.191973009773506, 12.812005068531176 ], [ 76.192432257702507, 12.811969385282262 ], [ 76.19303874910949, 12.811933725059061 ], [ 76.193966256511899, 12.811773169496492 ], [ 76.195250412188855, 12.811532380770311 ], [ 76.195789946717852, 12.811327287841642 ], [ 76.196111048772082, 12.811282714116246 ], [ 76.196267133631494, 12.811322807949219 ], [ 76.196374137878465, 12.811349579444268 ], [ 76.196476720382734, 12.811363000907017 ], [ 76.196597077859536, 12.811398625089303 ], [ 76.196730877044715, 12.811407532971767 ], [ 76.196878029465424, 12.811358517779292 ], [ 76.196748652075186, 12.812147812871419 ], [ 76.196659511600245, 12.81233509093299 ], [ 76.196525712344354, 12.812549055821751 ], [ 76.196383069634095, 12.812758693564101 ], [ 76.196311704005822, 12.812932601070539 ], [ 76.19625369176967, 12.813302662084725 ], [ 76.196280487058672, 12.813427524180241 ], [ 76.196342920945753, 12.813592511691589 ], [ 76.19633398918748, 12.813726276774279 ], [ 76.19625369176967, 12.813797616607639 ], [ 76.19618683617395, 12.813797664623589 ], [ 76.196168972636144, 12.813748625761921 ], [ 76.196093185224271, 12.813797660415098 ], [ 76.196012976096767, 12.813811057158384 ], [ 76.195990690862132, 12.813882393344532 ], [ 76.195834605683245, 12.813828838846559 ], [ 76.195732022691232, 12.81373518085331 ], [ 76.195522434784294, 12.81359254803248 ], [ 76.195379791014375, 12.813530107076415 ], [ 76.195121121673481, 12.813605940666005 ], [ 76.194871383692799, 12.813690649146119 ], [ 76.194554788846801, 12.813757489108346 ], [ 76.194371994780795, 12.813757547510367 ], [ 76.193279558517887, 12.813735237623204 ], [ 76.192579414806133, 12.813761974762635 ], [ 76.191544889895965, 12.813708446918884 ], [ 76.19125066171182, 12.813619260271338 ], [ 76.190488159360811, 12.813267053950129 ], [ 76.189547273994094, 12.81273641420997 ], [ 76.188700038217092, 12.81221915519785 ], [ 76.187652129335476, 12.81168848787291 ], [ 76.187099207982357, 12.811519032323908 ], [ 76.186684515483776, 12.811398669099997 ], [ 76.186515065165295, 12.81141648999238 ], [ 76.186403542684289, 12.811496706461597 ], [ 76.186439272339285, 12.811585951504284 ], [ 76.186546284368333, 12.811603726791191 ], [ 76.186657718292025, 12.811585907423513 ], [ 76.186729089018726, 12.811603759314886 ], [ 76.186755886196352, 12.811719701945588 ], [ 76.186778172953879, 12.811777631536438 ], [ 76.186617655153839, 12.811844528856973 ], [ 76.186345614634476, 12.81184455198879 ], [ 76.186225248027171, 12.811844581371227 ], [ 76.186095860437845, 12.811844559662902 ], [ 76.186002290935221, 12.811853471021713 ], [ 76.185881835582265, 12.811706319583278 ], [ 76.185774823027458, 12.811550282833911 ], [ 76.185658877924155, 12.811492259808929 ], [ 76.185632168969406, 12.811608185879196 ], [ 76.185632168969406, 12.811710788819578 ], [ 76.185453784854985, 12.811826708066651 ], [ 76.185311130458331, 12.811938183867126 ], [ 76.185030154805546, 12.812147736622125 ], [ 76.184820638743744, 12.812294915285111 ], [ 76.184298925535927, 12.812598126522055 ], [ 76.184026880352732, 12.813057418538218 ], [ 76.183687972844268, 12.813735249729213 ], [ 76.18345165687667, 12.814265875501295 ], [ 76.183340220311592, 12.814787544143211 ], [ 76.183255493084033, 12.816062905855288 ], [ 76.183282202508053, 12.817017101128931 ], [ 76.183424859044408, 12.817627989804796 ], [ 76.183679040249714, 12.818537639113591 ], [ 76.183844072050078, 12.819077207028512 ], [ 76.184294415038323, 12.820151864777468 ], [ 76.184508442405843, 12.820642357759569 ], [ 76.184731401960363, 12.820780576744308 ], [ 76.184972226167474, 12.820900972972098 ], [ 76.185110458891785, 12.820990193740123 ], [ 76.185377991434208, 12.82103923174099 ], [ 76.185382413455258, 12.821128362498557 ], [ 76.185195184957507, 12.821186379756261 ], [ 76.185021222299596, 12.821279992222562 ], [ 76.184941006601107, 12.821520808515652 ], [ 76.184909787027522, 12.821980085659058 ], [ 76.185074728885738, 12.822314529311527 ], [ 76.185074728885738, 12.822564245153094 ], [ 76.184932074089289, 12.822912069184692 ], [ 76.184767132057104, 12.823447131839867 ], [ 76.184588746801822, 12.823951048231446 ], [ 76.184593168848664, 12.824187372158324 ], [ 76.184637743072855, 12.824414774875843 ], [ 76.184646675604114, 12.824673371482525 ], [ 76.184651186089965, 12.824954279367647 ], [ 76.18438807416355, 12.825284295719051 ], [ 76.184160691982285, 12.825422557428027 ], [ 76.183897579101824, 12.825422526024751 ], [ 76.183630043631425, 12.825369022819659 ], [ 76.183411504347134, 12.825404711071542 ], [ 76.183304489837951, 12.825471539170692 ], [ 76.18331342245726, 12.825600861474621 ], [ 76.183866359287421, 12.827054565768767 ], [ 76.183674618172972, 12.82711696981668 ], [ 76.183108325831924, 12.825516133481971 ], [ 76.182992378443046, 12.825480471554412 ], [ 76.182818501394465, 12.825480474135279 ], [ 76.18169926204321, 12.825600916267947 ], [ 76.181168604038632, 12.825627615102119 ], [ 76.180838622153516, 12.825605331837306 ], [ 76.180450708889836, 12.825453775726716 ], [ 76.180169723143351, 12.825306541088894 ], [ 76.179960199555168, 12.825212917775696 ], [ 76.178845447244626, 12.824419246130912 ], [ 76.178105163146824, 12.823942123030957 ], [ 76.177819838708913, 12.823768170611183 ], [ 76.177623578307873, 12.823710229696285 ], [ 76.177534425224152, 12.82371019737745 ], [ 76.177449694362011, 12.823710229049569 ], [ 76.177284743210038, 12.823665613480705 ], [ 76.177159857807425, 12.823638904359923 ], [ 76.17643751908652, 12.823496201134766 ], [ 76.176201190459821, 12.82355416632957 ], [ 76.175688377148617, 12.823906438440682 ], [ 76.175175561895628, 12.824495048009824 ], [ 76.174983808470273, 12.824887392164076 ], [ 76.174792054773434, 12.825467129233596 ], [ 76.174747477306866, 12.825904090494982 ], [ 76.174720766198845, 12.826269739244214 ], [ 76.174600300805153, 12.826662112962945 ], [ 76.174470990549665, 12.827339909596363 ], [ 76.174359546591589, 12.827750168954363 ], [ 76.17430161338666, 12.82835213429817 ], [ 76.174350613381435, 12.828811407725004 ], [ 76.174377413010077, 12.829243953749152 ], [ 76.174417479771705, 12.829556076316573 ], [ 76.174484434576485, 12.829783562531512 ], [ 76.174484434576485, 12.829952959233587 ], [ 76.174372902181858, 12.830180365811183 ], [ 76.174270391359101, 12.830479149930774 ], [ 76.174127636727746, 12.830764559749312 ], [ 76.174016192487187, 12.830858150895958 ], [ 76.173922526185521, 12.830934000729789 ], [ 76.173927037028733, 12.831054345690722 ], [ 76.173953748293272, 12.831205964340214 ], [ 76.173953748293272, 12.831344243555337 ], [ 76.173820015021931, 12.831540377987217 ], [ 76.173605970754707, 12.831763351790022 ], [ 76.173329481667608, 12.832053208984405 ], [ 76.172937124464156, 12.83260616387237 ], [ 76.172473387918401, 12.832945021627109 ], [ 76.172147807297179, 12.833181338464318 ], [ 76.172023005607414, 12.833038634308286 ], [ 76.171898115353471, 12.832931674486755 ], [ 76.1719426937576, 12.832793370163973 ], [ 76.171759869137844, 12.832837976591096 ], [ 76.171670712194626, 12.832855856352271 ], [ 76.171679645581449, 12.833020845631143 ], [ 76.171666289725678, 12.833145726149198 ], [ 76.171808958501188, 12.833159075166344 ], [ 76.171849114471684, 12.833105577780481 ], [ 76.171915982096564, 12.833159036356516 ], [ 76.171911471186391, 12.833270500548764 ], [ 76.171773313433718, 12.83338204174721 ], [ 76.171251549946163, 12.833734263469669 ], [ 76.171046435049959, 12.833917076120908 ], [ 76.170988500428393, 12.83389032626163 ], [ 76.170926054839086, 12.833859135191876 ], [ 76.171113303070925, 12.833685229105814 ], [ 76.171238194048186, 12.83359604220764 ], [ 76.171247127463531, 12.833489014449345 ], [ 76.17120697131466, 12.833462269558229 ], [ 76.171131169917516, 12.833529126293815 ], [ 76.171015212272252, 12.833649565992197 ], [ 76.170328486243363, 12.833827962390929 ], [ 76.169846962207544, 12.833984034430978 ], [ 76.169343058386076, 12.834198064765502 ], [ 76.168964045764127, 12.834371945314432 ], [ 76.168763349969964, 12.834474491378794 ], [ 76.168625189008182, 12.83455028104914 ], [ 76.168241663346848, 12.834670681827301 ], [ 76.167844780368213, 12.833404314515482 ] ] ] } },
{ "type": "Feature", "properties": { "polygon_id": "indiasat_175", "source": "indiasat", "raw_class": "water", "core_class": "water", "lon": 83.493603083909193, "lat": 18.795420773572182, "block": "83_18" }, "geometry": { "type": "Polygon", "coordinates": [ [ [ 83.487374425684735, 18.783700096158839 ], [ 83.487494860730209, 18.783298812381783 ], [ 83.48772230331717, 18.782821691075348 ], [ 83.488105739563068, 18.782540692285284 ], [ 83.488614081961913, 18.782250868341269 ], [ 83.489162537094671, 18.782148352118245 ], [ 83.489532700941012, 18.782219682671059 ], [ 83.490023130125394, 18.782594228443894 ], [ 83.490767839627892, 18.783343404167915 ], [ 83.491262815983788, 18.783717926998143 ], [ 83.492020855463721, 18.784302037006448 ], [ 83.49237757678803, 18.784565126640498 ], [ 83.492957244658143, 18.78496198759467 ], [ 83.493229257104801, 18.785135893274528 ], [ 83.493438859677411, 18.785211738699282 ], [ 83.493991748230727, 18.78514039431828 ], [ 83.494201348281592, 18.784939754243251 ], [ 83.493866931722067, 18.784591926313432 ], [ 83.493648380189782, 18.784458128331408 ], [ 83.493421040230999, 18.784355597027623 ], [ 83.493256027037191, 18.784119291136147 ], [ 83.493380844749012, 18.783998875126169 ], [ 83.493603791028079, 18.783989938389617 ], [ 83.493866931722067, 18.783918622629436 ], [ 83.49400956751667, 18.783780333196127 ], [ 83.493982879269197, 18.783552986568374 ], [ 83.493960584809926, 18.78338794519928 ], [ 83.494170103597483, 18.783196233177186 ], [ 83.494384178194665, 18.783222979273116 ], [ 83.494531287950934, 18.783178389244458 ], [ 83.494736411106302, 18.782986613863304 ], [ 83.494919239475706, 18.782777104449636 ], [ 83.495079773252101, 18.782687877197247 ], [ 83.495209062449959, 18.782674510057692 ], [ 83.495249256772382, 18.782710185613439 ], [ 83.495124361375318, 18.782843950941356 ], [ 83.494700772938145, 18.783267541506419 ], [ 83.494562532456968, 18.783539580488746 ], [ 83.49474983643843, 18.783869573060823 ], [ 83.494763180402074, 18.784043414514159 ], [ 83.494816718959683, 18.784154967198191 ], [ 83.494941533597711, 18.784119254034287 ], [ 83.495075298165006, 18.783949804389231 ], [ 83.49521353752759, 18.783878474883714 ], [ 83.495445427482139, 18.783815993186938 ], [ 83.495784310749102, 18.783758041691318 ], [ 83.495940367307952, 18.783753632929599 ], [ 83.496328310206025, 18.784743517609275 ], [ 83.496265904283518, 18.784774725405327 ], [ 83.496092029831075, 18.7849130139662 ], [ 83.495927023592188, 18.785140374550579 ], [ 83.495695135400069, 18.78585388327112 ], [ 83.495641597584594, 18.78644694080581 ], [ 83.495712954207022, 18.787111274831592 ], [ 83.496270379286528, 18.788159201865543 ], [ 83.497081895515379, 18.789644092963936 ], [ 83.498129837729962, 18.790482380210147 ], [ 83.498664867381351, 18.791441132456068 ], [ 83.499182156047766, 18.79248902898491 ], [ 83.49944079879694, 18.794058554589977 ], [ 83.499770792542279, 18.795298232558228 ], [ 83.499770792542279, 18.796520041787282 ], [ 83.49945861655047, 18.797286987493518 ], [ 83.499699440490062, 18.798076222222047 ], [ 83.5001765295371, 18.798736188859436 ], [ 83.500452985699937, 18.799471907153087 ], [ 83.500305889692868, 18.800167556589404 ], [ 83.49944079879694, 18.800693729836862 ], [ 83.498334949235939, 18.800796284495128 ], [ 83.497456488030508, 18.801496360584263 ], [ 83.495762016923607, 18.802629028941773 ], [ 83.495115492572282, 18.803485107176453 ], [ 83.494508993684605, 18.804060394150564 ], [ 83.493898095188896, 18.804635616059421 ], [ 83.493068718640757, 18.805473867010068 ], [ 83.492885884932775, 18.806209675841735 ], [ 83.492921605489499, 18.80704799611431 ], [ 83.493086538186219, 18.808390141408417 ], [ 83.488796927991089, 18.808363372444745 ], [ 83.488556143991303, 18.807150479176041 ], [ 83.488391118133151, 18.806245323450021 ], [ 83.488529372074083, 18.805638867647286 ], [ 83.488640853843378, 18.805143882995093 ], [ 83.488458007364116, 18.804680145079146 ], [ 83.488078967455664, 18.804033573411985 ], [ 83.488043325544368, 18.803596614527951 ], [ 83.488168153520334, 18.803101646591593 ], [ 83.488391118133151, 18.802637881508655 ], [ 83.48868544649622, 18.801915532830876 ], [ 83.489037711076435, 18.801152983379684 ], [ 83.489407794279089, 18.800568858381052 ], [ 83.490041031898755, 18.79994012891769 ], [ 83.49064301677042, 18.798883345830429 ], [ 83.490910563767372, 18.798325960156532 ], [ 83.49134304686865, 18.797367288753367 ], [ 83.492105560686213, 18.795628153356834 ], [ 83.492520297303017, 18.79513326181543 ], [ 83.492881409690753, 18.794477735805994 ], [ 83.493113308178906, 18.793510102212466 ], [ 83.49348344895516, 18.792462211688264 ], [ 83.493046423859923, 18.792083199314195 ], [ 83.492814525127045, 18.791735407716445 ], [ 83.492778885878138, 18.791289530864212 ], [ 83.492462281533818, 18.790798970895274 ], [ 83.492150150901949, 18.790620596771511 ], [ 83.491726542585909, 18.790477945607417 ], [ 83.491298456085133, 18.790357509465633 ], [ 83.491044336842378, 18.790589433312622 ], [ 83.490816906172739, 18.790990703677394 ], [ 83.490584999283001, 18.791552568970403 ], [ 83.490535932558629, 18.791851344932926 ], [ 83.490562703628541, 18.792279412425547 ], [ 83.490656361598738, 18.792582614130563 ], [ 83.490348697495335, 18.792774335506248 ], [ 83.490121264329957, 18.792765428565112 ], [ 83.48968877289326, 18.79305086101483 ], [ 83.489305264848255, 18.792894803802174 ], [ 83.489345381542122, 18.792382013337125 ], [ 83.489541570525247, 18.79181565916301 ], [ 83.489644180946115, 18.791258316992792 ], [ 83.489737758901242, 18.790919415044016 ], [ 83.490067721806, 18.790402099062231 ], [ 83.490308581436338, 18.790174676999108 ], [ 83.49030410601236, 18.789657450844281 ], [ 83.489965193442444, 18.789305214983784 ], [ 83.489488108884103, 18.788779032406648 ], [ 83.489528225462266, 18.788203823684778 ], [ 83.489568342015048, 18.78773560131938 ], [ 83.488921754483385, 18.787075609690085 ], [ 83.488475828205708, 18.786736790936015 ], [ 83.488413414551317, 18.786558355139622 ], [ 83.488511551247527, 18.785983185273384 ], [ 83.488328704395371, 18.785452542676484 ], [ 83.488021028996059, 18.785104734896994 ], [ 83.487628641012535, 18.784364469415738 ], [ 83.487423494855875, 18.784092485422541 ], [ 83.487374425684735, 18.783700096158839 ] ] ] } },
{ "type": "Feature", "properties": { "polygon_id": "indiasat_176", "source": "indiasat", "raw_class": "water", "core_class": "water", "lon": 80.891758181284757, "lat": 17.863419759190624, "block": "80_17" }, "geometry": { "type": "Polygon", "coordinates": [ [ [ 80.88497171277497, 17.85556498431794 ], [ 80.885163516471138, 17.855355426788634 ], [ 80.885475618595478, 17.855020969422508 ], [ 80.885645049775931, 17.855159166048551 ], [ 80.885738671534526, 17.855199360815671 ], [ 80.885988385300351, 17.855346508882629 ], [ 80.887879110187811, 17.856693084538136 ], [ 80.889002785843374, 17.857219294807471 ], [ 80.889511140256872, 17.857544804508592 ], [ 80.891089618315007, 17.859346259362155 ], [ 80.891584622061174, 17.860073138745651 ], [ 80.892761763072969, 17.861580337662158 ], [ 80.894005909221619, 17.86359134602904 ], [ 80.894331398083992, 17.864576844460814 ], [ 80.894648022515497, 17.865357169622776 ], [ 80.895093877554757, 17.867466317531775 ], [ 80.895062645836518, 17.869290102196324 ], [ 80.895183098909456, 17.87090432328085 ], [ 80.89510729874884, 17.873668945797853 ], [ 80.894389388309847, 17.872790477756116 ], [ 80.893693756051306, 17.871943228692711 ], [ 80.893733851510703, 17.871943225593125 ], [ 80.893765083749301, 17.871934301697888 ], [ 80.893809652976728, 17.871912034695235 ], [ 80.893845358987534, 17.87188532365672 ], [ 80.89387211738233, 17.871849598343928 ], [ 80.893880980571055, 17.871800589866332 ], [ 80.89387211738233, 17.871747080585902 ], [ 80.893858695980384, 17.871693536992769 ], [ 80.893930107942126, 17.870837433668463 ], [ 80.893907738953885, 17.870783919080758 ], [ 80.89387211738233, 17.87072593411326 ], [ 80.893823074386916, 17.87067690108216 ], [ 80.89371156687892, 17.870627808979922 ], [ 80.893738325318594, 17.870346848202978 ], [ 80.893439592575746, 17.867274556538248 ], [ 80.893073919890796, 17.865232287295452 ], [ 80.892043831521264, 17.862864556705276 ], [ 80.890799823598229, 17.860982750626007 ], [ 80.888565760537972, 17.858329598375182 ], [ 80.88655028062648, 17.85749133834468 ], [ 80.885141145025045, 17.856612881457306 ], [ 80.885043048270376, 17.856541499492362 ], [ 80.885020761211209, 17.856452359667227 ], [ 80.885029709803902, 17.856380976748827 ], [ 80.885257138794543, 17.856028677447519 ], [ 80.88528390006968, 17.855935119822622 ], [ 80.885266002940284, 17.855841440746868 ], [ 80.885212564789512, 17.855752274987015 ], [ 80.88497171277497, 17.85556498431794 ] ] ] } },
{ "type": "Feature", "properties": { "polygon_id": "indiasat_177", "source": "indiasat", "raw_class": "water", "core_class": "water", "lon": 77.763602792927983, "lat": 25.977599779072946, "block": "77_25" }, "geometry": { "type": "Polygon", "coordinates": [ [ [ 77.74443582285744, 25.963147078292241 ], [ 77.744685462132054, 25.962036777787713 ], [ 77.746250606373394, 25.962250832501585 ], [ 77.748511360381613, 25.960913122345801 ], [ 77.750027468211499, 25.962117008904478 ], [ 77.751004056290384, 25.962455948795451 ], [ 77.766111479835544, 25.965898364681962 ], [ 77.766807084080483, 25.966005405695299 ], [ 77.767284261872689, 25.965929569419661 ], [ 77.768474840297543, 25.965465853291743 ], [ 77.768546162853951, 25.965737820593898 ], [ 77.768630841961567, 25.965764577030374 ], [ 77.768639746358801, 25.965951853012434 ], [ 77.768746773665612, 25.966874922312854 ], [ 77.76914808149489, 25.968654117301583 ], [ 77.770539334712296, 25.971601527859296 ], [ 77.772001978047768, 25.97549883649333 ], [ 77.772501393641434, 25.978749498253581 ], [ 77.772251642479048, 25.982249906633129 ], [ 77.772751056944841, 25.982499629913153 ], [ 77.777749703905087, 25.983748161142803 ], [ 77.777999442642681, 25.984252025866915 ], [ 77.777250312027519, 25.985001168016712 ], [ 77.778748568178074, 25.98800213004597 ], [ 77.777999442642681, 25.988251842307836 ], [ 77.775752035559435, 25.986000004046385 ], [ 77.775248182720972, 25.985999974535282 ], [ 77.77374987910764, 25.985500611894231 ], [ 77.773250469154405, 25.9860000165604 ], [ 77.772751056944841, 25.986249709394937 ], [ 77.769750084156911, 25.986249727406655 ], [ 77.769750084156911, 25.987747957215419 ], [ 77.77049926560737, 25.988751260054936 ], [ 77.77049926560737, 25.991248375464512 ], [ 77.772251642479048, 25.993250459978434 ], [ 77.771248354685881, 25.993500164439048 ], [ 77.769250656136009, 25.993000799899445 ], [ 77.768251880626295, 25.993500209228714 ], [ 77.767248556543834, 25.994249359576681 ], [ 77.766998793517686, 25.99524820331952 ], [ 77.765500552720766, 25.995248135130581 ], [ 77.765500552720781, 25.996251438061545 ], [ 77.766249675655544, 25.998748538071325 ], [ 77.767248556543834, 25.999751858519353 ], [ 77.760751653583611, 26.004251060238524 ], [ 77.759998040885662, 26.003247821521178 ], [ 77.758499792619617, 26.002748366643466 ], [ 77.758999181859082, 26.002498682604053 ], [ 77.762749330999853, 26.00125009904113 ], [ 77.763248701069102, 26.000251238823907 ], [ 77.763748156186892, 25.998748559920053 ], [ 77.762249871374365, 25.996251447135045 ], [ 77.762749330999853, 25.995248134241532 ], [ 77.763748156186892, 25.993999614033399 ], [ 77.76399783924964, 25.992501381012037 ], [ 77.766749117227135, 25.990499223843432 ], [ 77.766249675655544, 25.989000975832123 ], [ 77.765250873048885, 25.98825187347424 ], [ 77.765250873048885, 25.987747944251488 ], [ 77.765250873048885, 25.986249732304781 ], [ 77.764252061425623, 25.984501721802271 ], [ 77.760751653583611, 25.983498436942128 ], [ 77.76125103266574, 25.983248698729085 ], [ 77.762749330999853, 25.982998978737982 ], [ 77.762749330999853, 25.982499570145762 ], [ 77.762499645120272, 25.981500728175135 ], [ 77.763248701069102, 25.979998026486395 ], [ 77.762499645120272, 25.978999225155018 ], [ 77.76125103266574, 25.976502110070641 ], [ 77.760751653583611, 25.976751774728825 ], [ 77.757750617230897, 25.980501872647654 ], [ 77.757251222360665, 25.980252194915881 ], [ 77.754999377522381, 25.978499763612749 ], [ 77.75300173491442, 25.979498622783911 ], [ 77.753251442210185, 25.978000363737788 ], [ 77.752497865787049, 25.977500903767535 ], [ 77.75300173491442, 25.977251216794858 ], [ 77.754000560720854, 25.97750098292564 ], [ 77.757001524081048, 25.9735011360433 ], [ 77.757001524081048, 25.972497859302731 ], [ 77.75650212583291, 25.971498962556666 ], [ 77.755998272626073, 25.97124925875265 ], [ 77.754499970247295, 25.971498956466895 ], [ 77.754000560720854, 25.971249271140678 ], [ 77.752752027055891, 25.96950131374286 ], [ 77.75224815679303, 25.969751017083613 ], [ 77.751748737116884, 25.96975103394448 ], [ 77.751499026434786, 25.969251578890674 ], [ 77.754437544179609, 25.966750080895427 ], [ 77.754317144713355, 25.965871609754888 ], [ 77.753795470387374, 25.965773509733101 ], [ 77.753086425913452, 25.965679904467901 ], [ 77.751365265096723, 25.965572865887822 ], [ 77.750295081267836, 25.965095698296558 ], [ 77.749010794645329, 25.964939683623573 ], [ 77.74820375315862, 25.964261913282776 ], [ 77.74759726761242, 25.964123609270324 ], [ 77.746696526549854, 25.96441793685705 ], [ 77.746295224666426, 25.963815944157048 ], [ 77.745251798046326, 25.963499398321897 ], [ 77.74443582285744, 25.963147078292241 ] ] ] } },
{ "type": "Feature", "properties": { "polygon_id": "indiasat_183", "source": "indiasat", "raw_class": "water", "core_class": "water", "lon": 74.943917453391791, "lat": 30.234169966857063, "block": "74_30" }, "geometry": { "type": "Polygon", "coordinates": [ [ [ 74.942506159251124, 30.234635899999983 ], [ 74.943620907779561, 30.232892449502614 ], [ 74.945328735157901, 30.233703956983657 ], [ 74.944213998331421, 30.235447507135895 ], [ 74.942506159251124, 30.234635899999983 ] ] ] } },
{ "type": "Feature", "properties": { "polygon_id": "indiasat_184", "source": "indiasat", "raw_class": "water", "core_class": "water", "lon": 74.940782692438191, "lat": 30.235581245362475, "block": "74_30" }, "geometry": { "type": "Polygon", "coordinates": [ [ [ 74.939612183273553, 30.235880000985127 ], [ 74.940441548821155, 30.234569037815621 ], [ 74.94195319691066, 30.235282476336121 ], [ 74.941123839065256, 30.236593448565301 ], [ 74.939612183273553, 30.235880000985127 ] ] ] } },
{ "type": "Feature", "properties": { "polygon_id": "indiasat_185", "source": "indiasat", "raw_class": "water", "core_class": "water", "lon": 74.94456546584469, "lat": 30.232051793577504, "block": "74_30" }, "geometry": { "type": "Polygon", "coordinates": [ [ [ 74.942746964844346, 30.232366293720162 ], [ 74.943888467694705, 30.230560329257539 ], [ 74.946385583162836, 30.231737517844085 ], [ 74.94523954935805, 30.233543486573854 ], [ 74.942746964844346, 30.232366293720162 ] ] ] } },
{ "type": "Feature", "properties": { "polygon_id": "indiasat_188", "source": "indiasat", "raw_class": "water", "core_class": "water", "lon": 77.461078383637101, "lat": 27.967374790109172, "block": "77_27" }, "geometry": { "type": "Polygon", "coordinates": [ [ [ 77.459838130176394, 27.965814120832082 ], [ 77.459851523438687, 27.965702590686366 ], [ 77.460092251742992, 27.965644611428878 ], [ 77.460408874347351, 27.965689248717858 ], [ 77.460872645664281, 27.965760624262639 ], [ 77.461033188186221, 27.965983539404309 ], [ 77.461144622421884, 27.966335788444788 ], [ 77.461153551161914, 27.966429423746813 ], [ 77.46127837837642, 27.966491899315272 ], [ 77.461349720657523, 27.966483002388404 ], [ 77.461510262511865, 27.966603347945863 ], [ 77.462085462698539, 27.966848637405629 ], [ 77.462286182462293, 27.966977956484708 ], [ 77.462375381407256, 27.967178565769579 ], [ 77.462259396504535, 27.968525262605162 ], [ 77.462219305092006, 27.968636705626338 ], [ 77.461693125888019, 27.96864114521528 ], [ 77.461541512999389, 27.968583233693163 ], [ 77.46127837837642, 27.968551962202895 ], [ 77.461113459362949, 27.968476213266992 ], [ 77.461055422519962, 27.968525270536944 ], [ 77.461153551161914, 27.968654543801666 ], [ 77.461189266115142, 27.968810586430976 ], [ 77.461055422519962, 27.968895374348115 ], [ 77.460801303086541, 27.969127194746303 ], [ 77.460596203870537, 27.969162878744729 ], [ 77.460457895186693, 27.969091514219571 ], [ 77.460355389086246, 27.968953312279549 ], [ 77.460395481150101, 27.968895307525106 ], [ 77.460475752772979, 27.968792753054668 ], [ 77.460507003542276, 27.968324543299101 ], [ 77.460618438288961, 27.968311167098655 ], [ 77.46069870975586, 27.968177411032986 ], [ 77.460636295850264, 27.968065929472335 ], [ 77.460413338746093, 27.968034754448187 ], [ 77.460368782288171, 27.967851881347148 ], [ 77.460154753481959, 27.967731529161711 ], [ 77.460038766334293, 27.96748178236701 ], [ 77.460052159573181, 27.967151845997993 ], [ 77.460141360255037, 27.966799537535749 ], [ 77.459838130176394, 27.965814120832082 ] ] ] } },
{ "type": "Feature", "properties": { "polygon_id": "indiasat_202", "source": "indiasat", "raw_class": "water", "core_class": "water", "lon": 89.481477241859324, "lat": 26.343428765528284, "block": "89_26" }, "geometry": { "type": "Polygon", "coordinates": [ [ [ 89.48070057523411, 26.343454919439978 ], [ 89.48075854575454, 26.343160572571328 ], [ 89.480945795725873, 26.342870744641434 ], [ 89.481235645692948, 26.34274144508753 ], [ 89.481556713349292, 26.342714676435918 ], [ 89.481882248644638, 26.342812771858597 ], [ 89.482154210969981, 26.343022371148077 ], [ 89.482234530346162, 26.343236415638394 ], [ 89.482234530346162, 26.343566372110118 ], [ 89.482212179369114, 26.343700147871029 ], [ 89.481998186152069, 26.343963217233586 ], [ 89.481726150657636, 26.344105913254918 ], [ 89.481387275318212, 26.34415054348575 ], [ 89.481052867415272, 26.344061333207215 ], [ 89.480825456896866, 26.343851803213049 ], [ 89.48070057523411, 26.343454919439978 ] ] ] } },
{ "type": "Feature", "properties": { "polygon_id": "indiasat_203", "source": "indiasat", "raw_class": "water", "core_class": "water", "lon": 88.343190323255143, "lat": 22.546071976043208, "block": "88_22" }, "geometry": { "type": "Polygon", "coordinates": [ [ [ 88.34098998687179, 22.545830277145779 ], [ 88.341195129141866, 22.545794652276502 ], [ 88.341190682426657, 22.545732149652125 ], [ 88.34122188353534, 22.54566083041178 ], [ 88.341297699912403, 22.545634061335672 ], [ 88.341377962853116, 22.545634066154609 ], [ 88.341418057211911, 22.545683115576697 ], [ 88.341431471397598, 22.545741073604198 ], [ 88.341641058245273, 22.545709857537162 ], [ 88.341716873888302, 22.546160289029341 ], [ 88.343812608784162, 22.545857020651077 ], [ 88.343714564535986, 22.54537990646034 ], [ 88.344080209906551, 22.545335284422471 ], [ 88.344075689380688, 22.54529069086044 ], [ 88.344080209906551, 22.545232734752258 ], [ 88.344097995577457, 22.545174823523674 ], [ 88.344151500760049, 22.545125732835199 ], [ 88.344213972794009, 22.545099007559639 ], [ 88.34428526342721, 22.545094555259006 ], [ 88.344356628049511, 22.545103467873123 ], [ 88.344405686527452, 22.545130243810505 ], [ 88.34444133170085, 22.545165882822886 ], [ 88.344481497328857, 22.545228296469379 ], [ 88.344494836459063, 22.545272889370743 ], [ 88.34481149138189, 22.545206036071882 ], [ 88.345029954509016, 22.546378773943729 ], [ 88.344659870802204, 22.546441171448837 ], [ 88.344655424442877, 22.546508037735183 ], [ 88.344642011256127, 22.546552629538926 ], [ 88.34461970533971, 22.54659276651735 ], [ 88.344584060313181, 22.5466284940733 ], [ 88.344539448409122, 22.546650765672752 ], [ 88.344477050951213, 22.5466596728746 ], [ 88.344414579296952, 22.546659669844278 ], [ 88.344347735268101, 22.54661062006954 ], [ 88.34428526342721, 22.546516976866709 ], [ 88.343919619788736, 22.546579418083375 ], [ 88.343839361560114, 22.546088940305129 ], [ 88.34177038201392, 22.54641884776494 ], [ 88.341863984019255, 22.546896007800822 ], [ 88.341681152360422, 22.54691831617432 ], [ 88.341667812363212, 22.546998546163767 ], [ 88.34164995158271, 22.547029818808294 ], [ 88.341614304110806, 22.547060999996052 ], [ 88.341583103284933, 22.547069953177065 ], [ 88.341534041608227, 22.547074359410971 ], [ 88.341484979875958, 22.547061037670517 ], [ 88.341449332268226, 22.547034216573383 ], [ 88.341427024706675, 22.546998531911321 ], [ 88.341418057211911, 22.546962893125244 ], [ 88.341204022570892, 22.546994063158031 ], [ 88.34098998687179, 22.545830277145779 ] ] ] } },
{ "type": "Feature", "properties": { "polygon_id": "indiasat_204", "source": "indiasat", "raw_class": "water", "core_class": "water", "lon": 87.887806846470184, "lat": 22.534667273003095, "block": "87_22" }, "geometry": { "type": "Polygon", "coordinates": [ [ [ 87.887334483598039, 22.534691446167987 ], [ 87.887887390789658, 22.534299084559319 ], [ 87.888337783466483, 22.534357047323329 ], [ 87.887923033001854, 22.535025903073052 ], [ 87.887338901491319, 22.534945650122111 ], [ 87.887334483598039, 22.534691446167987 ] ] ] } },
{ "type": "Feature", "properties": { "polygon_id": "indiasat_233", "source": "indiasat", "raw_class": "built-up", "core_class": "built_up", "lon": 75.861133613765162, "lat": 30.858520522167453, "block": "75_30" }, "geometry": { "type": "Polygon", "coordinates": [ [ [ 75.860461172823719, 30.858794152041231 ], [ 75.860465605242752, 30.858673740833442 ], [ 75.860585989690335, 30.858669331804212 ], [ 75.860594943168735, 30.858120811582435 ], [ 75.860599375583547, 30.858062867947183 ], [ 75.860733145797965, 30.858067322757343 ], [ 75.860719759917387, 30.858678248849007 ], [ 75.861089865751723, 30.858687122283722 ], [ 75.86110768399621, 30.858049485941383 ], [ 75.861250407167219, 30.858053903482173 ], [ 75.861232588940695, 30.858691625903447 ], [ 75.861611558200607, 30.858696074916413 ], [ 75.861624943996844, 30.858085147183559 ], [ 75.861745327458507, 30.858085112837252 ], [ 75.861740895079549, 30.858388382382518 ], [ 75.861736462700463, 30.858691565376372 ], [ 75.861736462700463, 30.858740647495864 ], [ 75.861731941673625, 30.858825353262969 ], [ 75.860461172823719, 30.858794152041231 ] ] ] } },
{ "type": "Feature", "properties": { "polygon_id": "indiasat_237", "source": "indiasat", "raw_class": "built-up", "core_class": "built_up", "lon": 77.059758255134582, "lat": 28.468269088940264, "block": "77_28" }, "geometry": { "type": "Polygon", "coordinates": [ [ [ 77.059410832151798, 28.467971332089352 ], [ 77.059477763373152, 28.467895484175269 ], [ 77.059638240047803, 28.467895527268762 ], [ 77.060093054552908, 28.468247737758031 ], [ 77.059709562945741, 28.468711483509537 ], [ 77.059598098940143, 28.468622311451561 ], [ 77.059531255621778, 28.468568864077927 ], [ 77.059807675779524, 28.468265609819454 ], [ 77.059410832151798, 28.467971332089352 ] ] ] } },
{ "type": "Feature", "properties": { "polygon_id": "indiasat_244", "source": "indiasat", "raw_class": "built-up", "core_class": "built_up", "lon": 77.068317258846548, "lat": 28.4915862183305, "block": "77_28" }, "geometry": { "type": "Polygon", "coordinates": [ [ [ 77.068079345663975, 28.492072738009796 ], [ 77.068083824991547, 28.491885495094444 ], [ 77.068311216519206, 28.491889966200151 ], [ 77.068315695838152, 28.491680314046434 ], [ 77.068083824991547, 28.491675937066603 ], [ 77.068088216489002, 28.491501990542691 ], [ 77.068329045964219, 28.491506442005971 ], [ 77.068333525282483, 28.491283484040665 ], [ 77.068088216489002, 28.491279039190392 ], [ 77.068092695816233, 28.491091707844717 ], [ 77.068525257514679, 28.491100697937231 ], [ 77.068520778203535, 28.491283477690708 ], [ 77.068467289945744, 28.491283493249188 ], [ 77.06846281063244, 28.491510915582499 ], [ 77.068511907410354, 28.491510914989902 ], [ 77.068507428098712, 28.4916803889923 ], [ 77.068458331318965, 28.491680389560045 ], [ 77.068453939835024, 28.491894426992289 ], [ 77.068502948786914, 28.491898882271247 ], [ 77.068498469474932, 28.492081661138325 ], [ 77.068079345663975, 28.492072738009796 ] ] ] } },
{ "type": "Feature", "properties": { "polygon_id": "indiasat_287", "source": "indiasat", "raw_class": "built-up", "core_class": "built_up", "lon": 77.048944254115611, "lat": 28.462756696335347, "block": "77_28" }, "geometry": { "type": "Polygon", "coordinates": [ [ [ 77.048610878888852, 28.463253588072952 ], [ 77.048633191297455, 28.462290379273295 ], [ 77.049310994626708, 28.462294842445871 ], [ 77.049306514601653, 28.463043972958491 ], [ 77.048615358939728, 28.46336949123782 ], [ 77.048610878888852, 28.463253588072952 ] ] ] } },
{ "type": "Feature", "properties": { "polygon_id": "indiasat_289", "source": "indiasat", "raw_class": "built-up", "core_class": "built_up", "lon": 88.334276540595567, "lat": 22.537631777247043, "block": "88_22" }, "geometry": { "type": "Polygon", "coordinates": [ [ [ 88.333850978975818, 22.537371378172708 ], [ 88.333980326009041, 22.537228703753762 ], [ 88.334189874795641, 22.537393686627627 ], [ 88.334662560359661, 22.537362459958366 ], [ 88.334684871405898, 22.537656793449859 ], [ 88.334568942787882, 22.537661236822871 ], [ 88.334292462158857, 22.537946585103299 ], [ 88.334310251850297, 22.538124957809337 ], [ 88.334109598532009, 22.538133892436797 ], [ 88.33405163349201, 22.537554179494364 ], [ 88.333850978975818, 22.537371378172708 ] ] ] } },
{ "type": "Feature", "properties": { "polygon_id": "indiasat_290", "source": "indiasat", "raw_class": "built-up", "core_class": "built_up", "lon": 88.342570778117377, "lat": 22.544894856972153, "block": "88_22" }, "geometry": { "type": "Polygon", "coordinates": [ [ [ 88.342064675522764, 22.544670885133836 ], [ 88.342956511224259, 22.54451928952852 ], [ 88.342996604121169, 22.544724435946602 ], [ 88.342697870386928, 22.544773468600521 ], [ 88.342733516966632, 22.544960750560247 ], [ 88.343050110665104, 22.544907264260903 ], [ 88.343085831063448, 22.545081182721283 ], [ 88.342769163516977, 22.545134668307011 ], [ 88.342787023835754, 22.54523721909273 ], [ 88.342515042249659, 22.545281797940859 ], [ 88.342497181818686, 22.545179247137561 ], [ 88.342176137462616, 22.545232777597853 ], [ 88.342140490423958, 22.5450588597656 ], [ 88.342461535044393, 22.545005329351529 ], [ 88.342425814130934, 22.544835865505195 ], [ 88.342104769245609, 22.544893850598974 ], [ 88.342064675522764, 22.544670885133836 ] ] ] } },
{ "type": "Feature", "properties": { "polygon_id": "indiasat_292", "source": "indiasat", "raw_class": "built-up", "core_class": "built_up", "lon": 77.046681937850067, "lat": 28.417136764568859, "block": "77_28" }, "geometry": { "type": "Polygon", "coordinates": [ [ [ 77.04632339590411, 28.417191046850796 ], [ 77.046746987612593, 28.417199951737903 ], [ 77.046755947852517, 28.416789769611295 ], [ 77.046858463491304, 28.416794209365101 ], [ 77.046849591104404, 28.41730256379363 ], [ 77.04632339590411, 28.417293588840561 ], [ 77.04632339590411, 28.417191046850796 ] ] ] } },
{ "type": "Feature", "properties": { "polygon_id": "indiasat_315", "source": "indiasat", "raw_class": "built-up", "core_class": "built_up", "lon": 75.860306812616074, "lat": 30.858859951059124, "block": "75_30" }, "geometry": { "type": "Polygon", "coordinates": [ [ [ 75.860175724746412, 30.858691612350594 ], [ 75.860367471453102, 30.858691601199201 ], [ 75.860367471453102, 30.858829837116701 ], [ 75.860452219336878, 30.858829798711383 ], [ 75.860452219336878, 30.85885210865835 ], [ 75.860478991147346, 30.858852074972397 ], [ 75.860478991147346, 30.858994772742665 ], [ 75.86043883342974, 30.858994780348315 ], [ 75.860175724746412, 30.858994769952307 ], [ 75.860175724746412, 30.858829848189359 ], [ 75.860175724746412, 30.858691612350594 ] ] ] } },
{ "type": "Feature", "properties": { "polygon_id": "indiasat_316", "source": "indiasat", "raw_class": "built-up", "core_class": "built_up", "lon": 75.86033442941411, "lat": 30.858543126975906, "block": "75_30" }, "geometry": { "type": "Polygon", "coordinates": [ [ [ 75.860184678250747, 30.858464185675043 ], [ 75.860487855984132, 30.85846864013255 ], [ 75.860483423565825, 30.858620199729359 ], [ 75.860184678250747, 30.858620269744989 ], [ 75.860184678250747, 30.858464185675043 ] ] ] } },
{ "type": "Feature", "properties": { "polygon_id": "indiasat_320", "source": "indiasat", "raw_class": "built-up", "core_class": "built_up", "lon": 77.091679253934473, "lat": 28.491794614789697, "block": "77_28" }, "geometry": { "type": "Polygon", "coordinates": [ [ [ 77.091422721796548, 28.491782884102012 ], [ 77.091587722133212, 28.491733871279123 ], [ 77.091538634776285, 28.491617890762846 ], [ 77.091610026578579, 28.491551041547119 ], [ 77.091788374179643, 28.491662546915414 ], [ 77.091846330507011, 28.491747252236749 ], [ 77.091917722126354, 28.491965697012922 ], [ 77.091520808772287, 28.49193447454326 ], [ 77.091422721796548, 28.491782884102012 ] ] ] } },
{ "type": "Feature", "properties": { "polygon_id": "indiasat_321", "source": "indiasat", "raw_class": "built-up", "core_class": "built_up", "lon": 77.092114796233332, "lat": 28.492655107205586, "block": "77_28" }, "geometry": { "type": "Polygon", "coordinates": [ [ [ 77.091667982992021, 28.492420545151255 ], [ 77.092189677266546, 28.492202099498339 ], [ 77.09255980572982, 28.492893250654145 ], [ 77.092042503686258, 28.493107215990726 ], [ 77.091667982992021, 28.492420545151255 ] ] ] } },
{ "type": "Feature", "properties": { "polygon_id": "indiasat_335", "source": "indiasat", "raw_class": "built-up", "core_class": "built_up", "lon": 77.08019866545223, "lat": 28.468233861161202, "block": "77_28" }, "geometry": { "type": "Polygon", "coordinates": [ [ [ 77.079869236920402, 28.468336978217014 ], [ 77.07987362798778, 28.468140763658646 ], [ 77.080159047024168, 28.468140796479243 ], [ 77.080181353591087, 28.468172007215337 ], [ 77.080711967636063, 28.468140713855057 ], [ 77.080711967636063, 28.468198759472788 ], [ 77.080368588076226, 28.468283420448536 ], [ 77.080154568146057, 28.468287887354943 ], [ 77.080154568146057, 28.468368170462139 ], [ 77.079949505606962, 28.46838601758904 ], [ 77.079945026721035, 28.468332531952086 ], [ 77.079869236920402, 28.468336978217014 ] ] ] } },
{ "type": "Feature", "properties": { "polygon_id": "indiasat_339", "source": "indiasat", "raw_class": "built-up", "core_class": "built_up", "lon": 77.056807035033344, "lat": 28.430495490388701, "block": "77_28" }, "geometry": { "type": "Polygon", "coordinates": [ [ [ 77.056539166685695, 28.430537172851722 ], [ 77.056895877757469, 28.430269576795684 ], [ 77.057074276816692, 28.430456878583151 ], [ 77.056717566272582, 28.430720009112584 ], [ 77.056539166685695, 28.430537172851722 ] ] ] } },
{ "type": "Feature", "properties": { "polygon_id": "indiasat_344", "source": "indiasat", "raw_class": "built-up", "core_class": "built_up", "lon": 77.080484509540057, "lat": 28.460931828361346, "block": "77_28" }, "geometry": { "type": "Polygon", "coordinates": [ [ [ 77.080230357766865, 28.460417611263864 ], [ 77.08076992930647, 28.460698507462698 ], [ 77.080756580560603, 28.461336191204932 ], [ 77.080417679996643, 28.4613317255723 ], [ 77.080422158864948, 28.461287153561933 ], [ 77.080230357766865, 28.461287106226109 ], [ 77.080230357766865, 28.460417611263864 ] ] ] } },
{ "type": "Feature", "properties": { "polygon_id": "indiasat_345", "source": "indiasat", "raw_class": "built-up", "core_class": "built_up", "lon": 77.088508676516312, "lat": 28.479705476052228, "block": "77_28" }, "geometry": { "type": "Polygon", "coordinates": [ [ [ 77.088163150309157, 28.479400021551182 ], [ 77.08858229195306, 28.479319743993681 ], [ 77.08864920695126, 28.479631884073424 ], [ 77.088800775431409, 28.479605125538164 ], [ 77.088876559599768, 28.48005994158623 ], [ 77.088818601839165, 28.480033186755215 ], [ 77.088684859809106, 28.480033205549326 ], [ 77.088667033381512, 28.479988595296646 ], [ 77.088354850932433, 28.480051047334868 ], [ 77.088328155124174, 28.479836971820511 ], [ 77.08828354501027, 28.47984143995502 ], [ 77.088270109283741, 28.479752253018109 ], [ 77.088225586963532, 28.479756729579751 ], [ 77.088163150309157, 28.479400021551182 ] ] ] } },
{ "type": "Feature", "properties": { "polygon_id": "indiasat_350", "source": "indiasat", "raw_class": "built-up", "core_class": "built_up", "lon": 77.087597257434169, "lat": 28.451134346156447, "block": "77_28" }, "geometry": { "type": "Polygon", "coordinates": [ [ [ 77.087351558665205, 28.450562993220441 ], [ 77.087565565780082, 28.450518399024283 ], [ 77.087850966550562, 28.451677787170922 ], [ 77.087610176160609, 28.45173127926121 ], [ 77.087351558665205, 28.450562993220441 ] ] ] } },
{ "type": "Feature", "properties": { "polygon_id": "indiasat_355", "source": "indiasat", "raw_class": "built-up", "core_class": "built_up", "lon": 77.064693198753702, "lat": 28.464920677718119, "block": "77_28" }, "geometry": { "type": "Polygon", "coordinates": [ [ [ 77.064516558717898, 28.46487673764106 ], [ 77.064663678152399, 28.464756334935647 ], [ 77.064868766735941, 28.464952480541324 ], [ 77.064721647551877, 28.465090743089547 ], [ 77.064516558717898, 28.46487673764106 ] ] ] } },
{ "type": "Feature", "properties": { "polygon_id": "indiasat_371", "source": "indiasat", "raw_class": "built-up", "core_class": "built_up", "lon": 75.86008658851506, "lat": 30.85604955207938, "block": "75_30" }, "geometry": { "type": "Polygon", "coordinates": [ [ [ 75.859912704222836, 30.855753014820998 ], [ 75.860256040319513, 30.855752997689926 ], [ 75.860260472744969, 30.85634608872056 ], [ 75.859917136659035, 30.856346105260844 ], [ 75.859912704222836, 30.855753014820998 ] ] ] } },
{ "type": "Feature", "properties": { "polygon_id": "indiasat_373", "source": "indiasat", "raw_class": "built-up", "core_class": "built_up", "lon": 75.86173988429627, "lat": 30.844598886768761, "block": "75_30" }, "geometry": { "type": "Polygon", "coordinates": [ [ [ 75.861486742238284, 30.844640960676369 ], [ 75.861682919550077, 30.844547288785897 ], [ 75.861727509294269, 30.844502716207078 ], [ 75.861789917183032, 30.844426907827646 ], [ 75.861932639666122, 30.844551807234474 ], [ 75.861785484805466, 30.844730124870246 ], [ 75.861526899658628, 30.844667726023278 ], [ 75.861486742238284, 30.844640960676369 ] ] ] } },
{ "type": "Feature", "properties": { "polygon_id": "indiasat_375", "source": "indiasat", "raw_class": "built-up", "core_class": "built_up", "lon": 80.925449939469146, "lat": 26.860396412594643, "block": "80_26" }, "geometry": { "type": "Polygon", "coordinates": [ [ [ 80.925273104249825, 26.860304859089137 ], [ 80.925326599915195, 26.860269192576258 ], [ 80.92534887570217, 26.860300382718382 ], [ 80.925491558719912, 26.860233485489861 ], [ 80.925625381826165, 26.860465360191128 ], [ 80.925415787403509, 26.860567951171383 ], [ 80.925273104249825, 26.860304859089137 ] ] ] } },
{ "type": "Feature", "properties": { "polygon_id": "indiasat_376", "source": "indiasat", "raw_class": "built-up", "core_class": "built_up", "lon": 80.925723125588007, "lat": 26.860011781313037, "block": "80_26" }, "geometry": { "type": "Polygon", "coordinates": [ [ [ 80.925433591138017, 26.859850051626093 ], [ 80.925745788678242, 26.859707292676244 ], [ 80.925986517458099, 26.86012645724988 ], [ 80.925879526979244, 26.860184427463128 ], [ 80.925928550237032, 26.86027364435812 ], [ 80.925794812018466, 26.860331585267428 ], [ 80.925745788678242, 26.860251366458304 ], [ 80.925687821281684, 26.860273649058794 ], [ 80.925433591138017, 26.859850051626093 ] ] ] } },
{ "type": "Feature", "properties": { "polygon_id": "indiasat_377", "source": "indiasat", "raw_class": "built-up", "core_class": "built_up", "lon": 80.926503925645321, "lat": 26.860265239515279, "block": "80_26" }, "geometry": { "type": "Polygon", "coordinates": [ [ [ 80.926312044386179, 26.860126476032299 ], [ 80.926543911898619, 26.860081889155826 ], [ 80.926691064728985, 26.86038509178816 ], [ 80.926477085523345, 26.860465397180768 ], [ 80.926312044386179, 26.860126476032299 ] ] ] } },
{ "type": "Feature", "properties": { "polygon_id": "indiasat_378", "source": "indiasat", "raw_class": "built-up", "core_class": "built_up", "lon": 80.926619898643608, "lat": 26.861128175050133, "block": "80_26" }, "geometry": { "type": "Polygon", "coordinates": [ [ [ 80.926312044386179, 26.861080719378169 ], [ 80.926731227954193, 26.860893441494706 ], [ 80.926806998017071, 26.861013868458272 ], [ 80.9268426892355, 26.861000486036165 ], [ 80.926900655790121, 26.861116381515949 ], [ 80.926851633131676, 26.861138705698039 ], [ 80.926873908491416, 26.86118771354916 ], [ 80.926793666541315, 26.86122789517615 ], [ 80.926820413867006, 26.861285832588727 ], [ 80.926717812089194, 26.861326000275234 ], [ 80.926691064728985, 26.861272517351768 ], [ 80.926548383863633, 26.86133487194752 ], [ 80.926512692513114, 26.861272438829165 ], [ 80.926436922169756, 26.861312640765195 ], [ 80.926312044386179, 26.861080719378169 ] ] ] } },
{ "type": "Feature", "properties": { "polygon_id": "indiasat_379", "source": "indiasat", "raw_class": "built-up", "core_class": "built_up", "lon": 80.927159067091509, "lat": 26.860909521553996, "block": "80_26" }, "geometry": { "type": "Polygon", "coordinates": [ [ [ 80.926985369572705, 26.860862226169864 ], [ 80.927235122828691, 26.860759723053448 ], [ 80.927328780097426, 26.860960324124889 ], [ 80.92708797100525, 26.861058413913252 ], [ 80.926985369572705, 26.860862226169864 ] ] ] } },
{ "type": "Feature", "properties": { "polygon_id": "indiasat_380", "source": "indiasat", "raw_class": "built-up", "core_class": "built_up", "lon": 80.912231418271546, "lat": 26.871236636476098, "block": "80_26" }, "geometry": { "type": "Polygon", "coordinates": [ [ [ 80.912083046689204, 26.87093091890732 ], [ 80.912145496772624, 26.870913031899875 ], [ 80.912167776249959, 26.870975490847506 ], [ 80.912207946807044, 26.870966589736735 ], [ 80.912256978488927, 26.871100348034918 ], [ 80.912279257935097, 26.871153809515857 ], [ 80.912323901200494, 26.87128318686819 ], [ 80.912337235101006, 26.871323332499319 ], [ 80.912386266703265, 26.871452636435034 ], [ 80.912341707864599, 26.871465975949526 ], [ 80.912368460049137, 26.871541818430316 ], [ 80.912301537375015, 26.8715595951433 ], [ 80.912225753497069, 26.87135453780941 ], [ 80.912181194568547, 26.871367877275908 ], [ 80.912167776249959, 26.871332180365656 ], [ 80.912123217289022, 26.871211805873031 ], [ 80.912100937799181, 26.871144892815504 ], [ 80.912154442321082, 26.871131506677532 ], [ 80.912083046689204, 26.87093091890732 ] ] ] } },
{ "type": "Feature", "properties": { "polygon_id": "indiasat_381", "source": "indiasat", "raw_class": "built-up", "core_class": "built_up", "lon": 77.055138210144676, "lat": 28.443383953511546, "block": "77_28" }, "geometry": { "type": "Polygon", "coordinates": [ [ [ 77.054768947129759, 28.443370423607956 ], [ 77.054813481826088, 28.443307992673823 ], [ 77.054791258399788, 28.443294646105258 ], [ 77.054862584164525, 28.443187601138749 ], [ 77.054871455962356, 28.443143013287141 ], [ 77.054889287395625, 28.443156374840612 ], [ 77.054929430070757, 28.443093958731183 ], [ 77.055090000637662, 28.443178673024963 ], [ 77.055103352228784, 28.443156405532758 ], [ 77.055161326225743, 28.443209879722961 ], [ 77.05519698900396, 28.443232224921061 ], [ 77.055241611381561, 28.443258934839566 ], [ 77.055317416682058, 28.443299065682336 ], [ 77.055446715995444, 28.443365972319519 ], [ 77.055424404846647, 28.443397183729651 ], [ 77.055527000961334, 28.443437354208047 ], [ 77.05549133828066, 28.443495298521373 ], [ 77.055473419097254, 28.443486393981043 ], [ 77.055353079414132, 28.443678116284634 ], [ 77.054768947129759, 28.443370423607956 ] ] ] } },
{ "type": "Feature", "properties": { "polygon_id": "indiasat_382", "source": "indiasat", "raw_class": "built-up", "core_class": "built_up", "lon": 77.055911114598572, "lat": 28.443696026758872, "block": "77_28" }, "geometry": { "type": "Polygon", "coordinates": [ [ [ 77.055522521167049, 28.443758430657578 ], [ 77.055629509149711, 28.443464119985247 ], [ 77.055709793993898, 28.443490847873104 ], [ 77.05571866572943, 28.443472964724041 ], [ 77.055981830973479, 28.443526489500574 ], [ 77.056195806029052, 28.44360679943307 ], [ 77.056191414098222, 28.443624588484365 ], [ 77.056293921721931, 28.443651353737501 ], [ 77.056186934328622, 28.443945665192299 ], [ 77.055522521167049, 28.443758430657578 ] ] ] } },
{ "type": "Feature", "properties": { "polygon_id": "indiasat_383", "source": "indiasat", "raw_class": "built-up", "core_class": "built_up", "lon": 77.056144781654709, "lat": 28.44297878492884, "block": "77_28" }, "geometry": { "type": "Polygon", "coordinates": [ [ [ 77.055402093693729, 28.442835373146821 ], [ 77.055486858485068, 28.442813062685833 ], [ 77.05557153537778, 28.442790743693347 ], [ 77.055562663631434, 28.442768438257431 ], [ 77.055674131367297, 28.442781882107678 ], [ 77.055727625303248, 28.44278633080042 ], [ 77.055790078784668, 28.442777370084645 ], [ 77.0559238573709, 28.442741740384154 ], [ 77.055999662242613, 28.442701580992001 ], [ 77.056088818548716, 28.442683720370319 ], [ 77.056195806029052, 28.442683774053833 ], [ 77.056289441956125, 28.442710473282496 ], [ 77.056387557572819, 28.442768511318377 ], [ 77.056450010712496, 28.442835374749293 ], [ 77.056472321671592, 28.442879987425531 ], [ 77.056516855738977, 28.442933480983282 ], [ 77.056623930677901, 28.44304045005692 ], [ 77.056730917683552, 28.443085069919732 ], [ 77.056846864084946, 28.443214344175182 ], [ 77.056833512686822, 28.443227768705526 ], [ 77.056842384339689, 28.443236677842144 ], [ 77.05678889089819, 28.443272330727382 ], [ 77.056802242301231, 28.443290164069143 ], [ 77.056735397432931, 28.443307983569564 ], [ 77.056699735109603, 28.443325827418224 ], [ 77.056610491416805, 28.443410573363185 ], [ 77.056534686929012, 28.4433525816269 ], [ 77.056441051192337, 28.443258989018325 ], [ 77.056320712474673, 28.443134107414899 ], [ 77.056231468501409, 28.443044964981958 ], [ 77.056182454558851, 28.443013717451819 ], [ 77.056128960824623, 28.442991407309044 ], [ 77.056035324772964, 28.442991412816713 ], [ 77.055892586749465, 28.443022677827873 ], [ 77.055732105089916, 28.443062741524056 ], [ 77.055500210032264, 28.443120709388474 ], [ 77.055460067547102, 28.442973602342537 ], [ 77.055406573492476, 28.442911190859533 ], [ 77.055424404846647, 28.442902225350458 ], [ 77.055402093693729, 28.442835373146821 ] ] ] } },
{ "type": "Feature", "properties": { "polygon_id": "indiasat_384", "source": "indiasat", "raw_class": "built-up", "core_class": "built_up", "lon": 77.056728458554062, "lat": 28.443830213384075, "block": "77_28" }, "geometry": { "type": "Polygon", "coordinates": [ [ [ 77.056365246598048, 28.443744987719761 ], [ 77.056374206123849, 28.44367816877584 ], [ 77.056467841912422, 28.443695937185346 ], [ 77.056467841912422, 28.443655836196797 ], [ 77.056829032941081, 28.443678168248077 ], [ 77.056904837243849, 28.443660248014815 ], [ 77.056900357500737, 28.443691512421434 ], [ 77.057087628188143, 28.443695965673012 ], [ 77.057078756553324, 28.443780654846893 ], [ 77.057092107924291, 28.443785179495535 ], [ 77.057069797079862, 28.443811925868367 ], [ 77.057069797079862, 28.443999209800658 ], [ 77.056873654714877, 28.443994690482754 ], [ 77.056793370645423, 28.444021460413229 ], [ 77.056797850392499, 28.443985818251658 ], [ 77.056365246598048, 28.443963529060547 ], [ 77.056387557572819, 28.443749499261799 ], [ 77.056365246598048, 28.443744987719761 ] ] ] } },
{ "type": "Feature", "properties": { "polygon_id": "indiasat_400", "source": "indiasat", "raw_class": "built-up", "core_class": "built_up", "lon": 72.570826204316944, "lat": 23.010107443635835, "block": "72_23" }, "geometry": { "type": "Polygon", "coordinates": [ [ [ 72.57063447505729, 23.010147529518463 ], [ 72.570946646743934, 23.00996474820311 ], [ 72.57101794349164, 23.010067277530325 ], [ 72.570705862139889, 23.01025015700538 ], [ 72.57063447505729, 23.010147529518463 ] ] ] } },
{ "type": "Feature", "properties": { "polygon_id": "indiasat_401", "source": "indiasat", "raw_class": "built-up", "core_class": "built_up", "lon": 72.596000862840327, "lat": 23.063389350983133, "block": "72_23" }, "geometry": { "type": "Polygon", "coordinates": [ [ [ 72.595351279756429, 23.063509639180442 ], [ 72.595699066601895, 23.0628050435514 ], [ 72.596648845362552, 23.06326882654405 ], [ 72.596305481568095, 23.063973398648194 ], [ 72.595351279756429, 23.063509639180442 ] ] ] } },
{ "type": "Feature", "properties": { "polygon_id": "indiasat_402", "source": "indiasat", "raw_class": "built-up", "core_class": "built_up", "lon": 72.58706182084417, "lat": 23.023143617432549, "block": "72_23" }, "geometry": { "type": "Polygon", "coordinates": [ [ [ 72.58687899696065, 23.02304328144351 ], [ 72.587204505096537, 23.022998730653544 ], [ 72.587244663404832, 23.023243905108391 ], [ 72.586919155319507, 23.023288543573745 ], [ 72.58687899696065, 23.02304328144351 ] ] ] } },
{ "type": "Feature", "properties": { "polygon_id": "indiasat_403", "source": "indiasat", "raw_class": "built-up", "core_class": "built_up", "lon": 72.570137835159628, "lat": 23.008044456657895, "block": "72_23" }, "geometry": { "type": "Polygon", "coordinates": [ [ [ 72.569805083872595, 23.008038387515612 ], [ 72.570224202012426, 23.007842198691524 ], [ 72.570371398597402, 23.008189974295775 ], [ 72.570170684165333, 23.008279180898004 ], [ 72.570139548144667, 23.008203422814912 ], [ 72.570255428272247, 23.008149894877143 ], [ 72.570179618848826, 23.007967056743169 ], [ 72.569836310182822, 23.008118637882074 ], [ 72.569805083872595, 23.008038387515612 ] ] ] } },
{ "type": "Feature", "properties": { "polygon_id": "indiasat_404", "source": "indiasat", "raw_class": "built-up", "core_class": "built_up", "lon": 72.570259406153127, "lat": 23.008614779798101, "block": "72_23" }, "geometry": { "type": "Polygon", "coordinates": [ [ [ 72.570103809403278, 23.008689431115538 ], [ 72.57024649359137, 23.008635942948008 ], [ 72.570161839730858, 23.008444196139049 ], [ 72.570340172351521, 23.008368368817113 ], [ 72.570420403941, 23.008555661325822 ], [ 72.570277719848505, 23.008613631893077 ], [ 72.570264362952841, 23.008658174809515 ], [ 72.570340172351521, 23.008809813956589 ], [ 72.570188553532034, 23.008876706030698 ], [ 72.570103809403278, 23.008689431115538 ] ] ] } },
{ "type": "Feature", "properties": { "polygon_id": "indiasat_405", "source": "indiasat", "raw_class": "built-up", "core_class": "built_up", "lon": 72.570552435547256, "lat": 23.009336974203247, "block": "72_23" }, "geometry": { "type": "Polygon", "coordinates": [ [ [ 72.570331237673543, 23.009233463729618 ], [ 72.570509660427064, 23.009157646924216 ], [ 72.570563087955094, 23.009278019756874 ], [ 72.570567600414705, 23.009286966386799 ], [ 72.570594314174144, 23.009340429623208 ], [ 72.570643409724823, 23.009358278928492 ], [ 72.57071921901283, 23.009327117760307 ], [ 72.570772736746846, 23.009420695939369 ], [ 72.570625540389443, 23.009536688016897 ], [ 72.570518504849687, 23.009313674643895 ], [ 72.570407047052683, 23.009367174482485 ], [ 72.570331237673543, 23.009233463729618 ] ] ] } },
{ "type": "Feature", "properties": { "polygon_id": "indiasat_418", "source": "indiasat", "raw_class": "built-up", "core_class": "built_up", "lon": 83.712431309506783, "lat": 26.070194012102309, "block": "83_26" }, "geometry": { "type": "Polygon", "coordinates": [ [ [ 83.71223799421675, 26.070152113170206 ], [ 83.712536789265073, 26.070094167943463 ], [ 83.712585845031441, 26.070290357728208 ], [ 83.712474354597433, 26.070312717664596 ], [ 83.712452056486654, 26.070214585078169 ], [ 83.712260292404224, 26.070250245787186 ], [ 83.71223799421675, 26.070152113170206 ] ] ] } },
{ "type": "Feature", "properties": { "polygon_id": "indiasat_467", "source": "indiasat", "raw_class": "built-up", "core_class": "built_up", "lon": 83.713577305734034, "lat": 26.071415105503075, "block": "83_26" }, "geometry": { "type": "Polygon", "coordinates": [ [ [ 83.713428625166713, 26.071271338843879 ], [ 83.713624764105433, 26.071222307513811 ], [ 83.713727333415875, 26.071561179315346 ], [ 83.713526654172028, 26.071605792639343 ], [ 83.713522194625938, 26.071583508178094 ], [ 83.713442003824184, 26.071320412108324 ], [ 83.713428625166713, 26.071271338843879 ] ] ] } },
{ "type": "Feature", "properties": { "polygon_id": "indiasat_468", "source": "indiasat", "raw_class": "built-up", "core_class": "built_up", "lon": 83.713392938968354, "lat": 26.07080954422895, "block": "83_26" }, "geometry": { "type": "Polygon", "coordinates": [ [ [ 83.713241323660156, 26.070660461889929 ], [ 83.713437544272011, 26.070611434103981 ], [ 83.713544492353236, 26.070959207613672 ], [ 83.713348353161507, 26.071008328735694 ], [ 83.713330514924067, 26.070945861006827 ], [ 83.713245783226384, 26.070678346268863 ], [ 83.713241323660156, 26.070660461889929 ] ] ] } },
{ "type": "Feature", "properties": { "polygon_id": "indiasat_469", "source": "indiasat", "raw_class": "built-up", "core_class": "built_up", "lon": 83.71341582947214, "lat": 26.071132663328342, "block": "83_26" }, "geometry": { "type": "Polygon", "coordinates": [ [ [ 83.713428625166713, 26.071271338843879 ], [ 83.713299297996244, 26.071302621794818 ], [ 83.713268081052746, 26.071208950838152 ], [ 83.713232404526721, 26.071217905725216 ], [ 83.713223485392021, 26.071182226833603 ], [ 83.713205647118798, 26.071133139185097 ], [ 83.713245783226384, 26.071124198649386 ], [ 83.713219025824202, 26.071039521881946 ], [ 83.713348353161507, 26.071008328735694 ], [ 83.713544492353236, 26.070959207613672 ], [ 83.713584628242273, 26.071084067567682 ], [ 83.713624764105433, 26.071222307513811 ], [ 83.713428625166713, 26.071271338843879 ] ] ] } },
{ "type": "Feature", "properties": { "polygon_id": "indiasat_472", "source": "indiasat", "raw_class": "built-up", "core_class": "built_up", "lon": 75.808005343806272, "lat": 30.8682290411769, "block": "75_30" }, "geometry": { "type": "Polygon", "coordinates": [ [ [ 75.80734429381674, 30.868492702267744 ], [ 75.808316417356252, 30.86763208233981 ], [ 75.808668657528969, 30.867970967414454 ], [ 75.807683234193902, 30.868827104041511 ], [ 75.80734429381674, 30.868492702267744 ] ] ] } },
{ "type": "Feature", "properties": { "polygon_id": "indiasat_483", "source": "indiasat", "raw_class": "built-up", "core_class": "built_up", "lon": 75.809101196544631, "lat": 30.898301784638655, "block": "75_30" }, "geometry": { "type": "Polygon", "coordinates": [ [ [ 75.808633007883387, 30.898350865249707 ], [ 75.808655266742747, 30.898176922442342 ], [ 75.8095693845478, 30.898252703601553 ], [ 75.809547125831102, 30.898426646961095 ], [ 75.808633007883387, 30.898350865249707 ] ] ] } },
{ "type": "Feature", "properties": { "polygon_id": "indiasat_532", "source": "indiasat", "raw_class": "built-up", "core_class": "built_up", "lon": 72.570438970087352, "lat": 23.008928575748129, "block": "72_23" }, "geometry": { "type": "Polygon", "coordinates": [ [ [ 72.570201910431592, 23.008939118818418 ], [ 72.570300011422844, 23.00888121010486 ], [ 72.570331237673543, 23.008934655703971 ], [ 72.57043385107788, 23.008885605602014 ], [ 72.570393690163684, 23.008823241197348 ], [ 72.570549731074109, 23.008760803098514 ], [ 72.570652344392073, 23.008952557177597 ], [ 72.570482856409683, 23.009028328949917 ], [ 72.570464987063261, 23.008988168589322 ], [ 72.570286654528331, 23.009081836237915 ], [ 72.570201910431592, 23.008939118818418 ] ] ] } },
{ "type": "Feature", "properties": { "polygon_id": "indiasat_539", "source": "indiasat", "raw_class": "built-up", "core_class": "built_up", "lon": 72.572109807110891, "lat": 23.026323073993275, "block": "72_23" }, "geometry": { "type": "Polygon", "coordinates": [ [ [ 72.571963300415021, 23.026316240357616 ], [ 72.57197223503681, 23.026271638329632 ], [ 72.571998948651682, 23.026235988263 ], [ 72.572039109317487, 23.026204757950026 ], [ 72.572083692161698, 23.026191428352462 ], [ 72.572132697182013, 23.026191429512984 ], [ 72.572181792441711, 23.026204799206567 ], [ 72.572217440648345, 23.026231501684933 ], [ 72.572244244486569, 23.026271705549867 ], [ 72.572253088850104, 23.026311813351136 ], [ 72.572253088850104, 23.026356370496266 ], [ 72.57223079744351, 23.026396475141365 ], [ 72.572204083852512, 23.026427731071674 ], [ 72.572159501028992, 23.026450024828137 ], [ 72.572114918197812, 23.026458960214651 ], [ 72.572070335358958, 23.026450055162591 ], [ 72.572025752512459, 23.026432185947581 ], [ 72.57199452646563, 23.026405455849599 ], [ 72.57197223503681, 23.026365322481997 ], [ 72.571963300415021, 23.026316240357616 ] ] ] } },
{ "type": "Feature", "properties": { "polygon_id": "indiasat_582", "source": "indiasat", "raw_class": "built-up", "core_class": "built_up", "lon": 83.713270310772572, "lat": 26.072430759831985, "block": "83_26" }, "geometry": { "type": "Polygon", "coordinates": [ [ [ 83.713161051413337, 26.072288077312539 ], [ 83.713290378871122, 26.072256884596463 ], [ 83.713379570064731, 26.072573442195662 ], [ 83.713250242792299, 26.07260463491092 ], [ 83.713161051413337, 26.072288077312539 ] ] ] } },
{ "type": "Feature", "properties": { "polygon_id": "indiasat_583", "source": "indiasat", "raw_class": "built-up", "core_class": "built_up", "lon": 83.713528910699594, "lat": 26.072377248680574, "block": "83_26" }, "geometry": { "type": "Polygon", "coordinates": [ [ [ 83.713419706060137, 26.072234581800299 ], [ 83.713548951897749, 26.072203295473962 ], [ 83.713638142720725, 26.072519942863572 ], [ 83.713508815985705, 26.07255113586411 ], [ 83.713419706060137, 26.072234581800299 ] ] ] } },
{ "type": "Feature", "properties": { "polygon_id": "indiasat_618", "source": "indiasat", "raw_class": "built-up", "core_class": "built_up", "lon": 88.344257074963778, "lat": 22.566816139279652, "block": "88_22" }, "geometry": { "type": "Polygon", "coordinates": [ [ [ 88.343620892424028, 22.566654266019583 ], [ 88.344588506679841, 22.566297533767781 ], [ 88.344642011256127, 22.566435812278762 ], [ 88.344374487713324, 22.56653389286538 ], [ 88.344512696065848, 22.566970864128546 ], [ 88.344833797199485, 22.566881695870553 ], [ 88.34487833469457, 22.567010973135112 ], [ 88.34390183404453, 22.567318705442716 ], [ 88.343848328553335, 22.567198336299736 ], [ 88.344147054348511, 22.567086848788126 ], [ 88.344008844828522, 22.566681059841148 ], [ 88.343687811682926, 22.566761317869645 ], [ 88.343620892424028, 22.566654266019583 ] ] ] } },
{ "type": "Feature", "properties": { "polygon_id": "indiasat_619", "source": "indiasat", "raw_class": "built-up", "core_class": "built_up", "lon": 88.34354341885755, "lat": 22.568562118200379, "block": "88_22" }, "geometry": { "type": "Polygon", "coordinates": [ [ [ 88.342787023835754, 22.568397757602241 ], [ 88.343977645728387, 22.56799204278817 ], [ 88.344093549160419, 22.568246144970384 ], [ 88.343999877868555, 22.568308641201323 ], [ 88.344138161524057, 22.568593973279057 ], [ 88.344222865602902, 22.568562749446478 ], [ 88.344267477833242, 22.568754483362785 ], [ 88.343117030806354, 22.569137974789871 ], [ 88.343063524345112, 22.568990877724747 ], [ 88.343130370357017, 22.568959653243112 ], [ 88.343001050650884, 22.568634138790603 ], [ 88.342903004564619, 22.568665316083582 ], [ 88.342787023835754, 22.568397757602241 ] ] ] } },
{ "type": "Feature", "properties": { "polygon_id": "indiasat_620", "source": "indiasat", "raw_class": "built-up", "core_class": "built_up", "lon": 88.355590682132288, "lat": 22.564797978997738, "block": "88_22" }, "geometry": { "type": "Polygon", "coordinates": [ [ [ 88.355036206482822, 22.564380138315808 ], [ 88.355285883047998, 22.5642464021237 ], [ 88.355468731321508, 22.564545089325808 ], [ 88.355517777201797, 22.564518405671173 ], [ 88.355571268264626, 22.564571860479049 ], [ 88.356106397513372, 22.564389025097412 ], [ 88.35617322337842, 22.564562982525086 ], [ 88.355548967981932, 22.564790367280267 ], [ 88.355914661531415, 22.565294283437268 ], [ 88.35596370690601, 22.565276418104087 ], [ 88.356017197417316, 22.565365601050221 ], [ 88.355691659957657, 22.565548386112912 ], [ 88.355647059504918, 22.565481566879598 ], [ 88.355722924699421, 22.565419154990554 ], [ 88.355352784268547, 22.564884010505491 ], [ 88.355036206482822, 22.564380138315808 ] ] ] } },
{ "type": "Feature", "properties": { "polygon_id": "indiasat_629", "source": "indiasat", "raw_class": "built-up", "core_class": "built_up", "lon": 80.187218990837479, "lat": 13.09735483922651, "block": "80_13" }, "geometry": { "type": "Polygon", "coordinates": [ [ [ 80.186819245009929, 13.09713786887602 ], [ 80.187568371488837, 13.097066500153659 ], [ 80.187604044014336, 13.097583772673531 ], [ 80.186877138869249, 13.097637299930565 ], [ 80.186819245009929, 13.09713786887602 ] ] ] } },
{ "type": "Feature", "properties": { "polygon_id": "indiasat_631", "source": "indiasat", "raw_class": "built-up", "core_class": "built_up", "lon": 88.341652102304735, "lat": 22.566108061568592, "block": "88_22" }, "geometry": { "type": "Polygon", "coordinates": [ [ [ 88.341021262237319, 22.566070138099651 ], [ 88.341097004853609, 22.565829364480756 ], [ 88.341190682426657, 22.565731232663509 ], [ 88.342211784471914, 22.565793709505531 ], [ 88.342260845380579, 22.565927488510475 ], [ 88.342278705909052, 22.566150404132006 ], [ 88.342225198411668, 22.566368860411444 ], [ 88.342127076457956, 22.56647594741229 ], [ 88.341128280141831, 22.566435790147498 ], [ 88.341043495895747, 22.566284189322857 ], [ 88.341021262237319, 22.566070138099651 ] ] ] } },
{ "type": "Feature", "properties": { "polygon_id": "indiasat_689", "source": "indiasat", "raw_class": "built-up", "core_class": "built_up", "lon": 75.863797425499982, "lat": 30.860852990361956, "block": "75_30" }, "geometry": { "type": "Polygon", "coordinates": [ [ [ 75.863649375970894, 30.86086313028791 ], [ 75.863693965095507, 30.860760644895901 ], [ 75.863796528893488, 30.860738296949847 ], [ 75.863952634929007, 30.860738275742417 ], [ 75.863957067238687, 30.860760648076258 ], [ 75.863925863775592, 30.86086762133176 ], [ 75.863858935869843, 30.860965741695065 ], [ 75.863725168609761, 30.860992437566953 ], [ 75.863662761574389, 30.8609300854107 ], [ 75.863649375970894, 30.86086313028791 ] ] ] } },
{ "type": "Feature", "properties": { "polygon_id": "indiasat_707", "source": "indiasat", "raw_class": "built-up", "core_class": "built_up", "lon": 75.862047616444585, "lat": 30.861916218774734, "block": "75_30" }, "geometry": { "type": "Polygon", "coordinates": [ [ [ 75.861888049986561, 30.861955651702559 ], [ 75.862008433224418, 30.861969004142846 ], [ 75.862017386612848, 30.861576663082268 ], [ 75.862115430611311, 30.861576640202756 ], [ 75.862102044861444, 30.862241008575527 ], [ 75.862004000853716, 30.862241031249287 ], [ 75.862012865594991, 30.862004676110075 ], [ 75.861937072039083, 30.862000216456543 ], [ 75.861937072039083, 30.862053759201135 ], [ 75.861892482360901, 30.862053704389279 ], [ 75.861888049986561, 30.861955651702559 ] ] ] } },
{ "type": "Feature", "properties": { "polygon_id": "indiasat_708", "source": "indiasat", "raw_class": "built-up", "core_class": "built_up", "lon": 75.860136543475662, "lat": 30.863082455033009, "block": "75_30" }, "geometry": { "type": "Polygon", "coordinates": [ [ [ 75.859926001531022, 30.863190774913804 ], [ 75.860247086819697, 30.862905399391632 ], [ 75.860340699621531, 30.862985714791261 ], [ 75.860037521573005, 30.863248794288705 ], [ 75.860001884812377, 30.863217555154122 ], [ 75.859979545345922, 30.863239874391034 ], [ 75.859926001531022, 30.863190774913804 ] ] ] } },
{ "type": "Feature", "properties": { "polygon_id": "indiasat_709", "source": "indiasat", "raw_class": "built-up", "core_class": "built_up", "lon": 75.863403207969952, "lat": 30.85818695401688, "block": "75_30" }, "geometry": { "type": "Polygon", "coordinates": [ [ [ 75.863176712656681, 30.858267971404267 ], [ 75.863181144990676, 30.858094099793881 ], [ 75.863395226556861, 30.858102995912347 ], [ 75.863390794229602, 30.858160940124666 ], [ 75.863484404952246, 30.858160938326584 ], [ 75.863488837276591, 30.85809406998208 ], [ 75.863631558046379, 30.858098484415876 ], [ 75.863627125726509, 30.858281366183068 ], [ 75.863479972627758, 30.858281351238581 ], [ 75.863479972627758, 30.85822334458194 ], [ 75.863390794229602, 30.858223408845333 ], [ 75.863390794229602, 30.858272405581051 ], [ 75.863176712656681, 30.858267971404267 ] ] ] } },
{ "type": "Feature", "properties": { "polygon_id": "indiasat_724", "source": "indiasat", "raw_class": "built-up", "core_class": "built_up", "lon": 75.861819693061918, "lat": 30.826409477230001, "block": "75_30" }, "geometry": { "type": "Polygon", "coordinates": [ [ [ 75.861482221203488, 30.825921667328132 ], [ 75.861986182722049, 30.825908262675874 ], [ 75.862004000853716, 30.82643886620561 ], [ 75.862267106138802, 30.826434469355025 ], [ 75.862280403225796, 30.826800119992285 ], [ 75.861517946239189, 30.826822379070823 ], [ 75.861482221203488, 30.825921667328132 ] ] ] } },
{ "type": "Feature", "properties": { "polygon_id": "indiasat_725", "source": "indiasat", "raw_class": "built-up", "core_class": "built_up", "lon": 75.860653922809291, "lat": 30.824820115570166, "block": "75_30" }, "geometry": { "type": "Polygon", "coordinates": [ [ [ 75.860148952878589, 30.824646319909167 ], [ 75.861152273921618, 30.824628532983869 ], [ 75.861156706319008, 30.824994149254021 ], [ 75.860157906384629, 30.825012007104501 ], [ 75.860148952878589, 30.824646319909167 ] ] ] } },
{ "type": "Feature", "properties": { "polygon_id": "indiasat_726", "source": "indiasat", "raw_class": "built-up", "core_class": "built_up", "lon": 75.861506332659616, "lat": 30.825392315873572, "block": "75_30" }, "geometry": { "type": "Polygon", "coordinates": [ [ [ 75.861156706319008, 30.824994149254021 ], [ 75.86183450689353, 30.82496293395101 ], [ 75.861861278442575, 30.825792365743087 ], [ 75.861170092158261, 30.825814628324839 ], [ 75.861156706319008, 30.824994149254021 ] ] ] } },
{ "type": "Feature", "properties": { "polygon_id": "indiasat_733", "source": "indiasat", "raw_class": "built-up", "core_class": "built_up", "lon": 86.182609512309099, "lat": 22.807743130036009, "block": "86_22" }, "geometry": { "type": "Polygon", "coordinates": [ [ [ 86.18226784732181, 22.807499208652544 ], [ 86.182330314648652, 22.807499245801232 ], [ 86.182334737798087, 22.807436809090493 ], [ 86.182785121044262, 22.807432388535162 ], [ 86.182789544154318, 22.807392191028889 ], [ 86.182856433947279, 22.807392242630819 ], [ 86.182856433947279, 22.807414481878038 ], [ 86.182932247446601, 22.807405578182603 ], [ 86.182923323652631, 22.807463550568269 ], [ 86.182936748142112, 22.807472493997647 ], [ 86.182932247446601, 22.807583946016944 ], [ 86.182923323652631, 22.807989758241558 ], [ 86.182914399857097, 22.808065521973109 ], [ 86.182348084843198, 22.808061096586179 ], [ 86.182339160947137, 22.808007600435353 ], [ 86.18227677123032, 22.807994221580586 ], [ 86.18226784732181, 22.807499208652544 ] ] ] } },
{ "type": "Feature", "properties": { "polygon_id": "indiasat_734", "source": "indiasat", "raw_class": "built-up", "core_class": "built_up", "lon": 86.182746824821564, "lat": 22.808665701621749, "block": "86_22" }, "geometry": { "type": "Polygon", "coordinates": [ [ [ 86.182307966098264, 22.808729948777199 ], [ 86.182312466848771, 22.808551597799212 ], [ 86.182464017751059, 22.80855602846227 ], [ 86.182464017751059, 22.808622927644056 ], [ 86.182682535823034, 22.808614068231858 ], [ 86.182727154987688, 22.808654164177849 ], [ 86.182963441914168, 22.808654169869257 ], [ 86.182963441914168, 22.808582822817247 ], [ 86.182999137052661, 22.808582856880598 ], [ 86.182994713960767, 22.808507047297596 ], [ 86.183128492921611, 22.808511507483995 ], [ 86.183123992243011, 22.808765653514349 ], [ 86.182673611985436, 22.808761178906259 ], [ 86.182678112703712, 22.808734417618119 ], [ 86.182307966098264, 22.808729948777199 ] ] ] } },
{ "type": "Feature", "properties": { "polygon_id": "indiasat_735", "source": "indiasat", "raw_class": "built-up", "core_class": "built_up", "lon": 86.182782329806585, "lat": 22.808349537839735, "block": "86_22" }, "geometry": { "type": "Polygon", "coordinates": [ [ [ 86.182678112703712, 22.808119072011948 ], [ 86.182901052960005, 22.808119031785647 ], [ 86.182869858454339, 22.808596204479102 ], [ 86.182678112703712, 22.808587275711641 ], [ 86.182678112703712, 22.808119072011948 ] ] ] } },
{ "type": "Feature", "properties": { "polygon_id": "indiasat_736", "source": "indiasat", "raw_class": "built-up", "core_class": "built_up", "lon": 86.191300076592071, "lat": 22.813258436793802, "block": "86_22" }, "geometry": { "type": "Polygon", "coordinates": [ [ [ 86.191025563978911, 22.813465510938322 ], [ 86.191092442981613, 22.812988368065113 ], [ 86.191565093481387, 22.813024031411789 ], [ 86.191502637453269, 22.8135502062689 ], [ 86.191025563978911, 22.813465510938322 ] ] ] } },
{ "type": "Feature", "properties": { "polygon_id": "indiasat_737", "source": "indiasat", "raw_class": "built-up", "core_class": "built_up", "lon": 86.434057001903341, "lat": 23.796739720182341, "block": "86_23" }, "geometry": { "type": "Polygon", "coordinates": [ [ [ 86.433877094639143, 23.796724031909907 ], [ 86.433952918832205, 23.796603660295286 ], [ 86.434238300916718, 23.796755278666829 ], [ 86.43415799876297, 23.796875638040003 ], [ 86.433877094639143, 23.796724031909907 ] ] ] } },
{ "type": "Feature", "properties": { "polygon_id": "indiasat_802", "source": "indiasat", "raw_class": "built-up", "core_class": "built_up", "lon": 80.1964775804488, "lat": 13.012264395086177, "block": "80_13" }, "geometry": { "type": "Polygon", "coordinates": [ [ [ 80.196178894893421, 13.011839713824831 ], [ 80.196745169252125, 13.011821828275593 ], [ 80.196771899488212, 13.012691427299078 ], [ 80.196214563819211, 13.012709216384222 ], [ 80.196178894893421, 13.011839713824831 ] ] ] } },
{ "type": "Feature", "properties": { "polygon_id": "indiasat_807", "source": "indiasat", "raw_class": "built-up", "core_class": "built_up", "lon": 77.044168617633261, "lat": 28.419557489249584, "block": "77_28" }, "geometry": { "type": "Polygon", "coordinates": [ [ [ 77.043670247885814, 28.419723805592135 ], [ 77.044611093415938, 28.419286817578651 ], [ 77.044677944999663, 28.419380470875048 ], [ 77.043741580221962, 28.41982638437111 ], [ 77.043670247885814, 28.419723805592135 ] ] ] } },
{ "type": "Feature", "properties": { "polygon_id": "indiasat_808", "source": "indiasat", "raw_class": "built-up", "core_class": "built_up", "lon": 77.043957914100304, "lat": 28.419278713249781, "block": "77_28" }, "geometry": { "type": "Polygon", "coordinates": [ [ [ 77.04368360074011, 28.41915748789334 ], [ 77.043995723289029, 28.419010397329615 ], [ 77.044232032816339, 28.419402770064117 ], [ 77.043919910878046, 28.419545482387292 ], [ 77.04368360074011, 28.41915748789334 ] ] ] } },
{ "type": "Feature", "properties": { "polygon_id": "indiasat_809", "source": "indiasat", "raw_class": "built-up", "core_class": "built_up", "lon": 77.043369872824883, "lat": 28.419136682830349, "block": "77_28" }, "geometry": { "type": "Polygon", "coordinates": [ [ [ 77.042555455041352, 28.419433960770252 ], [ 77.044111681925258, 28.418720509800867 ], [ 77.044183014000723, 28.418840952410751 ], [ 77.042622307762713, 28.419554409821803 ], [ 77.042555455041352, 28.419433960770252 ] ] ] } },
{ "type": "Feature", "properties": { "polygon_id": "indiasat_810", "source": "indiasat", "raw_class": "built-up", "core_class": "built_up", "lon": 77.043327602821336, "lat": 28.419691451259879, "block": "77_28" }, "geometry": { "type": "Polygon", "coordinates": [ [ [ 77.042970099444318, 28.419487465833562 ], [ 77.043322370371911, 28.419322527826644 ], [ 77.04368360074011, 28.419893305598254 ], [ 77.043335811112641, 28.42006270325626 ], [ 77.042970099444318, 28.419487465833562 ] ] ] } },
{ "type": "Feature", "properties": { "polygon_id": "indiasat_811", "source": "indiasat", "raw_class": "built-up", "core_class": "built_up", "lon": 77.042680273473962, "lat": 28.419879870040397, "block": "77_28" }, "geometry": { "type": "Polygon", "coordinates": [ [ [ 77.042372642088765, 28.419527650663039 ], [ 77.042492994712404, 28.419469626746469 ], [ 77.042987932635654, 28.420232178467046 ], [ 77.042867580505089, 28.420290114906194 ], [ 77.042372642088765, 28.419527650663039 ] ] ] } },
{ "type": "Feature", "properties": { "polygon_id": "indiasat_812", "source": "indiasat", "raw_class": "built-up", "core_class": "built_up", "lon": 77.044652961938453, "lat": 28.419051515857699, "block": "77_28" }, "geometry": { "type": "Polygon", "coordinates": [ [ [ 77.044437156139026, 28.418831973777266 ], [ 77.044579907710471, 28.418769623937955 ], [ 77.044869714843358, 28.419268987661201 ], [ 77.044722571266249, 28.419331439994071 ], [ 77.044437156139026, 28.418831973777266 ] ] ] } },
{ "type": "Feature", "properties": { "polygon_id": "indiasat_813", "source": "indiasat", "raw_class": "built-up", "core_class": "built_up", "lon": 77.045364742778631, "lat": 28.417700297453976, "block": "77_28" }, "geometry": { "type": "Polygon", "coordinates": [ [ [ 77.044941046471152, 28.41812750505089 ], [ 77.045275478799766, 28.417275800391945 ], [ 77.045806158721319, 28.417293617959192 ], [ 77.045427101872448, 28.41813192166773 ], [ 77.044941046471152, 28.41812750505089 ] ] ] } },
{ "type": "Feature", "properties": { "polygon_id": "indiasat_814", "source": "indiasat", "raw_class": "built-up", "core_class": "built_up", "lon": 77.028506065565836, "lat": 28.450157846321591, "block": "77_28" }, "geometry": { "type": "Polygon", "coordinates": [ [ [ 77.028228353822769, 28.449947632818503 ], [ 77.028326492230363, 28.449885225693436 ], [ 77.028531554680157, 28.45009481188497 ], [ 77.02884819712925, 28.450054623970853 ], [ 77.028870425327753, 28.450179509079572 ], [ 77.028536035475312, 28.450215183116342 ], [ 77.028415668959667, 28.450473825990915 ], [ 77.02830417607305, 28.450433653107218 ], [ 77.028420061900306, 28.450179480645509 ], [ 77.028228353822769, 28.449947632818503 ] ] ] } },
{ "type": "Feature", "properties": { "polygon_id": "indiasat_816", "source": "indiasat", "raw_class": "built-up", "core_class": "built_up", "lon": 75.85835697191024, "lat": 30.862974436436343, "block": "75_30" }, "geometry": { "type": "Polygon", "coordinates": [ [ [ 75.858173582849929, 30.863239869484001 ], [ 75.858405490573688, 30.86266462717202 ], [ 75.858548216468691, 30.86271813014547 ], [ 75.858285104272127, 30.863306728164289 ], [ 75.858173582849929, 30.863239869484001 ] ] ] } },
{ "type": "Feature", "properties": { "polygon_id": "indiasat_826", "source": "indiasat", "raw_class": "built-up", "core_class": "built_up", "lon": 77.093356419179628, "lat": 28.495009137185807, "block": "77_28" }, "geometry": { "type": "Polygon", "coordinates": [ [ [ 77.092885324647568, 28.494632249784107 ], [ 77.093317884972933, 28.494453912324591 ], [ 77.093826224784166, 28.495390312982053 ], [ 77.093398144675106, 28.495564266171634 ], [ 77.092885324647568, 28.494632249784107 ] ] ] } },
{ "type": "Feature", "properties": { "polygon_id": "indiasat_827", "source": "indiasat", "raw_class": "built-up", "core_class": "built_up", "lon": 77.092871932463737, "lat": 28.496464942243591, "block": "77_28" }, "geometry": { "type": "Polygon", "coordinates": [ [ [ 77.092381459274648, 28.49652290257923 ], [ 77.093036887781011, 28.496054699594438 ], [ 77.093362405405159, 28.496406980272429 ], [ 77.092706978675963, 28.496875183933867 ], [ 77.092381459274648, 28.49652290257923 ] ] ] } },
{ "type": "Feature", "properties": { "polygon_id": "indiasat_835", "source": "indiasat", "raw_class": "built-up", "core_class": "built_up", "lon": 77.072533330480368, "lat": 28.45914393932453, "block": "77_28" }, "geometry": { "type": "Polygon", "coordinates": [ [ [ 77.07193642414363, 28.458651747120065 ], [ 77.071981040322626, 28.45858932247527 ], [ 77.072061314272318, 28.458544773038177 ], [ 77.072132629815101, 28.458562575203931 ], [ 77.072467074555462, 28.458905986896202 ], [ 77.072547348181004, 28.45898619989411 ], [ 77.072681108162399, 28.458910371558328 ], [ 77.072756902491648, 28.458914858328082 ], [ 77.072814867995135, 28.458950550490123 ], [ 77.072846134224818, 28.459013005410572 ], [ 77.072837175923894, 28.459079822266652 ], [ 77.072721244910497, 28.459160166810907 ], [ 77.072765860798555, 28.459209196553886 ], [ 77.073060167157664, 28.459507947254625 ], [ 77.073073516757617, 28.459601598899166 ], [ 77.073015551378703, 28.459677361224941 ], [ 77.072908578833392, 28.459726435218805 ], [ 77.072805997518387, 28.459704138380093 ], [ 77.072418067217271, 28.459276087066044 ], [ 77.071949861695344, 28.458732011928713 ], [ 77.07193642414363, 28.458651747120065 ] ] ] } },
{ "type": "Feature", "properties": { "polygon_id": "indiasat_837", "source": "indiasat", "raw_class": "built-up", "core_class": "built_up", "lon": 77.04498896610842, "lat": 28.418290356288974, "block": "77_28" }, "geometry": { "type": "Polygon", "coordinates": [ [ [ 77.04469577793887, 28.418372719675254 ], [ 77.044700258135009, 28.41819880525782 ], [ 77.045279958974405, 28.418207773464868 ], [ 77.045279958974405, 28.41838168170505 ], [ 77.04469577793887, 28.418372719675254 ] ] ] } },
{ "type": "Feature", "properties": { "polygon_id": "indiasat_838", "source": "indiasat", "raw_class": "built-up", "core_class": "built_up", "lon": 77.043922536554646, "lat": 28.415914656839124, "block": "77_28" }, "geometry": { "type": "Polygon", "coordinates": [ [ [ 77.043237684886108, 28.415817648308142 ], [ 77.044602133016866, 28.415822142425569 ], [ 77.044602133016866, 28.416013829095643 ], [ 77.043237684886108, 28.41600495587269 ], [ 77.043237684886108, 28.415817648308142 ] ] ] } },
{ "type": "Feature", "properties": { "polygon_id": "indiasat_839", "source": "indiasat", "raw_class": "built-up", "core_class": "built_up", "lon": 77.044943532563778, "lat": 28.41629398542646, "block": "77_28" }, "geometry": { "type": "Polygon", "coordinates": [ [ [ 77.044624446166239, 28.416205562310363 ], [ 77.045253165770703, 28.41619665467223 ], [ 77.045257645946165, 28.416370558455739 ], [ 77.045311144499109, 28.416383940635786 ], [ 77.044628926365021, 28.416388397734831 ], [ 77.044624446166239, 28.416205562310363 ] ] ] } },
{ "type": "Feature", "properties": { "polygon_id": "indiasat_840", "source": "indiasat", "raw_class": "built-up", "core_class": "built_up", "lon": 77.045758321599962, "lat": 28.416762687154353, "block": "77_28" }, "geometry": { "type": "Polygon", "coordinates": [ [ [ 77.04561887052661, 28.417066211817893 ], [ 77.045645575802908, 28.41641070960176 ], [ 77.045868529490917, 28.416446360591191 ], [ 77.045904195015112, 28.417075117548112 ], [ 77.04561887052661, 28.417066211817893 ] ] ] } },
{ "type": "Feature", "properties": { "polygon_id": "indiasat_846", "source": "indiasat", "raw_class": "built-up", "core_class": "built_up", "lon": 77.048501289398274, "lat": 28.451196893438389, "block": "77_28" }, "geometry": { "type": "Polygon", "coordinates": [ [ [ 77.048129316371984, 28.451102567004607 ], [ 77.048401282597155, 28.450924159397271 ], [ 77.048437035217503, 28.450959822257204 ], [ 77.048472699983023, 28.45093751784464 ], [ 77.048807122530334, 28.451258563359367 ], [ 77.048753625526288, 28.451303226570214 ], [ 77.048789290198286, 28.451338880850336 ], [ 77.048548509535806, 28.451526158781036 ], [ 77.048423595044525, 28.451401272629489 ], [ 77.04857521416416, 28.451285339887111 ], [ 77.048552901744827, 28.451263053815506 ], [ 77.04853506937522, 28.451280859870884 ], [ 77.048423595044525, 28.451169437901076 ], [ 77.048441427430575, 28.451156009398996 ], [ 77.048414722772634, 28.451124807750993 ], [ 77.048267583515212, 28.451240734226786 ], [ 77.048129316371984, 28.451102567004607 ] ] ] } },
{ "type": "Feature", "properties": { "polygon_id": "indiasat_853", "source": "indiasat", "raw_class": "built-up", "core_class": "built_up", "lon": 77.043691088449364, "lat": 28.468943455464245, "block": "77_28" }, "geometry": { "type": "Polygon", "coordinates": [ [ [ 77.04306822588822, 28.468898825558753 ], [ 77.043977890246452, 28.468484127616691 ], [ 77.044321285662519, 28.468979097251026 ], [ 77.043398183157919, 28.46940711928546 ], [ 77.04306822588822, 28.468898825558753 ] ] ] } },
{ "type": "Feature", "properties": { "polygon_id": "indiasat_854", "source": "indiasat", "raw_class": "built-up", "core_class": "built_up", "lon": 77.046775293805197, "lat": 28.477983671816183, "block": "77_28" }, "geometry": { "type": "Polygon", "coordinates": [ [ [ 77.04655970087704, 28.477923984516629 ], [ 77.046760340126738, 28.477785760653191 ], [ 77.046992251978963, 28.478040002168463 ], [ 77.046787132996059, 28.478182608796129 ], [ 77.04655970087704, 28.477923984516629 ] ] ] } },
{ "type": "Feature", "properties": { "polygon_id": "indiasat_855", "source": "indiasat", "raw_class": "built-up", "core_class": "built_up", "lon": 77.047710165209182, "lat": 28.479007581417708, "block": "77_28" }, "geometry": { "type": "Polygon", "coordinates": [ [ [ 77.047447114159169, 28.478958515974085 ], [ 77.047714601836958, 28.478771237646662 ], [ 77.04797321661782, 28.479056588139372 ], [ 77.04770572951297, 28.479243954216503 ], [ 77.047447114159169, 28.478958515974085 ] ] ] } },
{ "type": "Feature", "properties": { "polygon_id": "indiasat_856", "source": "indiasat", "raw_class": "built-up", "core_class": "built_up", "lon": 77.044339099936579, "lat": 28.416745140282767, "block": "77_28" }, "geometry": { "type": "Polygon", "coordinates": [ [ [ 77.044133995165211, 28.417150918391272 ], [ 77.044138387534787, 28.416339414461845 ], [ 77.044544241795208, 28.416339349731562 ], [ 77.044539761593271, 28.417150933695183 ], [ 77.044133995165211, 28.417150918391272 ] ] ] } },
{ "type": "Feature", "properties": { "polygon_id": "indiasat_857", "source": "indiasat", "raw_class": "built-up", "core_class": "built_up", "lon": 77.044214259253351, "lat": 28.41767703496124, "block": "77_28" }, "geometry": { "type": "Polygon", "coordinates": [ [ [ 77.043969017647939, 28.41737838223974 ], [ 77.044116162143055, 28.417324861364825 ], [ 77.044450596755709, 28.417993677234538 ], [ 77.044321285662519, 28.418047251475144 ], [ 77.044303452668004, 28.418011558343395 ], [ 77.044312325241947, 28.418007071096294 ], [ 77.044303452668004, 28.417984762839609 ], [ 77.044312325241947, 28.417980363158165 ], [ 77.044303452668004, 28.417966986735095 ], [ 77.044321285662519, 28.417962486612652 ], [ 77.044298972457156, 28.417931265822773 ], [ 77.044285531823576, 28.417935751049441 ], [ 77.044281139459358, 28.417926834106272 ], [ 77.044267698823802, 28.417931231763866 ], [ 77.044254346034066, 28.417909017500289 ], [ 77.044240993242852, 28.41790449177666 ], [ 77.04421419980865, 28.417851035372959 ], [ 77.044218680022652, 28.417842097098521 ], [ 77.044205327227502, 28.417819795256825 ], [ 77.044223160236498, 28.417810916785722 ], [ 77.04421419980865, 28.417797531891047 ], [ 77.044232032816339, 28.417793031770834 ], [ 77.044218680022652, 28.417775195847423 ], [ 77.044196366798346, 28.417788546676977 ], [ 77.044156220553674, 28.417717254310087 ], [ 77.044142867751603, 28.417717282068029 ], [ 77.044129514948068, 28.417686048364033 ], [ 77.044133995165211, 28.417681576007876 ], [ 77.044125034730754, 28.417659259254865 ], [ 77.044138387534787, 28.417650387215506 ], [ 77.044125034730754, 28.417632551276103 ], [ 77.044142867751603, 28.417628051158449 ], [ 77.044133995165211, 28.417610208784186 ], [ 77.044120554513299, 28.41761469400975 ], [ 77.044116162143055, 28.417605777051413 ], [ 77.04409832911827, 28.41761018959911 ], [ 77.044089368681171, 28.417587960405086 ], [ 77.044076015871724, 28.417587900592828 ], [ 77.044035869587049, 28.417516608145746 ], [ 77.04404474218066, 28.417512120897619 ], [ 77.044031389366268, 28.417489819015344 ], [ 77.044049222400929, 28.417476474614482 ], [ 77.044035869587049, 28.417467570513292 ], [ 77.044062575213346, 28.417454117217211 ], [ 77.044049222400943, 28.417436281259416 ], [ 77.044026909145316, 28.417445253735931 ], [ 77.044022516771676, 28.417436336769502 ], [ 77.044009076107358, 28.417440734424371 ], [ 77.043995723289029, 28.417409588243078 ], [ 77.043986850691837, 28.417413987924778 ], [ 77.043969017647939, 28.41737838223974 ] ] ] } },
{ "type": "Feature", "properties": { "polygon_id": "indiasat_858", "source": "indiasat", "raw_class": "built-up", "core_class": "built_up", "lon": 77.058099484238483, "lat": 28.472763823411565, "block": "77_28" }, "geometry": { "type": "Polygon", "coordinates": [ [ [ 77.057810005451032, 28.472769340801552 ], [ 77.057832316158496, 28.472622142645339 ], [ 77.058117699607635, 28.472604279508641 ], [ 77.058211334042426, 28.47265785577606 ], [ 77.058287137476242, 28.47269798416438 ], [ 77.058282657784488, 28.473010078131978 ], [ 77.058117699607635, 28.472978872212071 ], [ 77.058117699607635, 28.472755902549 ], [ 77.057810005451032, 28.472769340801552 ] ] ] } },
{ "type": "Feature", "properties": { "polygon_id": "indiasat_859", "source": "indiasat", "raw_class": "built-up", "core_class": "built_up", "lon": 77.05804413574046, "lat": 28.473172827755032, "block": "77_28" }, "geometry": { "type": "Polygon", "coordinates": [ [ [ 77.058117699607635, 28.472978872212071 ], [ 77.058255955304716, 28.473085856703936 ], [ 77.057970572182811, 28.47336678301815 ], [ 77.057832316158496, 28.473259798335135 ], [ 77.058117699607635, 28.472978872212071 ] ] ] } },
{ "type": "Feature", "properties": { "polygon_id": "indiasat_860", "source": "indiasat", "raw_class": "built-up", "core_class": "built_up", "lon": 77.058201055655232, "lat": 28.47248758026754, "block": "77_28" }, "geometry": { "type": "Polygon", "coordinates": [ [ [ 77.058211334042426, 28.47265785577606 ], [ 77.05801510569691, 28.472479456394151 ], [ 77.058184631546851, 28.472318946782192 ], [ 77.058291617167825, 28.472399196052397 ], [ 77.058380771779454, 28.472510644012971 ], [ 77.058211334042426, 28.47265785577606 ] ] ] } },
{ "type": "Feature", "properties": { "polygon_id": "indiasat_861", "source": "indiasat", "raw_class": "built-up", "core_class": "built_up", "lon": 77.058583885587339, "lat": 28.47122712003009, "block": "77_28" }, "geometry": { "type": "Polygon", "coordinates": [ [ [ 77.058385251467556, 28.471302286698506 ], [ 77.058630492178139, 28.471043663925368 ], [ 77.05878209847107, 28.471155085639051 ], [ 77.058536858068862, 28.471409243911239 ], [ 77.058385251467556, 28.471302286698506 ] ] ] } },
{ "type": "Feature", "properties": { "polygon_id": "indiasat_862", "source": "indiasat", "raw_class": "built-up", "core_class": "built_up", "lon": 77.059242092102352, "lat": 28.472648395835122, "block": "77_28" }, "geometry": { "type": "Polygon", "coordinates": [ [ [ 77.058982805234237, 28.47277819563104 ], [ 77.059116580278555, 28.472635514875918 ], [ 77.059205734280155, 28.472702403260769 ], [ 77.059312718995059, 28.472590933751984 ], [ 77.059219085415606, 28.47252405175972 ], [ 77.05933950907712, 28.472394704318656 ], [ 77.059491114478476, 28.472506212525882 ], [ 77.059134411084145, 28.472889704110194 ], [ 77.058982805234237, 28.47277819563104 ] ] ] } },
{ "type": "Feature", "properties": { "polygon_id": "indiasat_863", "source": "indiasat", "raw_class": "built-up", "core_class": "built_up", "lon": 77.059176743874929, "lat": 28.471710278673008, "block": "77_28" }, "geometry": { "type": "Polygon", "coordinates": [ [ [ 77.058960494739651, 28.471761516150135 ], [ 77.059228044729366, 28.471520798819189 ], [ 77.059393001387079, 28.471658980423435 ], [ 77.05912545176345, 28.471899785495051 ], [ 77.058960494739651, 28.471761516150135 ] ] ] } },
{ "type": "Feature", "properties": { "polygon_id": "indiasat_864", "source": "indiasat", "raw_class": "built-up", "core_class": "built_up", "lon": 77.058610464533515, "lat": 28.471496229654527, "block": "77_28" }, "geometry": { "type": "Polygon", "coordinates": [ [ [ 77.058470014162111, 28.471507420744462 ], [ 77.058603789775404, 28.47137358109207 ], [ 77.058750916427556, 28.471485096636556 ], [ 77.058617140977518, 28.471618848843587 ], [ 77.058470014162111, 28.471507420744462 ] ] ] } },
{ "type": "Feature", "properties": { "polygon_id": "indiasat_865", "source": "indiasat", "raw_class": "built-up", "core_class": "built_up", "lon": 77.059238201233356, "lat": 28.473533503712204, "block": "77_28" }, "geometry": { "type": "Polygon", "coordinates": [ [ [ 77.058960494739651, 28.473531798396461 ], [ 77.059129931423868, 28.473362350702757 ], [ 77.059326157955013, 28.473362337536678 ], [ 77.059508945228686, 28.473505036723473 ], [ 77.059268185960249, 28.473768114890689 ], [ 77.058960494739651, 28.473531798396461 ] ] ] } },
{ "type": "Feature", "properties": { "polygon_id": "indiasat_866", "source": "indiasat", "raw_class": "built-up", "core_class": "built_up", "lon": 77.058414237621975, "lat": 28.473511758864525, "block": "77_28" }, "geometry": { "type": "Polygon", "coordinates": [ [ [ 77.058278265929658, 28.47354077190273 ], [ 77.058434264514787, 28.473389115469423 ], [ 77.05855020927838, 28.473482745659854 ], [ 77.058394210843275, 28.473634402175993 ], [ 77.058278265929658, 28.47354077190273 ] ] ] } },
{ "type": "Feature", "properties": { "polygon_id": "indiasat_867", "source": "indiasat", "raw_class": "built-up", "core_class": "built_up", "lon": 77.050804970391098, "lat": 28.410153009693886, "block": "77_28" }, "geometry": { "type": "Polygon", "coordinates": [ [ [ 77.050604133733714, 28.410110025918289 ], [ 77.050613005844667, 28.410105537702631 ], [ 77.050617485821249, 28.410056490269813 ], [ 77.050608613710622, 28.4100520460829 ], [ 77.050613005844667, 28.410029787405303 ], [ 77.050653149942519, 28.41002970945528 ], [ 77.050653149942519, 28.410020864619703 ], [ 77.050715606050701, 28.410020831846314 ], [ 77.050715606050701, 28.410034230460763 ], [ 77.050778062126568, 28.410043130066118 ], [ 77.05078245425446, 28.410074378259051 ], [ 77.050822598295952, 28.410074300254411 ], [ 77.0508359503593, 28.410029784521001 ], [ 77.050880574349804, 28.410034165906929 ], [ 77.050889534282902, 28.410020841273543 ], [ 77.05095190242632, 28.410020799918591 ], [ 77.050960862354145, 28.410034184950973 ], [ 77.050974214402203, 28.410034243683867 ], [ 77.051001006336293, 28.41003419445185 ], [ 77.051001006336293, 28.410056525491182 ], [ 77.050992046411451, 28.410056539084565 ], [ 77.050992046411451, 28.410110045993051 ], [ 77.051001006336293, 28.41011003240099 ], [ 77.05099652637395, 28.410132282653588 ], [ 77.050978694365369, 28.410127852082141 ], [ 77.050978694365369, 28.410123385876652 ], [ 77.050929678288782, 28.410123398397253 ], [ 77.05092071835864, 28.410132344392828 ], [ 77.050876094382986, 28.410132341643997 ], [ 77.050876094382986, 28.41016798370007 ], [ 77.05092071835864, 28.410167986453288 ], [ 77.05092071835864, 28.410176918860397 ], [ 77.050956382390325, 28.410181401388705 ], [ 77.050960862354145, 28.410172462187184 ], [ 77.050987566448782, 28.410172404516235 ], [ 77.050987566448782, 28.410194735536667 ], [ 77.050978694365369, 28.410194757577909 ], [ 77.050978694365369, 28.410261663047464 ], [ 77.050992046411451, 28.410261634213988 ], [ 77.050992046411451, 28.410283877650453 ], [ 77.050867222291387, 28.41027948562699 ], [ 77.050867222291387, 28.410261620825676 ], [ 77.050853870231478, 28.41026164964455 ], [ 77.050844910295723, 28.410279440448981 ], [ 77.050827078264732, 28.410279476051958 ], [ 77.050818118326987, 28.410261624827271 ], [ 77.050786934224732, 28.410261601665457 ], [ 77.05078245425446, 28.410275007049332 ], [ 77.0507602300857, 28.410274970307555 ], [ 77.050751270142996, 28.410257206653096 ], [ 77.050737918070269, 28.410257147886046 ], [ 77.050728958125902, 28.410279492447241 ], [ 77.050662109892514, 28.410283919041788 ], [ 77.050662109892514, 28.410266054251039 ], [ 77.050648669967273, 28.410266074593178 ], [ 77.050644277834522, 28.410279488418706 ], [ 77.050621965797646, 28.410274977000046 ], [ 77.050630837907292, 28.410194738563231 ], [ 77.050617485821249, 28.410185834958238 ], [ 77.050617485821249, 28.410167970159442 ], [ 77.050648669967273, 28.410172459559714 ], [ 77.050648669967273, 28.410176925759853 ], [ 77.050693294027027, 28.410176928603001 ], [ 77.050697774000611, 28.410167989417982 ], [ 77.050728958125902, 28.410168012596092 ], [ 77.050728958125902, 28.410127816779596 ], [ 77.050679941947877, 28.410132295394138 ], [ 77.050679941947877, 28.410123362990639 ], [ 77.050635317883206, 28.410118893947491 ], [ 77.050626445773887, 28.41012784836564 ], [ 77.050608613710622, 28.410127883941993 ], [ 77.050604133733714, 28.410110025918289 ] ] ] } },
{ "type": "Feature", "properties": { "polygon_id": "indiasat_868", "source": "indiasat", "raw_class": "built-up", "core_class": "built_up", "lon": 77.049699533233508, "lat": 28.4090183754947, "block": "77_28" }, "geometry": { "type": "Polygon", "coordinates": [ [ [ 77.049547293752212, 28.409097835785918 ], [ 77.049565125972265, 28.40909780032441 ], [ 77.049565125972265, 28.409048759525909 ], [ 77.049614230446437, 28.409048755898478 ], [ 77.049614230446437, 28.409008647515222 ], [ 77.049565125972265, 28.409008651148103 ], [ 77.049565125972265, 28.408959522751097 ], [ 77.049551773768329, 28.408959551465895 ], [ 77.049551773768329, 28.408848071115703 ], [ 77.049681079260182, 28.40885254491721 ], [ 77.049681079260182, 28.408946160423877 ], [ 77.049690039282325, 28.408946234478766 ], [ 77.049690039282325, 28.408977410446042 ], [ 77.049707871481303, 28.408977374956294 ], [ 77.049707871481303, 28.408959597648927 ], [ 77.049716743658152, 28.408959575676057 ], [ 77.049721223667987, 28.408852554736889 ], [ 77.049841656811296, 28.408852584111294 ], [ 77.049841656811296, 28.409187025202414 ], [ 77.049734575853179, 28.409186966990713 ], [ 77.049734575853179, 28.409102284036202 ], [ 77.049716743658152, 28.40910223195106 ], [ 77.049716743658152, 28.409084454656256 ], [ 77.049690039282325, 28.409084424537625 ], [ 77.049690039282325, 28.409102289404 ], [ 77.049667727069064, 28.409102244068404 ], [ 77.049667727069064, 28.409195859434838 ], [ 77.049547293752212, 28.40919591733585 ], [ 77.049547293752212, 28.409097835785918 ] ] ] } },
{ "type": "Feature", "properties": { "polygon_id": "indiasat_869", "source": "indiasat", "raw_class": "built-up", "core_class": "built_up", "lon": 77.049756147762196, "lat": 28.410954840898583, "block": "77_28" }, "geometry": { "type": "Polygon", "coordinates": [ [ [ 77.049605270418638, 28.411010740873841 ], [ 77.04962310263015, 28.411010793069693 ], [ 77.04962310263015, 28.410894847867336 ], [ 77.049614230446437, 28.410890316044739 ], [ 77.049614230446437, 28.410832430985906 ], [ 77.049627582643467, 28.410827936162697 ], [ 77.049632062656613, 28.410805598575049 ], [ 77.049734575853179, 28.410792257127529 ], [ 77.049734575853179, 28.410805655645195 ], [ 77.049725703677652, 28.410810056174231 ], [ 77.049725703677652, 28.410890359682181 ], [ 77.049739055862347, 28.410890331018514 ], [ 77.049739055862347, 28.410899263358726 ], [ 77.049752408045578, 28.410899234693822 ], [ 77.049756888054091, 28.410890383187617 ], [ 77.049761368062434, 28.410890376449807 ], [ 77.049761368062434, 28.41087251176689 ], [ 77.049779200250882, 28.410872563931637 ], [ 77.0497836802584, 28.41077438896928 ], [ 77.049895153333125, 28.410796675708148 ], [ 77.049895153333125, 28.410939418091477 ], [ 77.049841656811296, 28.410939436777252 ], [ 77.049841656811296, 28.410970612393857 ], [ 77.049886193326202, 28.410970607196646 ], [ 77.049886193326216, 28.410992938044867 ], [ 77.049895153333125, 28.410992924561477 ], [ 77.049895153333125, 28.411006323069344 ], [ 77.049886193326216, 28.411019647486953 ], [ 77.049899545493147, 28.411033017315237 ], [ 77.04990850549909, 28.411059800841183 ], [ 77.049899545493147, 28.411086523756577 ], [ 77.049886193326216, 28.411091018598608 ], [ 77.049886193326202, 28.411113349431098 ], [ 77.049837176805923, 28.411122206108057 ], [ 77.049779200250867, 28.411126697640086 ], [ 77.049792552429665, 28.411064230233499 ], [ 77.049788072422473, 28.411028595208304 ], [ 77.049765848070606, 28.411024092060135 ], [ 77.049765848070606, 28.411006314962894 ], [ 77.049739055862347, 28.411006276261038 ], [ 77.049725703677652, 28.411019703420973 ], [ 77.049730095843827, 28.411113302564473 ], [ 77.049707871481317, 28.411113353138703 ], [ 77.049698911460482, 28.411104434276385 ], [ 77.049658767045244, 28.411108890363103 ], [ 77.049645414851668, 28.411108831437463 ], [ 77.049640934839005, 28.411122236657391 ], [ 77.049614230446437, 28.411122206371225 ], [ 77.049605270418638, 28.411010740873841 ] ] ] } },
{ "type": "Feature", "properties": { "polygon_id": "indiasat_870", "source": "indiasat", "raw_class": "built-up", "core_class": "built_up", "lon": 77.050966229672966, "lat": 28.411257188525369, "block": "77_28" }, "geometry": { "type": "Polygon", "coordinates": [ [ [ 77.050818118326987, 28.411117731913443 ], [ 77.0508359503593, 28.411117783925402 ], [ 77.0508359503593, 28.411090986856518 ], [ 77.050943030340278, 28.41109104459812 ], [ 77.050943030340278, 28.411184659204253 ], [ 77.050987566448782, 28.411184653603982 ], [ 77.050987566448782, 28.411091038986342 ], [ 77.051107998328519, 28.411090980197333 ], [ 77.051107998328519, 28.411416573301022 ], [ 77.050983174328366, 28.411416559641676 ], [ 77.050978694365369, 28.411313932011971 ], [ 77.050938550375804, 28.411314009933612 ], [ 77.050943030340278, 28.41142994849487 ], [ 77.050916238393341, 28.411429910037722 ], [ 77.050916238393341, 28.411420977696245 ], [ 77.050858262356599, 28.41142100356349 ], [ 77.050858262356613, 28.411429935903548 ], [ 77.050818118326987, 28.411429926197997 ], [ 77.050818118326987, 28.411273872913057 ], [ 77.050885054316439, 28.411273833488515 ], [ 77.050885054316439, 28.411233725486976 ], [ 77.050818118326987, 28.411233677346871 ], [ 77.050818118326987, 28.411117731913443 ] ] ] } },
{ "type": "Feature", "properties": { "polygon_id": "indiasat_871", "source": "indiasat", "raw_class": "built-up", "core_class": "built_up", "lon": 77.050987011134353, "lat": 28.410874102428522, "block": "77_28" }, "geometry": { "type": "Polygon", "coordinates": [ [ [ 77.050831558233355, 28.410729854255994 ], [ 77.050849390263679, 28.410729818674575 ], [ 77.050849390263679, 28.41070310911617 ], [ 77.050965342317795, 28.410703057131332 ], [ 77.050965342317795, 28.410720921891329 ], [ 77.05095190242632, 28.41072094225223 ], [ 77.05095190242632, 28.410761050381574 ], [ 77.050960862354145, 28.410761036808815 ], [ 77.050965342317795, 28.410796759528161 ], [ 77.050974214402203, 28.410796737502782 ], [ 77.050974214402203, 28.410805669878339 ], [ 77.05100539845607, 28.410810071651454 ], [ 77.05100539845607, 28.41077889590543 ], [ 77.051014358379902, 28.41077441613999 ], [ 77.051014358379902, 28.410734308006877 ], [ 77.051001006336293, 28.410734249253121 ], [ 77.051001006336293, 28.410707539684246 ], [ 77.051130310275539, 28.410707546286176 ], [ 77.051130310275539, 28.410769985392438 ], [ 77.05112135036029, 28.410769998978282 ], [ 77.05112135036029, 28.410836816676568 ], [ 77.051130310275539, 28.410836890664719 ], [ 77.051130310275539, 28.410859134034769 ], [ 77.051125830318, 28.410859140826684 ], [ 77.051125830318, 28.410934978435741 ], [ 77.051130310275539, 28.410934971644771 ], [ 77.051130310275539, 28.410997410667918 ], [ 77.051125830318, 28.410997417458105 ], [ 77.051125830318, 28.411046457908483 ], [ 77.051027710422048, 28.411046386780427 ], [ 77.051027710422048, 28.411037541988339 ], [ 77.05100539845607, 28.41103303061314 ], [ 77.05100539845607, 28.411010787273391 ], [ 77.051014358379902, 28.411010773702621 ], [ 77.051014358379902, 28.410966199441098 ], [ 77.05099652637395, 28.410966147464379 ], [ 77.05099652637395, 28.41093050556298 ], [ 77.050960862354145, 28.410930489176931 ], [ 77.050960862354145, 28.410979529624193 ], [ 77.05095190242632, 28.410979543191548 ], [ 77.05095190242632, 28.411019651260165 ], [ 77.050960862354145, 28.411024103875665 ], [ 77.050960862354145, 28.411041968601864 ], [ 77.05092071835864, 28.411046425156076 ], [ 77.05092071835864, 28.411033026613431 ], [ 77.050871702258505, 28.411033038986055 ], [ 77.050871702258505, 28.411050903706922 ], [ 77.050840430327597, 28.411050872039329 ], [ 77.050849390263679, 28.41100628425173 ], [ 77.050831558233355, 28.411001853638776 ], [ 77.050831558233355, 28.410939414668729 ], [ 77.050849390263679, 28.410939379097659 ], [ 77.050844910295723, 28.410885879250532 ], [ 77.050893926406744, 28.410885866869489 ], [ 77.050893926406744, 28.410850224961436 ], [ 77.050849390263679, 28.4108457643813 ], [ 77.050849390263679, 28.410814588655199 ], [ 77.050862742324071, 28.410814559857307 ], [ 77.050858262356613, 28.410801168080742 ], [ 77.0508359503593, 28.410796744255151 ], [ 77.050831558233355, 28.410729854255994 ] ] ] } },
{ "type": "Feature", "properties": { "polygon_id": "indiasat_872", "source": "indiasat", "raw_class": "built-up", "core_class": "built_up", "lon": 80.926909688393351, "lat": 26.860908318082227, "block": "80_26" }, "geometry": { "type": "Polygon", "coordinates": [ [ [ 80.926749031394166, 26.860755250703402 ], [ 80.926909599679803, 26.860688345158962 ], [ 80.926976510067803, 26.860835463429535 ], [ 80.926909599679803, 26.860866703471157 ], [ 80.927079027135647, 26.861210092946269 ], [ 80.927030004587181, 26.861232328098993 ], [ 80.926856105079409, 26.860906825124864 ], [ 80.9268337453383, 26.86091126579608 ], [ 80.926749031394166, 26.860755250703402 ] ] ] } },
{ "type": "Feature", "properties": { "polygon_id": "indiasat_963", "source": "indiasat", "raw_class": "built-up", "core_class": "built_up", "lon": 77.049696720554522, "lat": 28.409503769923845, "block": "77_28" }, "geometry": { "type": "Polygon", "coordinates": [ [ [ 77.049542813735911, 28.40967301995957 ], [ 77.049547293752212, 28.409565999534262 ], [ 77.049556253784289, 28.409565986042058 ], [ 77.049560733800092, 28.409516938632159 ], [ 77.049605270418638, 28.409516933365737 ], [ 77.049605270418638, 28.409481291298842 ], [ 77.049560733800092, 28.409481296569645 ], [ 77.049560733800092, 28.409423323469287 ], [ 77.049547293752212, 28.409423343713154 ], [ 77.049547293752212, 28.409329640929759 ], [ 77.049667727069064, 28.409329670645974 ], [ 77.049663247057239, 28.409423292640135 ], [ 77.049690039282325, 28.409427797450981 ], [ 77.049690039282325, 28.409432263658775 ], [ 77.049703391470985, 28.409432234945307 ], [ 77.049703391470985, 28.409427768737345 ], [ 77.049716743658152, 28.409427740022146 ], [ 77.049716743658152, 28.409343057191119 ], [ 77.049846048973251, 28.409343064759707 ], [ 77.049837176805923, 28.409664128250188 ], [ 77.049707871481317, 28.409664120557014 ], [ 77.049707871481317, 28.409574884068416 ], [ 77.049672207080718, 28.409574954986063 ], [ 77.049667727069064, 28.409673043045345 ], [ 77.049542813735911, 28.40967301995957 ] ] ] } },
{ "type": "Feature", "properties": { "polygon_id": "indiasat_1020", "source": "indiasat", "raw_class": "built-up", "core_class": "built_up", "lon": 73.010360206474772, "lat": 18.90517550487996, "block": "73_18" }, "geometry": { "type": "Polygon", "coordinates": [ [ [ 73.009793542884324, 18.905264152497868 ], [ 73.010297406680095, 18.904635355347871 ], [ 73.010930545632647, 18.90509908398769 ], [ 73.010417764472734, 18.905710033492841 ], [ 73.009793542884324, 18.905264152497868 ] ] ] } },
{ "type": "Feature", "properties": { "polygon_id": "indiasat_1088", "source": "indiasat", "raw_class": "built-up", "core_class": "built_up", "lon": 72.905600726317843, "lat": 19.016705927775071, "block": "72_19" }, "geometry": { "type": "Polygon", "coordinates": [ [ [ 72.905245437959408, 19.016750521697741 ], [ 72.905249854237908, 19.016634648428749 ], [ 72.905325651984697, 19.01649194834323 ], [ 72.905374771795934, 19.016442841149072 ], [ 72.905486170082824, 19.016384900299144 ], [ 72.905548628808432, 19.016371523259938 ], [ 72.905673456082852, 19.016375982166544 ], [ 72.905735914759674, 19.016393826666697 ], [ 72.905842896611333, 19.016456231689791 ], [ 72.905892016316614, 19.016514207485088 ], [ 72.905945462149646, 19.016616794607934 ], [ 72.905958891201948, 19.016719361888434 ], [ 72.905932123224474, 19.016830837752114 ], [ 72.905874170993656, 19.016924450048879 ], [ 72.905726992092553, 19.017027061619689 ], [ 72.905588735773719, 19.017044834103949 ], [ 72.905463908455204, 19.017018098667666 ], [ 72.905356926434479, 19.016955693135543 ], [ 72.905267699607322, 19.016830860205623 ], [ 72.905245437959408, 19.016750521697741 ] ] ] } },
{ "type": "Feature", "properties": { "polygon_id": "indiasat_1089", "source": "indiasat", "raw_class": "built-up", "core_class": "built_up", "lon": 72.906855696228135, "lat": 19.016719028215469, "block": "72_19" }, "geometry": { "type": "Polygon", "coordinates": [ [ [ 72.906480550718527, 19.01665687430248 ], [ 72.906498395996351, 19.016590069951722 ], [ 72.906565270712562, 19.016483007102956 ], [ 72.906721371729574, 19.016380450135724 ], [ 72.906913163140217, 19.016362660932824 ], [ 72.907002299227599, 19.016384873898211 ], [ 72.907113786885816, 19.01645182719141 ], [ 72.90720292289862, 19.016563232771592 ], [ 72.907234197103548, 19.016679242936764 ], [ 72.907225274492191, 19.016804074399168 ], [ 72.90715389358931, 19.016942283597061 ], [ 72.907033483331247, 19.017035943769969 ], [ 72.906966608745634, 19.017062672185293 ], [ 72.906832859518431, 19.017080521976343 ], [ 72.906708032847561, 19.017053787421442 ], [ 72.906596545000667, 19.016982448477648 ], [ 72.906498395996351, 19.016844229046054 ], [ 72.906480550718527, 19.016781761302756 ], [ 72.906480550718527, 19.01665687430248 ] ] ] } },
{ "type": "Feature", "properties": { "polygon_id": "indiasat_1090", "source": "indiasat", "raw_class": "built-up", "core_class": "built_up", "lon": 72.905597617509443, "lat": 19.018422080507829, "block": "72_19" }, "geometry": { "type": "Polygon", "coordinates": [ [ [ 72.905209747215935, 19.018422761476135 ], [ 72.905227592588346, 19.018306756886481 ], [ 72.905330158389816, 19.018155191676613 ], [ 72.905441646825494, 19.018083841569837 ], [ 72.905611087517769, 19.018057096883126 ], [ 72.905789450755435, 19.018106094519766 ], [ 72.905900938977595, 19.018190852905359 ], [ 72.905963307467317, 19.018297881981464 ], [ 72.905985659176423, 19.018422694419147 ], [ 72.905949968543126, 19.018574369695436 ], [ 72.905856325669362, 19.018694769931141 ], [ 72.905718069425106, 19.018770512568111 ], [ 72.905544212535432, 19.018783946374068 ], [ 72.905441646825494, 19.01875712663233 ], [ 72.905330158389816, 19.018685786026467 ], [ 72.905254360644449, 19.01859213051997 ], [ 72.905209747215935, 19.018422761476135 ] ] ] } },
{ "type": "Feature", "properties": { "polygon_id": "indiasat_1091", "source": "indiasat", "raw_class": "built-up", "core_class": "built_up", "lon": 72.906727160898996, "lat": 19.018504131602029, "block": "72_19" }, "geometry": { "type": "Polygon", "coordinates": [ [ [ 72.906351307606116, 19.018543109451414 ], [ 72.906364646507953, 19.018409312251745 ], [ 72.906391414437152, 19.018342476077006 ], [ 72.906471628079103, 19.018239921982303 ], [ 72.906632235537742, 19.018155157667703 ], [ 72.906770401127361, 19.01814623406781 ], [ 72.90693091825834, 19.018204239669917 ], [ 72.907042405949738, 19.018302328379626 ], [ 72.907091525409299, 19.018409330209234 ], [ 72.907104864269968, 19.018520835528758 ], [ 72.907051328567917, 19.018690291029955 ], [ 72.906980037740723, 19.018770537593742 ], [ 72.90686855002032, 19.018837416294694 ], [ 72.906703526468348, 19.018859669147183 ], [ 72.906592038619351, 19.018837442218626 ], [ 72.906480550718527, 19.018774959994474 ], [ 72.906391414437152, 19.018672410759077 ], [ 72.906351307606116, 19.018543109451414 ] ] ] } },
{ "type": "Feature", "properties": { "polygon_id": "indiasat_1093", "source": "indiasat", "raw_class": "built-up", "core_class": "built_up", "lon": 70.675471500888165, "lat": 22.232043793604557, "block": "70_22" }, "geometry": { "type": "Polygon", "coordinates": [ [ [ 70.67518653672154, 22.232569493602234 ], [ 70.675400634252924, 22.231436873121048 ], [ 70.675659202954137, 22.231477003678826 ], [ 70.675636876564241, 22.231534977276397 ], [ 70.67575731199662, 22.231548372644891 ], [ 70.675529873242112, 22.23268101423454 ], [ 70.675422869896096, 22.232658712390212 ], [ 70.675431764153089, 22.23260074673194 ], [ 70.67518653672154, 22.232569493602234 ] ] ] } },
{ "type": "Feature", "properties": { "polygon_id": "indiasat_1094", "source": "indiasat", "raw_class": "built-up", "core_class": "built_up", "lon": 70.684854448920376, "lat": 22.245406685450561, "block": "70_22" }, "geometry": { "type": "Polygon", "coordinates": [ [ [ 70.684283101583233, 22.245518781450837 ], [ 70.684358882874321, 22.24513080606048 ], [ 70.6854335238163, 22.245300208304176 ], [ 70.685348848623391, 22.245679242337896 ], [ 70.684283101583233, 22.245518781450837 ] ] ] } },
{ "type": "Feature", "properties": { "polygon_id": "indiasat_1120", "source": "indiasat", "raw_class": "built-up", "core_class": "built_up", "lon": 85.443190807758114, "lat": 25.135650361009745, "block": "85_25" }, "geometry": { "type": "Polygon", "coordinates": [ [ [ 85.442801787775878, 25.135613776080607 ], [ 85.442864195813257, 25.135609279346145 ], [ 85.442850817047116, 25.135515614984321 ], [ 85.443492915393009, 25.135439872775915 ], [ 85.443546429802694, 25.135823286830856 ], [ 85.443443886703548, 25.135836664687897 ], [ 85.443434915156843, 25.135787641134442 ], [ 85.442899846273946, 25.135850052623788 ], [ 85.442886467516615, 25.135769839329065 ], [ 85.442824059504915, 25.135778759544625 ], [ 85.44281508785545, 25.135716284970886 ], [ 85.442877574576087, 25.135707367166066 ], [ 85.442873088755974, 25.135662814282945 ], [ 85.44281068072884, 25.135671734501766 ], [ 85.442801787775878, 25.135613776080607 ] ] ] } },
{ "type": "Feature", "properties": { "polygon_id": "indiasat_1121", "source": "indiasat", "raw_class": "built-up", "core_class": "built_up", "lon": 85.443633487342225, "lat": 25.138635522573868, "block": "85_25" }, "geometry": { "type": "Polygon", "coordinates": [ [ [ 85.443225342550633, 25.138579015141428 ], [ 85.443292235885266, 25.138570142200265 ], [ 85.443269964348929, 25.138436395064318 ], [ 85.443934328993151, 25.13835609995715 ], [ 85.443956678953072, 25.138521084491519 ], [ 85.44399232869398, 25.138516579953929 ], [ 85.444014599933013, 25.13868165227256 ], [ 85.443983435935209, 25.138686023449615 ], [ 85.44400570717788, 25.138833221352368 ], [ 85.443341264712146, 25.138913513971318 ], [ 85.443318993195973, 25.138770829809257 ], [ 85.443252099894423, 25.138775279301434 ], [ 85.443243207013978, 25.138708384249966 ], [ 85.443310100326528, 25.138699421037536 ], [ 85.443301128757653, 25.138637037279175 ], [ 85.443234314132084, 25.138645912630636 ], [ 85.443225342550633, 25.138579015141428 ] ] ] } },
{ "type": "Feature", "properties": { "polygon_id": "indiasat_1122", "source": "indiasat", "raw_class": "built-up", "core_class": "built_up", "lon": 85.443331226487444, "lat": 25.136591446758629, "block": "85_25" }, "geometry": { "type": "Polygon", "coordinates": [ [ [ 85.442931089594339, 25.136536739526932 ], [ 85.442997983292742, 25.136532290015868 ], [ 85.442980118748437, 25.136403010348452 ], [ 85.443622215560012, 25.136327178013534 ], [ 85.443648972707535, 25.136496631796799 ], [ 85.443693594156485, 25.136492221623545 ], [ 85.443711379767848, 25.13661707536702 ], [ 85.443671244087881, 25.136621532730988 ], [ 85.443693594156471, 25.136777580892545 ], [ 85.443042526580157, 25.136853409027474 ], [ 85.443024740748953, 25.136728555365849 ], [ 85.442962254198235, 25.136737473148614 ], [ 85.44295336127017, 25.136666063947107 ], [ 85.443015769132757, 25.136661657496624 ], [ 85.443006876213474, 25.13659476202621 ], [ 85.442944468340642, 25.136603682224649 ], [ 85.442931089594339, 25.136536739526932 ] ] ] } },
{ "type": "Feature", "properties": { "polygon_id": "indiasat_1123", "source": "indiasat", "raw_class": "built-up", "core_class": "built_up", "lon": 85.44266523494889, "lat": 25.134831317439982, "block": "85_25" }, "geometry": { "type": "Polygon", "coordinates": [ [ [ 85.442436073656125, 25.134632738765763 ], [ 85.442609998690969, 25.134628320028444 ], [ 85.442636756339013, 25.134610453142759 ], [ 85.442663513973827, 25.134605947020166 ], [ 85.442690271595424, 25.134610468439565 ], [ 85.442712543370362, 25.134628303409038 ], [ 85.442886467516615, 25.13462379404076 ], [ 85.442895360455665, 25.134998348557144 ], [ 85.442779437338928, 25.135011767352488 ], [ 85.4427839231668, 25.135060834089284 ], [ 85.442583241029666, 25.135065245296268 ], [ 85.442578755185167, 25.135020692330706 ], [ 85.44244504536843, 25.135025170064758 ], [ 85.442440559512463, 25.134806656451641 ], [ 85.442436073656125, 25.134632738765763 ] ] ] } },
{ "type": "Feature", "properties": { "polygon_id": "indiasat_1124", "source": "indiasat", "raw_class": "built-up", "core_class": "built_up", "lon": 85.44325418302202, "lat": 25.136093530009489, "block": "85_25" }, "geometry": { "type": "Polygon", "coordinates": [ [ [ 85.443546429802694, 25.135823286830856 ], [ 85.443577594052201, 25.136015083613426 ], [ 85.443599944159473, 25.136010622853444 ], [ 85.443613322740404, 25.13611764779407 ], [ 85.443590972638646, 25.136117594795831 ], [ 85.443617729801616, 25.136282625205002 ], [ 85.442971225823314, 25.136362836230845 ], [ 85.44295336127017, 25.136233556498535 ], [ 85.442890953335606, 25.136238053227281 ], [ 85.442881981697241, 25.13618009249123 ], [ 85.442944468340642, 25.136175598174358 ], [ 85.442935496711129, 25.13610870019556 ], [ 85.442873088755988, 25.136113196925447 ], [ 85.442864195813257, 25.136059662059267 ], [ 85.442926603778673, 25.136050741849953 ], [ 85.442904332091828, 25.135899119238925 ], [ 85.443443886703548, 25.135836664687897 ], [ 85.443546429802694, 25.135823286830856 ] ] ] } },
{ "type": "Feature", "properties": { "polygon_id": "indiasat_1125", "source": "indiasat", "raw_class": "built-up", "core_class": "built_up", "lon": 85.443479416510925, "lat": 25.137603708170712, "block": "85_25" }, "geometry": { "type": "Polygon", "coordinates": [ [ [ 85.44307817692335, 25.137557922810505 ], [ 85.443145070439925, 25.137548959573067 ], [ 85.443122798842992, 25.137401851371845 ], [ 85.443778272501618, 25.137326068106486 ], [ 85.443805029571976, 25.13753117991893 ], [ 85.443836272369737, 25.137526720869396 ], [ 85.443849650892233, 25.137615870932002 ], [ 85.443822893843944, 25.137620377171952 ], [ 85.443849650892233, 25.137803190958984 ], [ 85.443189692304401, 25.137878926940967 ], [ 85.443167420725842, 25.137727395425941 ], [ 85.4431049343399, 25.137736313186526 ], [ 85.443096041435282, 25.137678355119935 ], [ 85.443162934929759, 25.137669391884813 ], [ 85.443149556237486, 25.137606963134843 ], [ 85.443087148529202, 25.13761145985103 ], [ 85.44307817692335, 25.137557922810505 ] ] ] } },
{ "type": "Feature", "properties": { "polygon_id": "indiasat_1126", "source": "indiasat", "raw_class": "built-up", "core_class": "built_up", "lon": 85.442373200121864, "lat": 25.134953655399055, "block": "85_25" }, "geometry": { "type": "Polygon", "coordinates": [ [ [ 85.44244504536843, 25.135025170064758 ], [ 85.442489589111005, 25.135056326277422 ], [ 85.442489589111005, 25.135092075306883 ], [ 85.442338014317656, 25.135092033224044 ], [ 85.442338014317656, 25.135056374475223 ], [ 85.442288984581779, 25.135056315971912 ], [ 85.44228449871288, 25.134820018158802 ], [ 85.44236917926311, 25.134815572365959 ], [ 85.442391529869496, 25.134806688272668 ], [ 85.442440559512463, 25.134806656451641 ], [ 85.44244504536843, 25.135025170064758 ] ] ] } },
{ "type": "Feature", "properties": { "polygon_id": "indiasat_1127", "source": "indiasat", "raw_class": "built-up", "core_class": "built_up", "lon": 85.442355083560216, "lat": 25.137975249509012, "block": "85_25" }, "geometry": { "type": "Polygon", "coordinates": [ [ [ 85.442008026811777, 25.137771929457852 ], [ 85.442195332153872, 25.137754109991494 ], [ 85.442199739330576, 25.13778087609067 ], [ 85.442427180641587, 25.137758599440502 ], [ 85.442427180641587, 25.137727364437165 ], [ 85.442569862194091, 25.137709530664925 ], [ 85.442592134018568, 25.137861152471242 ], [ 85.442636756339013, 25.137856652453202 ], [ 85.442641242178723, 25.137905718768565 ], [ 85.442752679761426, 25.137892343590075 ], [ 85.44276605855184, 25.137994944474269 ], [ 85.442654620996677, 25.138008319648399 ], [ 85.442659028135978, 25.138034995450322 ], [ 85.442614484532882, 25.138039497877863 ], [ 85.442632270498933, 25.138186648854166 ], [ 85.442489589111005, 25.138200059151423 ], [ 85.442485181957892, 25.138164355915148 ], [ 85.442275605673444, 25.138186638562672 ], [ 85.442280012843611, 25.138222341796009 ], [ 85.442070435764592, 25.138249047552762 ], [ 85.442052649613871, 25.138119770950816 ], [ 85.442101679563862, 25.138115315964431 ], [ 85.442070435764592, 25.13789237318948 ], [ 85.442021405786292, 25.137896828178306 ], [ 85.442008026811777, 25.137771929457852 ] ] ] } },
{ "type": "Feature", "properties": { "polygon_id": "indiasat_1128", "source": "indiasat", "raw_class": "built-up", "core_class": "built_up", "lon": 85.443554633439192, "lat": 25.138121951851709, "block": "85_25" }, "geometry": { "type": "Polygon", "coordinates": [ [ [ 85.443154042034678, 25.138075174492492 ], [ 85.443216449665798, 25.138070677780252 ], [ 85.443198585193628, 25.137919100877763 ], [ 85.443854057934217, 25.137843317696429 ], [ 85.443885300703656, 25.13804838611097 ], [ 85.443912057721093, 25.138043970150317 ], [ 85.443925436224831, 25.138137633806206 ], [ 85.44389867921403, 25.138137626310598 ], [ 85.443925436224831, 25.138320439817324 ], [ 85.443265478561329, 25.138400689438942 ], [ 85.443243207013978, 25.13824906788377 ], [ 85.443180799413696, 25.13825798804546 ], [ 85.443171827823377, 25.138200027656406 ], [ 85.443234314132084, 25.138191109905815 ], [ 85.443225342550633, 25.138124212326446 ], [ 85.443162934929759, 25.138133132490896 ], [ 85.443154042034678, 25.138075174492492 ] ] ] } },
{ "type": "Feature", "properties": { "polygon_id": "indiasat_1129", "source": "indiasat", "raw_class": "built-up", "core_class": "built_up", "lon": 85.44214837995851, "lat": 25.136606276877778, "block": "85_25" }, "geometry": { "type": "Polygon", "coordinates": [ [ [ 85.441829692635721, 25.13639852943205 ], [ 85.442025891677005, 25.136380711688368 ], [ 85.442025891677005, 25.136420884025696 ], [ 85.442230983055197, 25.136407491262506 ], [ 85.44222649718148, 25.136367361952018 ], [ 85.442378150986514, 25.136353955792863 ], [ 85.442391529869496, 25.136496639211636 ], [ 85.442427180641587, 25.136492225266856 ], [ 85.442431666498649, 25.136541201505221 ], [ 85.442462831390174, 25.136541254066429 ], [ 85.442471803098044, 25.136634873328006 ], [ 85.442440559512463, 25.13663490862848 ], [ 85.44244504536843, 25.136675037908333 ], [ 85.442409315908847, 25.136679449436524 ], [ 85.442422694784142, 25.136822132717231 ], [ 85.442280012843611, 25.136831119574062 ], [ 85.442275605673444, 25.136790992726493 ], [ 85.442066028577344, 25.136804338218766 ], [ 85.442070435764592, 25.136848888528203 ], [ 85.441874236884814, 25.136862282756859 ], [ 85.44186085787392, 25.136755258065065 ], [ 85.441914373897632, 25.136750850314382 ], [ 85.441892101794195, 25.136523397120428 ], [ 85.441843071654318, 25.13652785212912 ], [ 85.441829692635721, 25.13639852943205 ] ] ] } },
{ "type": "Feature", "properties": { "polygon_id": "indiasat_1130", "source": "indiasat", "raw_class": "built-up", "core_class": "built_up", "lon": 85.443123071241075, "lat": 25.135205145690314, "block": "85_25" }, "geometry": { "type": "Polygon", "coordinates": [ [ [ 85.442895360455665, 25.134998348557144 ], [ 85.44341264367921, 25.134935933075528 ], [ 85.443443886703548, 25.135141093532791 ], [ 85.443461672396992, 25.135141096929736 ], [ 85.443475051012101, 25.135230247622818 ], [ 85.443457265323048, 25.135230244226065 ], [ 85.443484022552141, 25.135395275069378 ], [ 85.4428463312248, 25.135471062075915 ], [ 85.442824059504915, 25.135341737200012 ], [ 85.442761651421236, 25.135346233936037 ], [ 85.442752679761426, 25.135288273046832 ], [ 85.44281508785545, 25.135283776310601 ], [ 85.442806194903199, 25.135216880567249 ], [ 85.442743786798914, 25.135221377304401 ], [ 85.442734893834952, 25.135167842296738 ], [ 85.442801787775878, 25.135163392774068 ], [ 85.4427839231668, 25.135060834089284 ], [ 85.442779437338928, 25.135011767352488 ], [ 85.442895360455665, 25.134998348557144 ] ] ] } },
{ "type": "Feature", "properties": { "polygon_id": "indiasat_1131", "source": "indiasat", "raw_class": "built-up", "core_class": "built_up", "lon": 85.44340413421456, "lat": 25.137093601738805, "block": "85_25" }, "geometry": { "type": "Polygon", "coordinates": [ [ [ 85.443006876213474, 25.1370495668959 ], [ 85.443069284014342, 25.137040646707966 ], [ 85.443047012386231, 25.136893538285083 ], [ 85.44369800121116, 25.136813284279317 ], [ 85.443729244070724, 25.137018353320155 ], [ 85.44376048691224, 25.137018408010402 ], [ 85.443773865453466, 25.13710755820734 ], [ 85.443742622619681, 25.137112017260939 ], [ 85.443769379707661, 25.137294831323509 ], [ 85.443118313043215, 25.137370659374138 ], [ 85.443096041435282, 25.137219037356097 ], [ 85.44303363366528, 25.137227957540659 ], [ 85.443024740748953, 25.137169999386746 ], [ 85.443087148529202, 25.137161079201185 ], [ 85.44307817692335, 25.137094181417662 ], [ 85.443011362022489, 25.137103056801465 ], [ 85.443006876213474, 25.1370495668959 ] ] ] } },
{ "type": "Feature", "properties": { "polygon_id": "indiasat_1143", "source": "indiasat", "raw_class": "built-up", "core_class": "built_up", "lon": 75.858038892168423, "lat": 30.869913340298087, "block": "75_30" }, "geometry": { "type": "Polygon", "coordinates": [ [ [ 75.857442308645588, 30.86995077369793 ], [ 75.857446741159109, 30.869750152330418 ], [ 75.858494672112514, 30.869808092325069 ], [ 75.858494672112514, 30.869919631574369 ], [ 75.858494672112514, 30.870004315537912 ], [ 75.858561513904988, 30.870147037840614 ], [ 75.858637397917633, 30.870289733738666 ], [ 75.858557081426369, 30.870320889951731 ], [ 75.858476853539173, 30.870200534647086 ], [ 75.858427741638835, 30.8700845757105 ], [ 75.858396536956832, 30.869986476572308 ], [ 75.857442308645588, 30.86995077369793 ] ] ] } },
{ "type": "Feature", "properties": { "polygon_id": "indiasat_1144", "source": "indiasat", "raw_class": "built-up", "core_class": "built_up", "lon": 75.856867772005273, "lat": 30.868711913496409, "block": "75_30" }, "geometry": { "type": "Polygon", "coordinates": [ [ [ 75.856626280542656, 30.868671037670961 ], [ 75.856630801732493, 30.868528339511332 ], [ 75.856844804553134, 30.868532782937393 ], [ 75.856844804553134, 30.868421328796497 ], [ 75.85698753202098, 30.868421380160115 ], [ 75.856978578314482, 30.869067917695588 ], [ 75.856831418304992, 30.869067888953342 ], [ 75.856835850837626, 30.868671042513611 ], [ 75.856626280542656, 30.868671037670961 ] ] ] } },
{ "type": "Feature", "properties": { "polygon_id": "indiasat_1145", "source": "indiasat", "raw_class": "built-up", "core_class": "built_up", "lon": 75.855959669396213, "lat": 30.870419001876822, "block": "75_30" }, "geometry": { "type": "Polygon", "coordinates": [ [ [ 75.855872746886504, 30.870294127688616 ], [ 75.856037726774417, 30.870289700961713 ], [ 75.856046591889239, 30.87054387596034 ], [ 75.855881612011643, 30.870548302567361 ], [ 75.855872746886504, 30.870294127688616 ] ] ] } },
{ "type": "Feature", "properties": { "polygon_id": "indiasat_1179", "source": "indiasat", "raw_class": "built-up", "core_class": "built_up", "lon": 83.715170057311198, "lat": 26.073424538069471, "block": "83_26" }, "geometry": { "type": "Polygon", "coordinates": [ [ [ 83.714980368085364, 26.073483119201164 ], [ 83.715082935161206, 26.073456329058875 ], [ 83.715087394595443, 26.073434073356339 ], [ 83.715091854029382, 26.073411727853028 ], [ 83.715105232329236, 26.073385010824957 ], [ 83.715127529489251, 26.07336272251364 ], [ 83.715145367211534, 26.073353799864954 ], [ 83.715118610626206, 26.073251254033504 ], [ 83.71528806880562, 26.073211118554674 ], [ 83.715345960154451, 26.073416220951177 ], [ 83.715243474592626, 26.073434035004283 ], [ 83.715234555746193, 26.0734563662194 ], [ 83.715230096322486, 26.073474221807359 ], [ 83.71521671804949, 26.073487558880274 ], [ 83.715234555746193, 26.073572295948065 ], [ 83.715016043609197, 26.073625743624945 ], [ 83.714980368085364, 26.073483119201164 ] ] ] } },
{ "type": "Feature", "properties": { "polygon_id": "indiasat_1226", "source": "indiasat", "raw_class": "built-up", "core_class": "built_up", "lon": 75.016103593712444, "lat": 15.451783987820049, "block": "75_15" }, "geometry": { "type": "Polygon", "coordinates": [ [ [ 75.015969784394372, 15.451855349558951 ], [ 75.016001074928539, 15.451672532981112 ], [ 75.016237402954474, 15.45171262590021 ], [ 75.016206112466278, 15.451895442713592 ], [ 75.015969784394372, 15.451855349558951 ] ] ] } },
{ "type": "Feature", "properties": { "polygon_id": "indiasat_1253", "source": "indiasat", "raw_class": "built-up", "core_class": "built_up", "lon": 80.922132952692479, "lat": 26.831761116021053, "block": "80_26" }, "geometry": { "type": "Polygon", "coordinates": [ [ [ 80.921821714001112, 26.832136684672793 ], [ 80.92185740745694, 26.831677439250608 ], [ 80.921968875569306, 26.83168630582022 ], [ 80.921995624517763, 26.831334028735704 ], [ 80.922361333213829, 26.831356405096368 ], [ 80.922347916611628, 26.831512448843018 ], [ 80.922495077206321, 26.831521384336046 ], [ 80.922481660626687, 26.831713068446611 ], [ 80.922334584388352, 26.831704138320848 ], [ 80.922298891146639, 26.832163473351169 ], [ 80.921821714001112, 26.832136684672793 ] ] ] } },
{ "type": "Feature", "properties": { "polygon_id": "indiasat_1254", "source": "indiasat", "raw_class": "built-up", "core_class": "built_up", "lon": 80.923885539849849, "lat": 26.831005318720241, "block": "80_26" }, "geometry": { "type": "Polygon", "coordinates": [ [ [ 80.921594304964401, 26.830830173484319 ], [ 80.921603249450854, 26.830714293732058 ], [ 80.923458280453559, 26.830825735174901 ], [ 80.924470496192711, 26.830883732928619 ], [ 80.926031153033307, 26.830972904358315 ], [ 80.92602668103919, 26.831057619968647 ], [ 80.925928550237032, 26.831048723675753 ], [ 80.92591521861398, 26.831204774547253 ], [ 80.9257813959955, 26.831200264835633 ], [ 80.925772536356433, 26.83132960536842 ], [ 80.925482699048558, 26.831311762425074 ], [ 80.925491558719912, 26.831182421975285 ], [ 80.924867329174504, 26.831146808429363 ], [ 80.924862857114945, 26.831204793233692 ], [ 80.924693424936962, 26.83119139803064 ], [ 80.924684480798021, 26.831302823364549 ], [ 80.924202930247205, 26.831276118630825 ], [ 80.924207402343882, 26.831164672998341 ], [ 80.924015608235905, 26.831151263867774 ], [ 80.924015608235905, 26.831111079060772 ], [ 80.923409171292931, 26.831075445469267 ], [ 80.923400311389585, 26.8312047853099 ], [ 80.923101521119008, 26.831186895981478 ], [ 80.923110465435968, 26.831071015973414 ], [ 80.922285474533922, 26.831026392952673 ], [ 80.922276614505392, 26.831093272469648 ], [ 80.922218644580198, 26.831093284202186 ], [ 80.922205227953953, 26.831311788019704 ], [ 80.922111564650962, 26.831307275159698 ], [ 80.922129453506543, 26.831026420997237 ], [ 80.922058066823027, 26.831021916101797 ], [ 80.922062539040297, 26.830955021536223 ], [ 80.922013513399406, 26.830955074187745 ], [ 80.922022373457224, 26.83085246504729 ], [ 80.921594304964401, 26.830830173484319 ] ] ] } },
{ "type": "Feature", "properties": { "polygon_id": "indiasat_1263", "source": "indiasat", "raw_class": "built-up", "core_class": "built_up", "lon": 88.34128732362845, "lat": 22.580664394263597, "block": "88_22" }, "geometry": { "type": "Polygon", "coordinates": [ [ [ 88.340401383243602, 22.580615740801335 ], [ 88.340713547232056, 22.580379399241245 ], [ 88.341667812363212, 22.579933464846725 ], [ 88.342171690848161, 22.580972465650888 ], [ 88.341721320549453, 22.581182027511982 ], [ 88.341583103284933, 22.580941242619346 ], [ 88.340762609838478, 22.581324730922642 ], [ 88.340401383243602, 22.580615740801335 ] ] ] } },
{ "type": "Feature", "properties": { "polygon_id": "indiasat_1264", "source": "indiasat", "raw_class": "built-up", "core_class": "built_up", "lon": 88.34091343702427, "lat": 22.580134603482175, "block": "88_22" }, "geometry": { "type": "Polygon", "coordinates": [ [ [ 88.340231959965806, 22.580428452955761 ], [ 88.340454892994984, 22.580250104838065 ], [ 88.340722440760004, 22.580089578393508 ], [ 88.341538488288165, 22.579732862377064 ], [ 88.341623197453742, 22.579902279275853 ], [ 88.340682345757045, 22.580339260182026 ], [ 88.340347873426083, 22.580584554436346 ], [ 88.340231959965806, 22.580428452955761 ] ] ] } },
{ "type": "Feature", "properties": { "polygon_id": "indiasat_1275", "source": "indiasat", "raw_class": "built-up", "core_class": "built_up", "lon": 88.361675348561405, "lat": 22.576246016155444, "block": "88_22" }, "geometry": { "type": "Polygon", "coordinates": [ [ [ 88.361051528922218, 22.576085274829143 ], [ 88.362621137254294, 22.575715179137834 ], [ 88.362701360643072, 22.575960452052904 ], [ 88.361332431442989, 22.576285946235021 ], [ 88.361501920266704, 22.577026135237503 ], [ 88.361225389426551, 22.577075240999839 ], [ 88.361064862943891, 22.576384052849537 ], [ 88.361127310557364, 22.576312684705012 ], [ 88.361051528922218, 22.576085274829143 ] ] ] } },
{ "type": "Feature", "properties": { "polygon_id": "indiasat_1492", "source": "indiasat", "raw_class": "built-up", "core_class": "built_up", "lon": 75.863434096815539, "lat": 30.860595994312511, "block": "75_30" }, "geometry": { "type": "Polygon", "coordinates": [ [ [ 75.862717433456666, 30.860644707588925 ], [ 75.862721865805042, 30.860515373368447 ], [ 75.864153241126118, 30.86054660492491 ], [ 75.864148808822577, 30.860675853914138 ], [ 75.862851201669343, 30.860649160729963 ], [ 75.862717433456666, 30.860644707588925 ] ] ] } },
{ "type": "Feature", "properties": { "polygon_id": "indiasat_1493", "source": "indiasat", "raw_class": "built-up", "core_class": "built_up", "lon": 75.860480277370513, "lat": 30.862587552590661, "block": "75_30" }, "geometry": { "type": "Polygon", "coordinates": [ [ [ 75.860318448857015, 30.862517498181717 ], [ 75.8603942432796, 30.862450569314277 ], [ 75.86049237705069, 30.862535333333536 ], [ 75.860563650316038, 30.86247287949951 ], [ 75.860621626303924, 30.8625174939095 ], [ 75.860621626303924, 30.862553188787974 ], [ 75.860684123328497, 30.862553171248958 ], [ 75.860679602268064, 30.862624488501879 ], [ 75.860617193889794, 30.862620054001987 ], [ 75.860617193889794, 30.862642363283641 ], [ 75.860536967169907, 30.862718153251038 ], [ 75.860461172823719, 30.862655688362537 ], [ 75.8603942432796, 30.862713732961769 ], [ 75.860322881280496, 30.862646783009719 ], [ 75.860318448857015, 30.862517498181717 ] ] ] } },
{ "type": "Feature", "properties": { "polygon_id": "indiasat_1494", "source": "indiasat", "raw_class": "built-up", "core_class": "built_up", "lon": 75.86056888981264, "lat": 30.862046592326422, "block": "75_30" }, "geometry": { "type": "Polygon", "coordinates": [ [ [ 75.860385289788525, 30.862053757036385 ], [ 75.860389810858351, 30.862022510601413 ], [ 75.860398675700736, 30.861995778856944 ], [ 75.860425447521337, 30.861969059978801 ], [ 75.860452219336878, 30.86195117903582 ], [ 75.860465605242752, 30.861977976488657 ], [ 75.860501241886638, 30.861964596913488 ], [ 75.860541399586566, 30.861951204000899 ], [ 75.860581557275083, 30.861942272949232 ], [ 75.860630579780064, 30.861951228892135 ], [ 75.860670737443286, 30.861969069091725 ], [ 75.860710806446889, 30.861991275519742 ], [ 75.860759917555313, 30.86199131748246 ], [ 75.860759917555313, 30.862098316776631 ], [ 75.860706374035558, 30.862098297958276 ], [ 75.860670737443286, 30.862120601331871 ], [ 75.860639533255636, 30.862134043585428 ], [ 75.860599375583547, 30.862147350691856 ], [ 75.860554785483998, 30.862147381119218 ], [ 75.860514627787879, 30.862138464632132 ], [ 75.860478991147346, 30.862120611070118 ], [ 75.860456651756166, 30.862147392577803 ], [ 75.860416582680628, 30.86211617653213 ], [ 75.8603942432796, 30.862084953689305 ], [ 75.860385289788525, 30.862053757036385 ] ] ] } },
{ "type": "Feature", "properties": { "polygon_id": "indiasat_1495", "source": "indiasat", "raw_class": "built-up", "core_class": "built_up", "lon": 75.859971389886056, "lat": 30.86286817471175, "block": "75_30" }, "geometry": { "type": "Polygon", "coordinates": [ [ [ 75.859707570923959, 30.863016900240979 ], [ 75.860059772381689, 30.862713697184713 ], [ 75.860037521573005, 30.86269586978435 ], [ 75.860108883715952, 30.862633426283935 ], [ 75.860224836040459, 30.86273595512014 ], [ 75.859805616522209, 30.863097192830995 ], [ 75.859707570923959, 30.863016900240979 ] ] ] } },
{ "type": "Feature", "properties": { "polygon_id": "indiasat_1496", "source": "indiasat", "raw_class": "built-up", "core_class": "built_up", "lon": 75.862744877936706, "lat": 30.855483950259835, "block": "75_30" }, "geometry": { "type": "Polygon", "coordinates": [ [ [ 75.862454329008756, 30.855503312102996 ], [ 75.862579232764858, 30.855405266987816 ], [ 75.862565847058875, 30.8553918549045 ], [ 75.862646072628806, 30.855329443215325 ], [ 75.86268179737074, 30.855360606875958 ], [ 75.862922562393777, 30.855177843037158 ], [ 75.863042944751683, 30.855293736349719 ], [ 75.86279322659469, 30.855485461389687 ], [ 75.862748637186243, 30.85544087220639 ], [ 75.862686229720211, 30.855489985628804 ], [ 75.862855634013528, 30.855650444742235 ], [ 75.862833383644343, 30.855668314309433 ], [ 75.862904744377758, 30.855730717410907 ], [ 75.862806612279172, 30.855806503284608 ], [ 75.862744204838719, 30.855753073402038 ], [ 75.862726386800233, 30.855766457462249 ], [ 75.862454329008756, 30.855503312102996 ] ] ] } },
{ "type": "Feature", "properties": { "polygon_id": "indiasat_1497", "source": "indiasat", "raw_class": "built-up", "core_class": "built_up", "lon": 75.861261679835494, "lat": 30.857745343872676, "block": "75_30" }, "geometry": { "type": "Polygon", "coordinates": [ [ [ 75.860991732394822, 30.857804256375317 ], [ 75.860996253445279, 30.85766154363095 ], [ 75.861134455682745, 30.857665974571677 ], [ 75.861134455682731, 30.857692746810901 ], [ 75.861553582618157, 30.857692724873079 ], [ 75.861549150233202, 30.857808675431393 ], [ 75.860991732394822, 30.857804256375317 ] ] ] } },
{ "type": "Feature", "properties": { "polygon_id": "indiasat_1498", "source": "indiasat", "raw_class": "built-up", "core_class": "built_up", "lon": 75.860490818771325, "lat": 30.853546960622687, "block": "75_30" }, "geometry": { "type": "Polygon", "coordinates": [ [ [ 75.859975112911684, 30.853639395322503 ], [ 75.859988498862663, 30.853577036669879 ], [ 75.860247086819697, 30.853630516982751 ], [ 75.860340699621531, 30.853255950935054 ], [ 75.860470037661628, 30.853282652722491 ], [ 75.860376424945315, 30.853652842576842 ], [ 75.860585989690335, 30.853697366714947 ], [ 75.860675169855753, 30.853371907561201 ], [ 75.860594943168735, 30.853358461706769 ], [ 75.860612761475522, 30.853278230679347 ], [ 75.860701941624072, 30.85330056416937 ], [ 75.860724192328306, 30.853211385392328 ], [ 75.860835711741558, 30.853233622039838 ], [ 75.860710806446889, 30.853728629729005 ], [ 75.860670737443286, 30.853719723531899 ], [ 75.860692988152437, 30.853817784827228 ], [ 75.860626147366204, 30.853831137794188 ], [ 75.860617193889794, 30.853804401471209 ], [ 75.860554785483998, 30.853817816939127 ], [ 75.860545832003069, 30.853786532631595 ], [ 75.860483423565825, 30.853804410230055 ], [ 75.860474470080376, 30.853773211731195 ], [ 75.860416582680628, 30.853786613693227 ], [ 75.860403196770122, 30.853759814808939 ], [ 75.860345220692793, 30.853773206901369 ], [ 75.860336267198605, 30.853742008396875 ], [ 75.860242654393844, 30.853764319527595 ], [ 75.86022031496536, 30.853688473441231 ], [ 75.859975112911684, 30.853639395322503 ] ] ] } },
{ "type": "Feature", "properties": { "polygon_id": "indiasat_1499", "source": "indiasat", "raw_class": "built-up", "core_class": "built_up", "lon": 75.862357651372946, "lat": 30.858404568975661, "block": "75_30" }, "geometry": { "type": "Polygon", "coordinates": [ [ [ 75.862226948928466, 30.85858455978941 ], [ 75.86224033466651, 30.858218956686837 ], [ 75.862490053799078, 30.858223397687791 ], [ 75.86247214708149, 30.858593476552645 ], [ 75.862226948928466, 30.85858455978941 ] ] ] } },
{ "type": "Feature", "properties": { "polygon_id": "indiasat_1500", "source": "indiasat", "raw_class": "built-up", "core_class": "built_up", "lon": 75.862203383747527, "lat": 30.857454688759152, "block": "75_30" }, "geometry": { "type": "Polygon", "coordinates": [ [ [ 75.861723076914757, 30.85731371420426 ], [ 75.861731941673625, 30.856956959723966 ], [ 75.861879096589959, 30.856956976478198 ], [ 75.861874664215208, 30.85720224204584 ], [ 75.862614868876634, 30.85721113840702 ], [ 75.862610436524903, 30.857340476042499 ], [ 75.862217995553294, 30.857331534328512 ], [ 75.862217995553294, 30.857420775629418 ], [ 75.862614868876634, 30.857425232071805 ], [ 75.862610436524903, 30.857621414614542 ], [ 75.862177926976329, 30.857612490843746 ], [ 75.862177926976329, 30.857661573451033 ], [ 75.862610436524903, 30.857670411472533 ], [ 75.862605915526004, 30.857799738794064 ], [ 75.862177926976329, 30.857795349200767 ], [ 75.862177926976329, 30.85786665616477 ], [ 75.862079794373798, 30.857866670350528 ], [ 75.862079794373798, 30.857759667016147 ], [ 75.861874664215208, 30.857755193858502 ], [ 75.861879096589959, 30.857657091327813 ], [ 75.862057455235245, 30.857661512792234 ], [ 75.862035204740579, 30.857567916195872 ], [ 75.862061976251667, 30.857527723502116 ], [ 75.862035204740579, 30.857474212989338 ], [ 75.862061976251667, 30.857429644005894 ], [ 75.862039637110314, 30.857371648118448 ], [ 75.862066408620564, 30.857322617023744 ], [ 75.861723076914757, 30.85731371420426 ] ] ] } },
{ "type": "Feature", "properties": { "polygon_id": "indiasat_1501", "source": "indiasat", "raw_class": "built-up", "core_class": "built_up", "lon": 75.862310597726534, "lat": 30.858804469989828, "block": "75_30" }, "geometry": { "type": "Polygon", "coordinates": [ [ [ 75.862070840989318, 30.8587094301833 ], [ 75.862463282368964, 30.858713911916453 ], [ 75.862458850012501, 30.858959174465454 ], [ 75.862316128060016, 30.858954672350649 ], [ 75.862316128060016, 30.858816435771082 ], [ 75.86209761249367, 30.858811936598848 ], [ 75.86209761249367, 30.858780788317283 ], [ 75.862070840989318, 30.858780736603507 ], [ 75.862070840989318, 30.8587094301833 ] ] ] } },
{ "type": "Feature", "properties": { "polygon_id": "indiasat_1502", "source": "indiasat", "raw_class": "built-up", "core_class": "built_up", "lon": 75.838371232409372, "lat": 30.876185229311947, "block": "75_30" }, "geometry": { "type": "Polygon", "coordinates": [ [ [ 75.838125516790598, 30.87597954197037 ], [ 75.838375189739963, 30.87588143629225 ], [ 75.83839753261033, 30.875917120216112 ], [ 75.838446562785776, 30.875894773297023 ], [ 75.83847777185791, 30.87595280432139 ], [ 75.838437607908702, 30.875966099164209 ], [ 75.83851793579575, 30.876108859107926 ], [ 75.838459950769277, 30.876135615541674 ], [ 75.838535756877107, 30.876269379584919 ], [ 75.838428741693235, 30.87631393590938 ], [ 75.838580353901762, 30.876577002510892 ], [ 75.83847777185791, 30.876617161355284 ], [ 75.838125516790598, 30.87597954197037 ] ] ] } },
{ "type": "Feature", "properties": { "polygon_id": "indiasat_1521", "source": "indiasat", "raw_class": "built-up", "core_class": "built_up", "lon": 86.077342520805544, "lat": 26.348728199977497, "block": "86_26" }, "geometry": { "type": "Polygon", "coordinates": [ [ [ 86.07714454351526, 26.348444599503829 ], [ 86.077238164609454, 26.348417925279765 ], [ 86.077211415742781, 26.34834651006161 ], [ 86.077256049018374, 26.348333158512293 ], [ 86.077572602028269, 26.349113487691103 ], [ 86.077523536827982, 26.349126898268221 ], [ 86.077474549338888, 26.34900199755289 ], [ 86.077380850916427, 26.34903325618281 ], [ 86.07714454351526, 26.348444599503829 ] ] ] } },
{ "type": "Feature", "properties": { "polygon_id": "indiasat_1535", "source": "indiasat", "raw_class": "built-up", "core_class": "built_up", "lon": 75.865477715073382, "lat": 30.826568171023126, "block": "75_30" }, "geometry": { "type": "Polygon", "coordinates": [ [ [ 75.865259096519395, 30.826376478260617 ], [ 75.865540013438505, 30.826394303913826 ], [ 75.865522195752092, 30.826496871609717 ], [ 75.865459789509359, 30.826487982061721 ], [ 75.865606940549, 30.826697493613953 ], [ 75.865669346726818, 30.826706468935431 ], [ 75.865651529056706, 30.826817962818581 ], [ 75.865557919767852, 30.826795659224196 ], [ 75.865259096519395, 30.826376478260617 ] ] ] } },
{ "type": "Feature", "properties": { "polygon_id": "indiasat_1568", "source": "indiasat", "raw_class": "built-up", "core_class": "built_up", "lon": 88.329476342872596, "lat": 22.553754674446949, "block": "88_22" }, "geometry": { "type": "Polygon", "coordinates": [ [ [ 88.329070872001438, 22.553780848276006 ], [ 88.329503359799688, 22.553361667977715 ], [ 88.329886842541782, 22.553714002752841 ], [ 88.329440940675369, 22.55415540965317 ], [ 88.329070872001438, 22.553780848276006 ] ] ] } },
{ "type": "Feature", "properties": { "polygon_id": "indiasat_1594", "source": "indiasat", "raw_class": "built-up", "core_class": "built_up", "lon": 88.379938762361732, "lat": 22.562449918151113, "block": "88_22" }, "geometry": { "type": "Polygon", "coordinates": [ [ [ 88.379356154930292, 22.562596531172662 ], [ 88.380051742422225, 22.562226396956781 ], [ 88.380025012047582, 22.562168399515887 ], [ 88.380292537183905, 22.562012346413027 ], [ 88.380497641133786, 22.562337868780297 ], [ 88.379512170685516, 22.562868469450361 ], [ 88.379356154930292, 22.562596531172662 ] ] ] } },
{ "type": "Feature", "properties": { "polygon_id": "indiasat_1596", "source": "indiasat", "raw_class": "built-up", "core_class": "built_up", "lon": 81.945069871931707, "lat": 22.234913774398013, "block": "81_22" }, "geometry": { "type": "Polygon", "coordinates": [ [ [ 81.945011539664193, 22.234888257881135 ], [ 81.945123012729255, 22.234879334071458 ], [ 81.945127508278688, 22.234937264383277 ], [ 81.945020447525579, 22.234950651424853 ], [ 81.945011539664193, 22.234888257881135 ] ] ] } },
{ "type": "Feature", "properties": { "polygon_id": "indiasat_1598", "source": "indiasat", "raw_class": "barren_land", "core_class": "barren", "lon": 75.809769061716707, "lat": 11.646972033205612, "block": "75_11" }, "geometry": { "type": "Polygon", "coordinates": [ [ [ 75.80907002580939, 11.647689177195703 ], [ 75.809194887828014, 11.647265596117583 ], [ 75.809114543388233, 11.646837514630368 ], [ 75.809435654835099, 11.646520957437081 ], [ 75.809868147623973, 11.646360354666133 ], [ 75.810385416854331, 11.646329141732956 ], [ 75.810470105877542, 11.646618991958439 ], [ 75.81042558872187, 11.646828629545118 ], [ 75.810144651450798, 11.647533160244352 ], [ 75.809761110879975, 11.647399330233984 ], [ 75.809542691823395, 11.647586640586892 ], [ 75.809391048676247, 11.647680248637267 ], [ 75.80907002580939, 11.647689177195703 ] ] ] } },
{ "type": "Feature", "properties": { "polygon_id": "indiasat_1599", "source": "indiasat", "raw_class": "barren_land", "core_class": "barren", "lon": 77.166688314122339, "lat": 26.992635411613385, "block": "77_26" }, "geometry": { "type": "Polygon", "coordinates": [ [ [ 77.16473484546195, 26.992762437311647 ], [ 77.164962228972513, 26.991170578076886 ], [ 77.167949855229722, 26.99151837478037 ], [ 77.16855625240818, 26.9935383052905 ], [ 77.168145991269014, 26.994251803559006 ], [ 77.166487205492587, 26.993953009089584 ], [ 77.16473484546195, 26.992762437311647 ] ] ] } },
{ "type": "Feature", "properties": { "polygon_id": "indiasat_1600", "source": "indiasat", "raw_class": "barren_land", "core_class": "barren", "lon": 75.809679103805209, "lat": 11.67384873333372, "block": "75_11" }, "geometry": { "type": "Polygon", "coordinates": [ [ [ 75.808664223493935, 11.673886436112982 ], [ 75.809136890852841, 11.673003495116678 ], [ 75.810269512528492, 11.672918793208076 ], [ 75.810577142089343, 11.674528520053686 ], [ 75.809466870269986, 11.674849552544163 ], [ 75.808664223493935, 11.673886436112982 ] ] ] } },
{ "type": "Feature", "properties": { "polygon_id": "indiasat_1601", "source": "indiasat", "raw_class": "barren_land", "core_class": "barren", "lon": 76.021705741882258, "lat": 11.27487628695239, "block": "76_11" }, "geometry": { "type": "Polygon", "coordinates": [ [ [ 76.020587476114457, 11.274333171194387 ], [ 76.021862724419378, 11.273891657190651 ], [ 76.022250733340826, 11.274301881853324 ], [ 76.022772445127515, 11.275452358587083 ], [ 76.021492689338487, 11.275876019339753 ], [ 76.021238472273723, 11.275541565937347 ], [ 76.02082823525221, 11.274622994134932 ], [ 76.020707811462216, 11.274658611693471 ], [ 76.020587476114457, 11.274333171194387 ] ] ] } },
{ "type": "Feature", "properties": { "polygon_id": "indiasat_1606", "source": "indiasat", "raw_class": "barren_land", "core_class": "barren", "lon": 80.195856866056346, "lat": 12.970537805713667, "block": "80_12" }, "geometry": { "type": "Polygon", "coordinates": [ [ [ 80.19551446265379, 12.97039238498707 ], [ 80.19616995637746, 12.970316516397531 ], [ 80.196205625306987, 12.97066434307672 ], [ 80.195559070438364, 12.970775805055244 ], [ 80.19551446265379, 12.97039238498707 ] ] ] } },
{ "type": "Feature", "properties": { "polygon_id": "indiasat_1609", "source": "indiasat", "raw_class": "barren_land", "core_class": "barren", "lon": 87.225507355896482, "lat": 23.6680183338046, "block": "87_23" }, "geometry": { "type": "Polygon", "coordinates": [ [ [ 87.216155007850716, 23.669550529763711 ], [ 87.219414630296484, 23.66400788138807 ], [ 87.223994147510012, 23.661354703666181 ], [ 87.226321759565735, 23.665060219391236 ], [ 87.230294843187963, 23.666241831186888 ], [ 87.234307998087814, 23.668368825668097 ], [ 87.23663122728442, 23.670041030066884 ], [ 87.233055006251789, 23.672435555006672 ], [ 87.226286132166607, 23.671418893199444 ], [ 87.220738944246733, 23.671320788030034 ], [ 87.216155007850716, 23.669550529763711 ] ] ] } },
{ "type": "Feature", "properties": { "polygon_id": "indiasat_1610", "source": "indiasat", "raw_class": "barren_land", "core_class": "barren", "lon": 86.849533437620522, "lat": 23.76202172905051, "block": "86_23" }, "geometry": { "type": "Polygon", "coordinates": [ [ [ 86.841760003140848, 23.762821554932462 ], [ 86.842812325372066, 23.759891874300656 ], [ 86.84525588855054, 23.758736990932853 ], [ 86.849759591125022, 23.75831332649442 ], [ 86.85081196955467, 23.755771712794232 ], [ 86.85182420666483, 23.753149724221416 ], [ 86.853763866803533, 23.754692554550701 ], [ 86.856876348129376, 23.755923274811654 ], [ 86.858013392084828, 23.756195335279013 ], [ 86.854058158567071, 23.757889723916254 ], [ 86.851699333839548, 23.760395791089312 ], [ 86.854816234898806, 23.763093488001175 ], [ 86.857384664350079, 23.765019839051543 ], [ 86.855783832985026, 23.766678624522807 ], [ 86.85081196955467, 23.76729399507661 ], [ 86.84630828811521, 23.76779338230374 ], [ 86.842767757974329, 23.765251710506437 ], [ 86.841760003140848, 23.762821554932462 ] ] ] } },
{ "type": "Feature", "properties": { "polygon_id": "indiasat_1612", "source": "indiasat", "raw_class": "barren_land", "core_class": "barren", "lon": 83.908497328162582, "lat": 24.601038650598227, "block": "83_24" }, "geometry": { "type": "Polygon", "coordinates": [ [ [ 83.903270340005221, 24.600361125282301 ], [ 83.904447592773082, 24.598737951870927 ], [ 83.905856645024528, 24.597926388231027 ], [ 83.907680394844633, 24.59835892008061 ], [ 83.908746103042759, 24.599188347367551 ], [ 83.909450664595497, 24.599531698060883 ], [ 83.911314557352028, 24.600481519957686 ], [ 83.913330093745117, 24.601640873124069 ], [ 83.912661219107932, 24.60311234967266 ], [ 83.91017308030888, 24.604909356978094 ], [ 83.909450664595497, 24.603941733681715 ], [ 83.909107316121535, 24.602818028251036 ], [ 83.907243436997945, 24.601761232449654 ], [ 83.905361637475224, 24.601658655223233 ], [ 83.904866706756891, 24.601105799949028 ], [ 83.903270340005221, 24.600361125282301 ] ] ] } },
{ "type": "Feature", "properties": { "polygon_id": "indiasat_1613", "source": "indiasat", "raw_class": "barren_land", "core_class": "barren", "lon": 85.860688025637288, "lat": 25.138579053854819, "block": "85_25" }, "geometry": { "type": "Polygon", "coordinates": [ [ [ 85.85865302518026, 25.138909063842913 ], [ 85.859522587140802, 25.138726194901963 ], [ 85.859781204076256, 25.138695012882113 ], [ 85.860646296554506, 25.138641516671644 ], [ 85.859874827464793, 25.138422987235341 ], [ 85.859304104809411, 25.138075210454225 ], [ 85.859669699104899, 25.137330487473402 ], [ 85.860124541072025, 25.136969354785826 ], [ 85.860307413758918, 25.136144402568302 ], [ 85.860637316969559, 25.136135431772555 ], [ 85.861515825418337, 25.136380687340658 ], [ 85.861332956951472, 25.136929201687828 ], [ 85.86115906734301, 25.137705094480413 ], [ 85.861890383644791, 25.138467611429924 ], [ 85.862688526508151, 25.13920777997923 ], [ 85.862198023794605, 25.139849872386129 ], [ 85.86126158966519, 25.140393938756802 ], [ 85.860137971538734, 25.140135266209054 ], [ 85.85991941369025, 25.140055038178225 ], [ 85.85884925571672, 25.139466409092513 ], [ 85.85865302518026, 25.138909063842913 ] ] ] } },
{ "type": "Feature", "properties": { "polygon_id": "indiasat_1614", "source": "indiasat", "raw_class": "barren_land", "core_class": "barren", "lon": 85.852256175092023, "lat": 25.137823721549339, "block": "85_25" }, "geometry": { "type": "Polygon", "coordinates": [ [ [ 85.839777647818366, 25.135792128683491 ], [ 85.839849044366929, 25.135729645115706 ], [ 85.841258129883812, 25.135462180439191 ], [ 85.843469831149989, 25.133749873616303 ], [ 85.844905610021101, 25.133562587775042 ], [ 85.8469122134412, 25.13459261961037 ], [ 85.84875386896249, 25.134592643541609 ], [ 85.849939976452049, 25.135274889763465 ], [ 85.851010160232747, 25.135934837475173 ], [ 85.851469450824155, 25.135604832498391 ], [ 85.853288767435643, 25.13560481064539 ], [ 85.855206181924885, 25.135792093996912 ], [ 85.856227295789878, 25.13525258394116 ], [ 85.857301958370712, 25.134985036494978 ], [ 85.858782335954615, 25.135149985658813 ], [ 85.860013114915986, 25.135399728918266 ], [ 85.860628415466408, 25.136059684478671 ], [ 85.862242608041996, 25.136202314917988 ], [ 85.862835707658206, 25.136469876809468 ], [ 85.863223608038638, 25.138779694345917 ], [ 85.863085407145689, 25.13968933392503 ], [ 85.862131186392901, 25.140804118626615 ], [ 85.859464648026645, 25.141089512135576 ], [ 85.857301958370712, 25.141236631802588 ], [ 85.855955307860654, 25.141526481230954 ], [ 85.85326643245844, 25.141196497609947 ], [ 85.84880291640988, 25.140576720100217 ], [ 85.84606946654236, 25.140429593185047 ], [ 85.844606850656675, 25.139461990509623 ], [ 85.843286977803444, 25.138471992530178 ], [ 85.842034012964405, 25.137129842729859 ], [ 85.840415292107053, 25.136964831095444 ], [ 85.839982775933763, 25.136327166100301 ], [ 85.839777647818366, 25.135792128683491 ] ] ] } },
{ "type": "Feature", "properties": { "polygon_id": "indiasat_1615", "source": "indiasat", "raw_class": "barren_land", "core_class": "barren", "lon": 85.872122391334273, "lat": 25.141726514117355, "block": "85_25" }, "geometry": { "type": "Polygon", "coordinates": [ [ [ 85.863504537316857, 25.140648068554089 ], [ 85.864726382558374, 25.13924792987839 ], [ 85.866273694754398, 25.138726235667104 ], [ 85.869207747149147, 25.138726205921024 ], [ 85.871076098713999, 25.13939508771632 ], [ 85.875200803625233, 25.14123221383073 ], [ 85.876971055295343, 25.142195422943853 ], [ 85.879004374324239, 25.142079470362305 ], [ 85.880128055738453, 25.141905509489622 ], [ 85.881162576862209, 25.141147469727116 ], [ 85.881126906752229, 25.143305713596423 ], [ 85.88042239758029, 25.144469529299389 ], [ 85.877715732731474, 25.144674661147956 ], [ 85.87449176504137, 25.144090537894964 ], [ 85.871914383864592, 25.143479594050572 ], [ 85.869207747149147, 25.142458443861408 ], [ 85.865792048181817, 25.142284595298648 ], [ 85.864213568627619, 25.141379335853475 ], [ 85.863504537316857, 25.140648068554089 ] ] ] } },
{ "type": "Feature", "properties": { "polygon_id": "indiasat_1616", "source": "indiasat", "raw_class": "barren_land", "core_class": "barren", "lon": 86.14463396971432, "lat": 26.588647548629794, "block": "86_26" }, "geometry": { "type": "Polygon", "coordinates": [ [ [ 86.143620863385166, 26.589463555755223 ], [ 86.143910681728613, 26.587960832270966 ], [ 86.144775700521691, 26.588103478575892 ], [ 86.144829205558452, 26.587938530455798 ], [ 86.145645286339402, 26.588027652216574 ], [ 86.145703216786458, 26.588357684234804 ], [ 86.145306399676798, 26.589262851136102 ], [ 86.144294152675656, 26.589160259767684 ], [ 86.144004336501894, 26.589525920904794 ], [ 86.143620863385166, 26.589463555755223 ] ] ] } },
{ "type": "Feature", "properties": { "polygon_id": "indiasat_1617", "source": "indiasat", "raw_class": "barren_land", "core_class": "barren", "lon": 85.893645104106682, "lat": 26.029192895375552, "block": "85_26" }, "geometry": { "type": "Polygon", "coordinates": [ [ [ 85.893371641849797, 26.029128377106751 ], [ 85.893376089815931, 26.029114998201511 ], [ 85.893393881676673, 26.029088312174391 ], [ 85.893407303602686, 26.02907932880721 ], [ 85.893581164053572, 26.029012495101178 ], [ 85.893661461166985, 26.029039257017139 ], [ 85.893719440444244, 26.029048190945826 ], [ 85.893786315519918, 26.029048193383368 ], [ 85.893835398805678, 26.029052643921844 ], [ 85.893879956088739, 26.029074882746063 ], [ 85.89389782581155, 26.029092764816564 ], [ 85.893915617494557, 26.029181950211104 ], [ 85.893933487205175, 26.029311202110115 ], [ 85.893460835203527, 26.02936030419961 ], [ 85.893434069409963, 26.029355855127019 ], [ 85.893411751565779, 26.02933352554798 ], [ 85.893371641849797, 26.029128377106751 ] ] ] } },
{ "type": "Feature", "properties": { "polygon_id": "indiasat_1618", "source": "indiasat", "raw_class": "barren_land", "core_class": "barren", "lon": 84.993622533576968, "lat": 24.691394468351799, "block": "84_24" }, "geometry": { "type": "Polygon", "coordinates": [ [ [ 84.993244101567981, 24.691295530175307 ], [ 84.993480465778575, 24.691233097308636 ], [ 84.993431352249843, 24.690916506100109 ], [ 84.993636533846853, 24.690867491957661 ], [ 84.993663272460623, 24.69096559703231 ], [ 84.99377474933317, 24.690965598946903 ], [ 84.993810374279875, 24.691112697806929 ], [ 84.993953111868279, 24.691188548291638 ], [ 84.993975407145271, 24.691286595896674 ], [ 84.993957555055857, 24.691625535539 ], [ 84.993734601816001, 24.691643330581126 ], [ 84.99377474933317, 24.691817232614785 ], [ 84.993440318050702, 24.69185743172028 ], [ 84.993368988321009, 24.691759289785331 ], [ 84.993244101567981, 24.691295530175307 ] ] ] } },
{ "type": "Feature", "properties": { "polygon_id": "indiasat_1619", "source": "indiasat", "raw_class": "barren_land", "core_class": "barren", "lon": 74.597598390888507, "lat": 28.681982682447316, "block": "74_28" }, "geometry": { "type": "Polygon", "coordinates": [ [ [ 74.596114267518203, 28.680808628179548 ], [ 74.596796443245822, 28.680772946511379 ], [ 74.596841039730847, 28.680625812129339 ], [ 74.597960327289314, 28.680594657785633 ], [ 74.598883349756179, 28.680719507752226 ], [ 74.598910071576157, 28.682043824722722 ], [ 74.598887818288247, 28.683359239665123 ], [ 74.598593520519358, 28.683332480178464 ], [ 74.597639216551443, 28.683341459075393 ], [ 74.596261373897249, 28.683261201822649 ], [ 74.596323844915702, 28.682373796054883 ], [ 74.596305970520746, 28.681972515943908 ], [ 74.596283716896423, 28.68149088527592 ], [ 74.596114267518203, 28.680808628179548 ] ] ] } },
{ "type": "Feature", "properties": { "polygon_id": "indiasat_1620", "source": "indiasat", "raw_class": "barren_land", "core_class": "barren", "lon": 74.598615008693045, "lat": 28.679530991535973, "block": "74_28" }, "geometry": { "type": "Polygon", "coordinates": [ [ [ 74.596841039730847, 28.680625812129339 ], [ 74.596890104788187, 28.680322635544115 ], [ 74.597224533276844, 28.679600233273757 ], [ 74.59751436481713, 28.679118690963453 ], [ 74.597581303947209, 28.678944725293043 ], [ 74.597612494534317, 28.678752987465895 ], [ 74.597581303947209, 28.678521121874308 ], [ 74.597492111348885, 28.678418609468487 ], [ 74.59768828138148, 28.677950411601689 ], [ 74.597781942438985, 28.677870148939629 ], [ 74.598370540247274, 28.677945879929059 ], [ 74.599052796410618, 28.678173325634983 ], [ 74.599610199656155, 28.67837847797189 ], [ 74.599610199656155, 28.678503277574578 ], [ 74.599708238809058, 28.678895728289923 ], [ 74.599873305515615, 28.679332662319357 ], [ 74.600060535833151, 28.679921264706334 ], [ 74.600194322718153, 28.680273597570807 ], [ 74.600399426658669, 28.680893343432093 ], [ 74.599971344518735, 28.680826513458189 ], [ 74.599516539592855, 28.680799715329446 ], [ 74.599168709980631, 28.680764060328752 ], [ 74.598883349756179, 28.680719507752226 ], [ 74.597960327289314, 28.680594657785633 ], [ 74.596841039730847, 28.680625812129339 ] ] ] } },
{ "type": "Feature", "properties": { "polygon_id": "indiasat_1621", "source": "indiasat", "raw_class": "barren_land", "core_class": "barren", "lon": 74.5910870441475, "lat": 28.686570378218011, "block": "74_28" }, "geometry": { "type": "Polygon", "coordinates": [ [ [ 74.588738857674372, 28.686378033320555 ], [ 74.588890528513417, 28.685307938748828 ], [ 74.589586139144771, 28.685370282325508 ], [ 74.590397666440211, 28.685553163121362 ], [ 74.591512437743077, 28.685758302313534 ], [ 74.59277440056853, 28.686061480175006 ], [ 74.592796654645966, 28.686150670070262 ], [ 74.593086493633038, 28.686543056716143 ], [ 74.592676268096454, 28.68780948002048 ], [ 74.592627201839449, 28.688094845747063 ], [ 74.592034205079358, 28.688023509051312 ], [ 74.591664016768803, 28.687880748957014 ], [ 74.591137868954164, 28.687599870584055 ], [ 74.590781174321393, 28.687359051363476 ], [ 74.5905180545805, 28.687283299848175 ], [ 74.589858108464412, 28.68680169955848 ], [ 74.589581670371572, 28.686543030876582 ], [ 74.589331955140594, 28.686467271262057 ], [ 74.588738857674372, 28.686378033320555 ] ] ] } },
{ "type": "Feature", "properties": { "polygon_id": "indiasat_1622", "source": "indiasat", "raw_class": "barren_land", "core_class": "barren", "lon": 74.588922636279705, "lat": 28.682395586295957, "block": "74_28" }, "geometry": { "type": "Polygon", "coordinates": [ [ [ 74.586723329936234, 28.681655863292196 ], [ 74.586928449905372, 28.681575622787019 ], [ 74.587093439472682, 28.68150426144306 ], [ 74.588052181252735, 28.681018226566803 ], [ 74.588368751667161, 28.681209963803568 ], [ 74.588658598095705, 28.681312510619652 ], [ 74.588926189463265, 28.681450744849997 ], [ 74.589412214406011, 28.681539957946502 ], [ 74.589951773776576, 28.68173613681564 ], [ 74.590495800208998, 28.68193682414886 ], [ 74.590379880805813, 28.682552195801975 ], [ 74.590312938879066, 28.683283461660352 ], [ 74.590250555057438, 28.683568849179313 ], [ 74.590228211276283, 28.683586649633749 ], [ 74.590045439037866, 28.683765034351847 ], [ 74.58994283624898, 28.683863164814142 ], [ 74.58994283624898, 28.68388989345922 ], [ 74.589773380638221, 28.683845319630418 ], [ 74.589389959891847, 28.683720458307459 ], [ 74.587784677906029, 28.683114021905951 ], [ 74.588292960723038, 28.682569977561023 ], [ 74.587089060011664, 28.681927941694706 ], [ 74.586812528105284, 28.681749527899775 ], [ 74.586723329936234, 28.681655863292196 ] ] ] } },
{ "type": "Feature", "properties": { "polygon_id": "indiasat_1623", "source": "indiasat", "raw_class": "barren_land", "core_class": "barren", "lon": 74.599354375407472, "lat": 28.670119279393386, "block": "74_28" }, "geometry": { "type": "Polygon", "coordinates": [ [ [ 74.597706155633034, 28.670878267970085 ], [ 74.597786410999618, 28.670592834641056 ], [ 74.5979692644012, 28.669888295113353 ], [ 74.598174370991657, 28.669478124246677 ], [ 74.598687181084628, 28.668711159808876 ], [ 74.600323641004536, 28.669219430979993 ], [ 74.601112864736933, 28.669473581710591 ], [ 74.600386021179816, 28.671020904275988 ], [ 74.600296919403903, 28.671382125096461 ], [ 74.600100662972551, 28.671377682164653 ], [ 74.599449690585232, 28.671324158306732 ], [ 74.598642585077556, 28.671177018173182 ], [ 74.598584583439859, 28.671154669949658 ], [ 74.598379477337886, 28.671069958515133 ], [ 74.5979692644012, 28.67091841355191 ], [ 74.597706155633034, 28.670878267970085 ] ] ] } },
{ "type": "Feature", "properties": { "polygon_id": "indiasat_1624", "source": "indiasat", "raw_class": "barren_land", "core_class": "barren", "lon": 74.597091812852071, "lat": 28.670470600326585, "block": "74_28" }, "geometry": { "type": "Polygon", "coordinates": [ [ [ 74.597706155633034, 28.670878267970085 ], [ 74.5979692644012, 28.67091841355191 ], [ 74.598379477337886, 28.671069958515133 ], [ 74.598584583439859, 28.671154669949658 ], [ 74.598250157591607, 28.671832515601604 ], [ 74.597447515032414, 28.671747765852501 ], [ 74.59645316610802, 28.671448972193016 ], [ 74.596181117820237, 28.671319694860824 ], [ 74.596069670845083, 28.671292969541295 ], [ 74.596114267518203, 28.671110155400466 ], [ 74.59616333278251, 28.670708801460446 ], [ 74.596038479978645, 28.670030984025466 ], [ 74.595895752646797, 28.669513736750606 ], [ 74.595761962423126, 28.66924618006702 ], [ 74.595886815427349, 28.669192703200554 ], [ 74.596225714464524, 28.669139228114194 ], [ 74.596912447705847, 28.669246209269971 ], [ 74.598174370991657, 28.669478124246677 ], [ 74.5979692644012, 28.669888295113353 ], [ 74.597706155633034, 28.670878267970085 ] ] ] } },
{ "type": "Feature", "properties": { "polygon_id": "indiasat_1625", "source": "indiasat", "raw_class": "barren_land", "core_class": "barren", "lon": 74.592438410465348, "lat": 28.669710602521686, "block": "74_28" }, "geometry": { "type": "Polygon", "coordinates": [ [ [ 74.590219273763012, 28.669923984620088 ], [ 74.590625125773499, 28.669553878461162 ], [ 74.590955097679753, 28.669085659571433 ], [ 74.591218127379236, 28.668702189054663 ], [ 74.5914901834999, 28.668501588322833 ], [ 74.591766618533711, 28.66830088683415 ], [ 74.592252635472121, 28.668421318839222 ], [ 74.594054139414055, 28.668938568371086 ], [ 74.594103205264901, 28.669941824592801 ], [ 74.594063076728546, 28.67021385556458 ], [ 74.59405860807135, 28.670909475539876 ], [ 74.594120990515222, 28.67107440775678 ], [ 74.593634978843909, 28.671029834515448 ], [ 74.593585912859766, 28.671065541230842 ], [ 74.592988450712298, 28.670909444875509 ], [ 74.592711928263526, 28.670855929722645 ], [ 74.592341830782061, 28.6707489450907 ], [ 74.592069865379244, 28.670646400907266 ], [ 74.591677422926224, 28.67055721768185 ], [ 74.591021949982547, 28.6704456751302 ], [ 74.590482393959732, 28.670195958873276 ], [ 74.590272809460572, 28.670048836185696 ], [ 74.590263871949617, 28.670026535996382 ], [ 74.590219273763012, 28.669923984620088 ] ] ] } },
{ "type": "Feature", "properties": { "polygon_id": "indiasat_1626", "source": "indiasat", "raw_class": "barren_land", "core_class": "barren", "lon": 74.594456418829694, "lat": 28.669082161684287, "block": "74_28" }, "geometry": { "type": "Polygon", "coordinates": [ [ [ 74.591766618533711, 28.66830088683415 ], [ 74.593180157191654, 28.667226271749641 ], [ 74.593224754612464, 28.667110284533976 ], [ 74.593608256205826, 28.667244075634446 ], [ 74.594544618548198, 28.66746707243249 ], [ 74.595565790197242, 28.66758299089086 ], [ 74.595699580573239, 28.667667680100745 ], [ 74.595494381664139, 28.668233975665061 ], [ 74.59543646833896, 28.668541702757977 ], [ 74.595485533796278, 28.668867217603676 ], [ 74.595538978486147, 28.669134742922132 ], [ 74.59581549639951, 28.669629667408795 ], [ 74.595913537712136, 28.669901669746594 ], [ 74.59599826252078, 28.670383287779924 ], [ 74.59601166834112, 28.670659706660725 ], [ 74.595944817973347, 28.671319713905799 ], [ 74.595980477464181, 28.671408903589789 ], [ 74.595494381664139, 28.671368753623451 ], [ 74.595244674996579, 28.67130186383104 ], [ 74.595177824331259, 28.671239432590664 ], [ 74.595003905232886, 28.671221603157957 ], [ 74.594954839638461, 28.671288467940961 ], [ 74.594549087192803, 28.671181432509755 ], [ 74.594580278328792, 28.671101211997062 ], [ 74.594477767611352, 28.671074480463108 ], [ 74.594120990515222, 28.67107440775678 ], [ 74.59405860807135, 28.670909475539876 ], [ 74.594063076728546, 28.67021385556458 ], [ 74.594103205264901, 28.669941824592801 ], [ 74.594054139414055, 28.668938568371086 ], [ 74.592252635472121, 28.668421318839222 ], [ 74.591766618533711, 28.66830088683415 ] ] ] } },
{ "type": "Feature", "properties": { "polygon_id": "indiasat_1630", "source": "indiasat", "raw_class": "barren_land", "core_class": "barren", "lon": 74.577501704671178, "lat": 28.681140637948648, "block": "74_28" }, "geometry": { "type": "Polygon", "coordinates": [ [ [ 74.575820875295378, 28.681794080917832 ], [ 74.575829813553852, 28.681544416370251 ], [ 74.575829813553867, 28.681486448322229 ], [ 74.576512069459724, 28.680304803892259 ], [ 74.576534325633489, 28.680215576583461 ], [ 74.576663661654905, 28.679756349853488 ], [ 74.576962376546717, 28.679800940254385 ], [ 74.577827502730116, 28.680072903054761 ], [ 74.578442804222192, 28.6801353429648 ], [ 74.578786206571991, 28.680148758716019 ], [ 74.579365841733605, 28.680188828040887 ], [ 74.57873266731248, 28.681259049141726 ], [ 74.578572138815602, 28.681713872492001 ], [ 74.578175285989644, 28.682663652630172 ], [ 74.577024854551283, 28.682271248737525 ], [ 74.575820875295378, 28.681794080917832 ] ] ] } },
{ "type": "Feature", "properties": { "polygon_id": "indiasat_1631", "source": "indiasat", "raw_class": "barren_land", "core_class": "barren", "lon": 74.577998952700895, "lat": 28.678638873032586, "block": "74_28" }, "geometry": { "type": "Polygon", "coordinates": [ [ [ 74.576663661654905, 28.679756349853488 ], [ 74.576672599869809, 28.679667137200941 ], [ 74.576806315509643, 28.678748569194727 ], [ 74.577243303934807, 28.677094257180837 ], [ 74.577386046692979, 28.677152230704017 ], [ 74.578090552430368, 28.677254794111864 ], [ 74.578491874511258, 28.677361802667757 ], [ 74.579414911760566, 28.677535645958471 ], [ 74.579504113704687, 28.677553554913651 ], [ 74.57911173206324, 28.678525584857784 ], [ 74.579107263018912, 28.678784193770412 ], [ 74.579026998963101, 28.679065154004018 ], [ 74.578888726610259, 28.67944863323299 ], [ 74.578817400556943, 28.679684983428533 ], [ 74.578786206571991, 28.680148758716019 ], [ 74.578442804222192, 28.6801353429648 ], [ 74.577827502730116, 28.680072903054761 ], [ 74.576962376546717, 28.679800940254385 ], [ 74.576663661654905, 28.679756349853488 ] ] ] } },
{ "type": "Feature", "properties": { "polygon_id": "indiasat_1632", "source": "indiasat", "raw_class": "barren_land", "core_class": "barren", "lon": 74.563167932375066, "lat": 28.674706883995192, "block": "74_28" }, "geometry": { "type": "Polygon", "coordinates": [ [ [ 74.561088031382425, 28.672969606570955 ], [ 74.561239637085293, 28.673000770051118 ], [ 74.561377834149368, 28.673072115079211 ], [ 74.561935269571251, 28.673473449992301 ], [ 74.562367736676649, 28.67365181223164 ], [ 74.562942957373679, 28.67395498163182 ], [ 74.563228376973441, 28.673999616302325 ], [ 74.564231677215901, 28.674227061320853 ], [ 74.564311948135384, 28.67433853095627 ], [ 74.564423415597744, 28.67482009390616 ], [ 74.564771225799134, 28.675809967774793 ], [ 74.564245085501241, 28.675809986348639 ], [ 74.563544992841315, 28.675792210474352 ], [ 74.563375511353271, 28.675809996126944 ], [ 74.5629697741428, 28.675881366271039 ], [ 74.562060057627278, 28.674418743985076 ], [ 74.561088031382425, 28.672969606570955 ] ] ] } },
{ "type": "Feature", "properties": { "polygon_id": "indiasat_1633", "source": "indiasat", "raw_class": "barren_land", "core_class": "barren", "lon": 74.556448317898443, "lat": 28.680444509990345, "block": "74_28" }, "geometry": { "type": "Polygon", "coordinates": [ [ [ 74.554916601339826, 28.680888942668727 ], [ 74.555589910934714, 28.679421920752652 ], [ 74.555826265940297, 28.678944736449409 ], [ 74.55617409339051, 28.679167681260818 ], [ 74.556713667052747, 28.679511069707459 ], [ 74.557578715626107, 28.679760762464522 ], [ 74.55796220689642, 28.679823240521145 ], [ 74.557770461367269, 28.680108553786265 ], [ 74.557765991771987, 28.680122004565217 ], [ 74.557663369832611, 28.680683817839039 ], [ 74.557453834952497, 28.681437371118047 ], [ 74.557418167513816, 28.681754023035953 ], [ 74.557092690623037, 28.681691608185162 ], [ 74.556767123729088, 28.681602369239553 ], [ 74.55635690142131, 28.681517686588251 ], [ 74.556075940148276, 28.681437365924175 ], [ 74.554916601339826, 28.680888942668727 ] ] ] } },
{ "type": "Feature", "properties": { "polygon_id": "indiasat_1634", "source": "indiasat", "raw_class": "barren_land", "core_class": "barren", "lon": 74.561251298457094, "lat": 28.671899385770246, "block": "74_28" }, "geometry": { "type": "Polygon", "coordinates": [ [ [ 74.561088031382425, 28.672969606570955 ], [ 74.559999970525297, 28.671239426407087 ], [ 74.55959422541288, 28.670606229677539 ], [ 74.559705695909599, 28.670610685711456 ], [ 74.559999970525297, 28.670606196189414 ], [ 74.56050386547976, 28.670606204224221 ], [ 74.560949744697012, 28.670655264910817 ], [ 74.561373364647082, 28.670726642210781 ], [ 74.561707772490053, 28.670806912311569 ], [ 74.561819331017489, 28.671168129365267 ], [ 74.561957527619356, 28.671676410103441 ], [ 74.562149268517715, 28.67208217951724 ], [ 74.562341009203919, 28.672100043839944 ], [ 74.5623320702489, 28.672452283980157 ], [ 74.562421280999288, 28.672880410410588 ], [ 74.562430219949704, 28.673303976964238 ], [ 74.562367736676649, 28.67365181223164 ], [ 74.561935269571251, 28.673473449992301 ], [ 74.561377834149368, 28.673072115079211 ], [ 74.561239637085293, 28.673000770051118 ], [ 74.561088031382425, 28.672969606570955 ] ] ] } },
{ "type": "Feature", "properties": { "polygon_id": "indiasat_1635", "source": "indiasat", "raw_class": "barren_land", "core_class": "barren", "lon": 74.560610597135195, "lat": 28.678513622174886, "block": "74_28" }, "geometry": { "type": "Polygon", "coordinates": [ [ [ 74.559050191150334, 28.677437545736968 ], [ 74.559121525349042, 28.677022895106294 ], [ 74.559161661996811, 28.677027302210636 ], [ 74.559335617160158, 28.67703182458219 ], [ 74.559580816767721, 28.677143295910479 ], [ 74.560022318212646, 28.67737512983911 ], [ 74.560236319520797, 28.677433162778193 ], [ 74.560798138740608, 28.677508903610104 ], [ 74.56139124265556, 28.677557994636285 ], [ 74.561458106390859, 28.678066294923301 ], [ 74.561502711996738, 28.678320442118292 ], [ 74.561765786508886, 28.678588015865859 ], [ 74.562033330107084, 28.678721779458304 ], [ 74.562434689424748, 28.678824328741481 ], [ 74.562354417635575, 28.679734038559761 ], [ 74.561261895222714, 28.679604663302946 ], [ 74.559919697608592, 28.679546730283366 ], [ 74.559696756818667, 28.679163291405697 ], [ 74.55930879982877, 28.678512224214682 ], [ 74.559201798635286, 28.67828926379417 ], [ 74.559130464469618, 28.678137701935768 ], [ 74.559121525349042, 28.677905752625222 ], [ 74.559050191150334, 28.677437545736968 ] ] ] } },
{ "type": "Feature", "properties": { "polygon_id": "indiasat_1636", "source": "indiasat", "raw_class": "barren_land", "core_class": "barren", "lon": 74.554884451106901, "lat": 28.670783999074185, "block": "74_28" }, "geometry": { "type": "Polygon", "coordinates": [ [ [ 74.55317753390672, 28.669531559912876 ], [ 74.55390439720145, 28.669504853865789 ], [ 74.554261078482043, 28.669495920749167 ], [ 74.555277750199394, 28.669638635061162 ], [ 74.555732582149076, 28.669701076864825 ], [ 74.555732582149076, 28.66981250099197 ], [ 74.555728201894226, 28.669857116596614 ], [ 74.555710323301923, 28.670071116584865 ], [ 74.555852994417251, 28.670410004878356 ], [ 74.556147275570282, 28.670766784686354 ], [ 74.556401508339434, 28.670971903622341 ], [ 74.556677910069396, 28.671105664957356 ], [ 74.556486252513025, 28.671712085040816 ], [ 74.556517450515884, 28.671926150027538 ], [ 74.556521920143339, 28.672059874013325 ], [ 74.556508511260617, 28.672149084301978 ], [ 74.556392569078199, 28.672291800632639 ], [ 74.556361371052901, 28.672269515139856 ], [ 74.556209761085, 28.672180291434731 ], [ 74.555478437792729, 28.672033191126086 ], [ 74.554840795741185, 28.671859234754326 ], [ 74.554403840182658, 28.671694299709436 ], [ 74.553966794130005, 28.671506964275835 ], [ 74.553467439285157, 28.671292941782934 ], [ 74.553311357078684, 28.66996409500565 ], [ 74.553231081066741, 28.669964129607393 ], [ 74.55317753390672, 28.669531559912876 ] ] ] } },
{ "type": "Feature", "properties": { "polygon_id": "indiasat_1637", "source": "indiasat", "raw_class": "barren_land", "core_class": "barren", "lon": 74.558120636210901, "lat": 28.672136901257549, "block": "74_28" }, "geometry": { "type": "Polygon", "coordinates": [ [ [ 74.556677910069396, 28.671105664957356 ], [ 74.557373560857144, 28.670873811676671 ], [ 74.557502911190724, 28.670985264567278 ], [ 74.557725854801177, 28.670980816960803 ], [ 74.558296621319016, 28.670994164787615 ], [ 74.558590898326131, 28.670904982972775 ], [ 74.558978856922295, 28.670793543267845 ], [ 74.559027932728938, 28.670909459173426 ], [ 74.559081388691979, 28.671212633068507 ], [ 74.559331147605207, 28.671738830394546 ], [ 74.559612014213869, 28.672166938691021 ], [ 74.5597770298386, 28.672309611507451 ], [ 74.560164985780773, 28.672644039415999 ], [ 74.559785968925382, 28.672684146145183 ], [ 74.55925534393586, 28.672652994161204 ], [ 74.559201798635286, 28.672697533456628 ], [ 74.558934250667022, 28.673723119675703 ], [ 74.558920841970817, 28.673763300584884 ], [ 74.557757052581081, 28.673384296580007 ], [ 74.557609913432472, 28.673263833570608 ], [ 74.5574047587004, 28.672987366082051 ], [ 74.557351302220553, 28.672688621664072 ], [ 74.556731456149208, 28.672496870918746 ], [ 74.556392569078199, 28.672291800632639 ], [ 74.556508511260617, 28.672149084301978 ], [ 74.556521920143339, 28.672059874013325 ], [ 74.556517450515884, 28.671926150027538 ], [ 74.556486252513025, 28.671712085040816 ], [ 74.556677910069396, 28.671105664957356 ] ] ] } },
{ "type": "Feature", "properties": { "polygon_id": "indiasat_1638", "source": "indiasat", "raw_class": "barren_land", "core_class": "barren", "lon": 74.565153663651927, "lat": 28.677687637184899, "block": "74_28" }, "geometry": { "type": "Polygon", "coordinates": [ [ [ 74.564771225799134, 28.675809967774793 ], [ 74.564668697395476, 28.676733083439828 ], [ 74.565078900034067, 28.677183415473998 ], [ 74.565792394660505, 28.677517833653571 ], [ 74.566684214116535, 28.677830020506192 ], [ 74.566679744751127, 28.677919142497565 ], [ 74.566617263010798, 28.677932533258115 ], [ 74.566626201744711, 28.67816891333095 ], [ 74.566684214116535, 28.678396331638716 ], [ 74.566804529389671, 28.678659367527896 ], [ 74.566875949783423, 28.678864479982426 ], [ 74.566889268476871, 28.678984912959947 ], [ 74.566956219477419, 28.679065153842974 ], [ 74.567098881336193, 28.67904728505837 ], [ 74.567263889830755, 28.679350572822678 ], [ 74.566849133619016, 28.67939070397173 ], [ 74.566131263354009, 28.679337199288337 ], [ 74.565712124427066, 28.679355035992202 ], [ 74.565564902643885, 28.679377319085049 ], [ 74.565484632305001, 28.679386211227328 ], [ 74.564980841221896, 28.678614776375447 ], [ 74.564583957221828, 28.677923625901059 ], [ 74.563937409785396, 28.677049680071001 ], [ 74.563732262541677, 28.677054120833798 ], [ 74.5629697741428, 28.675881366271039 ], [ 74.563375511353271, 28.675809996126944 ], [ 74.563544992841315, 28.675792210474352 ], [ 74.564245085501241, 28.675809986348639 ], [ 74.564771225799134, 28.675809967774793 ] ] ] } },
{ "type": "Feature", "properties": { "polygon_id": "indiasat_1639", "source": "indiasat", "raw_class": "barren_land", "core_class": "barren", "lon": 74.559559833336635, "lat": 28.681116397065367, "block": "74_28" }, "geometry": { "type": "Polygon", "coordinates": [ [ [ 74.55796220689642, 28.679823240521145 ], [ 74.558256484471016, 28.679841065837596 ], [ 74.558568639845774, 28.679796409471518 ], [ 74.558706839039004, 28.679760764392949 ], [ 74.558778173378954, 28.679840996576704 ], [ 74.558564170271055, 28.679890126707338 ], [ 74.558363486247814, 28.679890129193911 ], [ 74.558046860915724, 28.680041691486473 ], [ 74.558078148029622, 28.680135315154271 ], [ 74.558136073871296, 28.680139796081026 ], [ 74.558550761546243, 28.68000154751887 ], [ 74.559050191150334, 28.679867772245366 ], [ 74.559072449568873, 28.679934660772915 ], [ 74.559228526592065, 28.679930250525189 ], [ 74.559848363738269, 28.679988189001989 ], [ 74.560276455910497, 28.680095242809859 ], [ 74.560365667718912, 28.680113079637749 ], [ 74.561034486647898, 28.680683820697851 ], [ 74.561507181495685, 28.681165370734263 ], [ 74.561511650994518, 28.681468646745088 ], [ 74.561266364727885, 28.682079476721139 ], [ 74.5610746228528, 28.682431782856849 ], [ 74.561074622852786, 28.682583376632042 ], [ 74.561052364691307, 28.682668082623465 ], [ 74.560450320564797, 28.682454026526869 ], [ 74.558934250667022, 28.681936777950629 ], [ 74.558492835843083, 28.681753977671857 ], [ 74.55798893504425, 28.681584560475592 ], [ 74.557453834952497, 28.681437371118047 ], [ 74.557663369832611, 28.680683817839039 ], [ 74.557770461367269, 28.680108553786265 ], [ 74.55796220689642, 28.679823240521145 ] ] ] } },
{ "type": "Feature", "properties": { "polygon_id": "indiasat_1640", "source": "indiasat", "raw_class": "barren_land", "core_class": "barren", "lon": 74.555671443499691, "lat": 28.682286073552476, "block": "74_28" }, "geometry": { "type": "Polygon", "coordinates": [ [ [ 74.554916601339826, 28.680888942668727 ], [ 74.556075940148276, 28.681437365924175 ], [ 74.55635690142131, 28.681517686588251 ], [ 74.556767123729088, 28.681602369239553 ], [ 74.557092690623037, 28.681691608185162 ], [ 74.557418167513816, 28.681754023035953 ], [ 74.557413697909467, 28.681847651959835 ], [ 74.557400289095682, 28.681981371466556 ], [ 74.557351302220553, 28.68196361209386 ], [ 74.556932142060873, 28.683149717015901 ], [ 74.556793852061091, 28.683608968289857 ], [ 74.556628922990242, 28.683577808411055 ], [ 74.556459434741058, 28.683586640454088 ], [ 74.556191882542308, 28.683537641687373 ], [ 74.5556255787493, 28.683426121095938 ], [ 74.555094941031513, 28.683265643226424 ], [ 74.554952269292841, 28.68314526627989 ], [ 74.554608909069941, 28.682984707554365 ], [ 74.554051539492747, 28.682842027961815 ], [ 74.554096147003563, 28.682650246137669 ], [ 74.554412690152716, 28.681388355244728 ], [ 74.55454204269391, 28.680822027096639 ], [ 74.554653516437469, 28.680710563075198 ], [ 74.554773929454527, 28.680817591624418 ], [ 74.554916601339826, 28.680888942668727 ] ] ] } },
{ "type": "Feature", "properties": { "polygon_id": "indiasat_1641", "source": "indiasat", "raw_class": "barren_land", "core_class": "barren", "lon": 74.562583335325215, "lat": 28.683174664962017, "block": "74_28" }, "geometry": { "type": "Polygon", "coordinates": [ [ [ 74.561511650994518, 28.681468646745088 ], [ 74.562220601441126, 28.681709359348233 ], [ 74.56262196032506, 28.681883325591837 ], [ 74.563544992841315, 28.682440659948476 ], [ 74.564646350307299, 28.682944528810456 ], [ 74.56448580874104, 28.683279036035245 ], [ 74.564454612172199, 28.683417198242285 ], [ 74.564418946174001, 28.683715980235977 ], [ 74.56386598817997, 28.683916610567518 ], [ 74.563870457617966, 28.684228821534454 ], [ 74.563620794634616, 28.684634615010864 ], [ 74.563567250682652, 28.68480844393763 ], [ 74.56351817616121, 28.6848709416216 ], [ 74.56262196032506, 28.684389355337586 ], [ 74.562390084058734, 28.684268937786737 ], [ 74.562028860621709, 28.684170791386446 ], [ 74.56189513356567, 28.684139621796255 ], [ 74.561672105926476, 28.684099455989202 ], [ 74.560949744697012, 28.684028121684772 ], [ 74.560869472220105, 28.683992494380274 ], [ 74.560856153063881, 28.683805164509074 ], [ 74.560940895060526, 28.683198756031921 ], [ 74.561052364691307, 28.682668082623465 ], [ 74.561074622852786, 28.682583376632042 ], [ 74.5610746228528, 28.682431782856849 ], [ 74.561266364727885, 28.682079476721139 ], [ 74.561511650994518, 28.681468646745088 ] ] ] } },
{ "type": "Feature", "properties": { "polygon_id": "indiasat_1642", "source": "indiasat", "raw_class": "barren_land", "core_class": "barren", "lon": 74.550003754579308, "lat": 28.679945493678442, "block": "74_28" }, "geometry": { "type": "Polygon", "coordinates": [ [ [ 74.548544524606257, 28.680942422725195 ], [ 74.548593603363571, 28.680451977253476 ], [ 74.548687201610889, 28.679716201631791 ], [ 74.548950295554604, 28.679185579207328 ], [ 74.549030573545735, 28.678935819963197 ], [ 74.549418553514457, 28.678289306715733 ], [ 74.549855521621183, 28.678414085773088 ], [ 74.550051745689473, 28.678503300494679 ], [ 74.551077292200858, 28.679024999116788 ], [ 74.551242315942986, 28.67915882755327 ], [ 74.551567803806677, 28.679341610282446 ], [ 74.551416189651121, 28.679738481732134 ], [ 74.551340382523676, 28.680304787743928 ], [ 74.55099263478148, 28.681370490247257 ], [ 74.549909069805793, 28.681187649100355 ], [ 74.548544524606257, 28.681049411331319 ], [ 74.548544524606257, 28.680942422725195 ] ] ] } },
{ "type": "Feature", "properties": { "polygon_id": "indiasat_1643", "source": "indiasat", "raw_class": "barren_land", "core_class": "barren", "lon": 74.540503783208095, "lat": 28.68356768802089, "block": "74_28" }, "geometry": { "type": "Polygon", "coordinates": [ [ [ 74.538841587691721, 28.684202040705994 ], [ 74.538868318781724, 28.684005851214469 ], [ 74.539242821814909, 28.683047135979269 ], [ 74.539300843339475, 28.682619015267367 ], [ 74.539282963056621, 28.682017108361187 ], [ 74.540018735178222, 28.682119626286735 ], [ 74.540170359277326, 28.68215533102703 ], [ 74.542056530564921, 28.682672581131808 ], [ 74.541976338752406, 28.682998081896319 ], [ 74.541811306210263, 28.683711532795659 ], [ 74.541744434908082, 28.684086130456812 ], [ 74.54159281218115, 28.685178572691797 ], [ 74.540723303353772, 28.68504035418259 ], [ 74.539876051058599, 28.684902119116835 ], [ 74.539840380010418, 28.684732674681527 ], [ 74.539916192154209, 28.684407192052017 ], [ 74.538841587691721, 28.684202040705994 ] ] ] } },
{ "type": "Feature", "properties": { "polygon_id": "indiasat_1644", "source": "indiasat", "raw_class": "barren_land", "core_class": "barren", "lon": 74.548672380157271, "lat": 28.676709515035398, "block": "74_28" }, "geometry": { "type": "Polygon", "coordinates": [ [ [ 74.549418553514457, 28.678289306715733 ], [ 74.548749689810975, 28.678106475444647 ], [ 74.54821009139367, 28.677981550286514 ], [ 74.547969345568347, 28.677611475519939 ], [ 74.547893536936385, 28.677424248526606 ], [ 74.547447624172236, 28.676527967218298 ], [ 74.547282596824601, 28.676028472252661 ], [ 74.547130978928294, 28.675234812584783 ], [ 74.547345085529926, 28.675243676775338 ], [ 74.548089763221157, 28.675270464243301 ], [ 74.548196771265737, 28.675292722321174 ], [ 74.549017253480727, 28.675613812130056 ], [ 74.549851051822046, 28.675876919958228 ], [ 74.549815382820896, 28.675988352494073 ], [ 74.549859991420206, 28.676750904582736 ], [ 74.549913450207455, 28.677254770853587 ], [ 74.549868931017869, 28.677879042909595 ], [ 74.549886720815891, 28.678280355032797 ], [ 74.549855521621183, 28.678414085773088 ], [ 74.549418553514457, 28.678289306715733 ] ] ] } },
{ "type": "Feature", "properties": { "polygon_id": "indiasat_1645", "source": "indiasat", "raw_class": "barren_land", "core_class": "barren", "lon": 74.547465568711658, "lat": 28.680995339902559, "block": "74_28" }, "geometry": { "type": "Polygon", "coordinates": [ [ [ 74.548544524606257, 28.680942422725195 ], [ 74.548544524606257, 28.681049411331319 ], [ 74.548540054773397, 28.681771865022089 ], [ 74.548486595563418, 28.682173117176603 ], [ 74.548321569202741, 28.682529885559514 ], [ 74.548134282866769, 28.682565529229414 ], [ 74.547425274865631, 28.682235538004498 ], [ 74.547122128587091, 28.682066106644214 ], [ 74.546818892382092, 28.682012588904222 ], [ 74.546471046189808, 28.681865459300823 ], [ 74.545877980682974, 28.681691519626749 ], [ 74.546207948491656, 28.680790815855499 ], [ 74.546364037082355, 28.680242372615147 ], [ 74.546506715877655, 28.67991241723653 ], [ 74.547202318025711, 28.67989897370575 ], [ 74.547474353939137, 28.679528884567041 ], [ 74.548036214475687, 28.67964928998072 ], [ 74.548580193868403, 28.679702793727525 ], [ 74.548687201610889, 28.679716201631791 ], [ 74.548593603363571, 28.680451977253476 ], [ 74.548544524606257, 28.680942422725195 ] ] ] } },
{ "type": "Feature", "properties": { "polygon_id": "indiasat_1646", "source": "indiasat", "raw_class": "barren_land", "core_class": "barren", "lon": 74.562361074920005, "lat": 28.669228315507144, "block": "74_28" }, "geometry": { "type": "Polygon", "coordinates": [ [ [ 74.560780350061322, 28.668702190664856 ], [ 74.560784819578913, 28.668309765816822 ], [ 74.560914077977444, 28.667609714203316 ], [ 74.560923017005607, 28.667542803417099 ], [ 74.560958683723314, 28.667556235288671 ], [ 74.561462575890957, 28.667698902986785 ], [ 74.561739058943303, 28.667685569113129 ], [ 74.561966466593688, 28.667694473708636 ], [ 74.56253274967797, 28.667640973168638 ], [ 74.563763459240576, 28.667859435556608 ], [ 74.563817003131931, 28.668470356270429 ], [ 74.563937409785396, 28.669821481623178 ], [ 74.56395072870481, 28.669964135935007 ], [ 74.563834791499517, 28.670530444006975 ], [ 74.563781337002467, 28.670815814036828 ], [ 74.563576189573951, 28.670797956282108 ], [ 74.563317587262404, 28.670842614841785 ], [ 74.563099030911786, 28.670855913876206 ], [ 74.562546158094804, 28.670797981071519 ], [ 74.561689983904131, 28.670753383758132 ], [ 74.561672105926476, 28.670677542305715 ], [ 74.56139124265556, 28.670606273943456 ], [ 74.560891819795359, 28.670521484820796 ], [ 74.560838275000222, 28.670240600940478 ], [ 74.560900758824658, 28.6695449445183 ], [ 74.560869472220105, 28.669161468600169 ], [ 74.560780350061322, 28.668702190664856 ] ] ] } },
{ "type": "Feature", "properties": { "polygon_id": "indiasat_1647", "source": "indiasat", "raw_class": "barren_land", "core_class": "barren", "lon": 74.556579320336184, "lat": 28.668357821937601, "block": "74_28" }, "geometry": { "type": "Polygon", "coordinates": [ [ [ 74.555277750199394, 28.669638635061162 ], [ 74.555282219858796, 28.669107980705039 ], [ 74.555478437792729, 28.668363323651743 ], [ 74.555603319888419, 28.667797029877864 ], [ 74.555638987700263, 28.667582926152338 ], [ 74.555612259190312, 28.667034491307895 ], [ 74.555728201894226, 28.666762466754147 ], [ 74.556009074337624, 28.666762499298333 ], [ 74.556477313256167, 28.666820506394647 ], [ 74.556744865014693, 28.666838340411353 ], [ 74.557021266197538, 28.666793679306796 ], [ 74.557672309028334, 28.667850522986004 ], [ 74.557681248223631, 28.668037793187239 ], [ 74.557837326498941, 28.668497045593185 ], [ 74.557997874223219, 28.668746808999966 ], [ 74.558225286780967, 28.669259566655256 ], [ 74.558243075722402, 28.66930415721637 ], [ 74.557748113389692, 28.669406712835929 ], [ 74.557262088861307, 28.66945580782421 ], [ 74.557030205426372, 28.669504862138844 ], [ 74.556686849315923, 28.669625215656179 ], [ 74.55635690142131, 28.669692109141714 ], [ 74.556347962157773, 28.669652018969785 ], [ 74.556205291449487, 28.669665366298691 ], [ 74.556018013618612, 28.669750065002454 ], [ 74.555884192533995, 28.669741184281946 ], [ 74.555732582149076, 28.669701076864825 ], [ 74.555277750199394, 28.669638635061162 ] ] ] } },
{ "type": "Feature", "properties": { "polygon_id": "indiasat_1648", "source": "indiasat", "raw_class": "barren_land", "core_class": "barren", "lon": 74.566496831449626, "lat": 28.662226074917243, "block": "74_28" }, "geometry": { "type": "Polygon", "coordinates": [ [ [ 74.564588426641308, 28.663208599627797 ], [ 74.564887162377744, 28.662182973389555 ], [ 74.565154701156217, 28.661692480299248 ], [ 74.565422239521467, 28.660974604344251 ], [ 74.565489101701246, 28.660854190108225 ], [ 74.565556053243085, 28.660724847073748 ], [ 74.566554870635329, 28.660845240633865 ], [ 74.566688594094515, 28.660858607939396 ], [ 74.567549212923765, 28.660938897067293 ], [ 74.567955028793733, 28.661077170552264 ], [ 74.568124505800583, 28.661135132898512 ], [ 74.568124505800583, 28.661175228475738 ], [ 74.568048616591767, 28.661786156280712 ], [ 74.568088751171601, 28.66187534919705 ], [ 74.567937151462658, 28.662499608528169 ], [ 74.56779449029456, 28.663195199727937 ], [ 74.567758824984182, 28.663560849839207 ], [ 74.567754355646514, 28.663658918980389 ], [ 74.56755368226672, 28.663716921450053 ], [ 74.567304024592502, 28.663712474398885 ], [ 74.566577128089904, 28.663632180422827 ], [ 74.565841379149944, 28.663369125745874 ], [ 74.565248379855689, 28.663275484125705 ], [ 74.564588426641308, 28.663208599627797 ] ] ] } },
{ "type": "Feature", "properties": { "polygon_id": "indiasat_1649", "source": "indiasat", "raw_class": "barren_land", "core_class": "barren", "lon": 74.55276452662919, "lat": 28.662337319055609, "block": "74_28" }, "geometry": { "type": "Polygon", "coordinates": [ [ [ 74.551001484925465, 28.663195196199034 ], [ 74.551059502524808, 28.662481747510004 ], [ 74.551037153682969, 28.662049232526435 ], [ 74.551050562988436, 28.661808411019969 ], [ 74.551055032756679, 28.661746014145823 ], [ 74.551081761968419, 28.661594391125337 ], [ 74.551193237934214, 28.661389274090752 ], [ 74.551465267596868, 28.661389238321902 ], [ 74.55192457928365, 28.661366985331469 ], [ 74.552080573342252, 28.661304507382582 ], [ 74.552196518405594, 28.661224267220284 ], [ 74.552584491300422, 28.660970162649697 ], [ 74.553186473333582, 28.660666917957169 ], [ 74.554029280429958, 28.662026923336246 ], [ 74.55500134623874, 28.663596515478687 ], [ 74.553124076124476, 28.66339590461569 ], [ 74.552379420021182, 28.663302269215585 ], [ 74.551001484925465, 28.663195196199034 ] ] ] } },
{ "type": "Feature", "properties": { "polygon_id": "indiasat_1650", "source": "indiasat", "raw_class": "barren_land", "core_class": "barren", "lon": 74.547110119564977, "lat": 28.662082795356621, "block": "74_28" }, "geometry": { "type": "Polygon", "coordinates": [ [ [ 74.545597091851491, 28.660867566522381 ], [ 74.545601561760066, 28.660617811008731 ], [ 74.545637231626387, 28.660448399614317 ], [ 74.546377446748551, 28.660666864236596 ], [ 74.546885761732213, 28.660769481455606 ], [ 74.546983830772689, 28.660769435975155 ], [ 74.547790998557275, 28.660742715285469 ], [ 74.548339448555993, 28.660880977070004 ], [ 74.548361708348224, 28.661371451136414 ], [ 74.548428577104531, 28.662566479532156 ], [ 74.548526734670787, 28.66375264358188 ], [ 74.54821009139367, 28.663761538580854 ], [ 74.547893536936385, 28.663721412469965 ], [ 74.547643850960668, 28.663645588747453 ], [ 74.546801012872351, 28.663257595441994 ], [ 74.545860190474457, 28.663181797560327 ], [ 74.545811110945039, 28.662990118180947 ], [ 74.545735301371465, 28.661643410804551 ], [ 74.545695161619221, 28.661197548820581 ], [ 74.545597091851491, 28.660867566522381 ] ] ] } },
{ "type": "Feature", "properties": { "polygon_id": "indiasat_1651", "source": "indiasat", "raw_class": "barren_land", "core_class": "barren", "lon": 74.539075147294184, "lat": 28.66640820036632, "block": "74_28" }, "geometry": { "type": "Polygon", "coordinates": [ [ [ 74.537512716556094, 28.667872819018076 ], [ 74.537552858196932, 28.667685547223815 ], [ 74.53764655179026, 28.667426933637564 ], [ 74.537771357299988, 28.666869530286021 ], [ 74.537802558663444, 28.666486058113961 ], [ 74.537815968989847, 28.665723559562963 ], [ 74.537860580668266, 28.665273179517303 ], [ 74.537940774378058, 28.664938708676519 ], [ 74.538645350968778, 28.665032364991553 ], [ 74.540901657616288, 28.665478296462133 ], [ 74.540834785964364, 28.665705677590825 ], [ 74.540647491561742, 28.666432496730359 ], [ 74.540455726916704, 28.666896293829293 ], [ 74.540357654193684, 28.667426879209703 ], [ 74.539425647662654, 28.667293127374347 ], [ 74.538961922265202, 28.667944188849091 ], [ 74.537708954556308, 28.667863908446233 ], [ 74.537512716556094, 28.667872819018076 ] ] ] } },
{ "type": "Feature", "properties": { "polygon_id": "indiasat_1652", "source": "indiasat", "raw_class": "barren_land", "core_class": "barren", "lon": 74.537407184079655, "lat": 28.664131928487546, "block": "74_28" }, "geometry": { "type": "Polygon", "coordinates": [ [ [ 74.537815968989847, 28.665723559562963 ], [ 74.536696739591932, 28.665504994561783 ], [ 74.536518381019192, 28.66550505322256 ], [ 74.536357813446003, 28.665549616435612 ], [ 74.536233006922672, 28.665549662335387 ], [ 74.5360947004488, 28.664818352742323 ], [ 74.536130372264793, 28.664225226923072 ], [ 74.536268678710314, 28.663391442430076 ], [ 74.536504970592802, 28.662860805851327 ], [ 74.536554052748357, 28.662593259461207 ], [ 74.537477045023422, 28.662798344356599 ], [ 74.538471464484928, 28.663007920229699 ], [ 74.538939661269396, 28.663195194442203 ], [ 74.538761304995376, 28.664341237476027 ], [ 74.538645350968778, 28.665032364991553 ], [ 74.537940774378058, 28.664938708676519 ], [ 74.537860580668266, 28.665273179517303 ], [ 74.537815968989847, 28.665723559562963 ] ] ] } },
{ "type": "Feature", "properties": { "polygon_id": "indiasat_1653", "source": "indiasat", "raw_class": "barren_land", "core_class": "barren", "lon": 74.537946861792761, "lat": 28.655892505105594, "block": "74_28" }, "geometry": { "type": "Polygon", "coordinates": [ [ [ 74.536206186024884, 28.656787448056324 ], [ 74.536268678710314, 28.656519977222381 ], [ 74.536545112466058, 28.655244634142953 ], [ 74.536594194610288, 28.654785374530924 ], [ 74.537147060648806, 28.654825519907291 ], [ 74.53720955299643, 28.654499987288531 ], [ 74.538172683292998, 28.654727341506149 ], [ 74.538484785357966, 28.65475854853424 ], [ 74.538926251029579, 28.654838830081598 ], [ 74.53943458779699, 28.65493695985187 ], [ 74.539376655718385, 28.655110897273108 ], [ 74.539372185649796, 28.655610239868714 ], [ 74.539394446590265, 28.656595716526695 ], [ 74.539412326861665, 28.6569345947896 ], [ 74.539340984567801, 28.657304742238985 ], [ 74.537485985257845, 28.656863276617337 ], [ 74.537093597935865, 28.65682315322595 ], [ 74.536206186024884, 28.656787448056324 ] ] ] } },
{ "type": "Feature", "properties": { "polygon_id": "indiasat_1654", "source": "indiasat", "raw_class": "barren_land", "core_class": "barren", "lon": 74.543340660320766, "lat": 28.656997211596924, "block": "74_28" }, "geometry": { "type": "Polygon", "coordinates": [ [ [ 74.541815776216168, 28.656221185494083 ], [ 74.541824716227666, 28.655851058827441 ], [ 74.542564858184136, 28.655833222024864 ], [ 74.543434447202941, 28.655752945861799 ], [ 74.543942770793734, 28.6556816574438 ], [ 74.544638383203846, 28.655730656146361 ], [ 74.544758803164925, 28.656172159645191 ], [ 74.544798943133401, 28.65642633042793 ], [ 74.544772123556371, 28.656881161903517 ], [ 74.544575982923945, 28.657755148339369 ], [ 74.544593773263912, 28.658192082304989 ], [ 74.544473353188508, 28.658531011780639 ], [ 74.543973971050136, 28.658415021294878 ], [ 74.543679669268485, 28.65837496164341 ], [ 74.54321595521337, 28.658334800234595 ], [ 74.542337514517016, 28.658004863067553 ], [ 74.542114551150917, 28.657995925312804 ], [ 74.54195845874456, 28.658022626010546 ], [ 74.541940578734895, 28.657786322885972 ], [ 74.541896057502811, 28.657491986512056 ], [ 74.541815776216168, 28.65702825611465 ], [ 74.541815776216168, 28.656221185494083 ] ] ] } },
{ "type": "Feature", "properties": { "polygon_id": "indiasat_1655", "source": "indiasat", "raw_class": "barren_land", "core_class": "barren", "lon": 74.547890508759522, "lat": 28.65465388619759, "block": "74_28" }, "geometry": { "type": "Polygon", "coordinates": [ [ [ 74.546136608985989, 28.653291546947415 ], [ 74.546154488564099, 28.653028499183566 ], [ 74.546292697640766, 28.652756450549926 ], [ 74.547420894401213, 28.652908079971507 ], [ 74.547487763519655, 28.652952655050719 ], [ 74.547688370720536, 28.653090892931043 ], [ 74.547938146029253, 28.65318008801211 ], [ 74.548370648023024, 28.653296003576326 ], [ 74.548678351348983, 28.653715123789983 ], [ 74.549378414613173, 28.65465606741769 ], [ 74.549744044796611, 28.655454228313623 ], [ 74.550189951665544, 28.65632819964658 ], [ 74.549686116153836, 28.656212235473468 ], [ 74.549596898854475, 28.656207759983822 ], [ 74.548861167273742, 28.656163233966726 ], [ 74.548080823531919, 28.65615872869795 ], [ 74.547621501679316, 28.656024937051829 ], [ 74.547171118348857, 28.655971504046146 ], [ 74.546658334318693, 28.655828799824615 ], [ 74.546667274081145, 28.655570183088916 ], [ 74.546658334318693, 28.655244658439504 ], [ 74.546542385558169, 28.65485669717965 ], [ 74.54639076701595, 28.654227924959613 ], [ 74.546194628210245, 28.65370627103788 ], [ 74.546185688423492, 28.653541294945978 ], [ 74.546136608985989, 28.653291546947415 ] ] ] } },
{ "type": "Feature", "properties": { "polygon_id": "indiasat_1656", "source": "indiasat", "raw_class": "barren_land", "core_class": "barren", "lon": 74.532290164627625, "lat": 28.673518476942402, "block": "74_28" }, "geometry": { "type": "Polygon", "coordinates": [ [ [ 74.530391586066216, 28.672010895034106 ], [ 74.532371380936567, 28.672269472179213 ], [ 74.53230003575716, 28.672648506078357 ], [ 74.533833950674094, 28.672804534801507 ], [ 74.533495108359617, 28.673620626262654 ], [ 74.533067039606621, 28.675038564921454 ], [ 74.532781659853427, 28.674935991921302 ], [ 74.532193017933253, 28.674762080569305 ], [ 74.531809559209023, 28.674664045451685 ], [ 74.53179614842, 28.674659532950649 ], [ 74.531381486313691, 28.674570356321137 ], [ 74.531189711461138, 28.674521289112267 ], [ 74.531265527372128, 28.67393271349551 ], [ 74.531434950780408, 28.672947220785293 ], [ 74.531470623550902, 28.672447847833684 ], [ 74.530427259050356, 28.672322999161189 ], [ 74.530391586066216, 28.672010895034106 ] ] ] } },
{ "type": "Feature", "properties": { "polygon_id": "indiasat_1657", "source": "indiasat", "raw_class": "barren_land", "core_class": "barren", "lon": 74.531751172176229, "lat": 28.660727972242256, "block": "74_28" }, "geometry": { "type": "Polygon", "coordinates": [ [ [ 74.530159666788308, 28.661545326787159 ], [ 74.530284567070012, 28.66043056939861 ], [ 74.530329091271909, 28.659891058302524 ], [ 74.530320240076037, 28.658807483505715 ], [ 74.530632356215904, 28.658856504500935 ], [ 74.532184077427033, 28.659119571250667 ], [ 74.532349119098001, 28.660319137948658 ], [ 74.533267663438892, 28.66047070914161 ], [ 74.533700201913149, 28.660555441416193 ], [ 74.53374034443307, 28.661264399878956 ], [ 74.53373587421973, 28.662026908133779 ], [ 74.533726933792693, 28.662178507064279 ], [ 74.532986754247133, 28.662080422056352 ], [ 74.531965571312227, 28.662035861888771 ], [ 74.530257745256137, 28.661968935661054 ], [ 74.530159666788308, 28.661545326787159 ] ] ] } },
{ "type": "Feature", "properties": { "polygon_id": "indiasat_1658", "source": "indiasat", "raw_class": "barren_land", "core_class": "barren", "lon": 74.52865533824145, "lat": 28.658684952430203, "block": "74_28" }, "geometry": { "type": "Polygon", "coordinates": [ [ [ 74.530284567070012, 28.66043056939861 ], [ 74.529192021844509, 28.660247775443754 ], [ 74.528665863210165, 28.66023438696535 ], [ 74.528581194883941, 28.66024326791598 ], [ 74.527956865291031, 28.66019865585767 ], [ 74.527368296479807, 28.660163066172498 ], [ 74.52696247520484, 28.660056000561315 ], [ 74.526623619528067, 28.660002466176209 ], [ 74.52657453457465, 28.659592285903184 ], [ 74.526503187022072, 28.658785200265715 ], [ 74.526681555848768, 28.658816393118009 ], [ 74.527203250091546, 28.658843151968686 ], [ 74.527301419630604, 28.65870489861787 ], [ 74.527350414971835, 28.658218842796408 ], [ 74.527372766856516, 28.657558904345684 ], [ 74.527417291802266, 28.656765218525631 ], [ 74.5286034572039, 28.656930199968695 ], [ 74.528759561584494, 28.656948035444589 ], [ 74.52925451704661, 28.656974792237158 ], [ 74.530266685861221, 28.657112984454002 ], [ 74.530280096767996, 28.657251221995114 ], [ 74.530306829172389, 28.658254537389332 ], [ 74.530320240076037, 28.658807483505715 ], [ 74.530329091271909, 28.659891058302524 ], [ 74.530284567070012, 28.66043056939861 ] ] ] } },
{ "type": "Feature", "properties": { "polygon_id": "indiasat_1659", "source": "indiasat", "raw_class": "barren_land", "core_class": "barren", "lon": 74.532514228712913, "lat": 28.684964875204219, "block": "74_28" }, "geometry": { "type": "Polygon", "coordinates": [ [ [ 74.531038079540181, 28.68458999271818 ], [ 74.531096103799101, 28.68404597502634 ], [ 74.531171919750832, 28.68370705772465 ], [ 74.531805088946129, 28.683849728789973 ], [ 74.531961190458517, 28.683863145984709 ], [ 74.531974511829674, 28.683564405264388 ], [ 74.532955552020596, 28.683751682290886 ], [ 74.533579774297863, 28.683898855459784 ], [ 74.534012311996932, 28.684068291011187 ], [ 74.533940967489713, 28.684375977418892 ], [ 74.53389644421101, 28.684772771890437 ], [ 74.533940967489713, 28.685018037243033 ], [ 74.533963318528961, 28.685267746949656 ], [ 74.53403019282122, 28.685842977673012 ], [ 74.534034663027015, 28.686123920370548 ], [ 74.533642267925984, 28.686114989450026 ], [ 74.532772719377419, 28.686195268634986 ], [ 74.532402583267753, 28.686172962754487 ], [ 74.531769416244117, 28.686195229302577 ], [ 74.531582112087349, 28.686164032367582 ], [ 74.531194181739835, 28.686123945173929 ], [ 74.531109425236394, 28.685205307043326 ], [ 74.531038079540181, 28.68458999271818 ] ] ] } },
{ "type": "Feature", "properties": { "polygon_id": "indiasat_1660", "source": "indiasat", "raw_class": "barren_land", "core_class": "barren", "lon": 74.528926192397122, "lat": 28.678469381749611, "block": "74_28" }, "geometry": { "type": "Polygon", "coordinates": [ [ [ 74.526677085454338, 28.679011653236294 ], [ 74.52688227644056, 28.678552368852618 ], [ 74.526909009366094, 28.678454228511043 ], [ 74.526966945591951, 28.678106454115476 ], [ 74.527154254708961, 28.677776446226176 ], [ 74.527261275627225, 28.677138862564494 ], [ 74.529013655586539, 28.677388541071764 ], [ 74.52928571993597, 28.677384061875919 ], [ 74.53038264546754, 28.677549100536858 ], [ 74.53037370486841, 28.67786562777561 ], [ 74.530453991432168, 28.678289296489361 ], [ 74.530690291204138, 28.678784244152951 ], [ 74.530850864002872, 28.679426373730319 ], [ 74.531020287814385, 28.679867800530861 ], [ 74.531020287814385, 28.680077341576016 ], [ 74.531011347247969, 28.680166536884148 ], [ 74.530351442774588, 28.679934679111753 ], [ 74.529990242139974, 28.679707257366417 ], [ 74.529490818445083, 28.679493228328873 ], [ 74.528946779368582, 28.679323802304527 ], [ 74.528148643701215, 28.679140987560441 ], [ 74.527011560049061, 28.679069637709258 ], [ 74.526677085454338, 28.679011653236294 ] ] ] } },
{ "type": "Feature", "properties": { "polygon_id": "indiasat_1661", "source": "indiasat", "raw_class": "barren_land", "core_class": "barren", "lon": 74.555009921495184, "lat": 28.661836961345458, "block": "74_28" }, "geometry": { "type": "Polygon", "coordinates": [ [ [ 74.55313739587443, 28.660301234610365 ], [ 74.553293478237364, 28.659899962234459 ], [ 74.553641310764561, 28.659998035497864 ], [ 74.553886518421223, 28.659993572189119 ], [ 74.554056009183725, 28.659948974839089 ], [ 74.554345823701084, 28.659989097394437 ], [ 74.554863054699894, 28.65991333771133 ], [ 74.555228762724894, 28.661344657807568 ], [ 74.555375903893207, 28.662214236315517 ], [ 74.556914263592645, 28.66229443504292 ], [ 74.556878596043006, 28.663569813851097 ], [ 74.556365840684379, 28.663529633296683 ], [ 74.556040272426273, 28.663498459553615 ], [ 74.555594380586058, 28.663529661960528 ], [ 74.555197564490314, 28.663627750687642 ], [ 74.55313739587443, 28.660301234610365 ] ] ] } },
{ "type": "Feature", "properties": { "polygon_id": "indiasat_1662", "source": "indiasat", "raw_class": "barren_land", "core_class": "barren", "lon": 74.548212631361892, "lat": 28.647225214006223, "block": "74_28" }, "geometry": { "type": "Polygon", "coordinates": [ [ [ 74.546774283001866, 28.646277417115005 ], [ 74.546863501750877, 28.645675412091915 ], [ 74.549614778076446, 28.64582699589797 ], [ 74.549614778076446, 28.646036592791418 ], [ 74.550091884435119, 28.646076709605559 ], [ 74.549993727753417, 28.646794674518571 ], [ 74.550038336306898, 28.647258368787003 ], [ 74.550118613795121, 28.64811007607717 ], [ 74.549275877110574, 28.647971806237035 ], [ 74.548308249083362, 28.647958475242614 ], [ 74.547773119147564, 28.647900491945784 ], [ 74.547679520407726, 28.648181387229009 ], [ 74.547710719993276, 28.648877061002072 ], [ 74.547844457981313, 28.649751028879628 ], [ 74.546934840958102, 28.649661807327607 ], [ 74.54680548274996, 28.648092227607592 ], [ 74.546863501750877, 28.648092206388974 ], [ 74.546774283001866, 28.646277417115005 ] ] ] } },
{ "type": "Feature", "properties": { "polygon_id": "indiasat_1663", "source": "indiasat", "raw_class": "barren_land", "core_class": "barren", "lon": 74.551901383338759, "lat": 28.656912625829694, "block": "74_28" }, "geometry": { "type": "Polygon", "coordinates": [ [ [ 74.550426314024293, 28.655886706119833 ], [ 74.551162038974255, 28.655721722738775 ], [ 74.552223336836363, 28.655454175667721 ], [ 74.552504214952307, 28.656377254177848 ], [ 74.552713845204167, 28.656988123542767 ], [ 74.552869838553519, 28.65769715551389 ], [ 74.552963523890242, 28.65787996979174 ], [ 74.553097257832889, 28.658080632256034 ], [ 74.553231081066741, 28.658187664715935 ], [ 74.553266749366159, 28.658218889129252 ], [ 74.553320207104463, 28.658330287987805 ], [ 74.553342555652364, 28.658406132657596 ], [ 74.55324887052025, 28.658535481474168 ], [ 74.55317753390672, 28.658557733915817 ], [ 74.552499745221368, 28.658339278388482 ], [ 74.552125181359585, 28.658152004755802 ], [ 74.551563334051636, 28.657817546728182 ], [ 74.551425129168678, 28.65776406975948 ], [ 74.551371581451605, 28.657692667429949 ], [ 74.551037153682969, 28.657001504127805 ], [ 74.550823141027934, 28.656591291932141 ], [ 74.550506591333161, 28.656033943311417 ], [ 74.550426314024293, 28.655886706119833 ] ] ] } },
{ "type": "Feature", "properties": { "polygon_id": "indiasat_1664", "source": "indiasat", "raw_class": "barren_land", "core_class": "barren", "lon": 74.566161692711475, "lat": 28.65031151122033, "block": "74_28" }, "geometry": { "type": "Polygon", "coordinates": [ [ [ 74.564410007326188, 28.651146727233588 ], [ 74.564668697395476, 28.649974024898704 ], [ 74.564994160061076, 28.648761072385785 ], [ 74.56634525711749, 28.64910002517842 ], [ 74.567072154593404, 28.649238270408176 ], [ 74.568186897610488, 28.649461223232326 ], [ 74.56779449029456, 28.650259358973337 ], [ 74.567388674048331, 28.651017394352579 ], [ 74.567058746526911, 28.651726434975664 ], [ 74.567009672994672, 28.652047417731286 ], [ 74.566429996429463, 28.651753121109838 ], [ 74.565408831327247, 28.651503438622232 ], [ 74.564410007326188, 28.651146727233588 ] ] ] } },
{ "type": "Feature", "properties": { "polygon_id": "indiasat_1665", "source": "indiasat", "raw_class": "barren_land", "core_class": "barren", "lon": 74.561103982662289, "lat": 28.649428728535714, "block": "74_28" }, "geometry": { "type": "Polygon", "coordinates": [ [ [ 74.559781499382055, 28.650794464865999 ], [ 74.559897439298823, 28.650080984093112 ], [ 74.56002669835901, 28.649594963706189 ], [ 74.560115910295963, 28.649300695376635 ], [ 74.560187244056195, 28.649233737255482 ], [ 74.560459259616863, 28.648328609716071 ], [ 74.560544001807529, 28.647891567078364 ], [ 74.560410184215357, 28.647722135456359 ], [ 74.561511650994518, 28.647851425653915 ], [ 74.561698922892262, 28.647891585286004 ], [ 74.562439069510162, 28.648092235176751 ], [ 74.562501552757482, 28.648154694724795 ], [ 74.562006602582755, 28.649751000962169 ], [ 74.561462575890957, 28.651253750101727 ], [ 74.560753532953413, 28.651017389529898 ], [ 74.559781499382055, 28.650794464865999 ] ] ] } },
{ "type": "Feature", "properties": { "polygon_id": "indiasat_1666", "source": "indiasat", "raw_class": "barren_land", "core_class": "barren", "lon": 74.562342995646077, "lat": 28.65325798183386, "block": "74_28" }, "geometry": { "type": "Polygon", "coordinates": [ [ [ 74.560789199706022, 28.654999339817639 ], [ 74.560811547291621, 28.654169984373876 ], [ 74.560945275183698, 28.653180077255218 ], [ 74.561021078114123, 28.652573637473399 ], [ 74.561043425669837, 28.652408644037692 ], [ 74.561181622890373, 28.652007332398227 ], [ 74.561373364647082, 28.65145888338456 ], [ 74.562804761557643, 28.651619395226362 ], [ 74.564057726966539, 28.651779903673209 ], [ 74.563874927055863, 28.652270382025609 ], [ 74.563883865931274, 28.652805527794509 ], [ 74.56379465593389, 28.653206807512902 ], [ 74.563625264078965, 28.654415284233611 ], [ 74.563522645608188, 28.654919147762353 ], [ 74.563023228890216, 28.654821019965134 ], [ 74.56208240504904, 28.654892386548806 ], [ 74.561351106523972, 28.654968133912636 ], [ 74.56101222848126, 28.654986031395943 ], [ 74.560789199706022, 28.654999339817639 ] ] ] } },
{ "type": "Feature", "properties": { "polygon_id": "indiasat_1667", "source": "indiasat", "raw_class": "barren_land", "core_class": "barren", "lon": 74.565654768293058, "lat": 28.65707061221757, "block": "74_28" }, "geometry": { "type": "Polygon", "coordinates": [ [ [ 74.563790186493932, 28.658348161519022 ], [ 74.563852669254047, 28.657884427385486 ], [ 74.563946259268874, 28.657246738626085 ], [ 74.564129148492938, 28.657282483633772 ], [ 74.564204950030671, 28.657171003563878 ], [ 74.564552760670665, 28.656577950785749 ], [ 74.565105627084463, 28.655489894264846 ], [ 74.565569372038041, 28.655654863918045 ], [ 74.566117855214657, 28.655815356682577 ], [ 74.566724349012631, 28.655917928695821 ], [ 74.567130077428757, 28.655989277275271 ], [ 74.567477882194595, 28.655998263741555 ], [ 74.567772232996475, 28.656065090402681 ], [ 74.567473412849694, 28.656698307682859 ], [ 74.567348539306209, 28.656965865350873 ], [ 74.566884799116764, 28.657527669933803 ], [ 74.566550401266582, 28.657545493134023 ], [ 74.566483539496545, 28.657603510745066 ], [ 74.56651026633017, 28.657697136095095 ], [ 74.566300652758372, 28.658423933717973 ], [ 74.564601745510657, 28.658397248549303 ], [ 74.564057726966539, 28.658361545708249 ], [ 74.563790186493932, 28.658348161519022 ] ] ] } },
{ "type": "Feature", "properties": { "polygon_id": "indiasat_1669", "source": "indiasat", "raw_class": "barren_land", "core_class": "barren", "lon": 77.006989990123373, "lat": 22.886650301565009, "block": "77_22" }, "geometry": { "type": "Polygon", "coordinates": [ [ [ 77.005990794144608, 22.886278215952345 ], [ 77.006289569020169, 22.885872381588094 ], [ 77.006557147659407, 22.885591476961842 ], [ 77.006927187294849, 22.885377487714354 ], [ 77.007306276836587, 22.885515724562801 ], [ 77.007578246930336, 22.885810003902304 ], [ 77.007716472531101, 22.886139983911288 ], [ 77.007685277320277, 22.886617108974914 ], [ 77.007703115709418, 22.886973810635727 ], [ 77.007769987676909, 22.887370704158972 ], [ 77.007685277320277, 22.887664943460301 ], [ 77.007480179593614, 22.887932543677785 ], [ 77.007074376814799, 22.887865622175571 ], [ 77.006717606685228, 22.88774520008598 ], [ 77.006494668759004, 22.887504406341801 ], [ 77.006365404996544, 22.887103158395014 ], [ 77.006289569020169, 22.886826699329667 ], [ 77.00609782593456, 22.886501128371776 ], [ 77.005990794144608, 22.886278215952345 ] ] ] } },
{ "type": "Feature", "properties": { "polygon_id": "indiasat_1670", "source": "indiasat", "raw_class": "barren_land", "core_class": "barren", "lon": 75.654629517427878, "lat": 15.953302314648766, "block": "75_15" }, "geometry": { "type": "Polygon", "coordinates": [ [ [ 75.6489525611196, 15.954293424809441 ], [ 75.649344963417676, 15.954021438366153 ], [ 75.656149601888018, 15.952188758735165 ], [ 75.657754814295274, 15.952786303885414 ], [ 75.657817310870414, 15.953397201742813 ], [ 75.656631202975433, 15.954124000464837 ], [ 75.656363637148303, 15.953736086944204 ], [ 75.654687033997774, 15.953785165859456 ], [ 75.653879885546957, 15.953580039196032 ], [ 75.653808509688076, 15.953383782913622 ], [ 75.653344832083022, 15.953383852700622 ], [ 75.652484232599093, 15.953330319562721 ], [ 75.652154248966568, 15.953352634712781 ], [ 75.650526691658612, 15.953927840128943 ], [ 75.649938092581294, 15.954899880624367 ], [ 75.6489525611196, 15.954293424809441 ] ] ] } },
{ "type": "Feature", "properties": { "polygon_id": "indiasat_1671", "source": "indiasat", "raw_class": "barren_land", "core_class": "barren", "lon": 75.691733479127663, "lat": 15.935444355140714, "block": "75_15" }, "geometry": { "type": "Polygon", "coordinates": [ [ [ 75.69059164698011, 15.935703459961905 ], [ 75.6906006110856, 15.935534062504219 ], [ 75.690658567120607, 15.935070309825639 ], [ 75.690885953362113, 15.93491422086278 ], [ 75.691215937913995, 15.934668971641601 ], [ 75.691465689036562, 15.934414819657299 ], [ 75.69159500208211, 15.934223078169728 ], [ 75.69177330656602, 15.934396947014353 ], [ 75.69199625342722, 15.934566384839878 ], [ 75.692281681711151, 15.934651135541248 ], [ 75.692464511722306, 15.935047982681827 ], [ 75.692495752555516, 15.935418088026729 ], [ 75.692678493544591, 15.935681151849064 ], [ 75.692549181464926, 15.936037911081439 ], [ 75.692522467012679, 15.936416890588248 ], [ 75.692491226185226, 15.936653298778179 ], [ 75.69240203003568, 15.936680015929429 ], [ 75.692147931649274, 15.936532888235703 ], [ 75.691715350976338, 15.936309870835359 ], [ 75.691314010101166, 15.936082482457792 ], [ 75.691166857418963, 15.935734669800373 ], [ 75.691028668666533, 15.935578636482559 ], [ 75.690787880885566, 15.935779232810171 ], [ 75.69059164698011, 15.935703459961905 ] ] ] } },
{ "type": "Feature", "properties": { "polygon_id": "indiasat_1672", "source": "indiasat", "raw_class": "barren_land", "core_class": "barren", "lon": 75.690282876937047, "lat": 15.938138561780644, "block": "75_15" }, "geometry": { "type": "Polygon", "coordinates": [ [ [ 75.687599646138921, 15.93874010727947 ], [ 75.689289626963827, 15.936684516215935 ], [ 75.689797922057707, 15.936394670659881 ], [ 75.69014574859807, 15.93616278711019 ], [ 75.690551530382407, 15.936300969421806 ], [ 75.690930596286492, 15.936688899520846 ], [ 75.691349688835174, 15.937108049601044 ], [ 75.691973976507072, 15.937491584143565 ], [ 75.692379753177832, 15.93701887247691 ], [ 75.692705296720334, 15.937224008923137 ], [ 75.692442234874051, 15.937598625235049 ], [ 75.692638377523977, 15.937732402298838 ], [ 75.692932679753639, 15.937611964123091 ], [ 75.692504627790996, 15.938129201389431 ], [ 75.691991815793997, 15.938419102265243 ], [ 75.691973976507072, 15.938731223993184 ], [ 75.691831262132581, 15.939823715860143 ], [ 75.689468023035076, 15.939498208689116 ], [ 75.687599646138921, 15.93874010727947 ] ] ] } },
{ "type": "Feature", "properties": { "polygon_id": "indiasat_1673", "source": "indiasat", "raw_class": "barren_land", "core_class": "barren", "lon": 75.693793990688647, "lat": 15.938971233411309, "block": "75_15" }, "geometry": { "type": "Polygon", "coordinates": [ [ [ 75.692932679753639, 15.937611964123091 ], [ 75.693097669795463, 15.93737563581184 ], [ 75.693271623590036, 15.937549566155047 ], [ 75.69374875292705, 15.937331017001998 ], [ 75.69377102957462, 15.937656602070795 ], [ 75.693985009469301, 15.937839352432379 ], [ 75.694096569994272, 15.938245147429887 ], [ 75.693913742040479, 15.938610821769551 ], [ 75.693441050835304, 15.93877577191652 ], [ 75.693588201210417, 15.938949736868526 ], [ 75.693668432715128, 15.939248428582047 ], [ 75.693909215714442, 15.939582869024914 ], [ 75.694310549408613, 15.939689866565018 ], [ 75.694555857647771, 15.939761245707388 ], [ 75.694644963721615, 15.939600738408668 ], [ 75.694644963721615, 15.939239550029011 ], [ 75.69514445372738, 15.939257345234207 ], [ 75.695278201025701, 15.938980934684643 ], [ 75.695024018927825, 15.938820412757554 ], [ 75.695166730160537, 15.938334351440679 ], [ 75.695032982759386, 15.938075718304772 ], [ 75.695024018927825, 15.93777246414332 ], [ 75.694832317050881, 15.937603026317513 ], [ 75.694439859917807, 15.937308777174941 ], [ 75.694578134171365, 15.937170480916979 ], [ 75.694841192143372, 15.937206215809104 ], [ 75.695215720551332, 15.937121448028689 ], [ 75.695942586904579, 15.940385556284042 ], [ 75.691831262132581, 15.939823715860143 ], [ 75.691973976507072, 15.938731223993184 ], [ 75.691991815793997, 15.938419102265243 ], [ 75.692504627790996, 15.938129201389431 ], [ 75.692932679753639, 15.937611964123091 ] ] ] } },
{ "type": "Feature", "properties": { "polygon_id": "indiasat_1674", "source": "indiasat", "raw_class": "barren_land", "core_class": "barren", "lon": 76.841850522589084, "lat": 16.283017911774621, "block": "76_16" }, "geometry": { "type": "Polygon", "coordinates": [ [ [ 76.84067408361652, 16.282969319906364 ], [ 76.840772196434528, 16.282545768983258 ], [ 76.840923809183536, 16.282278152533326 ], [ 76.841427658461186, 16.282122091705126 ], [ 76.841940480945837, 16.28196606582728 ], [ 76.842315065280346, 16.281903581472058 ], [ 76.842778784511353, 16.282184571434694 ], [ 76.843099867265806, 16.28258584081242 ], [ 76.842970519147428, 16.283357267183032 ], [ 76.842778784511353, 16.28358470515667 ], [ 76.84206983013928, 16.284026140157994 ], [ 76.841664007591262, 16.284168836519257 ], [ 76.841360783718613, 16.284168849806193 ], [ 76.841084309070936, 16.283994924048201 ], [ 76.840781083780129, 16.283696133756926 ], [ 76.840749934070971, 16.283254769074695 ], [ 76.84067408361652, 16.282969319906364 ] ] ] } },
{ "type": "Feature", "properties": { "polygon_id": "indiasat_1675", "source": "indiasat", "raw_class": "barren_land", "core_class": "barren", "lon": 75.176325540536936, "lat": 18.680737778965781, "block": "75_18" }, "geometry": { "type": "Polygon", "coordinates": [ [ [ 75.174789638391246, 18.679584512689662 ], [ 75.174807449934448, 18.679201056089806 ], [ 75.175195384843363, 18.678835393140698 ], [ 75.175476360974557, 18.678652611707207 ], [ 75.175770606120338, 18.678019386204358 ], [ 75.176033680762018, 18.677533335430002 ], [ 75.17624332083416, 18.677127552242762 ], [ 75.176974565297996, 18.676681649347078 ], [ 75.17725553824117, 18.676374012973266 ], [ 75.17800458916409, 18.676739599405511 ], [ 75.178281107474405, 18.67745311307019 ], [ 75.17716630378257, 18.679303610817513 ], [ 75.177103875253877, 18.68032028992797 ], [ 75.177531968816538, 18.683713645969799 ], [ 75.17659108762544, 18.684971168496673 ], [ 75.175240002639811, 18.684462824452559 ], [ 75.174852067841258, 18.681172020754364 ], [ 75.174789638391246, 18.680275737507579 ], [ 75.174789638391246, 18.679584512689662 ] ] ] } },
{ "type": "Feature", "properties": { "polygon_id": "indiasat_1681", "source": "indiasat", "raw_class": "barren_land", "core_class": "barren", "lon": 74.518731733982122, "lat": 19.207249618460374, "block": "74_19" }, "geometry": { "type": "Polygon", "coordinates": [ [ [ 74.517219351917774, 19.207091720917688 ], [ 74.517491345248118, 19.206748414001051 ], [ 74.518837983171238, 19.20663246834199 ], [ 74.520202492950219, 19.207015949583621 ], [ 74.520256050255625, 19.207243377551361 ], [ 74.519970649533775, 19.207600105107048 ], [ 74.519136797508452, 19.20794345078729 ], [ 74.51799080329782, 19.207738282606687 ], [ 74.517366525218804, 19.207381584011873 ], [ 74.517219351917774, 19.207091720917688 ] ] ] } },
{ "type": "Feature", "properties": { "polygon_id": "indiasat_1682", "source": "indiasat", "raw_class": "barren_land", "core_class": "barren", "lon": 74.521055505756195, "lat": 19.201505152944073, "block": "74_19" }, "geometry": { "type": "Polygon", "coordinates": [ [ [ 74.520510156645955, 19.201254787569596 ], [ 74.520603859401689, 19.200630502945849 ], [ 74.520831231432808, 19.200398640192152 ], [ 74.521344002110553, 19.200545764779836 ], [ 74.521348472641677, 19.200554712381674 ], [ 74.521593725802688, 19.201067522900512 ], [ 74.521611607900837, 19.20222243572325 ], [ 74.52130832726823, 19.202525633342805 ], [ 74.520964990066958, 19.202525586312024 ], [ 74.520550302203006, 19.202289256190916 ], [ 74.520510156645955, 19.201254787569596 ] ] ] } },
{ "type": "Feature", "properties": { "polygon_id": "indiasat_1683", "source": "indiasat", "raw_class": "barren_land", "core_class": "barren", "lon": 74.512818424911245, "lat": 19.208148629779064, "block": "74_19" }, "geometry": { "type": "Polygon", "coordinates": [ [ [ 74.511150535894956, 19.207894408157234 ], [ 74.511797100647897, 19.207510889877522 ], [ 74.513090222978889, 19.207573303150195 ], [ 74.514347748891609, 19.207956802459549 ], [ 74.514601863879165, 19.20827343888206 ], [ 74.514427953415634, 19.208567710430007 ], [ 74.513861692593849, 19.208697025288156 ], [ 74.511984336626824, 19.208697046787385 ], [ 74.511337772566421, 19.20836259927378 ], [ 74.511150535894956, 19.207894408157234 ] ] ] } },
{ "type": "Feature", "properties": { "polygon_id": "indiasat_1684", "source": "indiasat", "raw_class": "barren_land", "core_class": "barren", "lon": 73.759779798324274, "lat": 21.137328134095316, "block": "73_21" }, "geometry": { "type": "Polygon", "coordinates": [ [ [ 73.752670784290316, 21.131559477208707 ], [ 73.758855592981647, 21.132032199686435 ], [ 73.762846484395823, 21.132478108300937 ], [ 73.764326866384494, 21.132990876316153 ], [ 73.764532000320898, 21.135251638921577 ], [ 73.764558753002575, 21.137592692081547 ], [ 73.765299028810404, 21.139666131372394 ], [ 73.765602194574399, 21.141275896217007 ], [ 73.765874208475935, 21.14345192908263 ], [ 73.766065964588392, 21.144589033075036 ], [ 73.766329000530064, 21.146006962820991 ], [ 73.765905449652863, 21.146136343971026 ], [ 73.765499673067438, 21.14454883532883 ], [ 73.762476342301738, 21.144325926080331 ], [ 73.760920175942175, 21.143251270203958 ], [ 73.760295874584315, 21.14231481530436 ], [ 73.760679397305452, 21.141396315728407 ], [ 73.755787721872096, 21.139964858750343 ], [ 73.754302877669446, 21.139652786191323 ], [ 73.753798949269154, 21.138065335569856 ], [ 73.753651801578457, 21.136361949874136 ], [ 73.752813533512011, 21.133365466781534 ], [ 73.752670784290316, 21.131559477208707 ] ] ] } },
{ "type": "Feature", "properties": { "polygon_id": "indiasat_1686", "source": "indiasat", "raw_class": "barren_land", "core_class": "barren", "lon": 74.05513104810349, "lat": 21.144027313443281, "block": "74_21" }, "geometry": { "type": "Polygon", "coordinates": [ [ [ 74.053325706635405, 21.142823171700662 ], [ 74.05544373528484, 21.143420669080175 ], [ 74.057486084836725, 21.143813119298784 ], [ 74.056884067303756, 21.144250131008032 ], [ 74.056589780788812, 21.144383886073001 ], [ 74.056179499983884, 21.144620175046249 ], [ 74.055653313775821, 21.144843111543707 ], [ 74.05510489531828, 21.145057189897909 ], [ 74.05458318815397, 21.144968056360529 ], [ 74.054048123077962, 21.144753965458573 ], [ 74.053802865738348, 21.144490913242063 ], [ 74.053749350114373, 21.144018221147469 ], [ 74.053731511569723, 21.143456404124009 ], [ 74.053325706635405, 21.142823171700662 ] ] ] } },
{ "type": "Feature", "properties": { "polygon_id": "indiasat_1690", "source": "indiasat", "raw_class": "barren_land", "core_class": "barren", "lon": 74.06657506145811, "lat": 21.11319025582792, "block": "74_21" }, "geometry": { "type": "Polygon", "coordinates": [ [ [ 74.060384455161426, 21.111667428357723 ], [ 74.060763443338672, 21.111453448621912 ], [ 74.062957400672417, 21.111074427838417 ], [ 74.064897036414905, 21.111154615706411 ], [ 74.065851295125398, 21.111101181718002 ], [ 74.067617100259824, 21.110463451808311 ], [ 74.068290432373871, 21.111671875401747 ], [ 74.068477767426614, 21.112273920669359 ], [ 74.068517833798992, 21.113397562020154 ], [ 74.068919214125671, 21.114329551546451 ], [ 74.069128777700442, 21.115346221630144 ], [ 74.069356178117403, 21.116193455968432 ], [ 74.070337214621219, 21.117495507613576 ], [ 74.069779785732919, 21.117647131504732 ], [ 74.068843383963966, 21.117941412779494 ], [ 74.069048465938735, 21.117259165424439 ], [ 74.06872300576066, 21.116782037616279 ], [ 74.067648382648898, 21.115694048024906 ], [ 74.066859060958052, 21.11484232589471 ], [ 74.066377452998495, 21.113464430387992 ], [ 74.064977349939156, 21.11271085167861 ], [ 74.063737685382875, 21.112233710288951 ], [ 74.061111326567939, 21.111917165236495 ], [ 74.060384455161426, 21.111667428357723 ] ] ] } },
{ "type": "Feature", "properties": { "polygon_id": "indiasat_1692", "source": "indiasat", "raw_class": "barren_land", "core_class": "barren", "lon": 73.95843784436282, "lat": 20.986231400386398, "block": "73_20" }, "geometry": { "type": "Polygon", "coordinates": [ [ [ 73.955332478004749, 20.988654196094128 ], [ 73.955488533387651, 20.987749044577633 ], [ 73.95576952244592, 20.987298668827098 ], [ 73.95624665581829, 20.986255273740205 ], [ 73.956777241093732, 20.985568502884405 ], [ 73.957414910109108, 20.985648813426792 ], [ 73.958079303377147, 20.985742470844308 ], [ 73.959055889168624, 20.985283148293828 ], [ 73.959920902027363, 20.984690094664398 ], [ 73.960001170001675, 20.984235250661779 ], [ 73.960687885820491, 20.983655532454062 ], [ 73.961330026127385, 20.983691277699069 ], [ 73.961865081627664, 20.983668925297337 ], [ 73.962270901311541, 20.983686812238268 ], [ 73.962663267597321, 20.983918650033353 ], [ 73.962364531190303, 20.983936503552339 ], [ 73.962025615925128, 20.984154959198673 ], [ 73.961481592452287, 20.984948712616173 ], [ 73.960540713418368, 20.985880677162974 ], [ 73.95985848132257, 20.986224018120328 ], [ 73.959153915185567, 20.986643139782178 ], [ 73.958315625215263, 20.987142617152418 ], [ 73.957098318020158, 20.987548384837911 ], [ 73.956942263938259, 20.98812361294172 ], [ 73.956482979899789, 20.988373325960623 ], [ 73.955912214147574, 20.9882172662487 ], [ 73.955970151791433, 20.988591821753225 ], [ 73.956393741808128, 20.989064453708021 ], [ 73.956652397630677, 20.989523786875182 ], [ 73.956393741808128, 20.989751174937822 ], [ 73.955631225296926, 20.98931415807127 ], [ 73.955332478004749, 20.988654196094128 ] ] ] } },
{ "type": "Feature", "properties": { "polygon_id": "indiasat_1695", "source": "indiasat", "raw_class": "barren_land", "core_class": "barren", "lon": 76.810805305393814, "lat": 21.56461126251121, "block": "76_21" }, "geometry": { "type": "Polygon", "coordinates": [ [ [ 76.808408007201848, 21.564605104182188 ], [ 76.808416984879813, 21.564435675658352 ], [ 76.808416984879813, 21.564203785687958 ], [ 76.808608684554713, 21.564025441765139 ], [ 76.809036795159457, 21.563922872584332 ], [ 76.809393523533288, 21.563780143280162 ], [ 76.80990630227646, 21.563695417711205 ], [ 76.811257419258411, 21.563958540542291 ], [ 76.811810324733131, 21.564092319267811 ], [ 76.812251802411993, 21.564221632791831 ], [ 76.812608521569189, 21.564333093021293 ], [ 76.812889460289057, 21.564582758385797 ], [ 76.812938483678622, 21.564894953615656 ], [ 76.813018751736138, 21.565287365553857 ], [ 76.812916216324552, 21.565465720395107 ], [ 76.812465851631771, 21.565452310623456 ], [ 76.811948594724882, 21.56546120078945 ], [ 76.811119148498577, 21.565452308223993 ], [ 76.810722290321124, 21.565340840373064 ], [ 76.810026707277515, 21.565131295934432 ], [ 76.808408007201848, 21.564605104182188 ] ] ] } },
{ "type": "Feature", "properties": { "polygon_id": "indiasat_1696", "source": "indiasat", "raw_class": "barren_land", "core_class": "barren", "lon": 78.119970146446605, "lat": 21.250755568233657, "block": "78_21" }, "geometry": { "type": "Polygon", "coordinates": [ [ [ 78.117484218485501, 21.250769118215327 ], [ 78.118581154642285, 21.250305346780319 ], [ 78.118755013545126, 21.249975378872524 ], [ 78.119071578724373, 21.249261919498242 ], [ 78.119611164420775, 21.249123684609518 ], [ 78.120342441804667, 21.249163828900258 ], [ 78.120948935290784, 21.249195014133289 ], [ 78.121617727391097, 21.249293125120563 ], [ 78.121987884517537, 21.250907309769307 ], [ 78.122781620953333, 21.251219442804842 ], [ 78.12137695923974, 21.251576223931533 ], [ 78.120712603377314, 21.252013179005772 ], [ 78.120119508894987, 21.252133553052563 ], [ 78.118523114594836, 21.252450172075768 ], [ 78.117484218485501, 21.250769118215327 ] ] ] } },
{ "type": "Feature", "properties": { "polygon_id": "indiasat_1697", "source": "indiasat", "raw_class": "barren_land", "core_class": "barren", "lon": 72.916411066690401, "lat": 26.724826875601483, "block": "72_26" }, "geometry": { "type": "Polygon", "coordinates": [ [ [ 72.915207093500939, 26.724003528879575 ], [ 72.915447815614044, 26.723789488698344 ], [ 72.915733239086151, 26.723851913749108 ], [ 72.916312917158024, 26.724155114768703 ], [ 72.916816799738896, 26.724253219606329 ], [ 72.917267147840207, 26.724650087671442 ], [ 72.917231458888125, 26.724801680381002 ], [ 72.91740089123951, 26.725153937519977 ], [ 72.917543646914751, 26.725252084966293 ], [ 72.917008492940695, 26.72583171647674 ], [ 72.916477934088633, 26.725755938833448 ], [ 72.916196927581609, 26.725706869992944 ], [ 72.916232616688035, 26.725332351407403 ], [ 72.915858061053299, 26.725176218518669 ], [ 72.915470166438169, 26.724431575708458 ], [ 72.915207093500939, 26.724003528879575 ] ] ] } },
{ "type": "Feature", "properties": { "polygon_id": "indiasat_1698", "source": "indiasat", "raw_class": "barren_land", "core_class": "barren", "lon": 76.044934972371479, "lat": 15.877528792973667, "block": "76_15" }, "geometry": { "type": "Polygon", "coordinates": [ [ [ 76.041375779410799, 15.878033945406502 ], [ 76.044260796939369, 15.876986056632372 ], [ 76.044844928841613, 15.876985984997869 ], [ 76.04519276856422, 15.875559101144766 ], [ 76.045767954900455, 15.875122080921276 ], [ 76.046704431384427, 15.874506741867084 ], [ 76.047052177886528, 15.874529036053298 ], [ 76.047404527062824, 15.874475532692328 ], [ 76.047703226387924, 15.874306082579212 ], [ 76.047841509614472, 15.874190159783595 ], [ 76.047208256288528, 15.876165584975944 ], [ 76.046218399289543, 15.876152187732265 ], [ 76.046298607982791, 15.877779759535184 ], [ 76.046008758687719, 15.878644835408474 ], [ 76.045371158918982, 15.878970327427124 ], [ 76.044492661656818, 15.878930216796849 ], [ 76.043872849831857, 15.878783020879395 ], [ 76.043141572764682, 15.878430800159553 ], [ 76.042905279140328, 15.878493195695672 ], [ 76.043391322910807, 15.878948036492888 ], [ 76.044956478453713, 15.879563387900443 ], [ 76.046097997631506, 15.879469724925881 ], [ 76.045090249337818, 15.880642522717253 ], [ 76.041375779410799, 15.878033945406502 ] ] ] } },
{ "type": "Feature", "properties": { "polygon_id": "indiasat_1699", "source": "indiasat", "raw_class": "barren_land", "core_class": "barren", "lon": 76.04821342332194, "lat": 15.87761284383309, "block": "76_15" }, "geometry": { "type": "Polygon", "coordinates": [ [ [ 76.047841509614472, 15.874190159783595 ], [ 76.048198194710267, 15.874208044416507 ], [ 76.048367639726536, 15.874252571194374 ], [ 76.048639689727153, 15.874462217854751 ], [ 76.048875973525654, 15.87471191093492 ], [ 76.048965210613574, 15.874845683316254 ], [ 76.049023108455202, 15.875001751982659 ], [ 76.049054359114962, 15.875148898375871 ], [ 76.049081094801252, 15.875304944693042 ], [ 76.049072153396807, 15.875630472432158 ], [ 76.049103404045439, 15.875782085521768 ], [ 76.049121198320975, 15.875929228810422 ], [ 76.049121198320975, 15.876085279757186 ], [ 76.048942901347019, 15.876513405793736 ], [ 76.048893856359413, 15.87666055909718 ], [ 76.048826928514245, 15.876798749669508 ], [ 76.048505922286623, 15.877320443285047 ], [ 76.048581703195396, 15.87744081605053 ], [ 76.049714339523831, 15.877485431754446 ], [ 76.049366511208589, 15.878885649419571 ], [ 76.048403316994438, 15.880696026600406 ], [ 76.047275184919556, 15.88067813205293 ], [ 76.047261816901923, 15.880624626896145 ], [ 76.047270669893862, 15.880535444109281 ], [ 76.047252875379485, 15.880383831296852 ], [ 76.047261816901923, 15.880209972084648 ], [ 76.047310862470155, 15.880049419148834 ], [ 76.04737770252153, 15.879897823734041 ], [ 76.047408953554296, 15.879746178200804 ], [ 76.04737770252153, 15.879590183304039 ], [ 76.047239507359691, 15.879509863761117 ], [ 76.047083428993076, 15.879527681309906 ], [ 76.046824832512925, 15.879697125025155 ], [ 76.046624134396907, 15.879237911563504 ], [ 76.047012073764904, 15.879113004969664 ], [ 76.047181520239022, 15.879095185665363 ], [ 76.047342024988211, 15.879010489814551 ], [ 76.047489250084752, 15.878912402778836 ], [ 76.047547148546258, 15.878756282585108 ], [ 76.047618503497503, 15.878604720252966 ], [ 76.047627444996238, 15.878444173343865 ], [ 76.047569458038708, 15.878297027775785 ], [ 76.04748030857705, 15.878163257506134 ], [ 76.04737770252153, 15.878038415552783 ], [ 76.047101223529339, 15.87809188473453 ], [ 76.047012073764904, 15.877766334227244 ], [ 76.047181520239022, 15.877717339038142 ], [ 76.047391070527908, 15.877454227534901 ], [ 76.04745799907019, 15.877289241123112 ], [ 76.047489250084752, 15.876977080351381 ], [ 76.047159210683802, 15.876379552846279 ], [ 76.047841509614472, 15.874190159783595 ] ] ] } },
{ "type": "Feature", "properties": { "polygon_id": "indiasat_1701", "source": "indiasat", "raw_class": "barren_land", "core_class": "barren", "lon": 74.382153947913693, "lat": 20.27712287641738, "block": "74_20" }, "geometry": { "type": "Polygon", "coordinates": [ [ [ 74.380672762701991, 20.277253695677079 ], [ 74.3811945306377, 20.276852374593311 ], [ 74.381056281521566, 20.276437668801897 ], [ 74.381337164241572, 20.276228081364611 ], [ 74.382193321399754, 20.275635025948496 ], [ 74.382719469458635, 20.275300586865129 ], [ 74.38329026676638, 20.275180204385794 ], [ 74.383825359624282, 20.275452265481984 ], [ 74.383901149402874, 20.2758133718735 ], [ 74.383687112542731, 20.276228078754446 ], [ 74.383459742838198, 20.276549172037658 ], [ 74.383245705449426, 20.276901451273822 ], [ 74.383062807076342, 20.277414216577583 ], [ 74.382567888867158, 20.278471073329516 ], [ 74.381818753147556, 20.279055194818156 ], [ 74.381355060545204, 20.279264789937127 ], [ 74.380949261420398, 20.279202353634933 ], [ 74.38100277147899, 20.27891250667837 ], [ 74.380980490536814, 20.278471024672342 ], [ 74.380744079726256, 20.278047395702806 ], [ 74.380672762701991, 20.277686254454554 ], [ 74.380672762701991, 20.277253695677079 ] ] ] } },
{ "type": "Feature", "properties": { "polygon_id": "indiasat_1708", "source": "indiasat", "raw_class": "barren_land", "core_class": "barren", "lon": 75.498735290616935, "lat": 21.612277703126988, "block": "75_21" }, "geometry": { "type": "Polygon", "coordinates": [ [ [ 75.496745644908188, 21.612406678098754 ], [ 75.49675453195799, 21.612277375116179 ], [ 75.497093483642203, 21.611929568121685 ], [ 75.497490288975442, 21.611688716971013 ], [ 75.497900512596416, 21.611675378359784 ], [ 75.498275098388731, 21.611782397441715 ], [ 75.498792318507142, 21.61167092342966 ], [ 75.499100072514082, 21.611715506801747 ], [ 75.499630708960652, 21.612384344341027 ], [ 75.500295090503485, 21.612326418695549 ], [ 75.50039320117088, 21.61251371658177 ], [ 75.500147924381437, 21.612620665391727 ], [ 75.500237148303654, 21.612888217117167 ], [ 75.499697538270496, 21.613057692394637 ], [ 75.49894392942555, 21.612830289920531 ], [ 75.498502515496611, 21.612223823994405 ], [ 75.497731126636509, 21.612049936706516 ], [ 75.496999814323445, 21.612495836729462 ], [ 75.496745644908188, 21.612406678098754 ] ] ] } },
{ "type": "Feature", "properties": { "polygon_id": "indiasat_1709", "source": "indiasat", "raw_class": "barren_land", "core_class": "barren", "lon": 73.756429932308549, "lat": 24.917845159718279, "block": "73_24" }, "geometry": { "type": "Polygon", "coordinates": [ [ [ 73.755805587697694, 24.918152279636928 ], [ 73.75593935689416, 24.917742107819709 ], [ 73.756264891492222, 24.917438877078343 ], [ 73.75642092526283, 24.916917173709795 ], [ 73.75655020516497, 24.916716480972752 ], [ 73.756790988760557, 24.916667455510968 ], [ 73.757036260940311, 24.916716487091509 ], [ 73.756960488746955, 24.917220384816336 ], [ 73.756706328491248, 24.917568159123025 ], [ 73.756750858181348, 24.918228132607346 ], [ 73.756603712655618, 24.918879170136538 ], [ 73.756532429183352, 24.918963865235767 ], [ 73.756318399058998, 24.918937134550699 ], [ 73.756224760807754, 24.918865747653662 ], [ 73.755925979978528, 24.918504537705779 ], [ 73.755805587697694, 24.918152279636928 ] ] ] } },
{ "type": "Feature", "properties": { "polygon_id": "indiasat_1710", "source": "indiasat", "raw_class": "barren_land", "core_class": "barren", "lon": 73.755474416808539, "lat": 24.916179346332449, "block": "73_24" }, "geometry": { "type": "Polygon", "coordinates": [ [ [ 73.754557040970084, 24.915405535084222 ], [ 73.754762095125656, 24.915222692543178 ], [ 73.755542448165684, 24.915030967778428 ], [ 73.75566284060443, 24.915365369653564 ], [ 73.75587247230709, 24.915490222697329 ], [ 73.75612663361936, 24.915521419074619 ], [ 73.75619800701368, 24.915624019254306 ], [ 73.756322798170388, 24.916283956800775 ], [ 73.756318399058998, 24.91661836543615 ], [ 73.755903625265177, 24.91732291756157 ], [ 73.755716348331802, 24.917438859722591 ], [ 73.755408678704555, 24.91733625524909 ], [ 73.754606060064859, 24.916212563274492 ], [ 73.754588194132438, 24.915994083398044 ], [ 73.75477547211888, 24.915824657014468 ], [ 73.754565929048596, 24.915543755889246 ], [ 73.754557040970084, 24.915405535084222 ] ] ] } },
{ "type": "Feature", "properties": { "polygon_id": "indiasat_1711", "source": "indiasat", "raw_class": "barren_land", "core_class": "barren", "lon": 73.760356451087475, "lat": 24.913027844472676, "block": "73_24" }, "geometry": { "type": "Polygon", "coordinates": [ [ [ 73.758824350705424, 24.913960780497046 ], [ 73.759239028681932, 24.912342084316585 ], [ 73.759649306762384, 24.911436861369761 ], [ 73.760318139032009, 24.911441350698283 ], [ 73.76043852860353, 24.911218367425054 ], [ 73.760688285112622, 24.911218447638674 ], [ 73.76090679935885, 24.911312083880844 ], [ 73.761348226137642, 24.911735697491018 ], [ 73.761580116203575, 24.911829325910606 ], [ 73.761673751953595, 24.911913992814149 ], [ 73.761602380508606, 24.912319782764694 ], [ 73.761709392778883, 24.912730025894408 ], [ 73.761709392778883, 24.913055520945644 ], [ 73.761981411967028, 24.913617401067086 ], [ 73.76161135805026, 24.914268470913058 ], [ 73.761508744725219, 24.91431748872434 ], [ 73.761312585248135, 24.914223876092635 ], [ 73.761223348333218, 24.914290744785621 ], [ 73.760982570060747, 24.914255065980747 ], [ 73.761027188576762, 24.913934010113852 ], [ 73.760920175942189, 24.913956322579484 ], [ 73.759854445487719, 24.914651893384498 ], [ 73.759502163363578, 24.914758894505244 ], [ 73.75917214519535, 24.914678620124793 ], [ 73.758842216260518, 24.91407669059852 ], [ 73.758824350705424, 24.913960780497046 ] ] ] } },
{ "type": "Feature", "properties": { "polygon_id": "indiasat_1712", "source": "indiasat", "raw_class": "barren_land", "core_class": "barren", "lon": 73.761671002434383, "lat": 24.919197037522267, "block": "73_24" }, "geometry": { "type": "Polygon", "coordinates": [ [ [ 73.761004834432157, 24.918763219573101 ], [ 73.761209971770114, 24.918651719865014 ], [ 73.761589003970798, 24.918656163862934 ], [ 73.76236044270847, 24.919030734548716 ], [ 73.762409459895522, 24.919079822791019 ], [ 73.762405060917686, 24.919244805512193 ], [ 73.761700505017004, 24.919833385279709 ], [ 73.761593492741966, 24.91988692510645 ], [ 73.761473103864262, 24.919886897861396 ], [ 73.76121446054978, 24.91932501427253 ], [ 73.761004834432157, 24.918763219573101 ] ] ] } },
{ "type": "Feature", "properties": { "polygon_id": "indiasat_1713", "source": "indiasat", "raw_class": "barren_land", "core_class": "barren", "lon": 73.761770366844544, "lat": 24.917545746931136, "block": "73_24" }, "geometry": { "type": "Polygon", "coordinates": [ [ [ 73.760866669603473, 24.917884767927173 ], [ 73.761152066503428, 24.916698667958816 ], [ 73.761383867020839, 24.916582655540054 ], [ 73.76142848544751, 24.916275060972652 ], [ 73.761566739664289, 24.916159105962731 ], [ 73.761905641642812, 24.916199194635677 ], [ 73.762298049018952, 24.916997388001793 ], [ 73.762329200978598, 24.917278314569447 ], [ 73.762797467315679, 24.917786639740559 ], [ 73.762534336960755, 24.918540209463576 ], [ 73.762413948648316, 24.918633872317997 ], [ 73.761927905911662, 24.918575911804876 ], [ 73.761535497810655, 24.91828610021679 ], [ 73.761383867020825, 24.918326229919831 ], [ 73.761192196201662, 24.91854919171465 ], [ 73.761045053935533, 24.918509063806869 ], [ 73.760866669603473, 24.917884767927173 ] ] ] } },
{ "type": "Feature", "properties": { "polygon_id": "indiasat_1714", "source": "indiasat", "raw_class": "barren_land", "core_class": "barren", "lon": 73.776894129625575, "lat": 24.904145685355026, "block": "73_24" }, "geometry": { "type": "Polygon", "coordinates": [ [ [ 73.775323095528037, 24.901751708010046 ], [ 73.775363222384783, 24.901403901203789 ], [ 73.775777866099233, 24.901693770841884 ], [ 73.776116744010238, 24.902233349468151 ], [ 73.776576090979049, 24.902763968942143 ], [ 73.777146839562022, 24.903205440139221 ], [ 73.777989583937895, 24.903735993219069 ], [ 73.778529179050338, 24.904351365137302 ], [ 73.778850188527116, 24.905671263522482 ], [ 73.778636182266595, 24.906068108127766 ], [ 73.778368584350559, 24.906277760223865 ], [ 73.77817684003459, 24.906268768799599 ], [ 73.778167953004257, 24.906108276347108 ], [ 73.777936082163734, 24.905836256994313 ], [ 73.777904842866164, 24.905479551916585 ], [ 73.778020823222221, 24.905015772778288 ], [ 73.7779138196763, 24.904855285878821 ], [ 73.777753224481799, 24.904815092734463 ], [ 73.777454475783188, 24.904882012541517 ], [ 73.776839113098575, 24.905653465569507 ], [ 73.776468996890557, 24.905653417001744 ], [ 73.776054354610196, 24.905385892592811 ], [ 73.775554879631855, 24.90447620165839 ], [ 73.775563856547578, 24.902425019288351 ], [ 73.775323095528037, 24.901751708010046 ] ] ] } },
{ "type": "Feature", "properties": { "polygon_id": "indiasat_1715", "source": "indiasat", "raw_class": "barren_land", "core_class": "barren", "lon": 73.730441145140787, "lat": 24.917100694512214, "block": "73_24" }, "geometry": { "type": "Polygon", "coordinates": [ [ [ 73.729550357240171, 24.916524760226316 ], [ 73.730651804909712, 24.916199247076101 ], [ 73.730990669233165, 24.916890407143605 ], [ 73.731298376221545, 24.917247095316139 ], [ 73.731271619110757, 24.917380891113542 ], [ 73.730696340370002, 24.91799175381453 ], [ 73.730107771143977, 24.917920402743633 ], [ 73.729924959666235, 24.917296167368796 ], [ 73.729550357240171, 24.916524760226316 ] ] ] } },
{ "type": "Feature", "properties": { "polygon_id": "indiasat_1717", "source": "indiasat", "raw_class": "barren_land", "core_class": "barren", "lon": 78.735441292689174, "lat": 23.777879293388111, "block": "78_23" }, "geometry": { "type": "Polygon", "coordinates": [ [ [ 78.734222488070031, 23.777139703215049 ], [ 78.734302669685164, 23.776564428933987 ], [ 78.736460888757023, 23.777523202360037 ], [ 78.736313762538259, 23.779057130563906 ], [ 78.736153229507266, 23.779306773792666 ], [ 78.735685035513782, 23.779070466599023 ], [ 78.734721827321351, 23.778098425975386 ], [ 78.734222488070031, 23.777139703215049 ] ] ] } },
{ "type": "Feature", "properties": { "polygon_id": "indiasat_1718", "source": "indiasat", "raw_class": "barren_land", "core_class": "barren", "lon": 76.119311503750069, "lat": 13.010858713061442, "block": "76_13" }, "geometry": { "type": "Polygon", "coordinates": [ [ [ 76.117581819165054, 13.009266767715145 ], [ 76.118000969872796, 13.009369322465879 ], [ 76.118121396933375, 13.0096190439618 ], [ 76.118821482194022, 13.009739487910103 ], [ 76.119909474103011, 13.008370540878181 ], [ 76.120038747776633, 13.008218909224105 ], [ 76.120515935574616, 13.008624710674836 ], [ 76.120685379755628, 13.008896659855587 ], [ 76.120609550192526, 13.009097372988283 ], [ 76.120399934763313, 13.009248943992027 ], [ 76.120217129318235, 13.009601211192104 ], [ 76.119905049950489, 13.010234393278822 ], [ 76.120520359707342, 13.010278989070882 ], [ 76.120159173039369, 13.010711555483631 ], [ 76.120716525608302, 13.011144034350973 ], [ 76.120640784545088, 13.011331363712367 ], [ 76.120627423675614, 13.011429447400502 ], [ 76.120631847804731, 13.01149638901512 ], [ 76.120712101481928, 13.011531986771024 ], [ 76.120832526150494, 13.011514219934483 ], [ 76.120952862230411, 13.011429488802058 ], [ 76.121474641784602, 13.010889902860702 ], [ 76.121523660822831, 13.01089882628566 ], [ 76.121563831646071, 13.010956802833295 ], [ 76.121108945046572, 13.011416058200105 ], [ 76.120230490227897, 13.012303472023328 ], [ 76.119842580901434, 13.012722575393923 ], [ 76.119797985415516, 13.012713719343539 ], [ 76.1197801118238, 13.012753784767947 ], [ 76.119708794399941, 13.012842975577945 ], [ 76.119245053269552, 13.013284407888053 ], [ 76.119182672401962, 13.013337941877397 ], [ 76.118955181081574, 13.013329041779794 ], [ 76.118598502950633, 13.012820725085223 ], [ 76.118536033303627, 13.012646762886437 ], [ 76.118522672228096, 13.012468424157444 ], [ 76.118362162251756, 13.011844126280318 ], [ 76.118241735403586, 13.011590020991083 ], [ 76.1181748413847, 13.011331350113911 ], [ 76.118067863976862, 13.011197556488218 ], [ 76.118009906785431, 13.01115741553812 ], [ 76.117835946579078, 13.010805208900134 ], [ 76.11780028736392, 13.010582227619475 ], [ 76.117782501995066, 13.010332488264797 ], [ 76.117693309662599, 13.010056044140269 ], [ 76.117608541498939, 13.009797438489679 ], [ 76.117581819165054, 13.009266767715145 ] ] ] } },
{ "type": "Feature", "properties": { "polygon_id": "indiasat_1720", "source": "indiasat", "raw_class": "barren_land", "core_class": "barren", "lon": 77.371558244190098, "lat": 13.322728032935268, "block": "77_13" }, "geometry": { "type": "Polygon", "coordinates": [ [ [ 77.369090955040008, 13.322652415477013 ], [ 77.369608182911719, 13.322625690228447 ], [ 77.369648306522194, 13.322335786982588 ], [ 77.369452156250901, 13.321836376268717 ], [ 77.370125496083233, 13.321591165352441 ], [ 77.36983114035317, 13.320699331276733 ], [ 77.369782080992209, 13.320641387138203 ], [ 77.369880199693384, 13.320431744361043 ], [ 77.370009505997814, 13.320364872869586 ], [ 77.370491074347399, 13.320338165750188 ], [ 77.370584724572879, 13.320596762344854 ], [ 77.371003915721857, 13.320565538180647 ], [ 77.371614784458174, 13.320645827120291 ], [ 77.372252456851555, 13.320792965456056 ], [ 77.372359509078905, 13.320989152252121 ], [ 77.372618116015857, 13.32151537680422 ], [ 77.373148731492563, 13.321938948214649 ], [ 77.373269098608077, 13.322095016623292 ], [ 77.373224508475786, 13.322429463719855 ], [ 77.373046147775128, 13.322737142761056 ], [ 77.373104141313988, 13.323098349240791 ], [ 77.373336027576059, 13.323361391513505 ], [ 77.373666028872947, 13.323490746106295 ], [ 77.373875575266823, 13.323597716557432 ], [ 77.374152049778985, 13.324480644984209 ], [ 77.37410745998622, 13.324806198010615 ], [ 77.373714998988035, 13.32493547109684 ], [ 77.373050615556338, 13.324873055674411 ], [ 77.372470941407002, 13.324788363698064 ], [ 77.372172211418302, 13.324953281292119 ], [ 77.371886796534355, 13.324953286369835 ], [ 77.371815486505866, 13.324761566907242 ], [ 77.371842205870593, 13.324337983082634 ], [ 77.371975977810507, 13.324186383391908 ], [ 77.372140936709286, 13.323330218393282 ], [ 77.371967042165096, 13.323227631061776 ], [ 77.371842205870593, 13.323044805657666 ], [ 77.371552409940477, 13.32290658131884 ], [ 77.371320520112135, 13.323022484937743 ], [ 77.371146624337896, 13.323374805479299 ], [ 77.371690650048237, 13.323334645228179 ], [ 77.371833270214864, 13.324016917505448 ], [ 77.371445356968152, 13.323990168240465 ], [ 77.371365110976484, 13.323896519549137 ], [ 77.371244741884894, 13.323664658490038 ], [ 77.370865674795624, 13.323753809028899 ], [ 77.370919201561634, 13.324039175492354 ], [ 77.370241398446993, 13.324079351410754 ], [ 77.369291573848002, 13.323660194207287 ], [ 77.369246982186596, 13.323133999032066 ], [ 77.369184606395734, 13.323071581811957 ], [ 77.369090955040008, 13.322652415477013 ] ] ] } },
{ "type": "Feature", "properties": { "polygon_id": "indiasat_1721", "source": "indiasat", "raw_class": "barren_land", "core_class": "barren", "lon": 70.080145819288404, "lat": 23.064048497989045, "block": "70_23" }, "geometry": { "type": "Polygon", "coordinates": [ [ [ 70.078188764620236, 23.064860743468042 ], [ 70.078228832118526, 23.064642220628478 ], [ 70.078420629111235, 23.064093751069745 ], [ 70.078839747591275, 23.063491750289622 ], [ 70.080016966639889, 23.062729266532017 ], [ 70.0807081059788, 23.06228340146664 ], [ 70.081162929230416, 23.062907641543891 ], [ 70.081421595048468, 23.063415992813361 ], [ 70.081573142097312, 23.063906440350465 ], [ 70.081626656004786, 23.064330078715024 ], [ 70.081626656004786, 23.064686808683998 ], [ 70.081546430569688, 23.065382484472469 ], [ 70.079330278501544, 23.065043519611745 ], [ 70.078188764620236, 23.064860743468042 ] ] ] } },
{ "type": "Feature", "properties": { "polygon_id": "indiasat_1722", "source": "indiasat", "raw_class": "barren_land", "core_class": "barren", "lon": 75.249277692267668, "lat": 19.868685099456034, "block": "75_19" }, "geometry": { "type": "Polygon", "coordinates": [ [ [ 75.24719201746062, 19.868100004052337 ], [ 75.24723661466399, 19.867845758827599 ], [ 75.247673595365498, 19.86777440990501 ], [ 75.247731633858606, 19.867422208248836 ], [ 75.248346911762653, 19.8673107351654 ], [ 75.24865908959201, 19.867662985632414 ], [ 75.24913621217722, 19.867747718910355 ], [ 75.249408242605909, 19.867480172330431 ], [ 75.250157302985102, 19.867368693781383 ], [ 75.250692458344147, 19.867747682325625 ], [ 75.251593192209, 19.86780565793147 ], [ 75.252355683056479, 19.867975105410743 ], [ 75.253613170564677, 19.868086573585277 ], [ 75.253733515687628, 19.868224858386029 ], [ 75.252609816167492, 19.868171266519667 ], [ 75.250545317508937, 19.868621689350221 ], [ 75.249345753982908, 19.869491238470971 ], [ 75.248253267192865, 19.8709270002972 ], [ 75.247553245537574, 19.871337282071913 ], [ 75.24723661466399, 19.871167846747813 ], [ 75.247611195059577, 19.870744176498466 ], [ 75.247731633858606, 19.870365230775253 ], [ 75.248150720983134, 19.869986162535941 ], [ 75.24822656245729, 19.8695090719152 ], [ 75.248164162373868, 19.868875880502173 ], [ 75.24810612404265, 19.868465605240399 ], [ 75.247896580561687, 19.868394259935794 ], [ 75.247611195059577, 19.868719793782958 ], [ 75.247299104136971, 19.86870637691019 ], [ 75.24719201746062, 19.868100004052337 ] ] ] } },
{ "type": "Feature", "properties": { "polygon_id": "indiasat_1724", "source": "indiasat", "raw_class": "barren_land", "core_class": "barren", "lon": 70.459230118645252, "lat": 27.383511290236662, "block": "70_27" }, "geometry": { "type": "Polygon", "coordinates": [ [ [ 70.453810023294039, 27.378559392053059 ], [ 70.460320265235069, 27.378965210383317 ], [ 70.46400350443227, 27.387424070219939 ], [ 70.459486480048355, 27.389466358148205 ], [ 70.453810023294039, 27.378559392053059 ] ] ] } },
{ "type": "Feature", "properties": { "polygon_id": "indiasat_1726", "source": "indiasat", "raw_class": "barren_land", "core_class": "barren", "lon": 74.593017267702891, "lat": 28.68494606927149, "block": "74_28" }, "geometry": { "type": "Polygon", "coordinates": [ [ [ 74.59277440056853, 28.685784995744605 ], [ 74.592934915857839, 28.685165172468505 ], [ 74.592952701228697, 28.685035849083576 ], [ 74.592872443610986, 28.684500812342193 ], [ 74.5929081037375, 28.684193142960087 ], [ 74.593300543389304, 28.684179756080901 ], [ 74.59322922329126, 28.684300178095722 ], [ 74.593086493633038, 28.684407193494025 ], [ 74.593032958809019, 28.684518657587219 ], [ 74.593247008631764, 28.685156261688459 ], [ 74.59288584967446, 28.685807301209266 ], [ 74.59277440056853, 28.685784995744605 ] ] ] } },
{ "type": "Feature", "properties": { "polygon_id": "indiasat_1727", "source": "indiasat", "raw_class": "barren_land", "core_class": "barren", "lon": 74.593971774256445, "lat": 28.675535522353165, "block": "74_28" }, "geometry": { "type": "Polygon", "coordinates": [ [ [ 74.591797810173148, 28.674111088710848 ], [ 74.59182015375093, 28.67407098187909 ], [ 74.591989607350598, 28.674137854333839 ], [ 74.592640607921979, 28.674329590619127 ], [ 74.593028579498807, 28.674507993052963 ], [ 74.593438804197064, 28.674632824836539 ], [ 74.593612724874689, 28.674730936343636 ], [ 74.593822305314234, 28.674918235897628 ], [ 74.594072014042567, 28.675185781856054 ], [ 74.594401979352099, 28.675404229889136 ], [ 74.594388573406547, 28.675430967292986 ], [ 74.594562493125864, 28.675636085961088 ], [ 74.594531301986635, 28.675756486134929 ], [ 74.594544618548198, 28.675925963465868 ], [ 74.594624875387353, 28.676162307850792 ], [ 74.594781009687836, 28.676367358747473 ], [ 74.594919179935374, 28.676487791444277 ], [ 74.594977182807057, 28.676541297994746 ], [ 74.594977182807057, 28.676603697547588 ], [ 74.594937054474187, 28.676617094093377 ], [ 74.594870114316819, 28.676782120616654 ], [ 74.594803263506208, 28.676759785423862 ], [ 74.59466053515132, 28.676773169324694 ], [ 74.594549087192803, 28.676750867602415 ], [ 74.59449555282302, 28.67662602019443 ], [ 74.594326101686534, 28.676403108580807 ], [ 74.594259250664905, 28.676148879503909 ], [ 74.594031796125805, 28.675591531675405 ], [ 74.593889156505298, 28.675364092082891 ], [ 74.59371523610659, 28.675190215943015 ], [ 74.593706298774052, 28.675114368756827 ], [ 74.593603787536836, 28.67493601888717 ], [ 74.593305012066139, 28.674784455315191 ], [ 74.592645076615923, 28.67445890105364 ], [ 74.591971732506167, 28.674222567446165 ], [ 74.591797810173148, 28.674111088710848 ] ] ] } },
{ "type": "Feature", "properties": { "polygon_id": "indiasat_1728", "source": "indiasat", "raw_class": "barren_land", "core_class": "barren", "lon": 74.576611198888955, "lat": 28.672113591033064, "block": "74_28" }, "geometry": { "type": "Polygon", "coordinates": [ [ [ 74.5761419372501, 28.672314113203338 ], [ 74.576164193471527, 28.672242758583042 ], [ 74.576382733324877, 28.672251651081559 ], [ 74.576561050914677, 28.671761117959065 ], [ 74.576565520024829, 28.67162286957991 ], [ 74.576601183519799, 28.671408836511635 ], [ 74.576636847007407, 28.671324111440075 ], [ 74.576676979594936, 28.671341963429128 ], [ 74.576645785223704, 28.671520326776303 ], [ 74.576650254331682, 28.671694240109773 ], [ 74.576712732449053, 28.671836965693331 ], [ 74.576650254331682, 28.671890458377021 ], [ 74.576668130762428, 28.671997456061263 ], [ 74.576792997579574, 28.672055436308014 ], [ 74.576833130130851, 28.672024255443581 ], [ 74.57689104969846, 28.671868175494875 ], [ 74.577002509058687, 28.671894918396276 ], [ 74.577051579756628, 28.672024197390769 ], [ 74.576815253717172, 28.672193663992523 ], [ 74.576717112173171, 28.672314090489238 ], [ 74.576610121737943, 28.672572689711963 ], [ 74.576356008016134, 28.672510286093953 ], [ 74.576396140668848, 28.672318556191133 ], [ 74.576271273565069, 28.672336337528133 ], [ 74.5761419372501, 28.672314113203338 ] ] ] } },
{ "type": "Feature", "properties": { "polygon_id": "indiasat_1729", "source": "indiasat", "raw_class": "barren_land", "core_class": "barren", "lon": 74.554923218705767, "lat": 28.675073932460627, "block": "74_28" }, "geometry": { "type": "Polygon", "coordinates": [ [ [ 74.553953474443702, 28.67514560397478 ], [ 74.554024810738284, 28.674904855965774 ], [ 74.554189742284578, 28.674940441896887 ], [ 74.554831856399545, 28.674980595699676 ], [ 74.555505166323286, 28.674985065122844 ], [ 74.555572121721198, 28.675016282375438 ], [ 74.555772719581071, 28.67499848216557 ], [ 74.555745991091754, 28.674855750445982 ], [ 74.555804007105166, 28.674846878533735 ], [ 74.555839674875742, 28.674842349393412 ], [ 74.555866403350635, 28.675016320580387 ], [ 74.556009074337624, 28.675007402240794 ], [ 74.555986815525955, 28.675083172286932 ], [ 74.555567652069257, 28.675109914561954 ], [ 74.555540923548335, 28.675252589433207 ], [ 74.555135078611045, 28.675234801026292 ], [ 74.554845265411842, 28.6751723681204 ], [ 74.554270017853099, 28.675167933873329 ], [ 74.553953474443702, 28.67514560397478 ] ] ] } },
{ "type": "Feature", "properties": { "polygon_id": "indiasat_1730", "source": "indiasat", "raw_class": "barren_land", "core_class": "barren", "lon": 78.112753116415789, "lat": 13.132545282985649, "block": "78_13" }, "geometry": { "type": "Polygon", "coordinates": [ [ [ 78.110777659898957, 13.132824061075853 ], [ 78.11078662326041, 13.131829672549566 ], [ 78.111571393082258, 13.131548692519393 ], [ 78.113288154764746, 13.131151827228875 ], [ 78.113823244776086, 13.131129530152178 ], [ 78.11432717892896, 13.13214175375566 ], [ 78.114229020296747, 13.132498477963429 ], [ 78.114028351746995, 13.132614436195098 ], [ 78.114220144245763, 13.134045818146323 ], [ 78.113426430844697, 13.134210772992342 ], [ 78.112739660776001, 13.134014564268428 ], [ 78.112449879372519, 13.133541963432679 ], [ 78.112030695685888, 13.133104932097355 ], [ 78.111000612412454, 13.133082631296624 ], [ 78.110978334586704, 13.132823983582778 ], [ 78.110777659898957, 13.132824061075853 ] ] ] } },
{ "type": "Feature", "properties": { "polygon_id": "indiasat_1731", "source": "indiasat", "raw_class": "barren_land", "core_class": "barren", "lon": 76.420312493024852, "lat": 14.270034918112403, "block": "76_14" }, "geometry": { "type": "Polygon", "coordinates": [ [ [ 76.416457508661665, 14.271277096215767 ], [ 76.41654226419432, 14.270902570920395 ], [ 76.416586849113983, 14.270652865181415 ], [ 76.416693852859296, 14.270505695527369 ], [ 76.418036071460946, 14.270113319667747 ], [ 76.418312494567388, 14.270050820599584 ], [ 76.41839724890032, 14.269716475819811 ], [ 76.418312494567388, 14.269324011301535 ], [ 76.418357078884782, 14.269083244943557 ], [ 76.418624672756138, 14.268668504881768 ], [ 76.419355940188581, 14.268186968169077 ], [ 76.42002037208303, 14.268106673287361 ], [ 76.420341374645076, 14.268022009324612 ], [ 76.420479627981422, 14.268053156890028 ], [ 76.420943384754722, 14.268075486973883 ], [ 76.421919890649846, 14.268574938628067 ], [ 76.422379228171025, 14.269176901443355 ], [ 76.422463891589814, 14.269457759344382 ], [ 76.422842978218128, 14.269685221422263 ], [ 76.422949976853616, 14.269685232518528 ], [ 76.423065891943395, 14.269667359625101 ], [ 76.42334680683814, 14.269676275420107 ], [ 76.423538556068237, 14.269654011731754 ], [ 76.423708057916272, 14.26996614811474 ], [ 76.423645554135348, 14.270456609671538 ], [ 76.422700224951981, 14.271183485195872 ], [ 76.422249893437083, 14.27142428015212 ], [ 76.421478473101516, 14.271994989521653 ], [ 76.421103885003106, 14.272262542861244 ], [ 76.42088988462821, 14.272347306304303 ], [ 76.420769465121623, 14.272316057015153 ], [ 76.42061788117185, 14.272200129084741 ], [ 76.420608964463455, 14.272066398944341 ], [ 76.420782884309659, 14.271838991041554 ], [ 76.420983553977251, 14.27162050347672 ], [ 76.421112801677808, 14.271388608411733 ], [ 76.421273390002398, 14.271277157004516 ], [ 76.421304554178917, 14.271152249173829 ], [ 76.421233220868757, 14.271089813555465 ], [ 76.420996884859363, 14.271112105075821 ], [ 76.420782884309659, 14.270924885040102 ], [ 76.420631212091166, 14.270800015063214 ], [ 76.420265626586655, 14.27070636706642 ], [ 76.419770614595052, 14.270550315502822 ], [ 76.419569943069391, 14.270474514971314 ], [ 76.419257855418067, 14.270514650063982 ], [ 76.418762839618637, 14.270661732987191 ], [ 76.41863358959958, 14.270786619141175 ], [ 76.418236745335918, 14.271223583992406 ], [ 76.417465301368296, 14.271856841375778 ], [ 76.417242289826035, 14.271870177345944 ], [ 76.417099618743265, 14.271932584198742 ], [ 76.416952444883108, 14.271887986416475 ], [ 76.416845441348926, 14.27172299473103 ], [ 76.416778608239113, 14.271513458805874 ], [ 76.416662599299158, 14.271388562683976 ], [ 76.416457508661665, 14.271277096215767 ] ] ] } },
{ "type": "Feature", "properties": { "polygon_id": "indiasat_1732", "source": "indiasat", "raw_class": "barren_land", "core_class": "barren", "lon": 76.444184924934106, "lat": 14.244850832543989, "block": "76_14" }, "geometry": { "type": "Polygon", "coordinates": [ [ [ 76.442271242204811, 14.243684238883798 ], [ 76.442333648814511, 14.243336394331624 ], [ 76.442503126302839, 14.242787926740222 ], [ 76.4427885011808, 14.242243868742362 ], [ 76.443350333907887, 14.241994161466469 ], [ 76.443617876655452, 14.241985247956984 ], [ 76.443658038914336, 14.242261760475552 ], [ 76.443800769303721, 14.242324200406948 ], [ 76.444135130297695, 14.242493629903551 ], [ 76.44507156602198, 14.242658626905792 ], [ 76.445294530122013, 14.242689841691327 ], [ 76.445285615096026, 14.242868170527119 ], [ 76.44514738798155, 14.243314052703353 ], [ 76.445370351952093, 14.243407745662637 ], [ 76.445887598651794, 14.243483561092555 ], [ 76.445049322551696, 14.244977355423286 ], [ 76.445789533777926, 14.245133419965885 ], [ 76.444973500535184, 14.247786541688352 ], [ 76.446400429960505, 14.248067497413848 ], [ 76.446271030718762, 14.24841974992748 ], [ 76.444242199780319, 14.248067465919171 ], [ 76.444095056453918, 14.248482215020518 ], [ 76.443912164217835, 14.24845095550374 ], [ 76.443836429809537, 14.247559131597107 ], [ 76.444353682586055, 14.24586914903457 ], [ 76.443417241713348, 14.245829005168202 ], [ 76.443354835621449, 14.245614985810493 ], [ 76.443256680576383, 14.245650645816754 ], [ 76.442846494081621, 14.24551242498899 ], [ 76.442886656577741, 14.24524043900758 ], [ 76.442712677851532, 14.24494615889413 ], [ 76.442538787163016, 14.244335244991362 ], [ 76.44243621802903, 14.24425498071596 ], [ 76.442271242204811, 14.243684238883798 ] ] ] } },
{ "type": "Feature", "properties": { "polygon_id": "indiasat_1733", "source": "indiasat", "raw_class": "barren_land", "core_class": "barren", "lon": 77.661842234613175, "lat": 24.637638476300662, "block": "77_24" }, "geometry": { "type": "Polygon", "coordinates": [ [ [ 77.659530008986934, 24.636453054007401 ], [ 77.659761924878552, 24.636332629467177 ], [ 77.660042862288066, 24.636033930185334 ], [ 77.660640387163468, 24.635645972420964 ], [ 77.660827648251868, 24.635645987051809 ], [ 77.660916865860514, 24.63552112864345 ], [ 77.66111303949053, 24.635378399114686 ], [ 77.661273560819964, 24.635329319834081 ], [ 77.661563407406391, 24.635293721538119 ], [ 77.661826514405959, 24.635333797106323 ], [ 77.662259053629896, 24.635516692168256 ], [ 77.662700504060837, 24.635819834428762 ], [ 77.662945695294383, 24.636123109517165 ], [ 77.663503097031409, 24.637135271411168 ], [ 77.663159778434235, 24.637291386603504 ], [ 77.663467445772767, 24.637737261059637 ], [ 77.663561030302503, 24.637924592567526 ], [ 77.663467445772767, 24.63800925389344 ], [ 77.663552117493523, 24.638593408535947 ], [ 77.663632420129275, 24.638811900325468 ], [ 77.66362350732598, 24.63917307525546 ], [ 77.663668071335408, 24.639262323010978 ], [ 77.663779568661695, 24.639391606997727 ], [ 77.663810763426682, 24.639569935425445 ], [ 77.662905587427971, 24.639922241861271 ], [ 77.662388290782999, 24.639948968158329 ], [ 77.662348182716954, 24.640100621331296 ], [ 77.661799688180878, 24.63993564949434 ], [ 77.661411799472376, 24.639739429648575 ], [ 77.661170973997969, 24.639467439573028 ], [ 77.661148691498653, 24.639043793853904 ], [ 77.660952517931065, 24.638736114333941 ], [ 77.660716147986818, 24.63879405407177 ], [ 77.660109710432607, 24.638013722852705 ], [ 77.660047318832284, 24.637750641224805 ], [ 77.660029492654388, 24.637621367203643 ], [ 77.660060688463858, 24.637121946832622 ], [ 77.659949187435416, 24.636783053120045 ], [ 77.659819860084738, 24.636568963104974 ], [ 77.659726272429083, 24.636497663314106 ], [ 77.659530008986934, 24.636453054007401 ] ] ] } },
{ "type": "Feature", "properties": { "polygon_id": "indiasat_1735", "source": "indiasat", "raw_class": "barren_land", "core_class": "barren", "lon": 75.197654550434478, "lat": 28.718532620426608, "block": "75_28" }, "geometry": { "type": "Polygon", "coordinates": [ [ [ 75.19601047794653, 28.719148022904722 ], [ 75.196095249384555, 28.718002037781524 ], [ 75.196300321276084, 28.717319758356521 ], [ 75.197370466277931, 28.717573938924911 ], [ 75.197927886217286, 28.717449102240376 ], [ 75.198360464090825, 28.717484751591517 ], [ 75.199158566234232, 28.717707756767624 ], [ 75.199109592104307, 28.718345355367696 ], [ 75.199105139909904, 28.719156907479466 ], [ 75.199015917907545, 28.719848089850622 ], [ 75.197495396191187, 28.719558282417825 ], [ 75.19601047794653, 28.719148022904722 ] ] ] } },
{ "type": "Feature", "properties": { "polygon_id": "indiasat_1736", "source": "indiasat", "raw_class": "barren_land", "core_class": "barren", "lon": 75.188126141026629, "lat": 28.733811524289898, "block": "75_28" }, "geometry": { "type": "Polygon", "coordinates": [ [ [ 75.186106863135578, 28.734210862239387 ], [ 75.18632975835439, 28.733060435351121 ], [ 75.186396635763273, 28.732494113630025 ], [ 75.187591697294366, 28.732587784196248 ], [ 75.188144610529633, 28.732636813118852 ], [ 75.188782297213208, 28.73276161136075 ], [ 75.190102187299559, 28.73320756639696 ], [ 75.190552507527016, 28.733497403630086 ], [ 75.190450012370661, 28.734126171053592 ], [ 75.190293909714214, 28.734059226698843 ], [ 75.189999602799134, 28.734741452829041 ], [ 75.188679711847527, 28.734893086409155 ], [ 75.188175867122226, 28.734879688353402 ], [ 75.187136916012051, 28.73500907649413 ], [ 75.186766731799779, 28.735031347277033 ], [ 75.186311948120846, 28.734991162956007 ], [ 75.186267333476906, 28.734286642540116 ], [ 75.186106863135578, 28.734210862239387 ] ] ] } },
{ "type": "Feature", "properties": { "polygon_id": "indiasat_1737", "source": "indiasat", "raw_class": "barren_land", "core_class": "barren", "lon": 75.170557931222703, "lat": 28.750610432993405, "block": "75_28" }, "geometry": { "type": "Polygon", "coordinates": [ [ [ 75.168301649270191, 28.749808762666031 ], [ 75.168457684771099, 28.748827774923203 ], [ 75.169157794204921, 28.748698495791185 ], [ 75.171757460858629, 28.749037409384272 ], [ 75.171784178689052, 28.749278178064479 ], [ 75.17212750240526, 28.74968396078842 ], [ 75.17245301356175, 28.75033049275207 ], [ 75.172555609550997, 28.750785358493275 ], [ 75.172368318384642, 28.750780876006637 ], [ 75.17195811165395, 28.751512135540608 ], [ 75.171944752754115, 28.751712794060175 ], [ 75.171605792555013, 28.751717275960566 ], [ 75.171654864347502, 28.75323782666057 ], [ 75.170094177898903, 28.753063917412728 ], [ 75.170063006760614, 28.753251198774812 ], [ 75.169701777346617, 28.75321112389458 ], [ 75.169715136437375, 28.752974749996273 ], [ 75.169938144024641, 28.752609088505281 ], [ 75.170232399557477, 28.752274671955401 ], [ 75.170392975210333, 28.752100795085557 ], [ 75.170397428221108, 28.751833267367047 ], [ 75.16978647396283, 28.75096818740219 ], [ 75.16912653381975, 28.750598053788252 ], [ 75.168640527543715, 28.750187807202192 ], [ 75.168301649270191, 28.749808762666031 ] ] ] } },
{ "type": "Feature", "properties": { "polygon_id": "indiasat_1738", "source": "indiasat", "raw_class": "barren_land", "core_class": "barren", "lon": 76.496501075616337, "lat": 18.250601311789286, "block": "76_18" }, "geometry": { "type": "Polygon", "coordinates": [ [ [ 76.49562883695296, 18.250632437600721 ], [ 76.495664571492298, 18.250413872946847 ], [ 76.495758187115356, 18.250119592389819 ], [ 76.495945418158712, 18.249909987392982 ], [ 76.496088179441813, 18.249798591789023 ], [ 76.496123825621467, 18.249985830230077 ], [ 76.496614312529218, 18.249932326265593 ], [ 76.496605401018925, 18.25012409295605 ], [ 76.496846188046959, 18.250128528205408 ], [ 76.496859599403649, 18.250025972868521 ], [ 76.497403552273568, 18.25007058151537 ], [ 76.497358994987238, 18.251109535820156 ], [ 76.49702900589493, 18.251167502256802 ], [ 76.497024594270343, 18.251114012378874 ], [ 76.496694604326976, 18.251171978059649 ], [ 76.496712427334671, 18.251212068618496 ], [ 76.496337878959579, 18.251274561253243 ], [ 76.496324467548931, 18.251185333339983 ], [ 76.495793833385733, 18.251274518634528 ], [ 76.495744775644766, 18.251198697010704 ], [ 76.495695717885241, 18.251029288194946 ], [ 76.49562883695296, 18.250632437600721 ] ] ] } },
{ "type": "Feature", "properties": { "polygon_id": "indiasat_1739", "source": "indiasat", "raw_class": "barren_land", "core_class": "barren", "lon": 74.046118873417143, "lat": 18.852805717641953, "block": "74_18" }, "geometry": { "type": "Polygon", "coordinates": [ [ [ 74.045219017684261, 18.852842884512036 ], [ 74.045277017960132, 18.852655662744699 ], [ 74.045468768359626, 18.852205254367874 ], [ 74.045785393653944, 18.851924332944442 ], [ 74.04601721467003, 18.851826264586098 ], [ 74.046538945387965, 18.851924347939171 ], [ 74.046681659107847, 18.852026894581726 ], [ 74.046779729905936, 18.852156178935871 ], [ 74.046975960994288, 18.852655651000845 ], [ 74.047002674941282, 18.853132733591657 ], [ 74.046900122050431, 18.853493916953177 ], [ 74.046583588259111, 18.853547424526194 ], [ 74.046418553014476, 18.853632225373467 ], [ 74.045990500584381, 18.853663391623538 ], [ 74.045763072125865, 18.853654514307468 ], [ 74.04544205419684, 18.85353408801566 ], [ 74.045294857299524, 18.853431499764064 ], [ 74.045227982179384, 18.853146106484715 ], [ 74.045219017684261, 18.852842884512036 ] ] ] } },
{ "type": "Feature", "properties": { "polygon_id": "indiasat_1742", "source": "indiasat", "raw_class": "barren_land", "core_class": "barren", "lon": 76.297865428141222, "lat": 25.878530578917964, "block": "76_25" }, "geometry": { "type": "Polygon", "coordinates": [ [ [ 76.299361504428859, 25.879752966220572 ], [ 76.298741708528837, 25.879369508054189 ], [ 76.297872186749586, 25.879525565399089 ], [ 76.297466407976444, 25.879391820708584 ], [ 76.297100746516094, 25.879021723906853 ], [ 76.296908990346594, 25.878441969948575 ], [ 76.296302614873255, 25.877608144566533 ], [ 76.296213363805464, 25.877416446673731 ], [ 76.296507715367781, 25.877282615924518 ], [ 76.296757440920572, 25.877086408449447 ], [ 76.29672174062253, 25.876524600563577 ], [ 76.297435214565766, 25.877188976974825 ], [ 76.297511033098019, 25.877634882467319 ], [ 76.297774100094998, 25.878058565242604 ], [ 76.297698281712485, 25.878629327119892 ], [ 76.298251189369438, 25.878865593702557 ], [ 76.298795258160141, 25.878673863412615 ], [ 76.299129633588706, 25.878749651735774 ], [ 76.299923418406536, 25.879525620859138 ], [ 76.300195405481105, 25.879926895572144 ], [ 76.299883212342863, 25.879993758168496 ], [ 76.299361504428859, 25.879752966220572 ] ] ] } },
{ "type": "Feature", "properties": { "polygon_id": "indiasat_1750", "source": "indiasat", "raw_class": "barren_land", "core_class": "barren", "lon": 73.916588440290951, "lat": 19.667314042155077, "block": "73_19" }, "geometry": { "type": "Polygon", "coordinates": [ [ [ 73.915147079951183, 19.666584310664053 ], [ 73.915222881195078, 19.666107144115045 ], [ 73.915271950150228, 19.665991177863905 ], [ 73.915374483594277, 19.665839623692772 ], [ 73.915468136141641, 19.665683554437187 ], [ 73.915503838920799, 19.66556310412544 ], [ 73.915526085875356, 19.665531894130513 ], [ 73.91564207499647, 19.665438267107209 ], [ 73.915704509947162, 19.665340187388278 ], [ 73.915762459610519, 19.665210835738279 ], [ 73.915780310973915, 19.6651083295109 ], [ 73.915807043163269, 19.665001255934289 ], [ 73.915824894522586, 19.664987896910183 ], [ 73.915891724973804, 19.664970107261688 ], [ 73.915931912938788, 19.664965578789534 ], [ 73.916070148710304, 19.664996814876663 ], [ 73.916252967834211, 19.665014665302984 ], [ 73.916444667584798, 19.665059251123786 ], [ 73.916605239528124, 19.665117217381919 ], [ 73.916672069711282, 19.665157360009033 ], [ 73.916886105552777, 19.665313414730576 ], [ 73.916966391358827, 19.665398170161836 ], [ 73.917242861333492, 19.665759299341932 ], [ 73.91731417652926, 19.665879740955127 ], [ 73.91743904533736, 19.666352408738252 ], [ 73.917456896546909, 19.666383579395369 ], [ 73.91751045016575, 19.666566415786885 ], [ 73.917621863174759, 19.666789369165308 ], [ 73.91765756555867, 19.666878604943275 ], [ 73.917670931524825, 19.666923121661529 ], [ 73.917702148677122, 19.667119348778126 ], [ 73.917711029417802, 19.667801602228536 ], [ 73.917724485084733, 19.667939860914821 ], [ 73.917733365824404, 19.668113766612979 ], [ 73.917760097745372, 19.668372367635296 ], [ 73.917795800103917, 19.668452609714347 ], [ 73.91781804679637, 19.668595287242795 ], [ 73.917809166060579, 19.668729124445708 ], [ 73.917782434146332, 19.668804896230441 ], [ 73.917728880602397, 19.66892980164468 ], [ 73.917675416748168, 19.669121466417458 ], [ 73.917635229143372, 19.669197331301046 ], [ 73.917492598961104, 19.669411357939314 ], [ 73.917389976928803, 19.669531779288299 ], [ 73.917265197793824, 19.669772567633423 ], [ 73.91718042687647, 19.669861729356686 ], [ 73.917086775153393, 19.669901845766457 ], [ 73.917024340646279, 19.669910777928703 ], [ 73.916979757372474, 19.669901853925509 ], [ 73.916743474821217, 19.669812628512062 ], [ 73.916569536951073, 19.669701147797571 ], [ 73.916467004136805, 19.669603070382639 ], [ 73.916413450230706, 19.669540684078473 ], [ 73.916284185214053, 19.669322181333243 ], [ 73.916221750449353, 19.669152728852161 ], [ 73.916105761673833, 19.668755821047011 ], [ 73.91601659469498, 19.668528462090858 ], [ 73.915829290083181, 19.667828319835682 ], [ 73.915793677069047, 19.667743677359351 ], [ 73.915722271610534, 19.667623226537966 ], [ 73.915664321935211, 19.667547476985558 ], [ 73.915593006134642, 19.667485055333159 ], [ 73.915428037786356, 19.6672754603157 ], [ 73.915303167687483, 19.667097041136255 ], [ 73.915187178364349, 19.666874110461524 ], [ 73.915155960808505, 19.666726999547546 ], [ 73.915147079951183, 19.666584310664053 ] ] ] } },
{ "type": "Feature", "properties": { "polygon_id": "indiasat_1753", "source": "indiasat", "raw_class": "barren_land", "core_class": "barren", "lon": 77.242380197119559, "lat": 27.526486332999639, "block": "77_27" }, "geometry": { "type": "Polygon", "coordinates": [ [ [ 77.241569601078623, 27.525732078429691 ], [ 77.241779121294954, 27.525460010611965 ], [ 77.242104670594827, 27.525460021379082 ], [ 77.242430218995366, 27.525972795351404 ], [ 77.243054476585954, 27.52673982030203 ], [ 77.243446850344284, 27.527444297839288 ], [ 77.243495875047017, 27.527818890199697 ], [ 77.243473599066562, 27.52791252550486 ], [ 77.243402298360593, 27.527961552383886 ], [ 77.243322052126999, 27.527939315131228 ], [ 77.243165944543321, 27.527453273577503 ], [ 77.242831540354842, 27.526891433741373 ], [ 77.242568436471032, 27.526507892516818 ], [ 77.242269637447905, 27.52644107453408 ], [ 77.242176059787667, 27.52651682403912 ], [ 77.242193863228295, 27.526686285778482 ], [ 77.242376721071039, 27.526828979388178 ], [ 77.24250599306302, 27.526989503359673 ], [ 77.242416800665822, 27.527109945132729 ], [ 77.242211666666208, 27.527109926573026 ], [ 77.24188173256681, 27.526860171085506 ], [ 77.241569601078623, 27.525732078429691 ] ] ] } },
{ "type": "Feature", "properties": { "polygon_id": "indiasat_1754", "source": "indiasat", "raw_class": "barren_land", "core_class": "barren", "lon": 77.237821132167937, "lat": 27.520774457897723, "block": "77_27" }, "geometry": { "type": "Polygon", "coordinates": [ [ [ 77.23660213513935, 27.518584101445967 ], [ 77.236758251415992, 27.518485982413107 ], [ 77.237404816176806, 27.518441396558394 ], [ 77.237904208724075, 27.518784723293301 ], [ 77.238684516307671, 27.520158185587484 ], [ 77.23876923861414, 27.520947445320722 ], [ 77.238546294277427, 27.521241688698673 ], [ 77.238301072561057, 27.521536064338367 ], [ 77.238247572762589, 27.521812487689246 ], [ 77.238296599628015, 27.522026494775606 ], [ 77.238394741002182, 27.52208006597245 ], [ 77.238622158546335, 27.521950706274325 ], [ 77.238702407979957, 27.521879354969386 ], [ 77.239179518238899, 27.521986411233826 ], [ 77.239942013603326, 27.522583943823914 ], [ 77.239826069721644, 27.522677515869766 ], [ 77.239612073150369, 27.522686446037163 ], [ 77.238773711529248, 27.522503689358437 ], [ 77.238595321018636, 27.522561617340696 ], [ 77.238252045697479, 27.522904997930333 ], [ 77.23813610015371, 27.522967400221322 ], [ 77.23793095870424, 27.522873786276055 ], [ 77.236789386940814, 27.521767910977179 ], [ 77.23663783140735, 27.52138890124127 ], [ 77.236718082191516, 27.521188214859762 ], [ 77.236967780183761, 27.521081175855507 ], [ 77.237208619404171, 27.520853749887266 ], [ 77.236985584410988, 27.520037742880191 ], [ 77.236709136205178, 27.519458105935716 ], [ 77.236682385947816, 27.518833850267022 ], [ 77.23660213513935, 27.518584101445967 ] ] ] } },
{ "type": "Feature", "properties": { "polygon_id": "indiasat_1755", "source": "indiasat", "raw_class": "barren_land", "core_class": "barren", "lon": 77.22699838327118, "lat": 27.505279738112243, "block": "77_27" }, "geometry": { "type": "Polygon", "coordinates": [ [ [ 77.22576654684822, 27.504230240425503 ], [ 77.22590925725342, 27.504332863371406 ], [ 77.226096526023753, 27.504497824488503 ], [ 77.226181257369802, 27.504475492491203 ], [ 77.226408610743206, 27.504301577466347 ], [ 77.226752008237639, 27.504270423390281 ], [ 77.226805513249005, 27.504328397508242 ], [ 77.227407486812481, 27.50492139580907 ], [ 77.227897975023481, 27.505679432559447 ], [ 77.22793814725091, 27.506089683414558 ], [ 77.227737461401929, 27.506254717260923 ], [ 77.227492217217716, 27.506254660371912 ], [ 77.226841212480807, 27.506071906865412 ], [ 77.226265988655044, 27.50497044692916 ], [ 77.225989515334206, 27.504591432000591 ], [ 77.225784352765587, 27.504337288511188 ], [ 77.22576654684822, 27.504230240425503 ] ] ] } },
{ "type": "Feature", "properties": { "polygon_id": "indiasat_1757", "source": "indiasat", "raw_class": "barren_land", "core_class": "barren", "lon": 77.213629430111439, "lat": 27.54690032932378, "block": "77_27" }, "geometry": { "type": "Polygon", "coordinates": [ [ [ 77.21108268090326, 27.545432352477317 ], [ 77.211368049279898, 27.545026611450279 ], [ 77.211671312736243, 27.545088990440743 ], [ 77.213339028540105, 27.545855981627344 ], [ 77.214881892535757, 27.546408875251071 ], [ 77.216014465408804, 27.547193736799073 ], [ 77.216335524291367, 27.547644026021374 ], [ 77.216206223633151, 27.54775109669831 ], [ 77.214645569324361, 27.547430007066584 ], [ 77.214391350286789, 27.547554852697932 ], [ 77.214618814068359, 27.549160142525977 ], [ 77.214378016491949, 27.549160181523611 ], [ 77.213352362452085, 27.548326283534706 ], [ 77.212687945824825, 27.546382180110538 ], [ 77.212594344714034, 27.546239492347436 ], [ 77.212402580632485, 27.546756672519155 ], [ 77.212224238003131, 27.546805742546105 ], [ 77.211537533031404, 27.545989731530561 ], [ 77.211319011234025, 27.545780135766567 ], [ 77.21108268090326, 27.545432352477317 ] ] ] } },
{ "type": "Feature", "properties": { "polygon_id": "indiasat_1758", "source": "indiasat", "raw_class": "barren_land", "core_class": "barren", "lon": 77.200982491628281, "lat": 27.539065838540914, "block": "77_27" }, "geometry": { "type": "Polygon", "coordinates": [ [ [ 77.198619491089701, 27.538208580174484 ], [ 77.198909363934177, 27.538266567263662 ], [ 77.199324080901889, 27.538128350074977 ], [ 77.199796700309221, 27.538333461580926 ], [ 77.200461101570625, 27.538088215480109 ], [ 77.200831245064776, 27.538079291172668 ], [ 77.201995097114107, 27.538658981134514 ], [ 77.202231357859077, 27.539394711046207 ], [ 77.202646063195886, 27.539229722470473 ], [ 77.202762043569663, 27.539408127429386 ], [ 77.202476654442762, 27.539617728825625 ], [ 77.202516747577121, 27.539666708582736 ], [ 77.202672821159084, 27.539974373973905 ], [ 77.202574737841545, 27.540188477124019 ], [ 77.202347338639001, 27.54022416584333 ], [ 77.201763222482441, 27.540331120987997 ], [ 77.201642766809769, 27.540411362630991 ], [ 77.201219197018617, 27.540277636999246 ], [ 77.201379746641337, 27.540063631802379 ], [ 77.201223671355322, 27.539773747342242 ], [ 77.200933804173872, 27.53947501084232 ], [ 77.200577084084074, 27.539109308417181 ], [ 77.200255982445071, 27.539015669647011 ], [ 77.199810123480006, 27.539278803040851 ], [ 77.198869269578765, 27.538547512181449 ], [ 77.198619491089701, 27.538208580174484 ] ] ] } },
{ "type": "Feature", "properties": { "polygon_id": "indiasat_1764", "source": "indiasat", "raw_class": "barren_land", "core_class": "barren", "lon": 77.234154559707946, "lat": 27.568112133622456, "block": "77_27" }, "geometry": { "type": "Polygon", "coordinates": [ [ [ 77.231224504909022, 27.565596448079141 ], [ 77.231385013788383, 27.565587515894201 ], [ 77.231701557708945, 27.565895183251531 ], [ 77.232820813013277, 27.566639859147276 ], [ 77.234127313727456, 27.567433531619617 ], [ 77.235197517884004, 27.568017655293875 ], [ 77.235375913534938, 27.568361063423534 ], [ 77.236018012855297, 27.569034344541375 ], [ 77.23614281880559, 27.5693064017238 ], [ 77.237435951530927, 27.570113503743009 ], [ 77.237636620883549, 27.570300714386029 ], [ 77.237757039872193, 27.570626231669433 ], [ 77.237716958692957, 27.570760085279623 ], [ 77.237601012622989, 27.570773428358535 ], [ 77.237284396828443, 27.5707109963877 ], [ 77.236628885414902, 27.570024328586214 ], [ 77.236165183877588, 27.569787936738056 ], [ 77.235393718002499, 27.569511495944198 ], [ 77.234894314823833, 27.569373271336101 ], [ 77.234225458571402, 27.568931814640489 ], [ 77.233886555922638, 27.56861969859785 ], [ 77.23360562734193, 27.56814704912556 ], [ 77.232834232434911, 27.567799216733263 ], [ 77.231924514984243, 27.567224011486271 ], [ 77.231425097119256, 27.566630876221762 ], [ 77.231322564457983, 27.566421357235125 ], [ 77.231474214530223, 27.566327716388095 ], [ 77.231224504909022, 27.565730154514789 ], [ 77.231224504909022, 27.565596448079141 ] ] ] } },
{ "type": "Feature", "properties": { "polygon_id": "indiasat_1770", "source": "indiasat", "raw_class": "barren_land", "core_class": "barren", "lon": 76.731900749090897, "lat": 27.300255469572317, "block": "76_27" }, "geometry": { "type": "Polygon", "coordinates": [ [ [ 76.73099361547159, 27.299597666920615 ], [ 76.731078339685595, 27.299437170008041 ], [ 76.731283456595094, 27.299468325659443 ], [ 76.73155101520382, 27.2994817175347 ], [ 76.732184152777094, 27.299526281179791 ], [ 76.732398251018012, 27.299628887839589 ], [ 76.732768320420718, 27.299686807249788 ], [ 76.73268808890306, 27.300877443949144 ], [ 76.732438322840778, 27.301171707902032 ], [ 76.732184152777094, 27.301086990032704 ], [ 76.73159108729665, 27.301029024067219 ], [ 76.731145185464868, 27.300730217479742 ], [ 76.73099361547159, 27.299597666920615 ] ] ] } },
{ "type": "Feature", "properties": { "polygon_id": "indiasat_1771", "source": "indiasat", "raw_class": "barren_land", "core_class": "barren", "lon": 76.734449096006259, "lat": 27.307852253312298, "block": "76_27" }, "geometry": { "type": "Polygon", "coordinates": [ [ [ 76.733651216011197, 27.308350848994472 ], [ 76.733784992866845, 27.308078894625311 ], [ 76.734065932607095, 27.307062226900531 ], [ 76.73432899379452, 27.306999758028777 ], [ 76.734975591801899, 27.307240565441607 ], [ 76.73534565361561, 27.307784585469193 ], [ 76.73534565361561, 27.30798525752321 ], [ 76.734083722500543, 27.308729860610605 ], [ 76.733905383108294, 27.308707615724106 ], [ 76.733771606380785, 27.308578316706853 ], [ 76.733651216011197, 27.308350848994472 ] ] ] } },
{ "type": "Feature", "properties": { "polygon_id": "indiasat_1772", "source": "indiasat", "raw_class": "barren_land", "core_class": "barren", "lon": 76.738019072154884, "lat": 27.308962915174128, "block": "76_27" }, "geometry": { "type": "Polygon", "coordinates": [ [ [ 76.737222982776373, 27.309140144771803 ], [ 76.737312106116548, 27.308720959738409 ], [ 76.738030022258144, 27.308306299156794 ], [ 76.73889068839712, 27.308529195150506 ], [ 76.738841635957684, 27.308698663502675 ], [ 76.738899583002578, 27.308796733962794 ], [ 76.738569601524858, 27.309385356489482 ], [ 76.737325492225423, 27.309621749048347 ], [ 76.737222982776373, 27.309340816573204 ], [ 76.737222982776373, 27.309140144771803 ] ] ] } },
{ "type": "Feature", "properties": { "polygon_id": "indiasat_1773", "source": "indiasat", "raw_class": "barren_land", "core_class": "barren", "lon": 76.743183295261773, "lat": 27.305872672518184, "block": "76_27" }, "geometry": { "type": "Polygon", "coordinates": [ [ [ 76.742096756557942, 27.306063349714016 ], [ 76.742292961114543, 27.306125761718331 ], [ 76.742350906566756, 27.306063378043767 ], [ 76.742435623122034, 27.305465782989138 ], [ 76.74253821637906, 27.305211672996151 ], [ 76.742738823381032, 27.304881686582544 ], [ 76.743024234283027, 27.304819229992962 ], [ 76.74400973790388, 27.304788089689755 ], [ 76.744210342554155, 27.305028804761733 ], [ 76.743813536030615, 27.305884956325517 ], [ 76.743755503191551, 27.306674263725895 ], [ 76.743577177531833, 27.306955162921181 ], [ 76.74356828325773, 27.307459082900028 ], [ 76.743416640190389, 27.307485799460942 ], [ 76.743296259065119, 27.307088903094044 ], [ 76.742801259823239, 27.306683137949673 ], [ 76.742333117844154, 27.306598482111188 ], [ 76.742110142156832, 27.306424534601344 ], [ 76.742096756557942, 27.306063349714016 ] ] ] } },
{ "type": "Feature", "properties": { "polygon_id": "indiasat_1774", "source": "indiasat", "raw_class": "barren_land", "core_class": "barren", "lon": 76.741715261985291, "lat": 27.301868139564512, "block": "76_27" }, "geometry": { "type": "Polygon", "coordinates": [ [ [ 76.740750087565743, 27.301657779738065 ], [ 76.740924014042363, 27.30053851883833 ], [ 76.741146991836175, 27.30035572961178 ], [ 76.741445703963109, 27.300377990994484 ], [ 76.741641909537137, 27.300569702147438 ], [ 76.742110142156832, 27.301501719274956 ], [ 76.742221630049997, 27.301510577176291 ], [ 76.74277008563736, 27.301474961869022 ], [ 76.743095564891519, 27.301546264591927 ], [ 76.743166895459481, 27.301925256907907 ], [ 76.742993060152514, 27.302371189288426 ], [ 76.742556005072601, 27.302620911862395 ], [ 76.741655295184515, 27.302986560761003 ], [ 76.741401143767575, 27.303151566230675 ], [ 76.741142500581219, 27.30308025245953 ], [ 76.740785753521095, 27.302638731778472 ], [ 76.740750087565743, 27.301657779738065 ] ] ] } },
{ "type": "Feature", "properties": { "polygon_id": "indiasat_1793", "source": "indiasat", "raw_class": "barren_land", "core_class": "barren", "lon": 77.121411525179397, "lat": 26.997706474111439, "block": "77_26" }, "geometry": { "type": "Polygon", "coordinates": [ [ [ 77.120014444597672, 26.997854752038052 ], [ 77.120027876766969, 26.99760504256643 ], [ 77.120094774215175, 26.99729736320203 ], [ 77.120299855923037, 26.996971844488844 ], [ 77.120620909928419, 26.996842529800318 ], [ 77.121378987268599, 26.996838075342275 ], [ 77.121940848092095, 26.99693168348675 ], [ 77.122190524148593, 26.996922829115874 ], [ 77.12264984245239, 26.996918359090706 ], [ 77.12306895130753, 26.996989673755316 ], [ 77.123225041326933, 26.997101170849707 ], [ 77.12327411570601, 26.997337515111429 ], [ 77.123211697306246, 26.997444514204595 ], [ 77.122881695689287, 26.99739096915571 ], [ 77.122645365160921, 26.997587156280908 ], [ 77.122645365160921, 26.997707603489264 ], [ 77.122890650254362, 26.997814642251008 ], [ 77.122721127933161, 26.9979795930122 ], [ 77.122520527672549, 26.997885951233126 ], [ 77.122083507646693, 26.998184730548452 ], [ 77.121766934891085, 26.998733156524011 ], [ 77.121414630392991, 26.998893729962848 ], [ 77.121138176423372, 26.99886692701935 ], [ 77.12066103064457, 26.998679674022188 ], [ 77.120424695728886, 26.998554840971504 ], [ 77.120268689847109, 26.998305079027901 ], [ 77.120076952457708, 26.998019716537438 ], [ 77.120014444597672, 26.997854752038052 ] ] ] } },
{ "type": "Feature", "properties": { "polygon_id": "indiasat_1794", "source": "indiasat", "raw_class": "barren_land", "core_class": "barren", "lon": 77.123748761886077, "lat": 26.995273297017807, "block": "77_26" }, "geometry": { "type": "Polygon", "coordinates": [ [ [ 77.122377780848936, 26.995500329323292 ], [ 77.122493751682327, 26.9951748561286 ], [ 77.122863874347004, 26.994398939620201 ], [ 77.123871610019336, 26.994002108545285 ], [ 77.124366564111597, 26.994140345020227 ], [ 77.124999782810889, 26.994595177741598 ], [ 77.125111273902505, 26.995161405721998 ], [ 77.124638533402276, 26.996026496043054 ], [ 77.124098983650612, 26.996512585945368 ], [ 77.123728952597517, 26.996508110303793 ], [ 77.123363309874733, 26.996423387679105 ], [ 77.123051129993158, 26.996365402979851 ], [ 77.122511573079763, 26.995919489307003 ], [ 77.122377780848936, 26.995500329323292 ] ] ] } },
{ "type": "Feature", "properties": { "polygon_id": "indiasat_1798", "source": "indiasat", "raw_class": "barren_land", "core_class": "barren", "lon": 77.102221427739565, "lat": 26.917685961608814, "block": "77_26" }, "geometry": { "type": "Polygon", "coordinates": [ [ [ 77.101237169007504, 26.918081433982103 ], [ 77.101406633935497, 26.917956579158712 ], [ 77.101625181875093, 26.917747023388543 ], [ 77.101687611526785, 26.917617657737757 ], [ 77.101687611526785, 26.917318962353381 ], [ 77.101741085000043, 26.917109328054366 ], [ 77.101950676199877, 26.917064708128443 ], [ 77.101727738585296, 26.916605500846771 ], [ 77.101540449595447, 26.916431602337507 ], [ 77.101540449595447, 26.916065910457299 ], [ 77.101625181875093, 26.915976736721262 ], [ 77.101714304363711, 26.915994595888794 ], [ 77.101897202820055, 26.916074789719136 ], [ 77.102039886251731, 26.916262130226567 ], [ 77.102574969559512, 26.916922046451248 ], [ 77.103025319249113, 26.917381352959829 ], [ 77.103092226194562, 26.917555244882138 ], [ 77.103043143543999, 26.918045710493075 ], [ 77.10311891871882, 26.91823304387874 ], [ 77.103310683257817, 26.918366839517482 ], [ 77.102628442637084, 26.918656670245078 ], [ 77.102030930127469, 26.918826076942594 ], [ 77.101553796031027, 26.918999988383469 ], [ 77.101518146995829, 26.918821660739912 ], [ 77.101571620544675, 26.918670019333316 ], [ 77.101732216658846, 26.918540725807137 ], [ 77.101611747642011, 26.918326664766607 ], [ 77.101455717255931, 26.918224151091323 ], [ 77.10126394975039, 26.918232991914735 ], [ 77.101237169007504, 26.918081433982103 ] ] ] } },
{ "type": "Feature", "properties": { "polygon_id": "indiasat_1799", "source": "indiasat", "raw_class": "barren_land", "core_class": "barren", "lon": 77.147395893564834, "lat": 26.99549551141757, "block": "77_26" }, "geometry": { "type": "Polygon", "coordinates": [ [ [ 77.146233973636527, 26.995067774510222 ], [ 77.146323150659043, 26.99480023398074 ], [ 77.146483686686011, 26.994653116779933 ], [ 77.146947475721561, 26.994483683905216 ], [ 77.147915072171344, 26.994760145458681 ], [ 77.148405625826086, 26.995081183422108 ], [ 77.148628564196954, 26.995420061639603 ], [ 77.148579500236949, 26.996093358187583 ], [ 77.148472507381129, 26.996151347075624 ], [ 77.148004247936626, 26.996325311930057 ], [ 77.14757170974363, 26.99642332582162 ], [ 77.147330951705214, 26.996432258655215 ], [ 77.14711687588472, 26.996427857373927 ], [ 77.146800281705637, 26.996329719434502 ], [ 77.146559522109655, 26.996102327588069 ], [ 77.146287514967099, 26.995544922530083 ], [ 77.146233973636527, 26.995067774510222 ] ] ] } },
{ "type": "Feature", "properties": { "polygon_id": "indiasat_1800", "source": "indiasat", "raw_class": "barren_land", "core_class": "barren", "lon": 77.142177377433782, "lat": 26.998688798839794, "block": "77_26" }, "geometry": { "type": "Polygon", "coordinates": [ [ [ 77.141257684789636, 26.998202545690216 ], [ 77.141534092209227, 26.99799298485128 ], [ 77.142381304610794, 26.997729877229467 ], [ 77.142617683872828, 26.997814619015529 ], [ 77.142746976898977, 26.99803313608701 ], [ 77.142853974891366, 26.998733173449949 ], [ 77.142938765685102, 26.999085418553026 ], [ 77.142965449317884, 26.999344054532646 ], [ 77.142729158520112, 26.999651741621516 ], [ 77.142492779478928, 26.999674039230374 ], [ 77.141997812713797, 26.999464470377799 ], [ 77.141556387349496, 26.999223663823997 ], [ 77.141257684789636, 26.998202545690216 ] ] ] } },
{ "type": "Feature", "properties": { "polygon_id": "indiasat_1801", "source": "indiasat", "raw_class": "barren_land", "core_class": "barren", "lon": 77.195306691903639, "lat": 26.928090555379658, "block": "77_26" }, "geometry": { "type": "Polygon", "coordinates": [ [ [ 77.19253287494972, 26.929046393871111 ], [ 77.192697823261241, 26.928841264622154 ], [ 77.193273034833013, 26.928511259120988 ], [ 77.194361068491546, 26.927699662486095 ], [ 77.195074545024198, 26.927449960033375 ], [ 77.195377762476511, 26.927316222588964 ], [ 77.195894967538749, 26.927218100121639 ], [ 77.196733282400359, 26.927227043103059 ], [ 77.198039831007662, 26.927467873640008 ], [ 77.198142392533342, 26.927601590705383 ], [ 77.1983742742526, 26.927744258828223 ], [ 77.198249428419288, 26.927873621547683 ], [ 77.197785664038307, 26.927949375524353 ], [ 77.196938407624657, 26.928056419575316 ], [ 77.196318644100586, 26.928172414309515 ], [ 77.195649745063719, 26.928422063519626 ], [ 77.195194919638041, 26.928609336993802 ], [ 77.194057848438533, 26.928899174781915 ], [ 77.193620827663224, 26.929046316364818 ], [ 77.193268560196117, 26.929233635736029 ], [ 77.193063516359089, 26.929345123266483 ], [ 77.19287172064756, 26.929398587482549 ], [ 77.192684487023314, 26.929394202407661 ], [ 77.19253287494972, 26.929046393871111 ] ] ] } },
{ "type": "Feature", "properties": { "polygon_id": "indiasat_1804", "source": "indiasat", "raw_class": "barren_land", "core_class": "barren", "lon": 77.185722985923391, "lat": 26.999390363575255, "block": "77_26" }, "geometry": { "type": "Polygon", "coordinates": [ [ [ 77.185041523142587, 26.99929502669498 ], [ 77.185090572065121, 26.998831262047542 ], [ 77.185184282651434, 26.998715357213602 ], [ 77.185527624270449, 26.998697524749229 ], [ 77.185741630976878, 26.998724274964104 ], [ 77.186200967561476, 26.998751002610643 ], [ 77.186406023262137, 26.999072052186115 ], [ 77.186365924678469, 26.999335156817146 ], [ 77.186303451584536, 26.999446611193825 ], [ 77.186361449780975, 26.999946083681735 ], [ 77.186151831354636, 27.000084331788063 ], [ 77.185879826984461, 27.000128850001261 ], [ 77.185621246768008, 27.000173455414597 ], [ 77.18551867441208, 27.000133305367516 ], [ 77.185050473036938, 26.999611623733969 ], [ 77.185041523142573, 26.999388664452699 ], [ 77.185041523142587, 26.99929502669498 ] ] ] } },
{ "type": "Feature", "properties": { "polygon_id": "indiasat_1806", "source": "indiasat", "raw_class": "barren_land", "core_class": "barren", "lon": 76.424133667101174, "lat": 28.064886030301391, "block": "76_28" }, "geometry": { "type": "Polygon", "coordinates": [ [ [ 76.42319072346379, 28.060989110773672 ], [ 76.423333476195225, 28.060824210029942 ], [ 76.423587641000964, 28.060855382505252 ], [ 76.423703555526274, 28.061082827008129 ], [ 76.423997887911597, 28.061773994646025 ], [ 76.424149467949093, 28.06184533534611 ], [ 76.424608797649228, 28.061711554915274 ], [ 76.42483621071942, 28.063022548233185 ], [ 76.424341216003711, 28.063178590768576 ], [ 76.424497298006585, 28.063602232302923 ], [ 76.424648877465884, 28.063856373006644 ], [ 76.424336713635483, 28.064253219276615 ], [ 76.424015720866279, 28.064418204462179 ], [ 76.423922053686027, 28.064560869700902 ], [ 76.423939886651041, 28.064810623193665 ], [ 76.424729125343887, 28.065546313537961 ], [ 76.424969956964034, 28.066625465849107 ], [ 76.425398032309573, 28.067570804645449 ], [ 76.425317784841624, 28.068435839094342 ], [ 76.425103703072011, 28.068770246690526 ], [ 76.424711292486364, 28.068823836597428 ], [ 76.4245641271783, 28.068734632932461 ], [ 76.424483879199173, 28.068409082136863 ], [ 76.424385798268986, 28.068039000088703 ], [ 76.423801636967539, 28.066928675657948 ], [ 76.423444976828961, 28.066625422497417 ], [ 76.423311140744119, 28.066108195149717 ], [ 76.423493973514468, 28.064832924645927 ], [ 76.423431557913702, 28.064543052934653 ], [ 76.423279977045098, 28.063611143603968 ], [ 76.423199639996412, 28.061617856179559 ], [ 76.42319072346379, 28.060989110773672 ] ] ] } },
{ "type": "Feature", "properties": { "polygon_id": "indiasat_1807", "source": "indiasat", "raw_class": "barren_land", "core_class": "barren", "lon": 76.435690516366193, "lat": 28.094987622523952, "block": "76_28" }, "geometry": { "type": "Polygon", "coordinates": [ [ [ 76.434860267419992, 28.094717771762891 ], [ 76.434989589690147, 28.09405340791643 ], [ 76.435185735578628, 28.093857188639721 ], [ 76.435364138041606, 28.093897315313367 ], [ 76.435640612827342, 28.094080127708189 ], [ 76.436255970157205, 28.0950923759228 ], [ 76.436510109858915, 28.095565019628104 ], [ 76.43664384416833, 28.095895016374357 ], [ 76.436550274302846, 28.096131292760525 ], [ 76.436255970157205, 28.096109063671921 ], [ 76.434976171958851, 28.094994224386987 ], [ 76.434860267419992, 28.094717771762891 ] ] ] } },
{ "type": "Feature", "properties": { "polygon_id": "indiasat_1808", "source": "indiasat", "raw_class": "barren_land", "core_class": "barren", "lon": 76.43701899074297, "lat": 28.060783827212809, "block": "76_28" }, "geometry": { "type": "Polygon", "coordinates": [ [ [ 76.434958340498028, 28.056739596615326 ], [ 76.435216984716405, 28.056717321279443 ], [ 76.435555869660149, 28.057359438634602 ], [ 76.43611773348816, 28.057145383807324 ], [ 76.436933733779185, 28.058960269292843 ], [ 76.436880240190476, 28.059557831419177 ], [ 76.437794306671364, 28.061145223764459 ], [ 76.438770863342796, 28.06270145858733 ], [ 76.439105325483879, 28.063401539896184 ], [ 76.438971505421435, 28.063918783161579 ], [ 76.438637131209916, 28.064155088350816 ], [ 76.438284836863431, 28.064123926871339 ], [ 76.437607080247901, 28.063481792381172 ], [ 76.437116547511948, 28.062540964594358 ], [ 76.436514523534669, 28.061938905370553 ], [ 76.436385202773067, 28.060931146822615 ], [ 76.435903669392275, 28.060668140275496 ], [ 76.435716351986542, 28.059232272563069 ], [ 76.436024074972224, 28.058808646001722 ], [ 76.43556478535011, 28.058545588413331 ], [ 76.435422045963406, 28.058429595050757 ], [ 76.435310643810567, 28.057836541214659 ], [ 76.434958340498028, 28.056739596615326 ] ] ] } },
{ "type": "Feature", "properties": { "polygon_id": "indiasat_1809", "source": "indiasat", "raw_class": "barren_land", "core_class": "barren", "lon": 77.67819487364828, "lat": 15.083313724855914, "block": "77_15" }, "geometry": { "type": "Polygon", "coordinates": [ [ [ 77.676804592971664, 15.083431058110405 ], [ 77.677678553016818, 15.082236009866634 ], [ 77.679114373371149, 15.082574904002133 ], [ 77.679270500467567, 15.083760969805002 ], [ 77.678623886491195, 15.084554754737136 ], [ 77.676804592971664, 15.083431058110405 ] ] ] } },
{ "type": "Feature", "properties": { "polygon_id": "indiasat_1810", "source": "indiasat", "raw_class": "barren_land", "core_class": "barren", "lon": 73.966320104740717, "lat": 20.986908187756775, "block": "73_20" }, "geometry": { "type": "Polygon", "coordinates": [ [ [ 73.965633028493002, 20.986834912930206 ], [ 73.965704325868472, 20.986478158610044 ], [ 73.96607892812365, 20.98625525947611 ], [ 73.966596213450075, 20.986286412972031 ], [ 73.967042110852276, 20.986915186669012 ], [ 73.966721050477602, 20.98762418537595 ], [ 73.965847099904607, 20.987383355838329 ], [ 73.965633028493002, 20.986834912930206 ] ] ] } },
{ "type": "Feature", "properties": { "polygon_id": "indiasat_1815", "source": "indiasat", "raw_class": "barren_land", "core_class": "barren", "lon": 77.135314091405903, "lat": 26.918185167485415, "block": "77_26" }, "geometry": { "type": "Polygon", "coordinates": [ [ [ 77.134751787435363, 26.918103723603299 ], [ 77.13501934404465, 26.917956607621104 ], [ 77.135273557380557, 26.917934317391214 ], [ 77.135594571168667, 26.917938752920222 ], [ 77.135750644828818, 26.918072488819849 ], [ 77.135795237265668, 26.918259770338413 ], [ 77.13553215920362, 26.918456028398506 ], [ 77.135086233103337, 26.918455965776154 ], [ 77.134934635406111, 26.918259790413028 ], [ 77.134751787435363, 26.918103723603299 ] ] ] } },
{ "type": "Feature", "properties": { "polygon_id": "indiasat_1817", "source": "indiasat", "raw_class": "barren_land", "core_class": "barren", "lon": 77.26217063408987, "lat": 27.502084143027879, "block": "77_27" }, "geometry": { "type": "Polygon", "coordinates": [ [ [ 77.261622127099628, 27.50197840882084 ], [ 77.262424812952844, 27.501545864658791 ], [ 77.262732504820477, 27.502143388900368 ], [ 77.261920876997337, 27.502647312553751 ], [ 77.261622127099628, 27.50197840882084 ] ] ] } },
{ "type": "Feature", "properties": { "polygon_id": "indiasat_1818", "source": "indiasat", "raw_class": "barren_land", "core_class": "barren", "lon": 72.905297196365694, "lat": 26.720437221661403, "block": "72_26" }, "geometry": { "type": "Polygon", "coordinates": [ [ [ 72.904612196858409, 26.720489761011294 ], [ 72.905142872121701, 26.719785186361513 ], [ 72.905544212535432, 26.720066133823661 ], [ 72.906021259676578, 26.720668070931669 ], [ 72.905892016316614, 26.720899955636852 ], [ 72.905535289861177, 26.720842039058123 ], [ 72.905120520334023, 26.720810765447158 ], [ 72.904728192044246, 26.720730497061492 ], [ 72.904612196858409, 26.720489761011294 ] ] ] } },
{ "type": "Feature", "properties": { "polygon_id": "indiasat_1822", "source": "indiasat", "raw_class": "barren_land", "core_class": "barren", "lon": 76.713820067855991, "lat": 27.371282044882431, "block": "76_27" }, "geometry": { "type": "Polygon", "coordinates": [ [ [ 76.713255318582981, 27.371621064522614 ], [ 76.713446987807473, 27.370885281276788 ], [ 76.714307645975083, 27.370961129821378 ], [ 76.714316542318841, 27.371616569235684 ], [ 76.713255318582981, 27.371621064522614 ] ] ] } },
{ "type": "Feature", "properties": { "polygon_id": "indiasat_1823", "source": "indiasat", "raw_class": "barren_land", "core_class": "barren", "lon": 73.077940306260601, "lat": 25.135569948874423, "block": "73_25" }, "geometry": { "type": "Polygon", "coordinates": [ [ [ 73.076778144281377, 25.135760886593857 ], [ 73.078316495595402, 25.134280481823588 ], [ 73.079047796528073, 25.135488922225889 ], [ 73.077629773089456, 25.13679985551174 ], [ 73.076778144281377, 25.135760886593857 ] ] ] } },
{ "type": "Feature", "properties": { "polygon_id": "indiasat_1825", "source": "indiasat", "raw_class": "barren_land", "core_class": "barren", "lon": 79.51020990007558, "lat": 27.798153281348, "block": "79_27" }, "geometry": { "type": "Polygon", "coordinates": [ [ [ 79.509142827338877, 27.797875438313948 ], [ 79.510288857940466, 27.797398272184321 ], [ 79.511122676681268, 27.798517546810668 ], [ 79.510855176035506, 27.798874293092894 ], [ 79.509963358570843, 27.798620148854756 ], [ 79.509142827338877, 27.797875438313948 ] ] ] } },
{ "type": "Feature", "properties": { "polygon_id": "indiasat_1826", "source": "indiasat", "raw_class": "barren_land", "core_class": "barren", "lon": 69.309116443647213, "lat": 24.09334975953881, "block": "69_24" }, "geometry": { "type": "Polygon", "coordinates": [ [ [ 69.307624813407045, 24.093151690011002 ], [ 69.309346019524952, 24.091475094194028 ], [ 69.310509857914028, 24.093909789866341 ], [ 69.309033916397112, 24.095069154330996 ], [ 69.307624813407045, 24.093151690011002 ] ] ] } },
{ "type": "Feature", "properties": { "polygon_id": "indiasat_1827", "source": "indiasat", "raw_class": "barren_land", "core_class": "barren", "lon": 76.970619483673204, "lat": 26.476185962887122, "block": "76_26" }, "geometry": { "type": "Polygon", "coordinates": [ [ [ 76.969827547614543, 26.476469935902347 ], [ 76.970286830509849, 26.475506757375481 ], [ 76.971111689455739, 26.475836737830111 ], [ 76.971406067112326, 26.476358454059429 ], [ 76.970928944652627, 26.4767686137914 ], [ 76.970924461731954, 26.476764221638007 ], [ 76.969827547614543, 26.476469935902347 ] ] ] } },
{ "type": "Feature", "properties": { "polygon_id": "indiasat_1828", "source": "indiasat", "raw_class": "barren_land", "core_class": "barren", "lon": 76.975081367692297, "lat": 26.481907529312821, "block": "76_26" }, "geometry": { "type": "Polygon", "coordinates": [ [ [ 76.974166185647917, 26.481798532880575 ], [ 76.975387962689666, 26.481192092624649 ], [ 76.975914202019212, 26.481981318977844 ], [ 76.974951024983525, 26.48265468953679 ], [ 76.974166185647917, 26.481798532880575 ] ] ] } },
{ "type": "Feature", "properties": { "polygon_id": "indiasat_1830", "source": "indiasat", "raw_class": "barren_land", "core_class": "barren", "lon": 88.048669128888235, "lat": 26.601184755028626, "block": "88_26" }, "geometry": { "type": "Polygon", "coordinates": [ [ [ 88.048035993387799, 26.600892160126037 ], [ 88.048142983802293, 26.600669207161921 ], [ 88.048691510792082, 26.600829776981662 ], [ 88.049061568686625, 26.601088379291028 ], [ 88.049190939002997, 26.601445156035751 ], [ 88.049079400027196, 26.601672544288729 ], [ 88.048816331068807, 26.601743880154629 ], [ 88.048343683394179, 26.601182023436817 ], [ 88.048035993387799, 26.600892160126037 ] ] ] } },
{ "type": "Feature", "properties": { "polygon_id": "indiasat_1831", "source": "indiasat", "raw_class": "barren_land", "core_class": "barren", "lon": 74.994704141471587, "lat": 15.401696490982001, "block": "74_15" }, "geometry": { "type": "Polygon", "coordinates": [ [ [ 74.993531657788765, 15.401793032877015 ], [ 74.993964168712552, 15.40114195382001 ], [ 74.994552795405056, 15.40074956601751 ], [ 74.995145788709891, 15.400780778174855 ], [ 74.995515884614662, 15.401195459955131 ], [ 74.996233873598399, 15.401119698166035 ], [ 74.996380983824025, 15.401525430537406 ], [ 74.993647564767215, 15.402943433898761 ], [ 74.993531657788765, 15.401793032877015 ] ] ] } },
{ "type": "Feature", "properties": { "polygon_id": "indiasat_1832", "source": "indiasat", "raw_class": "barren_land", "core_class": "barren", "lon": 74.995143464363579, "lat": 15.403517923948508, "block": "74_15" }, "geometry": { "type": "Polygon", "coordinates": [ [ [ 74.993919589202761, 15.403616776149729 ], [ 74.996229415710673, 15.402412807694391 ], [ 74.996291826127532, 15.402827522965815 ], [ 74.995845858590101, 15.403665812175731 ], [ 74.995043256569744, 15.404397134766365 ], [ 74.994146944573956, 15.404223189350283 ], [ 74.993919589202761, 15.403616776149729 ] ] ] } },
{ "type": "Feature", "properties": { "polygon_id": "indiasat_1833", "source": "indiasat", "raw_class": "barren_land", "core_class": "barren", "lon": 73.097431573620341, "lat": 25.157006444721834, "block": "73_25" }, "geometry": { "type": "Polygon", "coordinates": [ [ [ 73.096808420047267, 25.157097722441346 ], [ 73.097570911088653, 25.156486776798562 ], [ 73.098123843838295, 25.156937125577731 ], [ 73.097133877144742, 25.157530245622468 ], [ 73.096808420047267, 25.157097722441346 ] ] ] } },
{ "type": "Feature", "properties": { "polygon_id": "indiasat_1835", "source": "indiasat", "raw_class": "barren_land", "core_class": "barren", "lon": 75.480788497470613, "lat": 21.604067130082509, "block": "75_21" }, "geometry": { "type": "Polygon", "coordinates": [ [ [ 75.479301658214084, 21.604777165435213 ], [ 75.480501100754509, 21.601736016775732 ], [ 75.482498846736476, 21.603167379124375 ], [ 75.480625977324664, 21.606663321432787 ], [ 75.479301658214084, 21.604777165435213 ] ] ] } },
{ "type": "Feature", "properties": { "polygon_id": "indiasat_1836", "source": "indiasat", "raw_class": "barren_land", "core_class": "barren", "lon": 75.381275163733875, "lat": 22.346260713984652, "block": "75_22" }, "geometry": { "type": "Polygon", "coordinates": [ [ [ 75.380715409794504, 22.345821811420468 ], [ 75.381941606696358, 22.345946623193232 ], [ 75.381611645349579, 22.346669007901273 ], [ 75.380898179308261, 22.346758199712216 ], [ 75.380715409794504, 22.345821811420468 ] ] ] } },
{ "type": "Feature", "properties": { "polygon_id": "indiasat_1837", "source": "indiasat", "raw_class": "barren_land", "core_class": "barren", "lon": 76.282887976318634, "lat": 10.567196903106165, "block": "76_10" }, "geometry": { "type": "Polygon", "coordinates": [ [ [ 76.281435920931386, 10.566285877394922 ], [ 76.28220294459237, 10.566290280847163 ], [ 76.282550706489062, 10.56628143327695 ], [ 76.283714531262063, 10.566522152033697 ], [ 76.284240719189739, 10.567730594997812 ], [ 76.284271915687981, 10.568270154961738 ], [ 76.283745727883328, 10.568221088747467 ], [ 76.2823812886719, 10.567904529479602 ], [ 76.281476044181801, 10.567034948478723 ], [ 76.281435920931386, 10.566285877394922 ] ] ] } },
{ "type": "Feature", "properties": { "polygon_id": "indiasat_1839", "source": "indiasat", "raw_class": "barren_land", "core_class": "barren", "lon": 75.166186823655423, "lat": 12.300126834215776, "block": "75_12" }, "geometry": { "type": "Polygon", "coordinates": [ [ [ 75.164199249329641, 12.301335492742325 ], [ 75.164431171110479, 12.300693327203481 ], [ 75.164841397508042, 12.300176103258552 ], [ 75.164395456603557, 12.299560757427752 ], [ 75.164328569811872, 12.299083630890205 ], [ 75.166237103309399, 12.298017863942775 ], [ 75.166611610987317, 12.29817843653689 ], [ 75.167053092494186, 12.298044643944587 ], [ 75.167605989108495, 12.299239634250194 ], [ 75.167565911294361, 12.30031881207176 ], [ 75.168078639358143, 12.300653213908355 ], [ 75.168114353027505, 12.301571823981428 ], [ 75.16728492099908, 12.302138048180192 ], [ 75.166460026774374, 12.301420180416521 ], [ 75.165844693117307, 12.301518285767528 ], [ 75.165487907148446, 12.301937465482041 ], [ 75.164199249329641, 12.301335492742325 ] ] ] } },
{ "type": "Feature", "properties": { "polygon_id": "indiasat_1840", "source": "indiasat", "raw_class": "barren_land", "core_class": "barren", "lon": 75.126608380032465, "lat": 12.327531694569503, "block": "75_12" }, "geometry": { "type": "Polygon", "coordinates": [ [ [ 75.125012654944641, 12.328790137504008 ], [ 75.125088467010286, 12.327042172000144 ], [ 75.127500893070547, 12.326600706406884 ], [ 75.128285636282683, 12.327010962193262 ], [ 75.128018116699437, 12.328272869856512 ], [ 75.12633254583092, 12.328072197014555 ], [ 75.12552997580292, 12.328379904439599 ], [ 75.125012654944641, 12.328790137504008 ] ] ] } },
{ "type": "Feature", "properties": { "polygon_id": "indiasat_1842", "source": "indiasat", "raw_class": "barren_land", "core_class": "barren", "lon": 76.854252243110935, "lat": 8.6264852076306084, "block": "76_8" }, "geometry": { "type": "Polygon", "coordinates": [ [ [ 76.853529720584859, 8.626813268892455 ], [ 76.853605475182306, 8.626581344980933 ], [ 76.853859661872548, 8.626362821023013 ], [ 76.8545017690886, 8.626019497896214 ], [ 76.854755953937726, 8.626099755831873 ], [ 76.854804960786979, 8.626737415103506 ], [ 76.854475022019784, 8.626728531139062 ], [ 76.854318938680436, 8.626688340837397 ], [ 76.854171829512964, 8.626840021564885 ], [ 76.853529720584859, 8.626813268892455 ] ] ] } },
{ "type": "Feature", "properties": { "polygon_id": "indiasat_1843", "source": "indiasat", "raw_class": "barren_land", "core_class": "barren", "lon": 76.854986275549493, "lat": 8.6274541161870406, "block": "76_8" }, "geometry": { "type": "Polygon", "coordinates": [ [ [ 76.854443787770904, 8.627361693188051 ], [ 76.854662339363827, 8.627103045560053 ], [ 76.854916435899611, 8.626880085738712 ], [ 76.854970017824101, 8.626768645704571 ], [ 76.855340075604943, 8.626724034620032 ], [ 76.855451550235458, 8.627178864842517 ], [ 76.855366822486772, 8.627754064624948 ], [ 76.855255347779917, 8.628092967664019 ], [ 76.854796074447705, 8.62813309269789 ], [ 76.854631105162241, 8.627919078250752 ], [ 76.854506256260791, 8.627771922071499 ], [ 76.854443787770904, 8.627540047040709 ], [ 76.854443787770904, 8.627361693188051 ] ] ] } },
{ "type": "Feature", "properties": { "polygon_id": "indiasat_1847", "source": "indiasat", "raw_class": "barren_land", "core_class": "barren", "lon": 75.824024003333136, "lat": 11.649927307886616, "block": "75_11" }, "geometry": { "type": "Polygon", "coordinates": [ [ [ 75.823098316500207, 11.649397069619299 ], [ 75.823142918367623, 11.649165147948869 ], [ 75.823330192855181, 11.64896897681464 ], [ 75.823793944431785, 11.649084871254454 ], [ 75.82418631432742, 11.649223112948404 ], [ 75.824511825345226, 11.649793884227508 ], [ 75.824770477943972, 11.650239797046886 ], [ 75.825122766106048, 11.65067235200717 ], [ 75.825015740824114, 11.650948838386615 ], [ 75.824641196038755, 11.650810551703492 ], [ 75.824034775438335, 11.650658987240725 ], [ 75.823842979643999, 11.650395859197632 ], [ 75.823682484582775, 11.650239812559075 ], [ 75.823330192855181, 11.650048101636724 ], [ 75.82317413079933, 11.649727058802217 ], [ 75.823098316500207, 11.649397069619299 ] ] ] } },
{ "type": "Feature", "properties": { "polygon_id": "indiasat_1848", "source": "indiasat", "raw_class": "barren_land", "core_class": "barren", "lon": 73.02846304655624, "lat": 18.954124876837021, "block": "73_18" }, "geometry": { "type": "Polygon", "coordinates": [ [ [ 73.027603158487594, 18.954715524916736 ], [ 73.027629912698174, 18.953895050040853 ], [ 73.028557390101597, 18.953293070409888 ], [ 73.029302089811438, 18.95358290868073 ], [ 73.029079139560992, 18.954082329278396 ], [ 73.029239663762795, 18.954425661310221 ], [ 73.029270831748761, 18.954769061054705 ], [ 73.027603158487594, 18.954715524916736 ] ] ] } },
{ "type": "Feature", "properties": { "polygon_id": "indiasat_1850", "source": "indiasat", "raw_class": "barren_land", "core_class": "barren", "lon": 76.671575438363888, "lat": 9.5517602538022572, "block": "76_9" }, "geometry": { "type": "Polygon", "coordinates": [ [ [ 76.671197058025001, 9.551844841756171 ], [ 76.671397690421387, 9.551443491740065 ], [ 76.672088843244808, 9.551430127454395 ], [ 76.671816841047345, 9.551760094999695 ], [ 76.671807941710654, 9.551938469521636 ], [ 76.671571624442052, 9.552125783462376 ], [ 76.671433375992208, 9.552259483401437 ], [ 76.671197058025001, 9.551844841756171 ] ] ] } },
{ "type": "Feature", "properties": { "polygon_id": "indiasat_1854", "source": "indiasat", "raw_class": "barren_land", "core_class": "barren", "lon": 76.236533133699581, "lat": 10.5890331982225, "block": "76_10" }, "geometry": { "type": "Polygon", "coordinates": [ [ [ 76.236011068430727, 10.588799853293823 ], [ 76.236193894404735, 10.588496649898314 ], [ 76.237054534609285, 10.588839983394818 ], [ 76.237063463667241, 10.589303715155241 ], [ 76.236795856890254, 10.589482073909155 ], [ 76.236510479799179, 10.589499972572318 ], [ 76.236104691627418, 10.589290392744896 ], [ 76.236011068430727, 10.588799853293823 ] ] ] } },
{ "type": "Feature", "properties": { "polygon_id": "indiasat_1855", "source": "indiasat", "raw_class": "barren_land", "core_class": "barren", "lon": 76.035359535869446, "lat": 11.283491312801903, "block": "76_11" }, "geometry": { "type": "Polygon", "coordinates": [ [ [ 76.03417877582244, 11.283683900797431 ], [ 76.034455280705927, 11.283193377628113 ], [ 76.034731696497943, 11.282916883994298 ], [ 76.034366034233429, 11.282800989529894 ], [ 76.036412756539221, 11.282778667680709 ], [ 76.036658092025775, 11.283683830916191 ], [ 76.0355878559307, 11.283625927050869 ], [ 76.035797423827077, 11.284009370133456 ], [ 76.035463018122641, 11.28438838815557 ], [ 76.034847681178647, 11.284446411839971 ], [ 76.034575692521898, 11.284334899543156 ], [ 76.034584546327764, 11.283871114559927 ], [ 76.03417877582244, 11.283683900797431 ] ] ] } },
{ "type": "Feature", "properties": { "polygon_id": "indiasat_1857", "source": "indiasat", "raw_class": "barren_land", "core_class": "barren", "lon": 80.1677420837554, "lat": 13.058905755057479, "block": "80_13" }, "geometry": { "type": "Polygon", "coordinates": [ [ [ 80.167118921757393, 13.058611232282189 ], [ 80.16798846248895, 13.058267887792018 ], [ 80.168126671899685, 13.058183136853017 ], [ 80.168420972895206, 13.058843119557981 ], [ 80.168099932696549, 13.059427235654415 ], [ 80.167167972571576, 13.059494131959875 ], [ 80.167118921757393, 13.058611232282189 ] ] ] } },
{ "type": "Feature", "properties": { "polygon_id": "indiasat_1861", "source": "indiasat", "raw_class": "barren_land", "core_class": "barren", "lon": 87.225320257001712, "lat": 23.687052967405258, "block": "87_23" }, "geometry": { "type": "Polygon", "coordinates": [ [ [ 87.218005563779826, 23.686914225744211 ], [ 87.220529408666792, 23.683516446793206 ], [ 87.22480571015808, 23.683119527550879 ], [ 87.233371580288875, 23.684929978235704 ], [ 87.230816521009032, 23.690432452445965 ], [ 87.223962924517366, 23.690445874151504 ], [ 87.219780299956454, 23.691007724871813 ], [ 87.218005563779826, 23.686914225744211 ] ] ] } },
{ "type": "Feature", "properties": { "polygon_id": "indiasat_1862", "source": "indiasat", "raw_class": "barren_land", "core_class": "barren", "lon": 86.837441508145986, "lat": 23.756601767283783, "block": "86_23" }, "geometry": { "type": "Polygon", "coordinates": [ [ [ 86.833925374171017, 23.758634445878947 ], [ 86.83492861974095, 23.756703591394587 ], [ 86.834527293364417, 23.754478541694684 ], [ 86.837171544215551, 23.752650301765161 ], [ 86.841572693211404, 23.755950043786775 ], [ 86.839472490486003, 23.759129391485089 ], [ 86.835936363223084, 23.760190626308262 ], [ 86.833925374171017, 23.758634445878947 ] ] ] } },
{ "type": "Feature", "properties": { "polygon_id": "indiasat_1864", "source": "indiasat", "raw_class": "barren_land", "core_class": "barren", "lon": 86.875948238955687, "lat": 23.787565681781224, "block": "86_23" }, "geometry": { "type": "Polygon", "coordinates": [ [ [ 86.87295140979036, 23.787047847527539 ], [ 86.877954518029668, 23.784671109217065 ], [ 86.879261015570208, 23.786592989197572 ], [ 86.875234435251031, 23.790780076117866 ], [ 86.873379432651845, 23.789125715756192 ], [ 86.87295140979036, 23.787047847527539 ] ] ] } },
{ "type": "Feature", "properties": { "polygon_id": "indiasat_1865", "source": "indiasat", "raw_class": "barren_land", "core_class": "barren", "lon": 87.820307306799052, "lat": 24.553844398465884, "block": "87_24" }, "geometry": { "type": "Polygon", "coordinates": [ [ [ 87.816836069405028, 24.55522604205499 ], [ 87.820358771872705, 24.549794845370453 ], [ 87.822994112817753, 24.551284219987437 ], [ 87.823462328446965, 24.554766749322539 ], [ 87.818276366270666, 24.557754425822385 ], [ 87.816836069405028, 24.55522604205499 ] ] ] } },
{ "type": "Feature", "properties": { "polygon_id": "indiasat_1866", "source": "indiasat", "raw_class": "barren_land", "core_class": "barren", "lon": 83.978589267540244, "lat": 24.654920218990757, "block": "83_24" }, "geometry": { "type": "Polygon", "coordinates": [ [ [ 83.974731912714319, 24.655689660170271 ], [ 83.975275931827326, 24.655056408511282 ], [ 83.977621423705742, 24.652933912219339 ], [ 83.980345943300804, 24.652733208707701 ], [ 83.982749364534584, 24.654169022716495 ], [ 83.977933546307739, 24.657656101425633 ], [ 83.974731912714319, 24.655689660170271 ] ] ] } },
{ "type": "Feature", "properties": { "polygon_id": "indiasat_1867", "source": "indiasat", "raw_class": "barren_land", "core_class": "barren", "lon": 83.981562500858033, "lat": 24.657062358322598, "block": "83_24" }, "geometry": { "type": "Polygon", "coordinates": [ [ [ 83.978553346327502, 24.657825558596784 ], [ 83.97973504212807, 24.657071953080258 ], [ 83.981500801834187, 24.656933712752917 ], [ 83.982084963803302, 24.656193468898518 ], [ 83.981812985275567, 24.655493458220445 ], [ 83.982843009740961, 24.654552533845173 ], [ 83.983284431928396, 24.657714083600787 ], [ 83.980863190233933, 24.658400749199217 ], [ 83.978553346327502, 24.657825558596784 ] ] ] } },
{ "type": "Feature", "properties": { "polygon_id": "indiasat_1868", "source": "indiasat", "raw_class": "barren_land", "core_class": "barren", "lon": 83.990959302546642, "lat": 24.677821011349195, "block": "83_24" }, "geometry": { "type": "Polygon", "coordinates": [ [ [ 83.988532815820264, 24.6760186872764 ], [ 83.991417877915254, 24.674961811836148 ], [ 83.993495825652872, 24.678921515592545 ], [ 83.990508188423775, 24.681026193952697 ], [ 83.989522770292908, 24.678671803617227 ], [ 83.988532815820264, 24.6760186872764 ] ] ] } },
{ "type": "Feature", "properties": { "polygon_id": "indiasat_1869", "source": "indiasat", "raw_class": "barren_land", "core_class": "barren", "lon": 83.995580867150068, "lat": 24.69120314605922, "block": "83_24" }, "geometry": { "type": "Polygon", "coordinates": [ [ [ 83.992969646020256, 24.689855225287157 ], [ 83.996724155631668, 24.687398280995033 ], [ 83.997312771848001, 24.68965013419928 ], [ 83.996831177185854, 24.693079151130657 ], [ 83.99632730256765, 24.695228438236654 ], [ 83.994615001610867, 24.694572965912929 ], [ 83.99407099394621, 24.690885278231175 ], [ 83.992969646020256, 24.689855225287157 ] ] ] } },
{ "type": "Feature", "properties": { "polygon_id": "indiasat_1870", "source": "indiasat", "raw_class": "barren_land", "core_class": "barren", "lon": 83.991138316116164, "lat": 24.685635289960224, "block": "83_24" }, "geometry": { "type": "Polygon", "coordinates": [ [ [ 83.98907235269192, 24.68335829887069 ], [ 83.989549488508189, 24.682707306515521 ], [ 83.990753491126966, 24.683309315697066 ], [ 83.991917273095467, 24.685124110748315 ], [ 83.993317446505387, 24.687621271536205 ], [ 83.992287357228719, 24.688798405239275 ], [ 83.989576287431333, 24.685021574739849 ], [ 83.98907235269192, 24.68335829887069 ] ] ] } },
{ "type": "Feature", "properties": { "polygon_id": "indiasat_1871", "source": "indiasat", "raw_class": "barren_land", "core_class": "barren", "lon": 85.602275548118271, "lat": 24.782907264771598, "block": "85_24" }, "geometry": { "type": "Polygon", "coordinates": [ [ [ 85.599668465593211, 24.781463054720746 ], [ 85.600595966878402, 24.78139169596901 ], [ 85.60323125387923, 24.782345907395474 ], [ 85.604506596668074, 24.782907803622084 ], [ 85.603891212656762, 24.784637891638788 ], [ 85.600631591395256, 24.783148605226785 ], [ 85.600243722304569, 24.782091791827352 ], [ 85.599668465593211, 24.781463054720746 ] ] ] } },
{ "type": "Feature", "properties": { "polygon_id": "indiasat_1872", "source": "indiasat", "raw_class": "barren_land", "core_class": "barren", "lon": 86.143185559639363, "lat": 26.59444719207147, "block": "86_26" }, "geometry": { "type": "Polygon", "coordinates": [ [ [ 86.142532787440899, 26.593721928249273 ], [ 86.14366093482937, 26.593748690330585 ], [ 86.143830383884492, 26.594261496713216 ], [ 86.14333096574363, 26.595643793803788 ], [ 86.142813758804735, 26.594921438180858 ], [ 86.142541718284633, 26.594154486973736 ], [ 86.142532787440899, 26.593721928249273 ] ] ] } },
{ "type": "Feature", "properties": { "polygon_id": "farmforest_0", "source": "farmforest", "raw_class": "6", "core_class": "greenery", "lon": 73.089436847398446, "lat": 20.143798786731221, "block": "73_20" }, "geometry": { "type": "Polygon", "coordinates": [ [ [ 73.089560981688948, 20.144920991158997 ], [ 73.089469663427465, 20.144784005613673 ], [ 73.089468222507875, 20.144781928441251 ], [ 73.089464710266313, 20.144778240001042 ], [ 73.089461828427034, 20.144773909698845 ], [ 73.089455704518443, 20.144768732833189 ], [ 73.089450211012064, 20.144763002084325 ], [ 73.089445708137902, 20.144760359989647 ], [ 73.089441745608553, 20.144756979201777 ], [ 73.089434270837117, 20.144753605079639 ], [ 73.089427336410367, 20.144749580242976 ], [ 73.089422113075798, 20.144748187008265 ], [ 73.089417340028589, 20.144745958249164 ], [ 73.089409234853861, 20.144744721626015 ], [ 73.089401309793843, 20.144742622920656 ], [ 73.089395906343697, 20.144742619639246 ], [ 73.089390683008403, 20.14474184225455 ], [ 73.089036576623045, 20.14473413098337 ], [ 73.088374471869201, 20.143563861237251 ], [ 73.088147976130642, 20.14300369861958 ], [ 73.08843562117751, 20.142556892132394 ], [ 73.088856010975221, 20.143740964180544 ], [ 73.088856911552355, 20.143743340143182 ], [ 73.088860243687776, 20.143749210323314 ], [ 73.08886267524602, 20.143755343891883 ], [ 73.088866547727619, 20.143760299425331 ], [ 73.088869699747491, 20.143765712008946 ], [ 73.088874562863765, 20.143770413006763 ], [ 73.08887879557598, 20.143775755864034 ], [ 73.088884018922883, 20.143779524509856 ], [ 73.088888611865741, 20.143783847036758 ], [ 73.088894735789424, 20.143787088359009 ], [ 73.088900319366743, 20.143791156349977 ], [ 73.088906443290114, 20.143793341931428 ], [ 73.088912116924845, 20.143796363034124 ], [ 73.088918961309417, 20.143797827629772 ], [ 73.088925625578412, 20.143800242282541 ], [ 73.088932109731843, 20.14380079168377 ], [ 73.088938413769725, 20.14380211518537 ], [ 73.088945528326548, 20.143801758791078 ], [ 73.088952552825489, 20.143802361306385 ], [ 73.088958946920485, 20.143801142285884 ], [ 73.088965431072978, 20.143800811901613 ], [ 73.088972095340623, 20.143798651675318 ], [ 73.088979029781072, 20.143797309811731 ], [ 73.088984793471695, 20.14379444521111 ], [ 73.08899100745046, 20.143792416678171 ], [ 73.088996771140785, 20.14378858431424 ], [ 73.089002985119237, 20.143785500039527 ], [ 73.089007668117375, 20.143781297510273 ], [ 73.089012981519005, 20.143777684818328 ], [ 73.089017394343983, 20.143772487968544 ], [ 73.089022527630092, 20.143767977786872 ], [ 73.089025769705458, 20.14376257787659 ], [ 73.089029822299608, 20.143757785508473 ], [ 73.089032433971369, 20.143751707781938 ], [ 73.089035946219525, 20.143745894536263 ], [ 73.089037477199483, 20.14373997451586 ], [ 73.089039998813504, 20.143734327828721 ], [ 73.089040719274649, 20.143727712287628 ], [ 73.089042340312218, 20.143721273248978 ], [ 73.089162747348269, 20.142563172319512 ], [ 73.089415448821185, 20.142576661355164 ], [ 73.089597545006356, 20.143466426595808 ], [ 73.0895980853509, 20.143468855129278 ], [ 73.089598355523179, 20.143469673492415 ], [ 73.089598445580606, 20.143470562130172 ], [ 73.089603128566637, 20.143481579862655 ], [ 73.089607541380303, 20.143492659018229 ], [ 73.089608081724819, 20.143493327980199 ], [ 73.08960844195451, 20.143494155195388 ], [ 73.08961618689257, 20.143503450388589 ], [ 73.089623751715507, 20.1435129918139 ], [ 73.089624472174833, 20.143513502522691 ], [ 73.089625012519306, 20.143514171484711 ], [ 73.089635279064282, 20.143521163154471 ], [ 73.089645365494007, 20.143528225098795 ], [ 73.08964617601066, 20.14352856870234 ], [ 73.089646986527313, 20.14352908826308 ], [ 73.089658874104529, 20.143533072038103 ], [ 73.08967067162375, 20.143537222917796 ], [ 73.089671572197716, 20.143537311437385 ], [ 73.089672382714269, 20.143537655040841 ], [ 73.089684990749319, 20.143538366442723 ], [ 73.089697598783673, 20.143539253800814 ], [ 73.08969849935751, 20.143539078384379 ], [ 73.089699399931362, 20.143539166903803 ], [ 73.090109610954599, 20.143507960244474 ], [ 73.090112222614096, 20.14350768907083 ], [ 73.090118976905757, 20.143506153478064 ], [ 73.090125821254446, 20.143505418545459 ], [ 73.090131945145203, 20.143502941202563 ], [ 73.090138429264641, 20.143501467032404 ], [ 73.09014437304063, 20.143498092197738 ], [ 73.090150767102529, 20.143495641408698 ], [ 73.090155990420556, 20.143491755866169 ], [ 73.090161754081691, 20.143488539284618 ], [ 73.090166437056254, 20.143483808822584 ], [ 73.09017184048831, 20.143479765024807 ], [ 73.090175712947897, 20.143474602982334 ], [ 73.090180305864976, 20.143470039625356 ], [ 73.090183367809644, 20.143464270045101 ], [ 73.090187330326216, 20.143458940896046 ], [ 73.090189491698879, 20.143452994820482 ], [ 73.090192553643419, 20.143447401197339 ], [ 73.090193814444106, 20.143441014690353 ], [ 73.090196065873883, 20.143434901508616 ], [ 73.090196336045466, 20.143428593591452 ], [ 73.090197596846124, 20.143422471020774 ], [ 73.090196966445788, 20.143415986608893 ], [ 73.090197236617371, 20.14340950273434 ], [ 73.090132125259629, 20.142780389728575 ], [ 73.090479745849635, 20.142791505350885 ], [ 73.090322776306266, 20.144579732152572 ], [ 73.08990950371475, 20.144790289654186 ], [ 73.089560981688948, 20.144920991158997 ] ] ] } },
{ "type": "Feature", "properties": { "polygon_id": "farmforest_10", "source": "farmforest", "raw_class": "6", "core_class": "greenery", "lon": 73.031585128878987, "lat": 20.177453348899071, "block": "73_20" }, "geometry": { "type": "Polygon", "coordinates": [ [ [ 73.032723155851301, 20.179008615477059 ], [ 73.030380985850414, 20.180153410076993 ], [ 73.028985905756713, 20.179742084241056 ], [ 73.02753361554204, 20.177526531718897 ], [ 73.027503978710499, 20.175616410543672 ], [ 73.029054277216844, 20.175260895853988 ], [ 73.029898244222082, 20.175936086693248 ], [ 73.029063285312844, 20.177649001315331 ], [ 73.029062204341344, 20.177651269503553 ], [ 73.029061844017519, 20.177652729268001 ], [ 73.029061033288883, 20.177654056567622 ], [ 73.029058330860082, 20.177664960819527 ], [ 73.029055268107413, 20.17767582946961 ], [ 73.029055358188387, 20.177677333736195 ], [ 73.029054997864534, 20.177678793500611 ], [ 73.029055628431266, 20.177690027068564 ], [ 73.029055898674144, 20.177701225035008 ], [ 73.029056349078942, 20.177702588978001 ], [ 73.029056439159916, 20.177704093244664 ], [ 73.029060492803126, 20.177714697440191 ], [ 73.029064096041481, 20.17772543305934 ], [ 73.029064906770103, 20.177726656678775 ], [ 73.029065447255846, 20.177728029522338 ], [ 73.029072473570437, 20.177737168178933 ], [ 73.029079139560992, 20.177746535122242 ], [ 73.029080310613381, 20.177747530455349 ], [ 73.029081211422891, 20.177748675012598 ], [ 73.02909066992261, 20.177755678987882 ], [ 73.029099858179109, 20.177762832187309 ], [ 73.02910129947422, 20.177763502370777 ], [ 73.029102470526482, 20.177764409741158 ], [ 73.029113640563196, 20.177768592091198 ], [ 73.029124540356548, 20.177773099590482 ], [ 73.02912616181338, 20.177773347760926 ], [ 73.029127603108307, 20.177773842018762 ], [ 73.029139493791249, 20.177774928911813 ], [ 73.029151384473579, 20.177776455617792 ], [ 73.029152915849281, 20.177776255073759 ], [ 73.029154537305914, 20.177776415281166 ], [ 73.032556778873428, 20.177642635634999 ], [ 73.032559391182076, 20.177642453867254 ], [ 73.032563985242021, 20.177641500259796 ], [ 73.032568579301881, 20.177641426291306 ], [ 73.03257713686412, 20.17763892900372 ], [ 73.032585874585223, 20.177637153223468 ], [ 73.032589928167084, 20.177635090658011 ], [ 73.032594432146823, 20.177633776295323 ], [ 73.032601818673427, 20.177629052193524 ], [ 73.032609655597739, 20.177625076294021 ], [ 73.032612988542482, 20.177622062901889 ], [ 73.032616861964698, 20.177619542719032 ], [ 73.032622536978508, 20.177613154161055 ], [ 73.032628932628825, 20.177607276608565 ], [ 73.032631184618339, 20.177603452724792 ], [ 73.03263424732404, 20.177600148745096 ], [ 73.034799119783614, 20.17432241330172 ], [ 73.036435844771233, 20.175901419906204 ], [ 73.035720983802875, 20.177209057533812 ], [ 73.032723155851301, 20.179008615477059 ] ] ] } },
{ "type": "Feature", "properties": { "polygon_id": "farmforest_45", "source": "farmforest", "raw_class": "6", "core_class": "greenery", "lon": 76.102036205815679, "lat": 11.468002891216907, "block": "76_11" }, "geometry": { "type": "Polygon", "coordinates": [ [ [ 76.101295708085871, 11.466327274203671 ], [ 76.102725073505709, 11.46696400334249 ], [ 76.103506740341587, 11.467878092705881 ], [ 76.103527447859207, 11.469207933801995 ], [ 76.102335433087759, 11.4695316427135 ], [ 76.100725709947426, 11.468617796284956 ], [ 76.100506948969468, 11.467242720956905 ], [ 76.101295708085871, 11.466327274203671 ] ] ] } },
{ "type": "Feature", "properties": { "polygon_id": "farmforest_46", "source": "farmforest", "raw_class": "6", "core_class": "greenery", "lon": 76.118834581198456, "lat": 11.479309252982954, "block": "76_11" }, "geometry": { "type": "Polygon", "coordinates": [ [ [ 76.117480327339308, 11.481152156759553 ], [ 76.116315953210332, 11.477816936130285 ], [ 76.118337386714884, 11.477430309455711 ], [ 76.119959201567596, 11.477828178484833 ], [ 76.121394388555842, 11.478648223249476 ], [ 76.121243172586404, 11.47993590204794 ], [ 76.12035073835591, 11.48020406850884 ], [ 76.120348260838512, 11.480204795379937 ], [ 76.120344986976178, 11.480206414775356 ], [ 76.120341359182703, 11.480207424718657 ], [ 76.120333484216005, 11.48021212284049 ], [ 76.120325166834974, 11.480216207245405 ], [ 76.120322423868785, 11.480218698504766 ], [ 76.120319238488619, 11.480220576047447 ], [ 76.120312956210839, 11.480227297367595 ], [ 76.120306231518811, 11.480233574226446 ], [ 76.120304284897372, 11.480236696260601 ], [ 76.120301807379136, 11.480239369568926 ], [ 76.120297648687711, 11.480247547281788 ], [ 76.120292959099373, 11.480255360896795 ], [ 76.120291985788569, 11.4802588683522 ], [ 76.120290393098131, 11.480262176700389 ], [ 76.119907704442014, 11.48141007706716 ], [ 76.117480327339308, 11.481152156759553 ] ] ] } },
{ "type": "Feature", "properties": { "polygon_id": "farmforest_47", "source": "farmforest", "raw_class": "6", "core_class": "greenery", "lon": 76.118499147209391, "lat": 11.453549518609188, "block": "76_11" }, "geometry": { "type": "Polygon", "coordinates": [ [ [ 76.120102278530979, 11.452202949844654 ], [ 76.120954808842598, 11.453353782112085 ], [ 76.120816776273372, 11.454300221373263 ], [ 76.119104010529696, 11.454819644262608 ], [ 76.117054627150722, 11.45492360682376 ], [ 76.116097482636448, 11.45369970065153 ], [ 76.116182959621923, 11.452580451509899 ], [ 76.117386002697799, 11.452421056277885 ], [ 76.118636020118643, 11.452336587692864 ], [ 76.118638232215503, 11.452336355662732 ], [ 76.120102278530979, 11.452202949844654 ] ] ] } },
{ "type": "Feature", "properties": { "polygon_id": "farmforest_49", "source": "farmforest", "raw_class": "6", "core_class": "greenery", "lon": 76.103820661381434, "lat": 11.459513049551619, "block": "76_11" }, "geometry": { "type": "Polygon", "coordinates": [ [ [ 76.103736823694675, 11.458097499950656 ], [ 76.104871482939274, 11.458066955615868 ], [ 76.105853395399038, 11.458227193528437 ], [ 76.105899234326841, 11.460301472780653 ], [ 76.102597464842376, 11.461114022540485 ], [ 76.101245000383088, 11.459728336926394 ], [ 76.102528527796508, 11.458553855413358 ], [ 76.103736823694675, 11.458097499950656 ] ] ] } },
{ "type": "Feature", "properties": { "polygon_id": "farmforest_52", "source": "farmforest", "raw_class": "6", "core_class": "greenery", "lon": 77.077473157739931, "lat": 9.4396840892772218, "block": "77_9" }, "geometry": { "type": "Polygon", "coordinates": [ [ [ 77.076314351801784, 9.438138152728076 ], [ 77.078135982278198, 9.437921932304127 ], [ 77.079017015526063, 9.43936642361817 ], [ 77.07882371921086, 9.441046780274725 ], [ 77.076006440656244, 9.441297961355266 ], [ 77.076314351801784, 9.438138152728076 ] ] ] } },
{ "type": "Feature", "properties": { "polygon_id": "farmforest_53", "source": "farmforest", "raw_class": "6", "core_class": "greenery", "lon": 77.052203552210671, "lat": 9.4067043080933299, "block": "77_9" }, "geometry": { "type": "Polygon", "coordinates": [ [ [ 77.055666928569508, 9.409336255302856 ], [ 77.051948734237101, 9.409863090776856 ], [ 77.04846593597658, 9.40809771939862 ], [ 77.048702324600328, 9.40522219627297 ], [ 77.051435649734373, 9.403711533792704 ], [ 77.054648694583562, 9.403327160331189 ], [ 77.055666928569508, 9.409336255302856 ] ] ] } },
{ "type": "Feature", "properties": { "polygon_id": "farmforest_57", "source": "farmforest", "raw_class": "6", "core_class": "greenery", "lon": 85.879767395940931, "lat": 24.555208007600214, "block": "85_24" }, "geometry": { "type": "Polygon", "coordinates": [ [ [ 85.878656868070323, 24.555992224022326 ], [ 85.878468127182984, 24.555433100313568 ], [ 85.878776528503352, 24.555293234345797 ], [ 85.878778948248353, 24.555292124253903 ], [ 85.878783553569178, 24.555288993081454 ], [ 85.878788705283526, 24.555286690939703 ], [ 85.878794793672569, 24.555281519553283 ], [ 85.878801428454679, 24.555277086736243 ], [ 85.878804940986043, 24.555272930728737 ], [ 85.878809156023351, 24.555269336620366 ], [ 85.878813449116578, 24.555262940343713 ], [ 85.878818522771752, 24.55525692716969 ], [ 85.878820552233677, 24.55525209754256 ], [ 85.878823518370211, 24.555247564808813 ], [ 85.878825625888169, 24.555240294857548 ], [ 85.878828670080622, 24.555233321799562 ], [ 85.878829138417913, 24.55522808781058 ], [ 85.878830621485946, 24.555223062379717 ], [ 85.878830387317308, 24.555215547730299 ], [ 85.878831167879412, 24.555208060716691 ], [ 85.878830075092452, 24.555202874671604 ], [ 85.878829918980045, 24.555197714136568 ], [ 85.878753189666739, 24.554785835383431 ], [ 85.879233468042131, 24.554301649226691 ], [ 85.880655075545931, 24.554372468658812 ], [ 85.881026921040743, 24.554922373849525 ], [ 85.880894855311425, 24.555546761108388 ], [ 85.879899356213102, 24.556153248183474 ], [ 85.878656868070323, 24.555992224022326 ] ] ] } },
{ "type": "Feature", "properties": { "polygon_id": "farmforest_58", "source": "farmforest", "raw_class": "6", "core_class": "greenery", "lon": 85.805791361281052, "lat": 24.55455983320056, "block": "85_24" }, "geometry": { "type": "Polygon", "coordinates": [ [ [ 85.808299654036489, 24.5545482181059 ], [ 85.807349204351738, 24.555860262189718 ], [ 85.806133760521888, 24.556250902461645 ], [ 85.804977225957686, 24.55657894207723 ], [ 85.804040395557323, 24.555399484902139 ], [ 85.803378624452122, 24.554391915716327 ], [ 85.803925723556077, 24.553347494726843 ], [ 85.806628226783971, 24.55259673098767 ], [ 85.808299654036489, 24.5545482181059 ] ] ] } },
{ "type": "Feature", "properties": { "polygon_id": "farmforest_60", "source": "farmforest", "raw_class": "6", "core_class": "greenery", "lon": 85.888684115808914, "lat": 24.509215322120632, "block": "85_24" }, "geometry": { "type": "Polygon", "coordinates": [ [ [ 85.888013206350863, 24.508929392802386 ], [ 85.888284325295928, 24.508820311330332 ], [ 85.888779812214608, 24.509014338451149 ], [ 85.88878230953793, 24.509015310931893 ], [ 85.88879588873148, 24.509018303052141 ], [ 85.88880946792149, 24.509021295171113 ], [ 85.889440740278644, 24.509076509671129 ], [ 85.88944706154814, 24.509144535643156 ], [ 85.889191010501492, 24.509324144189243 ], [ 85.889188903401418, 24.50932571553377 ], [ 85.889187498667994, 24.509327124987127 ], [ 85.889185781771516, 24.509328164081616 ], [ 85.889178055736735, 24.509336458910123 ], [ 85.889169939496952, 24.509344381261915 ], [ 85.889169081048436, 24.509346076952649 ], [ 85.889167676314457, 24.509347486405694 ], [ 85.889162837786088, 24.509357397600471 ], [ 85.889157531012515, 24.509367115146766 ], [ 85.88915714080855, 24.50936900448529 ], [ 85.889156360400619, 24.509370702292937 ], [ 85.889107272718377, 24.509526792856814 ], [ 85.889106492309708, 24.509529214443656 ], [ 85.889105321696661, 24.509539225137846 ], [ 85.889103448715744, 24.509549126304591 ], [ 85.889103760879237, 24.509551758476839 ], [ 85.889103448715744, 24.509554464184156 ], [ 85.889105399737531, 24.509564378619807 ], [ 85.889106648391433, 24.509574364473121 ], [ 85.889107819004437, 24.509576838989123 ], [ 85.889108287249627, 24.509579475395547 ], [ 85.889113203823925, 24.509588475085547 ], [ 85.889117496070938, 24.509597729255425 ], [ 85.889159716154623, 24.509662024461008 ], [ 85.888633952716603, 24.509534488641357 ], [ 85.888110135047185, 24.509260347931491 ], [ 85.888013206350863, 24.508929392802386 ] ] ] } },
{ "type": "Feature", "properties": { "polygon_id": "farmforest_61", "source": "farmforest", "raw_class": "6", "core_class": "greenery", "lon": 85.876979038589567, "lat": 24.574818918791966, "block": "85_24" }, "geometry": { "type": "Polygon", "coordinates": [ [ [ 85.877285085658045, 24.574365995080232 ], [ 85.877206168436302, 24.574606357470536 ], [ 85.877205465908574, 24.574608780642077 ], [ 85.877204060853089, 24.574619325739821 ], [ 85.877202109387071, 24.574629855941239 ], [ 85.877202343562985, 24.574631942822919 ], [ 85.877202109387071, 24.574633926480153 ], [ 85.877203982794441, 24.574644470496732 ], [ 85.877205309791293, 24.574655090073446 ], [ 85.877294296562411, 24.574961811247515 ], [ 85.877371496366635, 24.575250390960818 ], [ 85.877320602271894, 24.575370938583642 ], [ 85.876853186091836, 24.575398448467677 ], [ 85.8768506101394, 24.575398649604224 ], [ 85.876691681433968, 24.575411864908013 ], [ 85.876695428285231, 24.574900256027902 ], [ 85.87669535022583, 24.574897721122738 ], [ 85.876694335453649, 24.574891904250517 ], [ 85.876694257394249, 24.574885932005174 ], [ 85.876647421733082, 24.574609124979823 ], [ 85.876691291136936, 24.574321765108579 ], [ 85.876789802012965, 24.574189308971047 ], [ 85.876899943509656, 24.574152691872111 ], [ 85.877178613730436, 24.57424432315517 ], [ 85.877285085658045, 24.574365995080232 ] ] ] } },
{ "type": "Feature", "properties": { "polygon_id": "farmforest_62", "source": "farmforest", "raw_class": "6", "core_class": "greenery", "lon": 85.879909627077453, "lat": 24.565512438664189, "block": "85_24" }, "geometry": { "type": "Polygon", "coordinates": [ [ [ 85.880982040585039, 24.564369001083779 ], [ 85.881269196783236, 24.565092984008356 ], [ 85.881298856751897, 24.566241262170742 ], [ 85.880700346549403, 24.566661880238307 ], [ 85.87905745234481, 24.566831609298706 ], [ 85.878521908257909, 24.566201991703796 ], [ 85.878401544730579, 24.565633436667692 ], [ 85.878568898353592, 24.565110441146281 ], [ 85.878923196070915, 24.564632248859599 ], [ 85.879380992937371, 24.564266962694607 ], [ 85.880213915370263, 24.564091180716776 ], [ 85.880982040585039, 24.564369001083779 ] ] ] } },
{ "type": "Feature", "properties": { "polygon_id": "farmforest_70", "source": "farmforest", "raw_class": "6", "core_class": "greenery", "lon": 76.851507166993855, "lat": 31.926660913767634, "block": "76_31" }, "geometry": { "type": "Polygon", "coordinates": [ [ [ 76.850227267780099, 31.92550337879441 ], [ 76.850229907384318, 31.925502205892883 ], [ 76.850231139199593, 31.925501311752598 ], [ 76.850232634975285, 31.925500786391304 ], [ 76.850242841444157, 31.925493414345642 ], [ 76.850253311872564, 31.925486411077138 ], [ 76.850254279727253, 31.925485318707935 ], [ 76.850255511542287, 31.925484424567109 ], [ 76.850262902432277, 31.925474966506144 ], [ 76.850270645268921, 31.925465715897776 ], [ 76.850271173189583, 31.925464406847897 ], [ 76.850272053057353, 31.925463219976969 ], [ 76.852189973950573, 31.922056069149445 ], [ 76.85535864005314, 31.924199690582419 ], [ 76.854461560499402, 31.928571548674743 ], [ 76.849128659619424, 31.930115816223402 ], [ 76.84663013884105, 31.928996017016416 ], [ 76.84787773375011, 31.926594608214977 ], [ 76.850227267780099, 31.92550337879441 ] ] ] } },
{ "type": "Feature", "properties": { "polygon_id": "farmforest_71", "source": "farmforest", "raw_class": "6", "core_class": "greenery", "lon": 76.870209378566983, "lat": 31.960335476939193, "block": "76_31" }, "geometry": { "type": "Polygon", "coordinates": [ [ [ 76.873939551017003, 31.960134876982966 ], [ 76.871859836332874, 31.961321361913832 ], [ 76.871857461104668, 31.961322732933962 ], [ 76.87184866396278, 31.961329910532882 ], [ 76.871839338991663, 31.961336606580097 ], [ 76.87183784347738, 31.961338581259575 ], [ 76.871835732163049, 31.961340235680318 ], [ 76.871829662134132, 31.961349233470326 ], [ 76.871822976304841, 31.961357825747381 ], [ 76.87061459468606, 31.963546860996431 ], [ 76.867774640199372, 31.9624457527649 ], [ 76.86708720691658, 31.960563830214198 ], [ 76.86829483128362, 31.958313747706409 ], [ 76.86944754862138, 31.957811721187579 ], [ 76.871047505622244, 31.957811702654215 ], [ 76.873324023867355, 31.95874581355131 ], [ 76.873939551017003, 31.960134876982966 ] ] ] } },
{ "type": "Feature", "properties": { "polygon_id": "farmforest_72", "source": "farmforest", "raw_class": "6", "core_class": "greenery", "lon": 76.852202674509556, "lat": 31.943329077609835, "block": "76_31" }, "geometry": { "type": "Polygon", "coordinates": [ [ [ 76.854690318163065, 31.943983262614566 ], [ 76.852248132294974, 31.946208942987713 ], [ 76.849635291119625, 31.945559917667651 ], [ 76.850485244832811, 31.940831611079719 ], [ 76.854711698184644, 31.941040423826635 ], [ 76.854690318163065, 31.943983262614566 ] ] ] } },
{ "type": "Feature", "properties": { "polygon_id": "farmforest_113", "source": "farmforest", "raw_class": "6", "core_class": "greenery", "lon": 73.042713736513889, "lat": 20.197197750123902, "block": "73_20" }, "geometry": { "type": "Polygon", "coordinates": [ [ [ 73.0410695066453, 20.197156890298359 ], [ 73.041069957026878, 20.19715587916555 ], [ 73.041070497484768, 20.19715452505487 ], [ 73.041073109697891, 20.197142819305121 ], [ 73.041075992139923, 20.197131052286917 ], [ 73.041075902063611, 20.19713042759955 ], [ 73.041076082216236, 20.197129741643788 ], [ 73.041075181453095, 20.197117776748392 ], [ 73.041074370766282, 20.197105732784124 ], [ 73.041074100537358, 20.197105090296027 ], [ 73.041074100537358, 20.197104386539522 ], [ 73.041069596721627, 20.197093121264288 ], [ 73.041065273058436, 20.197081785820711 ], [ 73.040887552417047, 20.19676398546159 ], [ 73.041002670009689, 20.196648772005318 ], [ 73.041942524655752, 20.197260040876191 ], [ 73.041944686479212, 20.197261398082826 ], [ 73.041953243696824, 20.197265234551388 ], [ 73.041961530686208, 20.197269660109203 ], [ 73.04196549402883, 20.197270579524783 ], [ 73.041969187143522, 20.197272175999704 ], [ 73.041978555043897, 20.197273541439738 ], [ 73.041987742791974, 20.197275680808563 ], [ 73.041991886286084, 20.197275474414688 ], [ 73.041995939704165, 20.197276050849919 ], [ 73.042005307603461, 20.19727495313111 ], [ 73.042014765578358, 20.197274568070764 ], [ 73.042723752294762, 20.197149675660125 ], [ 73.042726364489297, 20.197149142012002 ], [ 73.042732940013394, 20.197146888654689 ], [ 73.042739695688624, 20.197145444827054 ], [ 73.04401056982276, 20.196699544834594 ], [ 73.044013001852505, 20.19669864147706 ], [ 73.044019397189857, 20.196695226625714 ], [ 73.044026152827712, 20.196692551131981 ], [ 73.044031016886848, 20.196688897035205 ], [ 73.044036421396882, 20.196685912122614 ], [ 73.044041465606128, 20.196680956264366 ], [ 73.044047140341405, 20.19667659051813 ], [ 73.044050743347867, 20.196671756195506 ], [ 73.044055066955522, 20.196667520883437 ], [ 73.044058399736386, 20.196661428277725 ], [ 73.044062633268766, 20.196655776538339 ], [ 73.044380418201897, 20.196063370436221 ], [ 73.044550659951668, 20.196145021978261 ], [ 73.044423203838562, 20.196438656956964 ], [ 73.044422213013391, 20.196440934284038 ], [ 73.044420051212981, 20.196450397496477 ], [ 73.044417168812402, 20.196459613582352 ], [ 73.044417078737382, 20.1964627716265 ], [ 73.04441644821226, 20.196465788311066 ], [ 73.044417078737368, 20.196475351425249 ], [ 73.044417078737368, 20.196485028193688 ], [ 73.044417979487562, 20.196488020205933 ], [ 73.044418159637601, 20.196491116974101 ], [ 73.044421672563288, 20.196500173094641 ], [ 73.044424554963811, 20.196509430840152 ], [ 73.04442626638911, 20.196512063083045 ], [ 73.044427437364291, 20.196514993819445 ], [ 73.044433472390196, 20.196522715618197 ], [ 73.04443896696587, 20.196530911851937 ], [ 73.044441489066145, 20.196532920413471 ], [ 73.04444338064134, 20.196535482482286 ], [ 73.044451577466972, 20.196541306542215 ], [ 73.044459233842289, 20.19654769300762 ], [ 73.044462206317334, 20.19654904229483 ], [ 73.044464818492372, 20.196550971783889 ], [ 73.044474366442174, 20.196554466137844 ], [ 73.044483734241638, 20.196558558489723 ], [ 73.044693698955058, 20.196619502577537 ], [ 73.044505442313891, 20.197083160931893 ], [ 73.042054038688931, 20.197855443409377 ], [ 73.040875121875487, 20.197615621581239 ], [ 73.0410695066453, 20.197156890298359 ] ] ] } },
{ "type": "Feature", "properties": { "polygon_id": "farmforest_118", "source": "farmforest", "raw_class": "6", "core_class": "greenery", "lon": 77.063227740989362, "lat": 9.4113255875279158, "block": "77_9" }, "geometry": { "type": "Polygon", "coordinates": [ [ [ 77.064773644322827, 9.410308269892143 ], [ 77.06459692547601, 9.412295347347364 ], [ 77.063915431233525, 9.413408663226404 ], [ 77.062922036021106, 9.413445161846404 ], [ 77.061560342257422, 9.411510365380467 ], [ 77.061670223425281, 9.410327054890049 ], [ 77.062596348168881, 9.409422058500802 ], [ 77.063663701621067, 9.409426273259555 ], [ 77.064773644322827, 9.410308269892143 ] ] ] } },
{ "type": "Feature", "properties": { "polygon_id": "farmforest_119", "source": "farmforest", "raw_class": "6", "core_class": "greenery", "lon": 84.861677387928893, "lat": 21.06190813230744, "block": "84_21" }, "geometry": { "type": "Polygon", "coordinates": [ [ [ 84.861616120598143, 21.061284891175337 ], [ 84.86218665963662, 21.061284863773533 ], [ 84.862679096853356, 21.061678813807809 ], [ 84.862643627519844, 21.062038345016315 ], [ 84.862643388936803, 21.062040786569742 ], [ 84.862644025158218, 21.062048151993729 ], [ 84.862643627519844, 21.062055486245498 ], [ 84.862672814170338, 21.062329356235967 ], [ 84.862164232645995, 21.062577760026414 ], [ 84.862161846795402, 21.062578957801954 ], [ 84.862155484526681, 21.062583482053061 ], [ 84.862148486030236, 21.062587352258348 ], [ 84.862144668668194, 21.062591137001498 ], [ 84.86214021507881, 21.062594267698984 ], [ 84.862135443375507, 21.062600381715779 ], [ 84.862129955916217, 21.062605839288604 ], [ 84.862127411007378, 21.062610478650839 ], [ 84.86212407081436, 21.062614731253959 ], [ 84.862121287320022, 21.062621812167812 ], [ 84.862117629012971, 21.062628503924298 ], [ 84.862116595143547, 21.062633642323387 ], [ 84.862114686461467, 21.062638572953762 ], [ 84.862114050234098, 21.062646081395801 ], [ 84.862112618722492, 21.062653475161607 ], [ 84.862113095893037, 21.062658659126338 ], [ 84.86211277777933, 21.062663909803465 ], [ 84.862114447876209, 21.062671215710246 ], [ 84.862115243160403, 21.062678676625563 ], [ 84.862170992555448, 21.06289303593141 ], [ 84.861864250910898, 21.062892945954893 ], [ 84.861558382427248, 21.062456551709207 ], [ 84.8615568713724, 21.062454510865201 ], [ 84.861549793272829, 21.06244740464 ], [ 84.86154319234771, 21.062439768639976 ], [ 84.861540567883296, 21.062438056994345 ], [ 84.861538341064914, 21.062435903869829 ], [ 84.861529433790494, 21.06243091914104 ], [ 84.861520844631698, 21.062425309146096 ], [ 84.860787102982499, 21.062082393890606 ], [ 84.860401538854788, 21.061612758786755 ], [ 84.860746542523202, 21.061289138744129 ], [ 84.861616120598143, 21.061284891175337 ] ] ] } },
{ "type": "Feature", "properties": { "polygon_id": "farmforest_120", "source": "farmforest", "raw_class": "6", "core_class": "greenery", "lon": 84.871352628288108, "lat": 21.059457773669699, "block": "84_21" }, "geometry": { "type": "Polygon", "coordinates": [ [ [ 84.871333745698664, 21.06055643594576 ], [ 84.871331042172301, 21.060556535964484 ], [ 84.871322852076972, 21.060558103359384 ], [ 84.871314502949431, 21.060558849710752 ], [ 84.87130957298784, 21.060560696620172 ], [ 84.871304404479261, 21.060561629397885 ], [ 84.871297009535382, 21.060565306713048 ], [ 84.871289137497286, 21.060568153411502 ], [ 84.870253676645163, 21.061116525831249 ], [ 84.868067314646041, 21.061358599685711 ], [ 84.866997680146838, 21.060215279435752 ], [ 84.868767802570758, 21.058647150070779 ], [ 84.868769711028705, 21.058645393640649 ], [ 84.868770188143159, 21.058644682448691 ], [ 84.868770903814877, 21.058644250524402 ], [ 84.868778378607672, 21.058634589865267 ], [ 84.86878601243761, 21.058625024689267 ], [ 84.868786330513842, 21.058624308708435 ], [ 84.868786807628169, 21.058623597516409 ], [ 84.868791101656981, 21.058612389963244 ], [ 84.868795554723576, 21.058601277893537 ], [ 84.868795634242602, 21.058600464034662 ], [ 84.868795952318791, 21.058599748053798 ], [ 84.868796667990168, 21.058587797888791 ], [ 84.868797622218651, 21.058575945601831 ], [ 84.86879746318057, 21.058575124559788 ], [ 84.86879746318057, 21.058574399001323 ], [ 84.868794680014091, 21.058562796957069 ], [ 84.868792055885578, 21.058551109006896 ], [ 84.868791658290334, 21.058550371476475 ], [ 84.868791419733185, 21.058549638734842 ], [ 84.868461414719206, 21.057747029517714 ], [ 84.868460460485068, 21.057744642720795 ], [ 84.868459744809428, 21.057743623528332 ], [ 84.868459426731377, 21.057742434918858 ], [ 84.868452826611261, 21.05773271322921 ], [ 84.868446544568499, 21.057722819728014 ], [ 84.868445590334105, 21.057721974741494 ], [ 84.86844487465828, 21.057720955549001 ], [ 84.868082025856239, 21.057322490664813 ], [ 84.868603277351198, 21.057157794898508 ], [ 84.870076273949778, 21.057759098461965 ], [ 84.870078738984319, 21.057760079614614 ], [ 84.870086452156215, 21.05776185361329 ], [ 84.870093926775397, 21.05776443668476 ], [ 84.870437281090716, 21.057835809817746 ], [ 84.870438871425463, 21.057836129772344 ], [ 84.870439905143002, 21.057836342277575 ], [ 84.87045294588593, 21.057837006893848 ], [ 84.870465986625845, 21.057837671509052 ], [ 84.870466543242713, 21.05783759756843 ], [ 84.870467099859596, 21.05783761432275 ], [ 84.870479822529546, 21.057834822954966 ], [ 84.870492545196626, 21.057832122281006 ], [ 84.870493022296586, 21.057831864556931 ], [ 84.870493578913212, 21.057831790616195 ], [ 84.870504949794281, 21.057825784234193 ], [ 84.870516320673076, 21.057819868546154 ], [ 84.871301462404915, 21.057266860550602 ], [ 84.874359546894851, 21.058466527556931 ], [ 84.87599268400092, 21.059937657384776 ], [ 84.874748196452771, 21.061466633414756 ], [ 84.872903677555826, 21.060522962179409 ], [ 84.872901292157536, 21.060521711365848 ], [ 84.872891193970347, 21.060518505270483 ], [ 84.872881334321264, 21.060514671484714 ], [ 84.872878392328872, 21.060514401572032 ], [ 84.87287560936295, 21.060513501577006 ], [ 84.872864954577864, 21.060512999592397 ], [ 84.872854299790788, 21.060511862739816 ], [ 84.871333745698664, 21.06055643594576 ] ] ] } },
{ "type": "Feature", "properties": { "polygon_id": "farmforest_121", "source": "farmforest", "raw_class": "6", "core_class": "greenery", "lon": 84.840525771164039, "lat": 21.048428377011902, "block": "84_21" }, "geometry": { "type": "Polygon", "coordinates": [ [ [ 84.83932250982258, 21.048610741112959 ], [ 84.839776240881633, 21.048051307523238 ], [ 84.840051914740968, 21.047801907277023 ], [ 84.840053744606266, 21.047800148837688 ], [ 84.840056847421209, 21.047796252337118 ], [ 84.840060666270134, 21.047792830965747 ], [ 84.840311834582209, 21.047493987213233 ], [ 84.840407623534887, 21.047424877448606 ], [ 84.840628558069398, 21.047774105150044 ], [ 84.840629990123347, 21.047776234391357 ], [ 84.840632138204199, 21.047778657376902 ], [ 84.84063372937517, 21.04778142627319 ], [ 84.840640889643936, 21.047788263443202 ], [ 84.840647572560627, 21.047795630314305 ], [ 84.840650357109013, 21.047797347031331 ], [ 84.840652743864666, 21.047799595857423 ], [ 84.840661654418213, 21.04780430940599 ], [ 84.840670246736394, 21.047809648162431 ], [ 84.840673429076134, 21.047810560695947 ], [ 84.840676372740219, 21.047812100845487 ], [ 84.841819855356775, 21.048231235591878 ], [ 84.841422308213467, 21.048807249557107 ], [ 84.840494501747543, 21.049184198349689 ], [ 84.840117789854645, 21.049156743630782 ], [ 84.83932250982258, 21.048610741112959 ] ] ] } },
{ "type": "Feature", "properties": { "polygon_id": "farmforest_139", "source": "farmforest", "raw_class": "6", "core_class": "greenery", "lon": 80.173294910032212, "lat": 12.923168602509561, "block": "80_12" }, "geometry": { "type": "Polygon", "coordinates": [ [ [ 80.171392283242824, 12.923045043669992 ], [ 80.1722158832753, 12.922393053547291 ], [ 80.172217841785354, 12.922391478363178 ], [ 80.172223547010063, 12.922385097246154 ], [ 80.172229848302564, 12.922379259414848 ], [ 80.173217272129861, 12.921169712013862 ], [ 80.175706217590232, 12.922136922826386 ], [ 80.17350746834029, 12.925139495177735 ], [ 80.171338466256515, 12.92451735155117 ], [ 80.171392283242824, 12.923045043669992 ] ] ] } },
{ "type": "Feature", "properties": { "polygon_id": "farmforest_144", "source": "farmforest", "raw_class": "6", "core_class": "greenery", "lon": 72.952681777273114, "lat": 19.097655552693688, "block": "72_19" }, "geometry": { "type": "Polygon", "coordinates": [ [ [ 72.955336647867554, 19.097124102302732 ], [ 72.955700868990149, 19.097684084004186 ], [ 72.95412233312635, 19.098705306520838 ], [ 72.952822407532622, 19.099502166625815 ], [ 72.951683051945508, 19.100157449407998 ], [ 72.950699582909337, 19.098809392657614 ], [ 72.950698321355816, 19.098807693789936 ], [ 72.949578509744811, 19.097346700016445 ], [ 72.950569642862007, 19.09688557316294 ], [ 72.950571084638241, 19.096884832505204 ], [ 72.951717203857328, 19.096327403858457 ], [ 72.951717384078492, 19.096327245472327 ], [ 72.952344913319067, 19.096020174945998 ], [ 72.953957162052305, 19.095284323002875 ], [ 72.954513769189518, 19.096117146601802 ], [ 72.954515210941778, 19.096119213466611 ], [ 72.954516832913058, 19.096120858729982 ], [ 72.954517914227239, 19.096122803693859 ], [ 72.954865646590818, 19.096564266285412 ], [ 72.95486726855971, 19.096566262499802 ], [ 72.954867448778472, 19.096566367318808 ], [ 72.954867538887854, 19.09656655133373 ], [ 72.955336647867554, 19.097124102302732 ] ] ] } },
{ "type": "Feature", "properties": { "polygon_id": "farmforest_145", "source": "farmforest", "raw_class": "5", "core_class": "greenery", "lon": 85.851283447035058, "lat": 26.050985796068737, "block": "85_26" }, "geometry": { "type": "Polygon", "coordinates": [ [ [ 85.847981365612469, 26.048424330284004 ], [ 85.854812989992283, 26.047804853480937 ], [ 85.854635798859874, 26.053475378258032 ], [ 85.84775229130527, 26.054220420138076 ], [ 85.847981365612469, 26.048424330284004 ] ] ] } },
{ "type": "Feature", "properties": { "polygon_id": "farmforest_152", "source": "farmforest", "raw_class": "5", "core_class": "greenery", "lon": 83.798613002980147, "lat": 24.166217656936734, "block": "83_24" }, "geometry": { "type": "Polygon", "coordinates": [ [ [ 83.798287544274672, 24.167042289816489 ], [ 83.798288192049824, 24.167039786742084 ], [ 83.798288596909288, 24.167034112100026 ], [ 83.798289973431451, 24.167028476895922 ], [ 83.798299852001392, 24.166917314702754 ], [ 83.798446896757426, 24.166928070612702 ], [ 83.798449649794676, 24.166928182350254 ], [ 83.798458151820697, 24.166927533741607 ], [ 83.798466734817225, 24.166927611095293 ], [ 83.798471997974872, 24.166926379357413 ], [ 83.798477342103709, 24.166925873582194 ], [ 83.798485358296119, 24.166923037223984 ], [ 83.798493617402357, 24.166921023735433 ], [ 83.798596127393793, 24.16688092029872 ], [ 83.798598637509926, 24.16687993815918 ], [ 83.798598880424393, 24.16687976734892 ], [ 83.79859912333886, 24.166879686873248 ], [ 83.798610540317341, 24.166872923474713 ], [ 83.798621957293719, 24.166866160074918 ], [ 83.798622200208086, 24.166865898930016 ], [ 83.798622443122454, 24.166865818454294 ], [ 83.798631269010485, 24.166856330188857 ], [ 83.798640175868684, 24.166846935543308 ], [ 83.798640337811548, 24.166846671112069 ], [ 83.798640499754413, 24.166846497015428 ], [ 83.798646086782952, 24.166835160939652 ], [ 83.79865183575383, 24.166823831435728 ], [ 83.79865183575383, 24.166823560431922 ], [ 83.798651997696666, 24.166823386335246 ], [ 83.798653860039238, 24.166810995743809 ], [ 83.79865588432456, 24.166798702059086 ], [ 83.79865588432456, 24.166798521389865 ], [ 83.79865588432456, 24.166798250386034 ], [ 83.79865588432456, 24.166657689711215 ], [ 83.798669244606046, 24.166401229818664 ], [ 83.798669325577436, 24.16639870373352 ], [ 83.798668515863497, 24.166392889451071 ], [ 83.79866875877768, 24.166387027554645 ], [ 83.798666815464173, 24.166380354252798 ], [ 83.798665924778803, 24.166373543002265 ], [ 83.798663414665384, 24.1663681113825 ], [ 83.798661795237336, 24.166362444906941 ], [ 83.798657989581216, 24.166356509034078 ], [ 83.798654993639019, 24.166350154349772 ], [ 83.798650864096814, 24.166345650686996 ], [ 83.798647625240008, 24.166340641164343 ], [ 83.798642119183015, 24.166335900966136 ], [ 83.798637260897038, 24.166330554714634 ], [ 83.798631997753475, 24.166327269729965 ], [ 83.798627301409596, 24.166323285071122 ], [ 83.798620580778945, 24.166320121603285 ], [ 83.798614345976375, 24.166316255174973 ], [ 83.798608192144627, 24.166314469730782 ], [ 83.798602524141174, 24.166311800656807 ], [ 83.798473131577992, 24.166271589651856 ], [ 83.798471107286673, 24.166270965485758 ], [ 83.798470540485098, 24.16627076181215 ], [ 83.798457099188965, 24.166268861262257 ], [ 83.798443738861607, 24.166266783328066 ], [ 83.798443414974855, 24.166266860517421 ], [ 83.798443010116401, 24.166266753751064 ], [ 83.798429568814271, 24.166268285916775 ], [ 83.798416127509242, 24.166269727746428 ], [ 83.79804608561372, 24.166358954800291 ], [ 83.798043413530706, 24.166359659354839 ], [ 83.798037907419882, 24.166361965236824 ], [ 83.798032158391891, 24.166363357912584 ], [ 83.798025356724267, 24.166367146897141 ], [ 83.798018150194665, 24.166370196771343 ], [ 83.798013534776388, 24.166373803489314 ], [ 83.798008433524217, 24.166376667810521 ], [ 83.79788154986224, 24.166472331052791 ], [ 83.797721872030991, 24.166051575123465 ], [ 83.798261957150729, 24.165741787432836 ], [ 83.798264305336588, 24.165740437381647 ], [ 83.798270540174499, 24.165735360681417 ], [ 83.798277341815137, 24.165730939328846 ], [ 83.798280823607072, 24.165726925243174 ], [ 83.798285034145891, 24.165723482743374 ], [ 83.798289406628214, 24.165716975433522 ], [ 83.79829458882908, 24.165711042995717 ], [ 83.798393536393576, 24.165556792308678 ], [ 83.798782361540248, 24.165341224867287 ], [ 83.798784142907635, 24.165340303476061 ], [ 83.798784709706339, 24.16533996513866 ], [ 83.798794912082101, 24.165331797361745 ], [ 83.798805195427406, 24.165323813539569 ], [ 83.799004627210735, 24.165117090321456 ], [ 83.799210778917555, 24.165191581261841 ], [ 83.799240171269062, 24.16533270289337 ], [ 83.799164544639368, 24.16552358309503 ], [ 83.799163653961159, 24.165525985993895 ], [ 83.799163492019673, 24.165526882771495 ], [ 83.799163006195201, 24.165527766405745 ], [ 83.799161062897227, 24.165539431085989 ], [ 83.79915879571621, 24.16555099228756 ], [ 83.79915887668696, 24.165551898922615 ], [ 83.799158714745445, 24.165552886035062 ], [ 83.799160334160476, 24.165564514621682 ], [ 83.799161710663228, 24.165576223685427 ], [ 83.799162115516964, 24.165577143463803 ], [ 83.799162277458478, 24.165578053384653 ], [ 83.799223086460387, 24.165779619165971 ], [ 83.799126002552654, 24.165943973262394 ], [ 83.799124707019914, 24.165946269393782 ], [ 83.79912219692514, 24.16595303297845 ], [ 83.799118796151419, 24.16595948941346 ], [ 83.799117743530957, 24.165965047456389 ], [ 83.799115800231561, 24.165970298349748 ], [ 83.799115476348319, 24.165977511992626 ], [ 83.799114180815366, 24.165984595869627 ], [ 83.799114909552657, 24.165990135867382 ], [ 83.799114666640222, 24.165995636434126 ], [ 83.799116528968838, 24.166002667791737 ], [ 83.799117500618536, 24.166009753339051 ], [ 83.799175718601191, 24.166209949134242 ], [ 83.798856207272465, 24.166557598810247 ], [ 83.798854506878314, 24.166559517164703 ], [ 83.798852077743717, 24.166563393306991 ], [ 83.798848838897442, 24.166566784914512 ], [ 83.798845033252874, 24.1665743089142 ], [ 83.79884049886752, 24.166581441999682 ], [ 83.798839284299973, 24.166585819106771 ], [ 83.798837260020647, 24.166589802013743 ], [ 83.798835964481853, 24.166598060225471 ], [ 83.798833697288885, 24.16660609833399 ], [ 83.798833940202414, 24.166610534591225 ], [ 83.798833211461812, 24.166614931414731 ], [ 83.798828758046781, 24.16741213408211 ], [ 83.798826733767129, 24.167478267115456 ], [ 83.798450864369883, 24.167508992148637 ], [ 83.798194588469954, 24.167395428366419 ], [ 83.798287544274672, 24.167042289816489 ] ] ] } },
{ "type": "Feature", "properties": { "polygon_id": "farmforest_153", "source": "farmforest", "raw_class": "5", "core_class": "greenery", "lon": 83.788868789167097, "lat": 24.172746486815715, "block": "83_24" }, "geometry": { "type": "Polygon", "coordinates": [ [ [ 83.786262210213522, 24.172117404021016 ], [ 83.790346120401765, 24.17111654153749 ], [ 83.791249309377605, 24.173605417941921 ], [ 83.787528925018577, 24.174268777777062 ], [ 83.786262210213522, 24.172117404021016 ] ] ] } },
{ "type": "Feature", "properties": { "polygon_id": "farmforest_154", "source": "farmforest", "raw_class": "5", "core_class": "greenery", "lon": 83.765552276607707, "lat": 24.176780258055693, "block": "83_24" }, "geometry": { "type": "Polygon", "coordinates": [ [ [ 83.766722394867614, 24.177456640840816 ], [ 83.765754036346166, 24.177723152089122 ], [ 83.765587794408532, 24.177455678870736 ], [ 83.76558641715863, 24.177453545101752 ], [ 83.765585769041039, 24.177452796020106 ], [ 83.765585363967531, 24.177451966530409 ], [ 83.765577019452721, 24.177442954402938 ], [ 83.765568836966253, 24.177433858560139 ], [ 83.765567945804293, 24.177433280214871 ], [ 83.765567297686488, 24.177432621461566 ], [ 83.765556522727124, 24.177426129653195 ], [ 83.765545909795406, 24.177419463800856 ], [ 83.765544937618373, 24.177419153133904 ], [ 83.765544046456071, 24.17741866511691 ], [ 83.765531732212025, 24.177415181643706 ], [ 83.765519498980311, 24.177411520819469 ], [ 83.765518445788075, 24.177411477830777 ], [ 83.765517473610601, 24.177411167163651 ], [ 83.765504592257628, 24.177411002691851 ], [ 83.765491710901969, 24.177410567233604 ], [ 83.765490657709265, 24.177410795229957 ], [ 83.765489604516517, 24.177410752241048 ], [ 83.76525773964903, 24.177437509555237 ], [ 83.765255066149692, 24.177437852066824 ], [ 83.765244210120883, 24.177440841409471 ], [ 83.765233273075012, 24.177443375802262 ], [ 83.765230923635286, 24.177444544496709 ], [ 83.765228412165115, 24.177445254935225 ], [ 83.765218933389733, 24.177450920017368 ], [ 83.765209130552122, 24.177456029900384 ], [ 83.765207348217842, 24.177457854041958 ], [ 83.765205079792324, 24.17745911637121 ], [ 83.765197788424004, 24.177466948293127 ], [ 83.765189929948335, 24.177474395751752 ], [ 83.76518871472004, 24.177476604355533 ], [ 83.765187013400379, 24.177478431803685 ], [ 83.765182314517318, 24.177487814802614 ], [ 83.765177048527249, 24.177496903666778 ], [ 83.76517656243584, 24.177499322690263 ], [ 83.765175509237764, 24.177501537907798 ], [ 83.765173888933006, 24.177511678871419 ], [ 83.765171620506251, 24.17752179337845 ], [ 83.76517186355197, 24.177524242165099 ], [ 83.765171458475763, 24.177526664495431 ], [ 83.765173078780606, 24.177536847411552 ], [ 83.765174050963481, 24.177547094199518 ], [ 83.765175023146341, 24.177549392092683 ], [ 83.765175347207304, 24.177551753857887 ], [ 83.76518004609089, 24.177561159157474 ], [ 83.765184096852323, 24.177570808985578 ], [ 83.765355767878475, 24.1778502467523 ], [ 83.764769945632722, 24.178055314901371 ], [ 83.764086330815175, 24.176130511478735 ], [ 83.766127755019028, 24.175714050515271 ], [ 83.76723868993264, 24.176985418551617 ], [ 83.766922092119643, 24.177089926518953 ], [ 83.766919499705082, 24.177090814343266 ], [ 83.76691561108305, 24.177092823544559 ], [ 83.766911317395909, 24.177094183915276 ], [ 83.76669728076601, 24.177192308129726 ], [ 83.766694850368538, 24.177193473546986 ], [ 83.766691852878196, 24.177195519107489 ], [ 83.766688450321425, 24.177196915837097 ], [ 83.766680673048057, 24.177203011780918 ], [ 83.76667249070735, 24.177208549221866 ], [ 83.766670222335478, 24.177211256837008 ], [ 83.766667305857226, 24.17721348636006 ], [ 83.766661796953485, 24.177221300788521 ], [ 83.766655558929543, 24.177228633818316 ], [ 83.766654181703402, 24.177231829443404 ], [ 83.766652156370768, 24.177234727633554 ], [ 83.766649158878366, 24.177243638165582 ], [ 83.7666455132793, 24.177252341590979 ], [ 83.766645189226026, 24.177255760852749 ], [ 83.766644055039606, 24.177259056724456 ], [ 83.76664397402628, 24.177268357262676 ], [ 83.766643082879781, 24.177277624739222 ], [ 83.766643811999657, 24.177280996652112 ], [ 83.766643811999657, 24.177284429138236 ], [ 83.76664656645238, 24.177293393748183 ], [ 83.766648510771873, 24.177302505953676 ], [ 83.7666502930647, 24.177305559531987 ], [ 83.766651265224397, 24.177308851034546 ], [ 83.766722394867614, 24.177456640840816 ] ] ] } },
{ "type": "Feature", "properties": { "polygon_id": "farmforest_167", "source": "farmforest", "raw_class": "5", "core_class": "greenery", "lon": 79.569095986116423, "lat": 27.795105891773773, "block": "79_27" }, "geometry": { "type": "Polygon", "coordinates": [ [ [ 79.56993968717812, 27.796832319248594 ], [ 79.569938829809388, 27.79683154672459 ], [ 79.56993762949314, 27.796830659731068 ], [ 79.569926226487965, 27.796824222906807 ], [ 79.569914909218255, 27.796817615737456 ], [ 79.569914137586167, 27.796817380287774 ], [ 79.569913365954093, 27.796816967983442 ], [ 79.569900419681474, 27.796813597350397 ], [ 79.569887473407022, 27.796810049861431 ], [ 79.56988670177472, 27.796810079693543 ], [ 79.569885844405476, 27.796809837733118 ], [ 79.569872297970392, 27.796809870188635 ], [ 79.569858837270232, 27.796809643871246 ], [ 79.569857979900718, 27.796809844047203 ], [ 79.569857122531218, 27.796809778941203 ], [ 79.569844176250598, 27.796813128778194 ], [ 79.569831144231131, 27.796816295248288 ], [ 79.569830372598361, 27.796816678789234 ], [ 79.569829600965562, 27.796816885475572 ], [ 79.569818197946816, 27.796823270601273 ], [ 79.569806623452649, 27.796829554276755 ], [ 79.567678348980635, 27.798382778274551 ], [ 79.564657027555498, 27.794704890318499 ], [ 79.567797011690885, 27.792247840673067 ], [ 79.569600254260749, 27.793007050559414 ], [ 79.569602826376524, 27.793008130155748 ], [ 79.569612257467142, 27.793010437999321 ], [ 79.56962143134524, 27.793013610602337 ], [ 79.569625975415349, 27.793013867212522 ], [ 79.569630433748074, 27.793015001603045 ], [ 79.569640207784445, 27.793014947900417 ], [ 79.569649981819765, 27.793015690058617 ], [ 79.572971120955003, 27.792841155754228 ], [ 79.57231353870732, 27.79437438959971 ], [ 79.572312509891731, 27.794376699079635 ], [ 79.572312424157104, 27.794377400002748 ], [ 79.572311995483929, 27.794378074891942 ], [ 79.572309594914145, 27.794389830562142 ], [ 79.572307022875037, 27.794401573214447 ], [ 79.572307108609664, 27.794402287154423 ], [ 79.572306937140411, 27.794402981568936 ], [ 79.572308394629246, 27.794414941690235 ], [ 79.572309594914145, 27.794426882285368 ], [ 79.572309852118067, 27.794427520813301 ], [ 79.572309937852694, 27.794428234753187 ], [ 79.572315081930682, 27.794439413590919 ], [ 79.572320054539134, 27.794450579411041 ], [ 79.572320568946893, 27.794451149035442 ], [ 79.572320826150772, 27.7944517875633 ], [ 79.573408363359277, 27.796093783353435 ], [ 79.570831946439199, 27.797548597132259 ], [ 79.56993968717812, 27.796832319248594 ] ] ] } },
{ "type": "Feature", "properties": { "polygon_id": "farmforest_177", "source": "farmforest", "raw_class": "5", "core_class": "greenery", "lon": 83.713806805898301, "lat": 26.079297738826412, "block": "83_26" }, "geometry": { "type": "Polygon", "coordinates": [ [ [ 83.712419703940824, 26.078933700311584 ], [ 83.714904881852775, 26.078461442781737 ], [ 83.71528628503772, 26.079482581857924 ], [ 83.712806717126881, 26.080251231568923 ], [ 83.712419703940824, 26.078933700311584 ] ] ] } },
{ "type": "Feature", "properties": { "polygon_id": "farmforest_180", "source": "farmforest", "raw_class": "5", "core_class": "greenery", "lon": 83.709669453149104, "lat": 26.080411125180614, "block": "83_26" }, "geometry": { "type": "Polygon", "coordinates": [ [ [ 83.712012092856114, 26.080511907759497 ], [ 83.710785270358983, 26.081044976553283 ], [ 83.710782837772172, 26.081046127821725 ], [ 83.709950319896961, 26.081433458050643 ], [ 83.707983516048174, 26.082282330780139 ], [ 83.707492677099594, 26.079827788486259 ], [ 83.711736161258969, 26.078843617893725 ], [ 83.712012092856114, 26.080511907759497 ] ] ] } },
{ "type": "Feature", "properties": { "polygon_id": "farmforest_186", "source": "farmforest", "raw_class": "5", "core_class": "greenery", "lon": 74.655533095381671, "lat": 31.447727971262989, "block": "74_31" }, "geometry": { "type": "Polygon", "coordinates": [ [ [ 74.656869918433827, 31.442313507003565 ], [ 74.656832038095828, 31.445610637945631 ], [ 74.655996971055131, 31.445540051116808 ], [ 74.655995362919526, 31.445539939798781 ], [ 74.655994112147368, 31.445539872123788 ], [ 74.655979906948673, 31.44554077465828 ], [ 74.655965701748784, 31.445541421963647 ], [ 74.655965076362591, 31.44554160081524 ], [ 74.655964361635526, 31.445541683680336 ], [ 74.655951049843267, 31.445545843119458 ], [ 74.65593764870907, 31.445549906569898 ], [ 74.655937112663665, 31.445550266483469 ], [ 74.655936487277387, 31.445550445334845 ], [ 74.655925051641958, 31.445557641394206 ], [ 74.655913526664847, 31.445564741464857 ], [ 74.6559130799603, 31.445565197364719 ], [ 74.655912543914823, 31.445565557278062 ], [ 74.655903967187115, 31.445575229371439 ], [ 74.65589521177715, 31.445584794565431 ], [ 74.65589494375439, 31.445585272286785 ], [ 74.655894497049786, 31.44558572818643 ], [ 74.655889404617213, 31.445597101933831 ], [ 74.655884133502653, 31.445608368782132 ], [ 74.655777103039497, 31.445982986443354 ], [ 74.655776477652608, 31.4459853772508 ], [ 74.655775852265734, 31.445992787502497 ], [ 74.655774244128025, 31.446000077732311 ], [ 74.655774780173942, 31.446005417868228 ], [ 74.655774333469012, 31.446010723057849 ], [ 74.655776209629664, 31.446017928364981 ], [ 74.655777013698497, 31.446025343040525 ], [ 74.655779336564038, 31.446030305868973 ], [ 74.655780676678745, 31.446035488977056 ], [ 74.655784786363796, 31.446042031230473 ], [ 74.655788002638971, 31.446048974824979 ], [ 74.655791844300921, 31.446053187311904 ], [ 74.655794881894039, 31.446057897126391 ], [ 74.655800957080089, 31.446063148066088 ], [ 74.655806317538193, 31.446068992319489 ], [ 74.655811320632267, 31.446072070519588 ], [ 74.655815787680424, 31.446075934006164 ], [ 74.655823381662017, 31.446079498775667 ], [ 74.655830350256608, 31.446083837920419 ], [ 74.655836246759492, 31.446085664025073 ], [ 74.655841785898389, 31.446088297238227 ], [ 74.655850183947322, 31.446089918398386 ], [ 74.655858403313971, 31.446092453564034 ], [ 74.656871973263236, 31.446269576443225 ], [ 74.656958990799197, 31.453084340105079 ], [ 74.654319766712192, 31.45297286261988 ], [ 74.654073987393488, 31.442549483480207 ], [ 74.656869918433827, 31.442313507003565 ] ] ] } },
{ "type": "Feature", "properties": { "polygon_id": "farmforest_187", "source": "farmforest", "raw_class": "5", "core_class": "greenery", "lon": 74.623666245578306, "lat": 31.403947775293645, "block": "74_31" }, "geometry": { "type": "Polygon", "coordinates": [ [ [ 74.618931502060221, 31.404258116202232 ], [ 74.624789858209681, 31.400371334377066 ], [ 74.628102385882499, 31.404018476910718 ], [ 74.622994305822189, 31.407325664632339 ], [ 74.618931502060221, 31.404258116202232 ] ] ] } },
{ "type": "Feature", "properties": { "polygon_id": "farmforest_190", "source": "farmforest", "raw_class": "5", "core_class": "greenery", "lon": 74.655574557737324, "lat": 31.433394995116316, "block": "74_31" }, "geometry": { "type": "Polygon", "coordinates": [ [ [ 74.654543656979357, 31.431914338831433 ], [ 74.655757001317298, 31.431747249556864 ], [ 74.656010729548115, 31.432444022119153 ], [ 74.656011622956711, 31.43244642850081 ], [ 74.656013231092174, 31.432449177403509 ], [ 74.656014213841615, 31.43245219028945 ], [ 74.656020020997303, 31.432460471901944 ], [ 74.656025113425954, 31.432469091674136 ], [ 74.656027614969801, 31.432471354062113 ], [ 74.656029491127669, 31.432473965518497 ], [ 74.656037710485677, 31.432480499606683 ], [ 74.656045483139081, 31.432487574749402 ], [ 74.65604861006851, 31.432489147727701 ], [ 74.656051290293689, 31.432491261761115 ], [ 74.656061385808158, 31.432495557449716 ], [ 74.656071034617895, 31.432500479277898 ], [ 74.656074608250975, 31.432501255944803 ], [ 74.656077824520708, 31.432502669660188 ], [ 74.656088992123443, 31.432504373519514 ], [ 74.656099891702993, 31.432506810419724 ], [ 74.656103554676292, 31.43250666205719 ], [ 74.656107128308705, 31.432507268552811 ], [ 74.656776468339515, 31.432530536698941 ], [ 74.6567439484094, 31.435635372598295 ], [ 74.653852151375858, 31.433239323917725 ], [ 74.654543656979357, 31.431914338831433 ] ] ] } },
{ "type": "Feature", "properties": { "polygon_id": "farmforest_192", "source": "farmforest", "raw_class": "5", "core_class": "greenery", "lon": 73.079275471614835, "lat": 25.109740140883268, "block": "73_25" }, "geometry": { "type": "Polygon", "coordinates": [ [ [ 73.076111951492834, 25.109290691493211 ], [ 73.077268893964501, 25.108761067954095 ], [ 73.077271325645057, 25.108759861261824 ], [ 73.07727934118445, 25.108754483624779 ], [ 73.077287897096966, 25.108749695386489 ], [ 73.077290598964026, 25.108746941602039 ], [ 73.077293841204437, 25.108744777217133 ], [ 73.077299965436211, 25.108737599791738 ], [ 73.077306630041178, 25.108730836356468 ], [ 73.077308341223514, 25.108727528231256 ], [ 73.077310862965859, 25.108724577979192 ], [ 73.077314465454904, 25.108716140994314 ], [ 73.077318788441659, 25.108707963648815 ], [ 73.077913918846377, 25.107006953380516 ], [ 73.081923533902966, 25.108623593112057 ], [ 73.080450861124163, 25.112982129567825 ], [ 73.077045989805782, 25.11034350136622 ], [ 73.076111951492834, 25.109290691493211 ] ] ] } },
{ "type": "Feature", "properties": { "polygon_id": "farmforest_199", "source": "farmforest", "raw_class": "5", "core_class": "greenery", "lon": 75.051978313048039, "lat": 15.409164422730257, "block": "75_15" }, "geometry": { "type": "Polygon", "coordinates": [ [ [ 75.051763861562335, 15.410393390594491 ], [ 75.051520812228802, 15.412453031105695 ], [ 75.049739152187584, 15.412168051471049 ], [ 75.049837727794056, 15.411808908507838 ], [ 75.049838351690113, 15.41180642723474 ], [ 75.049838440818121, 15.411806172233298 ], [ 75.049838529946115, 15.411805917231861 ], [ 75.049839599482212, 15.41179354469724 ], [ 75.049840758146274, 15.411781178260636 ], [ 75.049840669018266, 15.411780911064865 ], [ 75.049840758146274, 15.41178056903059 ], [ 75.04973041763725, 15.409963183063846 ], [ 75.050300568866462, 15.408558587585219 ], [ 75.051146210717405, 15.408730260288959 ], [ 75.051148795408437, 15.408730698152954 ], [ 75.051153340899489, 15.408730921990905 ], [ 75.051157886390413, 15.408731929113674 ], [ 75.051166442608263, 15.40873138286794 ], [ 75.051175087952913, 15.408731713033879 ], [ 75.051179544315943, 15.408730625300759 ], [ 75.051184178933383, 15.408730333043437 ], [ 75.051192289513565, 15.408727580527357 ], [ 75.051200667475086, 15.408725542550521 ], [ 75.051204589073947, 15.408723286832188 ], [ 75.051208956308926, 15.408721844876021 ], [ 75.051215908233729, 15.408716924357602 ], [ 75.051223394921664, 15.408712736664819 ], [ 75.051226514374861, 15.408709555770166 ], [ 75.051230257718615, 15.408706939733515 ], [ 75.051235605352417, 15.408700342926188 ], [ 75.05124148774938, 15.408694391912938 ], [ 75.051243626802773, 15.408690447714925 ], [ 75.051246478873907, 15.408686900406956 ], [ 75.051249687453875, 15.408679199960902 ], [ 75.051253609051514, 15.408671809373251 ], [ 75.051254500323708, 15.408667431712916 ], [ 75.051256193740841, 15.408663282974658 ], [ 75.051841401976063, 15.406327178013585 ], [ 75.054381230807621, 15.40685008916536 ], [ 75.054032749821218, 15.407924170647794 ], [ 75.054032036815869, 15.40792655879655 ], [ 75.054031056433487, 15.407933976527371 ], [ 75.054029095668739, 15.40794115316171 ], [ 75.054029273920065, 15.407946474309814 ], [ 75.054028560914702, 15.407951734519431 ], [ 75.054029719548424, 15.407959124439763 ], [ 75.054029897799779, 15.407966534360046 ], [ 75.05403159118751, 15.407971610976228 ], [ 75.054032482444214, 15.40797689384422 ], [ 75.054035690968263, 15.407983640635559 ], [ 75.054038097361271, 15.407990680711043 ], [ 75.054041216759543, 15.407995071540704 ], [ 75.054043444901154, 15.407999923624791 ], [ 75.054048525063862, 15.40800549290619 ], [ 75.054052892221165, 15.408011709694271 ], [ 75.05405717025269, 15.408015048326709 ], [ 75.054060735278867, 15.408019121497908 ], [ 75.054067241451435, 15.408023134670531 ], [ 75.054073212869866, 15.408027894569727 ], [ 75.054078293031651, 15.408029982564383 ], [ 75.054082927565062, 15.408032823379465 ], [ 75.054090324993098, 15.408034982782441 ], [ 75.054097365918267, 15.408037901099673 ], [ 75.055513922453585, 15.408409253406779 ], [ 75.053442112920791, 15.409427043108403 ], [ 75.05256626933523, 15.409461927284543 ], [ 75.052563684667092, 15.409462098656999 ], [ 75.052552009096715, 15.40946443336968 ], [ 75.052540244399012, 15.409466587921397 ], [ 75.052539174880991, 15.409467124007563 ], [ 75.052537927109952, 15.40946738680608 ], [ 75.052527410182307, 15.409472846889884 ], [ 75.052516715000962, 15.409477946652707 ], [ 75.052515823735817, 15.409478843058833 ], [ 75.05251475421764, 15.409479379144802 ], [ 75.052506198071924, 15.409487497261351 ], [ 75.052497463672708, 15.40949525505722 ], [ 75.051784004248148, 15.410346987277174 ], [ 75.051782399963528, 15.410348966338452 ], [ 75.051776606713389, 15.410359014038981 ], [ 75.051770546082253, 15.410368782354043 ], [ 75.051770189574526, 15.410370063461695 ], [ 75.051769565686016, 15.410371152216582 ], [ 75.05176689187806, 15.410382283596864 ], [ 75.051763861562335, 15.410393390594491 ] ] ] } },
{ "type": "Feature", "properties": { "polygon_id": "farmforest_202", "source": "farmforest", "raw_class": "5", "core_class": "greenery", "lon": 80.928418589445712, "lat": 26.807154706309845, "block": "80_26" }, "geometry": { "type": "Polygon", "coordinates": [ [ [ 80.924985121445417, 26.808419089907545 ], [ 80.929146131147974, 26.804899202469684 ], [ 80.931016594999676, 26.807268771889493 ], [ 80.929581836976197, 26.808440010088201 ], [ 80.924985121445417, 26.808419089907545 ] ] ] } },
{ "type": "Feature", "properties": { "polygon_id": "farmforest_203", "source": "farmforest", "raw_class": "5", "core_class": "greenery", "lon": 75.220194369302007, "lat": 13.685574522997102, "block": "75_13" }, "geometry": { "type": "Polygon", "coordinates": [ [ [ 75.221131084796383, 13.684446474980659 ], [ 75.221128591919509, 13.684446926135097 ], [ 75.221122893915066, 13.684448903854417 ], [ 75.221117017847789, 13.684449924266369 ], [ 75.221110607592308, 13.684452977395756 ], [ 75.221103930242563, 13.684455325957678 ], [ 75.221099033519238, 13.684458642960998 ], [ 75.221093602607738, 13.684461325246442 ], [ 75.221088438790062, 13.684466002793455 ], [ 75.221082651752823, 13.684470040223591 ], [ 75.22107891243634, 13.684474546014561 ], [ 75.221074460868962, 13.684478578382356 ], [ 75.219946340564647, 13.68582967271359 ], [ 75.219945539276694, 13.685830656676771 ], [ 75.21994473798874, 13.68583164063995 ], [ 75.219938683812998, 13.685842115351186 ], [ 75.21993245157303, 13.685852493215918 ], [ 75.219932273509016, 13.685853170791082 ], [ 75.219931917381004, 13.685853751519524 ], [ 75.219929157388933, 13.685865458591424 ], [ 75.219926130300792, 13.685877149464305 ], [ 75.219926130300792, 13.685877837839449 ], [ 75.219926041268778, 13.685878434767766 ], [ 75.219926664492817, 13.685890519133061 ], [ 75.219927198684843, 13.685902512052694 ], [ 75.219927376748856, 13.685903125180964 ], [ 75.219927465780856, 13.685903818956202 ], [ 75.219931561253006, 13.685915167406023 ], [ 75.219935478661043, 13.685926591104128 ], [ 75.219996198473055, 13.686044716359755 ], [ 75.219362734753474, 13.687432184242459 ], [ 75.218845990269486, 13.688096620416987 ], [ 75.218623942750639, 13.688263162211891 ], [ 75.218621984030136, 13.688264764344098 ], [ 75.21861477237718, 13.688272243259398 ], [ 75.21860729362561, 13.688279447826092 ], [ 75.218605958134219, 13.6882816040563 ], [ 75.218604266511775, 13.688283394488636 ], [ 75.218599547775398, 13.6882925735078 ], [ 75.218594383875029, 13.688301467375977 ], [ 75.21859376064566, 13.688303924961639 ], [ 75.21859260321969, 13.688306178042827 ], [ 75.218590733531556, 13.688316218291861 ], [ 75.218588329646806, 13.688326226133201 ], [ 75.218535978369374, 13.688881675661634 ], [ 75.218112804897558, 13.689009253579858 ], [ 75.217115186472782, 13.688538619268044 ], [ 75.217340619414429, 13.68793980979274 ], [ 75.218213056070098, 13.687767122934344 ], [ 75.218214925762766, 13.687766720076697 ], [ 75.218215548993655, 13.687766585790817 ], [ 75.218227390379909, 13.687762055262899 ], [ 75.218239320798247, 13.687757702230664 ], [ 75.218239587897159, 13.687757460291737 ], [ 75.218239944029037, 13.687757395849408 ], [ 75.218250004754196, 13.687749831673596 ], [ 75.218260154511668, 13.68774235894613 ], [ 75.21882159532899, 13.687194134589397 ], [ 75.21933344311509, 13.686823600064782 ], [ 75.219335490858981, 13.686822003330052 ], [ 75.219339764411373, 13.686817702046083 ], [ 75.219344572157681, 13.686813949449235 ], [ 75.21934866764515, 13.686808518748601 ], [ 75.219353475391188, 13.686803647536108 ], [ 75.219356324425789, 13.686798313322912 ], [ 75.219359974751313, 13.686793457951044 ], [ 75.219362289591842, 13.686787058766932 ], [ 75.219365494755593, 13.68678114382468 ], [ 75.219366652175836, 13.686775190718352 ], [ 75.219368788951613, 13.686769555159673 ], [ 75.219369234113231, 13.686762784423939 ], [ 75.21937056959807, 13.686756239788082 ], [ 75.21937003540414, 13.686750184073389 ], [ 75.219370391533417, 13.686744182363872 ], [ 75.219331573435852, 13.686274677860283 ], [ 75.219509014798319, 13.685683284897872 ], [ 75.220344936289706, 13.684662618566708 ], [ 75.220345203384994, 13.684662290579858 ], [ 75.221170080508003, 13.683645599868617 ], [ 75.22117168307129, 13.683643631944978 ], [ 75.221175511416845, 13.683636722285934 ], [ 75.221180141043902, 13.683630291443228 ], [ 75.221181743607076, 13.683625656100856 ], [ 75.221184147451822, 13.683621327483221 ], [ 75.221185839046228, 13.683613685938056 ], [ 75.221188420953482, 13.683606184424862 ], [ 75.221342355966456, 13.68279412789234 ], [ 75.221979907051661, 13.68234034637474 ], [ 75.22250278424336, 13.682779902540371 ], [ 75.22241882842917, 13.683535715750102 ], [ 75.222418561337435, 13.683538194892551 ], [ 75.222418650368013, 13.683538974705412 ], [ 75.222418472306842, 13.683539738324134 ], [ 75.222419451643233, 13.68355158601778 ], [ 75.222420163887861, 13.683563503564535 ], [ 75.222420430979597, 13.683564208127573 ], [ 75.222420520010175, 13.683564987940615 ], [ 75.222424882508477, 13.683576180301923 ], [ 75.222428977914944, 13.683587356470289 ], [ 75.222429512098387, 13.683588077227686 ], [ 75.222429779190108, 13.683588781790895 ], [ 75.222437168727538, 13.683598264674032 ], [ 75.222444380203498, 13.683607908854274 ], [ 75.222445003417462, 13.683608462917597 ], [ 75.222445448570284, 13.68360909223094 ], [ 75.222924877422727, 13.684073641440268 ], [ 75.221772910232275, 13.684461559970661 ], [ 75.221320454290847, 13.684418893350944 ], [ 75.221317872385782, 13.684418650738587 ], [ 75.221307010577874, 13.684419454868996 ], [ 75.22129614876917, 13.684419656674423 ], [ 75.221131084796383, 13.684446474980659 ] ] ] } },
{ "type": "Feature", "properties": { "polygon_id": "farmforest_205", "source": "farmforest", "raw_class": "5", "core_class": "greenery", "lon": 75.891774071226564, "lat": 29.380074428268944, "block": "75_29" }, "geometry": { "type": "Polygon", "coordinates": [ [ [ 75.889852325119733, 29.378309938741037 ], [ 75.890513591556129, 29.376965792187118 ], [ 75.891803499759561, 29.37690927613782 ], [ 75.894596074232652, 29.381934975274238 ], [ 75.893876864637988, 29.382795577703668 ], [ 75.890711235258124, 29.382297291248936 ], [ 75.889237497880657, 29.378990111875265 ], [ 75.889838321588414, 29.378330469097044 ], [ 75.889840005557431, 29.378328481239439 ], [ 75.889845943763859, 29.378319056052174 ], [ 75.889852325119733, 29.378309938741037 ] ] ] } },
{ "type": "Feature", "properties": { "polygon_id": "farmforest_206", "source": "farmforest", "raw_class": "5", "core_class": "greenery", "lon": 78.151107133830706, "lat": 13.147938157345848, "block": "78_13" }, "geometry": { "type": "Polygon", "coordinates": [ [ [ 78.149716671525837, 13.149436468033587 ], [ 78.149522072509455, 13.148613231015217 ], [ 78.149684832819887, 13.148533521436532 ], [ 78.149687094586199, 13.148532329119337 ], [ 78.149687877505286, 13.148531760035647 ], [ 78.149688921397399, 13.148531376074217 ], [ 78.149698403417034, 13.148524205128245 ], [ 78.14970805941779, 13.148517301757007 ], [ 78.149708668354734, 13.148516465098135 ], [ 78.149709538264673, 13.148515900057657 ], [ 78.149716584534843, 13.148506453494663 ], [ 78.149723891777498, 13.148497105557782 ], [ 78.149724239741403, 13.148496170272947 ], [ 78.149724848678275, 13.1484953336141 ], [ 78.149728937254253, 13.148484365641764 ], [ 78.149733286803013, 13.148473409799854 ], [ 78.149733373793978, 13.148472462385371 ], [ 78.149733721757869, 13.148471440604506 ], [ 78.14973450467663, 13.148459800013047 ], [ 78.149735548568287, 13.148448171552415 ], [ 78.149735287595362, 13.148447121468971 ], [ 78.149735374586342, 13.148446087558535 ], [ 78.149732764857163, 13.148434721763422 ], [ 78.149730416100851, 13.148423281603131 ], [ 78.149729894155001, 13.148422305886314 ], [ 78.149729720173042, 13.148421346342486 ], [ 78.14948370940678, 13.147786968961256 ], [ 78.149491190647851, 13.147730489072602 ], [ 78.149763037711637, 13.147637339602923 ], [ 78.149765473458174, 13.147636501355906 ], [ 78.14977678228064, 13.147630366787823 ], [ 78.14978817809282, 13.147624236262047 ], [ 78.14979739913079, 13.147615150307335 ], [ 78.149806533177042, 13.147606146805005 ], [ 78.149812796522582, 13.147595020486584 ], [ 78.149818972876858, 13.147583803630086 ], [ 78.149821756585709, 13.147571477647473 ], [ 78.149824540294489, 13.147559151665883 ], [ 78.149823670385501, 13.147546396394519 ], [ 78.1498228004765, 13.14753381411558 ], [ 78.149721282048034, 13.147067383977999 ], [ 78.150729676718456, 13.14684195931439 ], [ 78.150732112442725, 13.146841380539797 ], [ 78.150738984664528, 13.146838586060941 ], [ 78.150746117856286, 13.146836668661404 ], [ 78.152201191931752, 13.146215431845928 ], [ 78.152430755506472, 13.147140615130811 ], [ 78.152178661792803, 13.14720700751597 ], [ 78.152176226101815, 13.147207672804271 ], [ 78.152173355465948, 13.147208923353849 ], [ 78.152170310852057, 13.147209560348429 ], [ 78.152161524965763, 13.147214255367345 ], [ 78.152152565100764, 13.147218336830869 ], [ 78.152150129409179, 13.147220299556801 ], [ 78.152147432750567, 13.147221817677494 ], [ 78.152140386642273, 13.147228669435529 ], [ 78.152132818599497, 13.147234977966381 ], [ 78.152131165808484, 13.147237582541006 ], [ 78.152128904094411, 13.147239726342457 ], [ 78.15212411969911, 13.147248153621568 ], [ 78.152118726380493, 13.147256293119394 ], [ 78.152117856490378, 13.147259280055568 ], [ 78.152116377677146, 13.14726197921023 ], [ 78.152114202951779, 13.147271392708616 ], [ 78.152111332314206, 13.147280687375757 ], [ 78.152111332314206, 13.147283714732311 ], [ 78.152110636402071, 13.147286709752985 ], [ 78.152111245325202, 13.147296425588667 ], [ 78.152111245325202, 13.147306026635254 ], [ 78.152112028226355, 13.147309003874527 ], [ 78.152112289193411, 13.147312043357802 ], [ 78.152143518246021, 13.147459153671548 ], [ 78.152144040179977, 13.147461599812777 ], [ 78.152145432003806, 13.147465124326876 ], [ 78.152146127915742, 13.147468875992967 ], [ 78.152150216398155, 13.147476937108838 ], [ 78.152153521979585, 13.147485221335227 ], [ 78.152155957671098, 13.147488275378198 ], [ 78.152157610461728, 13.147491639027201 ], [ 78.152163873668101, 13.147498244266529 ], [ 78.152169440962354, 13.147505336146457 ], [ 78.152172572565235, 13.147507644061605 ], [ 78.152175269223207, 13.147510450743113 ], [ 78.152183098229813, 13.147515052834127 ], [ 78.152190492291069, 13.147520326683827 ], [ 78.152194145827039, 13.147521620898276 ], [ 78.152197451407091, 13.147523590913361 ], [ 78.152206324279334, 13.147525992610365 ], [ 78.152215023172985, 13.147528991695856 ], [ 78.152218850685955, 13.147529256040945 ], [ 78.152222678198797, 13.147530298850929 ], [ 78.15223181203568, 13.147530117790124 ], [ 78.152241032860701, 13.147530719235949 ], [ 78.152244860372747, 13.147529859131147 ], [ 78.152248687884637, 13.147529777491284 ], [ 78.152560629638657, 13.147480697237555 ], [ 78.152832642793314, 13.14860429875757 ], [ 78.152556193217464, 13.148756662121674 ], [ 78.149716671525837, 13.149436468033587 ] ] ] } },
{ "type": "Feature", "properties": { "polygon_id": "farmforest_215", "source": "farmforest", "raw_class": "5", "core_class": "greenery", "lon": 74.009253849523375, "lat": 16.430720513333693, "block": "74_16" }, "geometry": { "type": "Polygon", "coordinates": [ [ [ 74.008406344119635, 16.429178350550298 ], [ 74.009347526666843, 16.429702492542511 ], [ 74.009349768212587, 16.429703713145333 ], [ 74.009351023478189, 16.429704159512976 ], [ 74.009352099420127, 16.42970494071875 ], [ 74.009363396810116, 16.429708609248021 ], [ 74.009374514875802, 16.429712612615123 ], [ 74.009375859803058, 16.42971271717391 ], [ 74.009377115068489, 16.429713163541464 ], [ 74.010282966251907, 16.429877843231981 ], [ 74.010295249862139, 16.430669486013254 ], [ 74.010295339523523, 16.430671934459831 ], [ 74.010297312074002, 16.430682202497682 ], [ 74.010298746656133, 16.43069251590881 ], [ 74.010299732931358, 16.430694598082763 ], [ 74.010300181238279, 16.430696900020521 ], [ 74.01030502295292, 16.43070617037769 ], [ 74.010309416360542, 16.430715754665403 ], [ 74.010310940603972, 16.430717529880308 ], [ 74.010312106201894, 16.430719625995643 ], [ 74.010319458434722, 16.430727173225034 ], [ 74.010326452021786, 16.4307351285509 ], [ 74.010328424571938, 16.430736502640475 ], [ 74.010330128137966, 16.430738204601035 ], [ 74.010339452920135, 16.430743463704921 ], [ 74.010348419056427, 16.430749305296235 ], [ 74.010350750251774, 16.430750009702827 ], [ 74.01035281246304, 16.43075112917607 ], [ 74.010363302841711, 16.430753775831665 ], [ 74.010373703558471, 16.430756938690219 ], [ 74.010832858774364, 16.430830040994582 ], [ 74.011056114866264, 16.431215712724832 ], [ 74.011057459781711, 16.431217909985314 ], [ 74.011064005036644, 16.431225743288813 ], [ 74.011070191647264, 16.431234071887985 ], [ 74.011072253850756, 16.431235627342641 ], [ 74.011073957410161, 16.43123767809255 ], [ 74.011082654528934, 16.431243498782504 ], [ 74.011090903342264, 16.431249807797585 ], [ 74.011093413850588, 16.431250787731241 ], [ 74.011095655375854, 16.431252269930543 ], [ 74.011105697408738, 16.431255579292291 ], [ 74.01111547045808, 16.431259390919493 ], [ 74.011357465346251, 16.431317267521781 ], [ 74.010559930089272, 16.43162706964582 ], [ 74.009826409901748, 16.431666305001048 ], [ 74.009823809715172, 16.431666538818511 ], [ 74.00981887832674, 16.431667550541775 ], [ 74.009813767614943, 16.431667850755773 ], [ 74.009805967054589, 16.431670383320395 ], [ 74.009797987170671, 16.431672204375463 ], [ 74.009793593751311, 16.431674565862352 ], [ 74.009788752023709, 16.43167610773078 ], [ 74.009263423851692, 16.431934780552041 ], [ 74.007441306656943, 16.430932657892757 ], [ 74.008241186144289, 16.429989148497278 ], [ 74.008242800066554, 16.429987181309667 ], [ 74.008247193521569, 16.429979675387919 ], [ 74.008252304275217, 16.429972574014368 ], [ 74.008253649210374, 16.42996866763206 ], [ 74.0082558011066, 16.429965085574654 ], [ 74.008257863340461, 16.429956700844031 ], [ 74.008260732535348, 16.429948466049233 ], [ 74.008406344119635, 16.429178350550298 ] ] ] } },
{ "type": "Feature", "properties": { "polygon_id": "farmforest_216", "source": "farmforest", "raw_class": "5", "core_class": "greenery", "lon": 73.087556071512694, "lat": 25.161397630837076, "block": "73_25" }, "geometry": { "type": "Polygon", "coordinates": [ [ [ 73.084871553012803, 25.160354977800942 ], [ 73.084872993961184, 25.160352778696282 ], [ 73.084876326154244, 25.160345188510576 ], [ 73.084880468880698, 25.160337868566184 ], [ 73.084881459532653, 25.160333424417775 ], [ 73.084883350777318, 25.160329173356455 ], [ 73.084884161310725, 25.160321024986569 ], [ 73.084885872436828, 25.160312894315808 ], [ 73.084885422140474, 25.160308456925435 ], [ 73.084885962496088, 25.160303960079805 ], [ 73.084884251369999, 25.160295867383713 ], [ 73.084883440836592, 25.160287616999057 ], [ 73.084881639651201, 25.160283459988062 ], [ 73.084880648999231, 25.160278959361506 ], [ 73.084876506272778, 25.160271634430075 ], [ 73.084873264139006, 25.16026397642236 ], [ 73.084136037753751, 25.159081088532183 ], [ 73.086261973936999, 25.158148092543989 ], [ 73.087243611998346, 25.15938202598096 ], [ 73.085643719927944, 25.160285473587191 ], [ 73.085641378394683, 25.160286778073178 ], [ 73.085639847392144, 25.16028800201989 ], [ 73.085637956153718, 25.160288920729055 ], [ 73.085629400551042, 25.160296425874023 ], [ 73.085620394653162, 25.160303615241375 ], [ 73.085619313945386, 25.160305242658065 ], [ 73.08561778294272, 25.160306554298355 ], [ 73.085611839049861, 25.160315943559969 ], [ 73.085605534920902, 25.160325202971229 ], [ 73.085604904508003, 25.160326970775724 ], [ 73.085603913859131, 25.160328608730797 ], [ 73.085601122030525, 25.160339156096061 ], [ 73.085597789847952, 25.160349552533631 ], [ 73.085597789847952, 25.160351481803783 ], [ 73.08559733955299, 25.160353270685651 ], [ 73.085597879906928, 25.160364120292428 ], [ 73.085597969965931, 25.160375004898793 ], [ 73.085598510319869, 25.160376734319577 ], [ 73.085598690437848, 25.160378596973178 ], [ 73.08560256297433, 25.160388871881462 ], [ 73.085605985215835, 25.160399269483587 ], [ 73.085607065923668, 25.160400886749194 ], [ 73.085607696336567, 25.160402626708752 ], [ 73.086263144700467, 25.16156638342132 ], [ 73.086263594994108, 25.161567049973048 ], [ 73.086892384181922, 25.162659634974073 ], [ 73.086893645000671, 25.162661799475313 ], [ 73.086898778334131, 25.162667924894713 ], [ 73.086903101141175, 25.162674481630045 ], [ 73.086907243831163, 25.162677948000336 ], [ 73.086910666053271, 25.162682031613116 ], [ 73.08691742043888, 25.162686592848537 ], [ 73.086923544414972, 25.162691781864979 ], [ 73.086928677747764, 25.162694136444482 ], [ 73.086933180671167, 25.162697118805127 ], [ 73.086941105816152, 25.162699800081032 ], [ 73.086948580668547, 25.162703217909062 ], [ 73.086954164293076, 25.162704222077721 ], [ 73.086959477742099, 25.16270598387591 ], [ 73.086967853178422, 25.162706525494769 ], [ 73.086976138556011, 25.162707933514017 ], [ 73.086981812238335, 25.162707457422972 ], [ 73.086987485920488, 25.162707770577235 ], [ 73.086995681238918, 25.162706186462163 ], [ 73.087004056673948, 25.162705500363142 ], [ 73.087009370121805, 25.162703579013073 ], [ 73.08701486368642, 25.162702467985461 ], [ 73.087022338536428, 25.162698870292537 ], [ 73.087030173619908, 25.162696016304828 ], [ 73.09092183562889, 25.160668879110709 ], [ 73.092307176852032, 25.161542675833683 ], [ 73.086812052000937, 25.164230299789132 ], [ 73.084700260211321, 25.160610114913478 ], [ 73.084871553012803, 25.160354977800942 ] ] ] } },
{ "type": "Feature", "properties": { "polygon_id": "farmforest_225", "source": "farmforest", "raw_class": "5", "core_class": "greenery", "lon": 74.647883257680817, "lat": 18.05905277410319, "block": "74_18" }, "geometry": { "type": "Polygon", "coordinates": [ [ [ 74.64520362766001, 18.058917771870014 ], [ 74.644341789000919, 18.058808589357277 ], [ 74.644477060253621, 18.056897162551543 ], [ 74.649179680014655, 18.056814784962846 ], [ 74.650573626211298, 18.058597089053254 ], [ 74.650706569594604, 18.061523488337631 ], [ 74.647339800139491, 18.061766403634323 ], [ 74.646177144516869, 18.059462962606588 ], [ 74.646175983018779, 18.059460756181913 ], [ 74.646175804326774, 18.059460565685221 ], [ 74.646175714980771, 18.059460294401205 ], [ 74.64616812057001, 18.059450173881903 ], [ 74.646160526158894, 18.059440053363151 ], [ 74.646160347466875, 18.05943986286648 ], [ 74.646160168774855, 18.059439672369813 ], [ 74.646149893982809, 18.059431975470591 ], [ 74.646139619190137, 18.059424278571491 ], [ 74.646139351152073, 18.059424168862112 ], [ 74.646139172460025, 18.059423978365459 ], [ 74.645238472797402, 18.058929041564717 ], [ 74.645236149788474, 18.058927885371968 ], [ 74.645232575928489, 18.058926539930155 ], [ 74.645229359454476, 18.058924607290063 ], [ 74.645220156764552, 18.058922190183772 ], [ 74.64521113276713, 18.058918995382577 ], [ 74.645207290867106, 18.058918772473593 ], [ 74.64520362766001, 18.058917771870014 ] ] ] } },
{ "type": "Feature", "properties": { "polygon_id": "farmforest_230", "source": "farmforest", "raw_class": "5", "core_class": "greenery", "lon": 76.855720854955038, "lat": 28.650161761565268, "block": "76_28" }, "geometry": { "type": "Polygon", "coordinates": [ [ [ 76.853159393435789, 28.648904970319801 ], [ 76.858472940774448, 28.64892649565796 ], [ 76.858181635521973, 28.651456709918111 ], [ 76.853030495748058, 28.651383711918793 ], [ 76.853159393435789, 28.648904970319801 ] ] ] } },
{ "type": "Feature", "properties": { "polygon_id": "farmforest_235", "source": "farmforest", "raw_class": "5", "core_class": "greenery", "lon": 76.854146935497369, "lat": 28.640992809598711, "block": "76_28" }, "geometry": { "type": "Polygon", "coordinates": [ [ [ 76.853213240075135, 28.639951241427902 ], [ 76.855052194326561, 28.639878960440125 ], [ 76.855097505758025, 28.642038639754148 ], [ 76.853217287370612, 28.642086839390061 ], [ 76.853213240075135, 28.639951241427902 ] ] ] } },
{ "type": "Feature", "properties": { "polygon_id": "farmforest_236", "source": "farmforest", "raw_class": "5", "core_class": "greenery", "lon": 74.682456201468639, "lat": 31.432045880308198, "block": "74_31" }, "geometry": { "type": "Polygon", "coordinates": [ [ [ 74.685815626967155, 31.43427488450336 ], [ 74.6858143764142, 31.434272604821302 ], [ 74.685807944998786, 31.434264588322218 ], [ 74.685802138859657, 31.434256222553394 ], [ 74.685799637753519, 31.434254130857166 ], [ 74.685797583273441, 31.434251668122883 ], [ 74.685788829401531, 31.434245495927723 ], [ 74.685780522155341, 31.43423886760187 ], [ 74.685777306447022, 31.434237454657858 ], [ 74.685774626690048, 31.434235596468238 ], [ 74.68576408631219, 31.434231759343177 ], [ 74.685753992559896, 31.434227295903256 ], [ 74.685750508875344, 31.43422678631747 ], [ 74.685747203841203, 31.434225532672261 ], [ 74.68573594885963, 31.434224416505945 ], [ 74.68572469387729, 31.434222619602313 ], [ 74.681251583251864, 31.434046265154233 ], [ 74.678295617499828, 31.430322088899 ], [ 74.680580820882881, 31.428536777808461 ], [ 74.687789702664531, 31.434511498637566 ], [ 74.686400080821059, 31.43535775557282 ], [ 74.685815626967155, 31.43427488450336 ] ] ] } },
{ "type": "Feature", "properties": { "polygon_id": "farmforest_237", "source": "farmforest", "raw_class": "5", "core_class": "greenery", "lon": 76.868438213113791, "lat": 28.641104124658149, "block": "76_28" }, "geometry": { "type": "Polygon", "coordinates": [ [ [ 76.871909012343593, 28.642386374987193 ], [ 76.866956124374397, 28.642440949852958 ], [ 76.865916080643714, 28.639935422940102 ], [ 76.866105052190662, 28.639561159026858 ], [ 76.868666784600308, 28.639497028401006 ], [ 76.871909012343593, 28.642386374987193 ] ] ] } },
{ "type": "Feature", "properties": { "polygon_id": "farmforest_238", "source": "farmforest", "raw_class": "5", "core_class": "greenery", "lon": 74.014728653615848, "lat": 16.433466377281864, "block": "74_16" }, "geometry": { "type": "Polygon", "coordinates": [ [ [ 74.015479311200394, 16.430363005486821 ], [ 74.016079038994818, 16.430933669120609 ], [ 74.015985524977708, 16.431809453606064 ], [ 74.015985256001557, 16.431811961442904 ], [ 74.01598597327127, 16.431822044954597 ], [ 74.01598615258871, 16.431832173856204 ], [ 74.015986869858423, 16.431834671144514 ], [ 74.015987049175848, 16.431837301020185 ], [ 74.015990725183116, 16.431846829699047 ], [ 74.015993773579325, 16.431856483997773 ], [ 74.01599520811871, 16.431858688239409 ], [ 74.015996194364519, 16.431861119234512 ], [ 74.016002380815422, 16.431869273458119 ], [ 74.016008118972607, 16.431877741633702 ], [ 74.01695814024373, 16.432922355101756 ], [ 74.016524731729959, 16.434150264989722 ], [ 74.015521271585754, 16.435556049404397 ], [ 74.014301188925216, 16.435709631558172 ], [ 74.01316394436617, 16.435531400946253 ], [ 74.012699773776646, 16.434749417283047 ], [ 74.012562952174633, 16.433894267557051 ], [ 74.012962926451351, 16.432642860215939 ], [ 74.014441685319412, 16.431506349271746 ], [ 74.015247453007362, 16.430932172565338 ], [ 74.015248708234225, 16.430931223751198 ], [ 74.015249515165777, 16.430930588885719 ], [ 74.015258301753533, 16.430921767252958 ], [ 74.015267267658999, 16.430913046753126 ], [ 74.015267446977106, 16.430912624702703 ], [ 74.015267805613306, 16.430912216588514 ], [ 74.015273723110653, 16.430901428028385 ], [ 74.015279730266883, 16.430890559238932 ], [ 74.015479311200394, 16.430363005486821 ] ] ] } },
{ "type": "Feature", "properties": { "polygon_id": "farmforest_241", "source": "farmforest", "raw_class": "5", "core_class": "greenery", "lon": 74.47039364184144, "lat": 17.16806960233653, "block": "74_17" }, "geometry": { "type": "Polygon", "coordinates": [ [ [ 74.470502387461195, 17.165716939857052 ], [ 74.471797424109042, 17.165732690115558 ], [ 74.47169600376516, 17.167421772905595 ], [ 74.471539937954276, 17.16951224234786 ], [ 74.469568577845436, 17.170197362983611 ], [ 74.468320479585941, 17.168746096901955 ], [ 74.469469571018834, 17.167541632284632 ], [ 74.469471359760547, 17.167539844136208 ], [ 74.469475473866424, 17.167533680347223 ], [ 74.469480303468856, 17.167528098542391 ], [ 74.470389965667408, 17.16611018694741 ], [ 74.470390412850506, 17.166109520778409 ], [ 74.470391307216687, 17.166108013137709 ], [ 74.470395868484147, 17.16609697588866 ], [ 74.470400698061326, 17.166086047316021 ], [ 74.470502387461195, 17.165716939857052 ] ] ] } },
{ "type": "Feature", "properties": { "polygon_id": "farmforest_243", "source": "farmforest", "raw_class": "5", "core_class": "greenery", "lon": 76.29206337055308, "lat": 25.865764601910076, "block": "76_25" }, "geometry": { "type": "Polygon", "coordinates": [ [ [ 76.290805609592027, 25.8633440097489 ], [ 76.291267170575438, 25.863557391028479 ], [ 76.291269733325819, 25.863558520814902 ], [ 76.291283254042497, 25.863562291770794 ], [ 76.291296598016444, 25.863566134241466 ], [ 76.291310825695817, 25.863566346867859 ], [ 76.291324788261662, 25.863566622546951 ], [ 76.291338485714093, 25.863563335257613 ], [ 76.291352271535743, 25.863560056428106 ], [ 76.291658917328391, 25.863441723979314 ], [ 76.292602268477538, 25.864321725269793 ], [ 76.293499660961473, 25.865318749418233 ], [ 76.292913329875091, 25.865743810457342 ], [ 76.292911209004387, 25.865745376175877 ], [ 76.292903697587022, 25.865753058710624 ], [ 76.292895744321129, 25.865760256742409 ], [ 76.292894418776768, 25.865762517685322 ], [ 76.292892563014632, 25.865764374104369 ], [ 76.292887702685121, 25.865773637059494 ], [ 76.292882312137635, 25.865782583929242 ], [ 76.2928816935502, 25.865785089439306 ], [ 76.292880456375343, 25.86578735884282 ], [ 76.292878688982654, 25.865797448571758 ], [ 76.292876303002487, 25.865807390632892 ], [ 76.292876479741764, 25.865809972293004 ], [ 76.292876037893578, 25.865812406285773 ], [ 76.2928775401774, 25.865822543758657 ], [ 76.292878335504113, 25.865832790420423 ], [ 76.29287930757009, 25.865835094473862 ], [ 76.29287966104863, 25.865837604616843 ], [ 76.292884167899928, 25.865846968497724 ], [ 76.292888056163648, 25.865856538467934 ], [ 76.293999741457739, 25.867710710606136 ], [ 76.292298717805878, 25.868216254971856 ], [ 76.291306407162011, 25.866713203667722 ], [ 76.291353950578014, 25.866587486463114 ], [ 76.291354834284476, 25.866585183245373 ], [ 76.291355541249629, 25.866581182769625 ], [ 76.291357131921231, 25.86657735535643 ], [ 76.291357750515758, 25.866568659172735 ], [ 76.291359341187317, 25.866560056075127 ], [ 76.291358722592832, 25.866556105540095 ], [ 76.291359076075381, 25.866552071214205 ], [ 76.29135704355059, 25.866543563350724 ], [ 76.29135580636158, 25.86653486633281 ], [ 76.291354038948683, 25.866531159540756 ], [ 76.291353066871565, 25.866527263594417 ], [ 76.291348471597871, 25.866519571584149 ], [ 76.291344583289217, 25.866511593518467 ], [ 76.29134175542832, 25.866508492686254 ], [ 76.291339634532605, 25.86650492892155 ], [ 76.290384786180738, 25.865346301116663 ], [ 76.290731996520805, 25.864995284130195 ], [ 76.290733852313025, 25.864993339307915 ], [ 76.290737829010538, 25.864987617833005 ], [ 76.290742689418437, 25.864982334738123 ], [ 76.290827437229581, 25.864857437996179 ], [ 76.2908288511655, 25.864855273980279 ], [ 76.290829469762457, 25.864853918192935 ], [ 76.290830441843383, 25.864852773133073 ], [ 76.290834683650971, 25.864842124451734 ], [ 76.290839278942386, 25.864831686497034 ], [ 76.290839455684363, 25.864830199958611 ], [ 76.290839985910281, 25.864828835708646 ], [ 76.290840781249159, 25.864817591676449 ], [ 76.290841930071977, 25.864806381493157 ], [ 76.290841664959018, 25.864804941081811 ], [ 76.29084175333, 25.864803534519883 ], [ 76.290839013829412, 25.864792482626527 ], [ 76.290836716183733, 25.864781473044626 ], [ 76.290836009215823, 25.864780167199463 ], [ 76.290835655731854, 25.864778718325656 ], [ 76.290829558133439, 25.864768848325575 ], [ 76.290823902389732, 25.864758843758924 ], [ 76.290822841937768, 25.864757769381331 ], [ 76.290822046598777, 25.864756455073717 ], [ 76.290422343973034, 25.864277664529933 ], [ 76.29062391867275, 25.863529049447823 ], [ 76.290805609592027, 25.8633440097489 ] ] ] } },
{ "type": "Feature", "properties": { "polygon_id": "farmforest_244", "source": "farmforest", "raw_class": "5", "core_class": "greenery", "lon": 76.866307106628199, "lat": 28.647346952323339, "block": "76_28" }, "geometry": { "type": "Polygon", "coordinates": [ [ [ 76.868294479387799, 28.648501815327801 ], [ 76.864433594109585, 28.648505969606113 ], [ 76.864462450464885, 28.646711872512228 ], [ 76.867422214553514, 28.645607097971425 ], [ 76.868294479387799, 28.648501815327801 ] ] ] } },
{ "type": "Feature", "properties": { "polygon_id": "farmforest_245", "source": "farmforest", "raw_class": "5", "core_class": "greenery", "lon": 74.606631419296619, "lat": 18.086739671324676, "block": "74_18" }, "geometry": { "type": "Polygon", "coordinates": [ [ [ 74.608557807394504, 18.085003741731807 ], [ 74.608233320528825, 18.085194511964524 ], [ 74.608231086384137, 18.085195914718124 ], [ 74.608224294584105, 18.08520161195359 ], [ 74.608217055954853, 18.085206656792895 ], [ 74.608214374980975, 18.085209959550866 ], [ 74.608211068446465, 18.085212683407203 ], [ 74.608206242693285, 18.085219948578345 ], [ 74.608200702013534, 18.085226715601621 ], [ 74.608199093429064, 18.08523063355997 ], [ 74.608196769918138, 18.085234141384422 ], [ 74.608194267675557, 18.085242387434977 ], [ 74.60819096114065, 18.085250392119399 ], [ 74.608190603677428, 18.085254499729306 ], [ 74.608189352556096, 18.085258534740831 ], [ 74.608189352556096, 18.085267160094897 ], [ 74.608188548263811, 18.085275720110584 ], [ 74.608343508508625, 18.088154230769142 ], [ 74.60653571966408, 18.087981907361264 ], [ 74.606533038663983, 18.087981689510944 ], [ 74.606529463997134, 18.08798192712857 ], [ 74.606525799963535, 18.087981453371388 ], [ 74.606516148362459, 18.087982781448524 ], [ 74.606506407394178, 18.0879833981503 ], [ 74.606503011460134, 18.087984618446029 ], [ 74.606499347425967, 18.087985112843583 ], [ 74.605177787770003, 18.088357044741564 ], [ 74.603666042623971, 18.087988100075052 ], [ 74.607082374709151, 18.084777472113316 ], [ 74.608457181679015, 18.084462468235525 ], [ 74.608557807394504, 18.085003741731807 ] ] ] } },
{ "type": "Feature", "properties": { "polygon_id": "farmforest_246", "source": "farmforest", "raw_class": "5", "core_class": "greenery", "lon": 73.940153220249144, "lat": 19.6511816151834, "block": "73_19" }, "geometry": { "type": "Polygon", "coordinates": [ [ [ 73.938323749031355, 19.653753109365493 ], [ 73.93956368769895, 19.653490960478685 ], [ 73.939566288835081, 19.653490404016214 ], [ 73.939566827001187, 19.653490188539951 ], [ 73.939567365167278, 19.653490149429537 ], [ 73.939579294515269, 19.653485417129833 ], [ 73.93959122386255, 19.653480773011722 ], [ 73.939591672334245, 19.653480461173668 ], [ 73.939592120805926, 19.653480237518547 ], [ 73.939602166571433, 19.653472511608957 ], [ 73.939612302030739, 19.65346488205989 ], [ 73.939612660808038, 19.65346447386008 ], [ 73.939613019585352, 19.653464153843206 ], [ 73.939620374520075, 19.653454154362485 ], [ 73.939627819148839, 19.65344416305976 ], [ 73.93962799853746, 19.653443650319545 ], [ 73.93962835731476, 19.653443242119664 ], [ 73.939632393559123, 19.653431705464723 ], [ 73.939636609192064, 19.653420185166976 ], [ 73.939636609192064, 19.653419656069367 ], [ 73.939636788580685, 19.653419143329138 ], [ 73.939637326746578, 19.653407023156451 ], [ 73.939637954606795, 19.653394822979756 ], [ 73.939637775218159, 19.653394277524821 ], [ 73.939637864912484, 19.653393844788848 ], [ 73.939606651288003, 19.653112957940909 ], [ 73.939606292510675, 19.653110456106198 ], [ 73.939605574956033, 19.653107921557122 ], [ 73.939605395567369, 19.653105259713907 ], [ 73.939520724100362, 19.652690575470594 ], [ 73.939520185934143, 19.652688145464968 ], [ 73.939516687853668, 19.652679360958338 ], [ 73.939513907328106, 19.652670289148951 ], [ 73.939511934051879, 19.652667463739299 ], [ 73.939510768025016, 19.652664359205108 ], [ 73.939504758501798, 19.652656844808202 ], [ 73.93949937683908, 19.652648946747242 ], [ 73.939496686007658, 19.652646761371813 ], [ 73.939494533342483, 19.652644095970903 ], [ 73.939486550542284, 19.652638429850647 ], [ 73.93947901621371, 19.652632187343691 ], [ 73.939475876910066, 19.65263075472043 ], [ 73.939473006689511, 19.652628817536229 ], [ 73.939463678472478, 19.652625409672041 ], [ 73.939454619338221, 19.652621497246695 ], [ 73.939451121256553, 19.652621001919151 ], [ 73.939447802563635, 19.652619817486752 ], [ 73.939437846484537, 19.652619086036452 ], [ 73.939427980099325, 19.652617569119581 ], [ 73.939424482017174, 19.652618043801422 ], [ 73.93942098393498, 19.652617813021418 ], [ 73.939411117548914, 19.652619647046738 ], [ 73.939401251162352, 19.652620951975003 ], [ 73.938139605263942, 19.652952286613058 ], [ 73.938259437759854, 19.652342851432874 ], [ 73.938865505617585, 19.652037714819759 ], [ 73.938867837679084, 19.652036516545767 ], [ 73.938875372031433, 19.652031030781778 ], [ 73.938883354856813, 19.652026203187404 ], [ 73.938885956002096, 19.65202326580016 ], [ 73.938889095315318, 19.652020994761678 ], [ 73.938894746078986, 19.65201374996089 ], [ 73.938900935010423, 19.652006906961166 ], [ 73.938902639208919, 19.652003446874982 ], [ 73.938904971269963, 19.652000396768827 ], [ 73.938908200277538, 19.651991961137576 ], [ 73.938912146842256, 19.651983855482353 ], [ 73.939277741898962, 19.650815616960511 ], [ 73.93927845945484, 19.650813213278759 ], [ 73.93927998426102, 19.650800565864689 ], [ 73.939281598761696, 19.650787926628769 ], [ 73.939279356399652, 19.650775464834297 ], [ 73.939277114037594, 19.650762914857985 ], [ 73.939062564715329, 19.650126430310163 ], [ 73.939716795894469, 19.650188282954982 ], [ 73.939657597661011, 19.65063631965802 ], [ 73.939657328578079, 19.650638764233108 ], [ 73.939657597661011, 19.650645931543611 ], [ 73.939657059495161, 19.650653025254837 ], [ 73.939658225521157, 19.65065851069388 ], [ 73.93965849460406, 19.650664178903213 ], [ 73.939660916350334, 19.650670925202203 ], [ 73.939662441153516, 19.650677854271549 ], [ 73.939665311371243, 19.650682877810539 ], [ 73.939667194951596, 19.650688164124539 ], [ 73.939671589972363, 19.650694032144521 ], [ 73.939675088050052, 19.650700347482196 ], [ 73.939679213987759, 19.650704339137747 ], [ 73.939682712065292, 19.650708979008996 ], [ 73.939688631888686, 19.650713398766307 ], [ 73.93969383415758, 19.650718546744084 ], [ 73.939699036426333, 19.650721313795366 ], [ 73.93970370052925, 19.65072482542255 ], [ 73.939710696683377, 19.650727579662924 ], [ 73.93971724436588, 19.650731086656865 ], [ 73.939723074493941, 19.650732411849717 ], [ 73.939728635539012, 19.650734594334072 ], [ 73.939736169857866, 19.650735369442955 ], [ 73.939743524787914, 19.650737010020944 ], [ 73.940198363882189, 19.650777155714355 ], [ 73.940200965009808, 19.650777392860103 ], [ 73.940206167264932, 19.650776985325066 ], [ 73.940211279825874, 19.65077745143882 ], [ 73.940219531678352, 19.650776087378961 ], [ 73.940227873224501, 19.650775436957161 ], [ 73.940232716702752, 19.650773762154348 ], [ 73.940237739568957, 19.650772809167339 ], [ 73.940245273868015, 19.650769263302809 ], [ 73.940253077248883, 19.650766535613812 ], [ 73.940257203174269, 19.650763649016156 ], [ 73.940261867263729, 19.650761428761292 ], [ 73.940267966457469, 19.650756076586202 ], [ 73.940274693509167, 19.650751310748344 ], [ 73.940277832799879, 19.650747452371899 ], [ 73.940281599948662, 19.650744092150287 ], [ 73.94028590526149, 19.650737341869057 ], [ 73.940290928126302, 19.650731097919834 ], [ 73.940292722006575, 19.650726499603614 ], [ 73.940295412826941, 19.650722335791627 ], [ 73.94029747578918, 19.650714675614317 ], [ 73.940300435691512, 19.650707273575865 ], [ 73.940300884161559, 19.650702464416447 ], [ 73.940302229571685, 19.650697737030594 ], [ 73.940364656591427, 19.650180505453296 ], [ 73.940364835979381, 19.650178052695228 ], [ 73.940364566897458, 19.650172472661115 ], [ 73.940365194755302, 19.650166974398392 ], [ 73.940363759651632, 19.650159877140453 ], [ 73.940363400875711, 19.650152701643055 ], [ 73.940361427608138, 19.650147407156791 ], [ 73.940360351280361, 19.650141929894147 ], [ 73.940356942909034, 19.650135534565802 ], [ 73.940354431477502, 19.650128780095994 ], [ 73.940350933412091, 19.650124228424808 ], [ 73.94034833228649, 19.650119229429535 ], [ 73.940343130035174, 19.650113993297754 ], [ 73.940338645335657, 19.65010811712256 ], [ 73.940334070942029, 19.650104701882043 ], [ 73.940330034712275, 19.650100542061274 ], [ 73.940323487050492, 19.650096858741357 ], [ 73.940317477552512, 19.650092430841191 ], [ 73.940312006218349, 19.650090344750115 ], [ 73.940306893660079, 19.650087497724545 ], [ 73.939645847706444, 19.649823794320096 ], [ 73.939735541997976, 19.649084098086288 ], [ 73.942395676410413, 19.648973773039462 ], [ 73.941170106851672, 19.651315656947293 ], [ 73.9397685494868, 19.652876928057037 ], [ 73.939766934990203, 19.652878809051643 ], [ 73.939761643029016, 19.652887321178135 ], [ 73.939755723207853, 19.652895423323681 ], [ 73.939754826265229, 19.652898163391423 ], [ 73.939753211768519, 19.652900661665896 ], [ 73.939750610634889, 19.652910212790633 ], [ 73.939747471335636, 19.652919538478887 ], [ 73.9397472919471, 19.652922432157027 ], [ 73.939746574392984, 19.652925276764478 ], [ 73.939746933170028, 19.652935097778133 ], [ 73.939746574392984, 19.652944941547226 ], [ 73.939823532057616, 19.653598604358713 ], [ 73.939273795341691, 19.654532333479125 ], [ 73.938401873294808, 19.654178131236016 ], [ 73.938323749031355, 19.653753109365493 ] ] ] } },
{ "type": "Feature", "properties": { "polygon_id": "farmforest_250", "source": "farmforest", "raw_class": "5", "core_class": "greenery", "lon": 70.450163606920015, "lat": 27.408547701181014, "block": "70_27" }, "geometry": { "type": "Polygon", "coordinates": [ [ [ 70.447788471035551, 27.399170422114285 ], [ 70.447914045583985, 27.398828172627901 ], [ 70.449204202046232, 27.398773271348112 ], [ 70.449206925999135, 27.398773064335309 ], [ 70.449211193525329, 27.39877222095749 ], [ 70.44921546105148, 27.398772151864321 ], [ 70.449225085684844, 27.398769504779526 ], [ 70.449234891914855, 27.398767572294133 ], [ 70.44923861465027, 27.398765789556844 ], [ 70.449242700579362, 27.398764661735363 ], [ 70.449251144832729, 27.398759692599224 ], [ 70.449259952279633, 27.398755464409664 ], [ 70.449263039425944, 27.398752729139279 ], [ 70.449266580564341, 27.398750661958299 ], [ 70.449273118050527, 27.398743781572225 ], [ 70.449280200327138, 27.398737496416626 ], [ 70.449282288690739, 27.398734186077444 ], [ 70.449285103441653, 27.398731239221583 ], [ 70.449744724828676, 27.39808282508406 ], [ 70.461821765313857, 27.400944699956035 ], [ 70.4614366981845, 27.404913902286481 ], [ 70.461436516591817, 27.404916456961736 ], [ 70.461436788980834, 27.404919507636933 ], [ 70.461436334999149, 27.404922625048105 ], [ 70.461437969333218, 27.404932153671695 ], [ 70.461438877296601, 27.404941749030925 ], [ 70.461440148445334, 27.404944600401851 ], [ 70.461440602427018, 27.40494767740951 ], [ 70.461859718154145, 27.406178336050317 ], [ 70.461860626116817, 27.40618070457926 ], [ 70.461863350004762, 27.40618565933519 ], [ 70.46186516593005, 27.40619082655914 ], [ 70.461869705743254, 27.406196904976898 ], [ 70.461873337593786, 27.406203453962338 ], [ 70.461877514221868, 27.40620750094967 ], [ 70.461880964479832, 27.406212044837684 ], [ 70.461887229421862, 27.406216738786735 ], [ 70.461892767993717, 27.406222101702848 ], [ 70.46189803417677, 27.406224930155751 ], [ 70.461902755582216, 27.40622845390876 ], [ 70.461910291671572, 27.406231439456516 ], [ 70.461917282983293, 27.406235206337481 ], [ 70.461923275536122, 27.406236591523083 ], [ 70.461928904903871, 27.40623887040821 ], [ 70.461936985770365, 27.406239784122469 ], [ 70.46194497584051, 27.406241717068646 ], [ 70.461951059189275, 27.40624156682113 ], [ 70.461957233334218, 27.406242290072164 ], [ 70.464269354752815, 27.40623350237578 ], [ 70.464787980403031, 27.406694991462114 ], [ 70.463856142670338, 27.407967217701071 ], [ 70.463854689935587, 27.407969329949271 ], [ 70.463853327996731, 27.407971971562315 ], [ 70.463851421282342, 27.40797436211545 ], [ 70.463847698649474, 27.407983630114416 ], [ 70.463843340445095, 27.407992633887083 ], [ 70.463842886465471, 27.407995579221641 ], [ 70.463841796914366, 27.407998260330668 ], [ 70.463841161342884, 27.408008061990568 ], [ 70.463839799404013, 27.40801784435844 ], [ 70.463840253383651, 27.408020749282034 ], [ 70.463840071791779, 27.408023648079649 ], [ 70.46384252328177, 27.408033209102758 ], [ 70.463844339200264, 27.408042936066007 ], [ 70.463845701139135, 27.408045542479282 ], [ 70.463846427506525, 27.408048400866171 ], [ 70.464729326337164, 27.410099517161125 ], [ 70.464730415886436, 27.410101825964905 ], [ 70.464736862386246, 27.410111536053812 ], [ 70.46474303649866, 27.410121464743657 ], [ 70.464744126047904, 27.410122483057346 ], [ 70.464744943209823, 27.410123719972258 ], [ 70.464754204378281, 27.410131429279058 ], [ 70.464763193159285, 27.410139357186679 ], [ 70.464764645891549, 27.410140084031905 ], [ 70.464765826236516, 27.410141029478396 ], [ 70.464777175707184, 27.410146202514383 ], [ 70.464788343586079, 27.410151607316475 ], [ 70.464789887114051, 27.41015191716372 ], [ 70.464791249050464, 27.410152544810494 ], [ 70.464803778865488, 27.410154619755417 ], [ 70.464816217884433, 27.410157111696982 ], [ 70.464817852208071, 27.410157004546065 ], [ 70.464819395735958, 27.410157314392968 ], [ 70.464832107141802, 27.410156232457052 ], [ 70.464844818547334, 27.410155494650322 ], [ 70.46484627127937, 27.41015501703717 ], [ 70.464847814807172, 27.410154810687573 ], [ 70.464859709050586, 27.41015068514697 ], [ 70.464871694089481, 27.410146830868204 ], [ 70.464872965229944, 27.410145982792763 ], [ 70.464874417961909, 27.410145505179113 ], [ 70.464884496289812, 27.410138535343563 ], [ 70.464894756209006, 27.410131849935386 ], [ 70.4648957549622, 27.410130704264891 ], [ 70.464897026102619, 27.410129856188949 ], [ 70.464904471353549, 27.41012069786381 ], [ 70.464912188991619, 27.410111751099038 ], [ 70.464912824561807, 27.410110466733538 ], [ 70.464913732519207, 27.410109307897134 ], [ 70.46491799991901, 27.410098656385152 ], [ 70.464922630501746, 27.410088143566593 ], [ 70.465497821197786, 27.407930289686419 ], [ 70.466686879567703, 27.40789938503222 ], [ 70.466506287414447, 27.415425409563881 ], [ 70.466506287414447, 27.415427904466281 ], [ 70.466507830937374, 27.415437247586095 ], [ 70.466508648096578, 27.415446743471069 ], [ 70.4667650544324, 27.41647620530555 ], [ 70.449374993866641, 27.413439443288929 ], [ 70.449372179116168, 27.41343894873744 ], [ 70.449369909156133, 27.413438877358015 ], [ 70.449367729994478, 27.413438389028546 ], [ 70.449355653806776, 27.413438614909605 ], [ 70.449343577618819, 27.413438324635489 ], [ 70.449341398457065, 27.413438868613252 ], [ 70.449339128496874, 27.413438883258859 ], [ 70.449327597099, 27.413442027052429 ], [ 70.449315974902461, 27.413444813563654 ], [ 70.449313977337411, 27.413445814025479 ], [ 70.449311888973938, 27.413446457206451 ], [ 70.44417476244351, 27.415614207716008 ], [ 70.443900730124184, 27.415073768434002 ], [ 70.443899549732834, 27.41507144648201 ], [ 70.443899004936839, 27.415070765223778 ], [ 70.443898732538827, 27.415070037491308 ], [ 70.44389101459538, 27.41506022862405 ], [ 70.443883569049802, 27.415050373282224 ], [ 70.4438828426551, 27.415049837704046 ], [ 70.443882297859076, 27.415049156445768 ], [ 70.443871855935228, 27.415041704825192 ], [ 70.443861595609846, 27.415034107523958 ], [ 70.443860778415768, 27.415033816831674 ], [ 70.443860052021037, 27.415033281253411 ], [ 70.443847703310553, 27.415028735639737 ], [ 70.443835445399117, 27.415023945139133 ], [ 70.443834537405664, 27.415023899332652 ], [ 70.443833629412211, 27.415023509434324 ], [ 70.443820372707634, 27.415022186884414 ], [ 70.443807025203384, 27.415020679104195 ], [ 70.443806117209888, 27.415020805343413 ], [ 70.443805209216379, 27.415020759536713 ], [ 70.443792043310452, 27.415022805061685 ], [ 70.443778786604838, 27.415024579333046 ], [ 70.443777969410647, 27.415024890800868 ], [ 70.443777061417094, 27.415025103062753 ], [ 70.44376498510276, 27.415030317582584 ], [ 70.443752908788127, 27.415035360054588 ], [ 70.443752182393268, 27.415035856751008 ], [ 70.443751365199034, 27.415036254241471 ], [ 70.439971011295839, 27.417315885577679 ], [ 70.431749916030853, 27.413521881181865 ], [ 70.430484869508362, 27.412740430821973 ], [ 70.430351935936798, 27.411922687736801 ], [ 70.438608646334515, 27.405595132801889 ], [ 70.439507567886054, 27.405469810390763 ], [ 70.439508748287111, 27.405469637669871 ], [ 70.439510382688553, 27.405469358813857 ], [ 70.439523094699595, 27.405465526776432 ], [ 70.43953589751041, 27.405461965996167 ], [ 70.43953662391101, 27.405461555308833 ], [ 70.439537441111696, 27.405461243829897 ], [ 70.43954851872077, 27.405454421682137 ], [ 70.439559687129687, 27.405447784766171 ], [ 70.445442318988185, 27.400748700119557 ], [ 70.446729485072851, 27.400895144263803 ], [ 70.446732299837279, 27.400895466695449 ], [ 70.446734569808555, 27.400895365950532 ], [ 70.446736839779845, 27.400895781384762 ], [ 70.446748825228056, 27.400894853713186 ], [ 70.446760901474832, 27.400894369365773 ], [ 70.446763080647159, 27.400893739264848 ], [ 70.446765350618321, 27.400893552489407 ], [ 70.446776609675126, 27.400889680419365 ], [ 70.446787959530553, 27.400886251673313 ], [ 70.446789866306247, 27.400885151893878 ], [ 70.446792045478446, 27.400884349732426 ], [ 70.446801579356745, 27.40087790450524 ], [ 70.446811476430199, 27.400871770070658 ], [ 70.446812929211632, 27.400870174260465 ], [ 70.446814745188377, 27.400868975274253 ], [ 70.446821827497672, 27.400860367660673 ], [ 70.446829454599907, 27.400852011162151 ], [ 70.446830271789423, 27.400850151058872 ], [ 70.44683163377195, 27.400848456041999 ], [ 70.446835810518337, 27.400838480461566 ], [ 70.446840441258871, 27.400828656790445 ], [ 70.446840713655376, 27.400826545570403 ], [ 70.446841530844864, 27.400824685466642 ], [ 70.447173945269739, 27.399438711010738 ], [ 70.447732266654683, 27.399225241529585 ], [ 70.44773480901776, 27.39922423393152 ], [ 70.447745614060693, 27.399217972927506 ], [ 70.447756600700771, 27.399211996364198 ], [ 70.447757599486224, 27.399211108916443 ], [ 70.447758779869019, 27.399210419880241 ], [ 70.447767224145906, 27.399201751583632 ], [ 70.447775940818687, 27.399193208840853 ], [ 70.447776576409396, 27.399192096631452 ], [ 70.447777484396141, 27.399191196008434 ], [ 70.447782841517864, 27.399180789299752 ], [ 70.447788471035551, 27.399170422114285 ] ] ] } },
{ "type": "Feature", "properties": { "polygon_id": "farmforest_252", "source": "farmforest", "raw_class": "5", "core_class": "greenery", "lon": 76.966761945789472, "lat": 29.709221085846842, "block": "76_29" }, "geometry": { "type": "Polygon", "coordinates": [ [ [ 76.961547501119227, 29.702465047215746 ], [ 76.961505217765819, 29.70080762892464 ], [ 76.96452057311383, 29.700110104234952 ], [ 76.967128335649861, 29.699945663086076 ], [ 76.967131236453568, 29.699945431079275 ], [ 76.967133873547795, 29.699944912311004 ], [ 76.967136598545096, 29.699944836451039 ], [ 76.96833778900789, 29.699784376617604 ], [ 76.96877149804692, 29.699984306706565 ], [ 76.96883241408959, 29.700487739621678 ], [ 76.969077572285528, 29.703932715867733 ], [ 76.969077748089006, 29.703935164573739 ], [ 76.969077923892485, 29.703935876712649 ], [ 76.969077923892485, 29.703936658167823 ], [ 76.969081264158504, 29.703948191754595 ], [ 76.969084428620945, 29.703959881485147 ], [ 76.969084868129627, 29.703960533063739 ], [ 76.969085043933092, 29.703961245202553 ], [ 76.969092076071561, 29.703971583631372 ], [ 76.969098844504458, 29.703981982619627 ], [ 76.969099459816533, 29.703982478053529 ], [ 76.969099899325144, 29.703983129632025 ], [ 76.969565953368246, 29.70449200059354 ], [ 76.969897956453948, 29.708418306912733 ], [ 76.970174317348139, 29.71375896000076 ], [ 76.97017449315004, 29.713761495371443 ], [ 76.970175899565191, 29.713766844841722 ], [ 76.970176251168979, 29.71377234969599 ], [ 76.971410374215196, 29.719199287958276 ], [ 76.971543103228939, 29.720388825657935 ], [ 76.97150882223923, 29.721572914831405 ], [ 76.965672035574201, 29.716941453665509 ], [ 76.962011825878577, 29.707544107149001 ], [ 76.963839131474018, 29.706958958328915 ], [ 76.963841768639398, 29.70695809241883 ], [ 76.963849592229707, 29.706954183548437 ], [ 76.963857855347015, 29.706951013082406 ], [ 76.963862162716438, 29.706947882515287 ], [ 76.963867085424184, 29.70694542104895 ], [ 76.963873326714079, 29.706939791630276 ], [ 76.963880271247518, 29.706934753247189 ], [ 76.963883435844906, 29.706930640538079 ], [ 76.963887391591527, 29.70692712762559 ], [ 76.963891523148973, 29.706920159221958 ], [ 76.963896533761002, 29.706913712549817 ], [ 76.963898291870436, 29.706908938718492 ], [ 76.963900929034537, 29.706904599793749 ], [ 76.963902687143914, 29.706896960726482 ], [ 76.963905412213393, 29.706889504850096 ], [ 76.963905588024332, 29.706884573327727 ], [ 76.963906730795372, 29.706879738171192 ], [ 76.963905939646182, 29.706871931871802 ], [ 76.963906203362569, 29.706864143873208 ], [ 76.963904708969665, 29.706859306375627 ], [ 76.963904269442324, 29.706854400353734 ], [ 76.96390101694, 29.706847130185935 ], [ 76.963898731397791, 29.706839522257056 ], [ 76.963203133424571, 29.705408164168052 ], [ 76.963201990646922, 29.705405879626003 ], [ 76.96320119949317, 29.705404845691994 ], [ 76.9632007599633, 29.705403673149149 ], [ 76.961547501119227, 29.702465047215746 ] ] ] } },
{ "type": "Feature", "properties": { "polygon_id": "farmforest_253", "source": "farmforest", "raw_class": "5", "core_class": "greenery", "lon": 74.477293255250316, "lat": 17.181043190131714, "block": "74_17" }, "geometry": { "type": "MultiPolygon", "coordinates": [ [ [ [ 74.4797713485614, 17.184584199794568 ], [ 74.479545175269578, 17.184327506217866 ], [ 74.479543476062247, 17.184325619799004 ], [ 74.47954025651147, 17.184323088239569 ], [ 74.479537662984427, 17.184319992122443 ], [ 74.479455564418643, 17.184246145276788 ], [ 74.479418807858792, 17.184196014699559 ], [ 74.479365059201484, 17.18405960856084 ], [ 74.479364075448871, 17.18405725225989 ], [ 74.47935906725364, 17.184049057851134 ], [ 74.479354685082697, 17.184040561869548 ], [ 74.479246114527029, 17.183888550366092 ], [ 74.479204081427341, 17.183812759945393 ], [ 74.479202829377414, 17.183810557939758 ], [ 74.479199430956115, 17.183806434470828 ], [ 74.479196926856176, 17.183801855137844 ], [ 74.479147470875077, 17.183737141820014 ], [ 74.479098551473186, 17.183598747797053 ], [ 74.479097657151272, 17.183596398513359 ], [ 74.47909595793962, 17.183593372512458 ], [ 74.479094884753309, 17.18359004493918 ], [ 74.479041404293611, 17.183478556031737 ], [ 74.479040331106958, 17.183476280390394 ], [ 74.479038721326958, 17.183473962688321 ], [ 74.479037648140306, 17.183471424064681 ], [ 74.479031209020178, 17.183463555829444 ], [ 74.479025306493185, 17.183455291351468 ], [ 74.479023070687447, 17.183453538204265 ], [ 74.479021282042851, 17.183451381803831 ], [ 74.478963329947817, 17.183397836874317 ], [ 74.478961451870333, 17.18339611176814 ], [ 74.478955549341009, 17.183392230330266 ], [ 74.478950272837338, 17.183387696677574 ], [ 74.478838750765249, 17.183316365272713 ], [ 74.478836514957152, 17.183315050429712 ], [ 74.478833831987373, 17.183313875857163 ], [ 74.478831417314552, 17.183312108690483 ], [ 74.478726334298585, 17.183257411577049 ], [ 74.478616064138549, 17.183176973959981 ], [ 74.47861400719249, 17.183175497816379 ], [ 74.478607389191964, 17.183172173921399 ], [ 74.478601218353418, 17.183168096132771 ], [ 74.478504362989455, 17.183121582755966 ], [ 74.478484419542227, 17.18310161076387 ], [ 74.478770782186203, 17.182990988747473 ], [ 74.479085762669342, 17.182917673459393 ], [ 74.479380620378507, 17.182873636793389 ], [ 74.479383124475817, 17.182873219441305 ], [ 74.479390010743288, 17.182871041709927 ], [ 74.479397075874544, 17.182869666943699 ], [ 74.479495719386435, 17.182836811741389 ], [ 74.479542492310628, 17.182830133826354 ], [ 74.47977868197286, 17.182830062041653 ], [ 74.479839048458118, 17.182838124565709 ], [ 74.479839495617185, 17.182838247273953 ], [ 74.479841641980713, 17.182838503162458 ], [ 74.479853894138699, 17.182838148549624 ], [ 74.479866056864054, 17.182838049908813 ], [ 74.479897268559782, 17.182833571007723 ], [ 74.479899862081538, 17.182833160656195 ], [ 74.479906301169848, 17.182831123172981 ], [ 74.479913008553254, 17.182829983326016 ], [ 74.479918911050433, 17.182827202498892 ], [ 74.479925081842723, 17.182825231647215 ], [ 74.479930716044208, 17.182821553182912 ], [ 74.479936797404321, 17.182818698712925 ], [ 74.479941626719565, 17.182814431198228 ], [ 74.47994699262523, 17.182810819365656 ], [ 74.479951285349642, 17.182805808507389 ], [ 74.479956293527991, 17.182801467350064 ], [ 74.479959691934653, 17.18279603575402 ], [ 74.479963895226987, 17.182791193207525 ], [ 74.479966488747763, 17.182785260222545 ], [ 74.479970066017714, 17.18277966732343 ], [ 74.479982586461986, 17.182751369924468 ], [ 74.480038391859878, 17.182685702774009 ], [ 74.482699770060236, 17.185703850289865 ], [ 74.482671957216482, 17.185768644871775 ], [ 74.482651656520673, 17.185795631893285 ], [ 74.482650225634515, 17.185797711318653 ], [ 74.482647989874906, 17.185802006895909 ], [ 74.482645038672189, 17.185805895748942 ], [ 74.482578144730283, 17.185926361439286 ], [ 74.482576892704401, 17.185928630208064 ], [ 74.482575282956816, 17.185933325500343 ], [ 74.482572778904981, 17.18593777537502 ], [ 74.482537096162432, 17.18603140786557 ], [ 74.482536291288454, 17.186033799343377 ], [ 74.482535486414477, 17.186037593427486 ], [ 74.482534055527395, 17.186041250783997 ], [ 74.482506421518309, 17.186151556433888 ], [ 74.482505706074662, 17.186152113999974 ], [ 74.482472437941325, 17.186158711143115 ], [ 74.482307528069086, 17.186146311857808 ], [ 74.482304934582857, 17.186146196247996 ], [ 74.482302519957727, 17.186146357645541 ], [ 74.48230010533257, 17.186145993065885 ], [ 74.482179731754684, 17.186146025951295 ], [ 74.482177138266579, 17.186146085665186 ], [ 74.482169089510165, 17.186147383394825 ], [ 74.482160951322768, 17.186147885149179 ], [ 74.482000423263216, 17.186179134450771 ], [ 74.481997829772482, 17.186179632475394 ], [ 74.48198674036334, 17.186183760066076 ], [ 74.481975472092046, 17.186187610648268 ], [ 74.481919220155518, 17.186215724492616 ], [ 74.481857691784597, 17.186236324056313 ], [ 74.481809220291169, 17.186239274842066 ], [ 74.481796878838679, 17.186237518539635 ], [ 74.481713082141965, 17.186122248706706 ], [ 74.481711561817306, 17.186120200963259 ], [ 74.481708878891439, 17.186117623780447 ], [ 74.481706821981575, 17.186114569689618 ], [ 74.48161765938741, 17.186016499546785 ], [ 74.481615960200131, 17.186014700773057 ], [ 74.481606927677944, 17.186007593423295 ], [ 74.481598163448069, 17.186000244115142 ], [ 74.481526797559866, 17.185955640515889 ], [ 74.481524561785946, 17.185954325659502 ], [ 74.481514545518493, 17.185950121729988 ], [ 74.481504708112396, 17.185945493507106 ], [ 74.481430122670091, 17.185921939541636 ], [ 74.481327992432739, 17.185863002469343 ], [ 74.481176317294725, 17.185750302055997 ], [ 74.481174170947483, 17.185748818884569 ], [ 74.481170772564312, 17.185747062250648 ], [ 74.481167821336768, 17.185744639367183 ], [ 74.480815462297983, 17.185537751073486 ], [ 74.480663518423398, 17.185424854388483 ], [ 74.480661372069903, 17.185423371217851 ], [ 74.480660388324537, 17.185422855797672 ], [ 74.480659583441962, 17.185422091411304 ], [ 74.480533485126813, 17.185337957568915 ], [ 74.480513094752467, 17.185317687281696 ], [ 74.480511306123034, 17.185315881503712 ], [ 74.480508444315873, 17.185313816281457 ], [ 74.48050602966606, 17.185311260137574 ], [ 74.480413378633287, 17.185236322721394 ], [ 74.480356857902052, 17.185187798435852 ], [ 74.480196149331164, 17.185005400413591 ], [ 74.480194450130128, 17.185003513987112 ], [ 74.480188905368735, 17.184999046921821 ], [ 74.480184165491934, 17.184993941653424 ], [ 74.479992423953277, 17.184842335092057 ], [ 74.479990367023319, 17.18484077127323 ], [ 74.479985627141176, 17.184838208196016 ], [ 74.479981423849338, 17.184834898225031 ], [ 74.479944309672405, 17.184813229435722 ], [ 74.479918821618654, 17.184779322729089 ], [ 74.479881617996725, 17.184713027207366 ], [ 74.479880365951615, 17.184710912850143 ], [ 74.479878219588556, 17.184708202422378 ], [ 74.479876699248038, 17.1847051904195 ], [ 74.479823129594379, 17.184629459556945 ], [ 74.47982268243527, 17.184628898537355 ], [ 74.479821609253392, 17.184627411831958 ], [ 74.47981302379813, 17.184618936986947 ], [ 74.479804617206113, 17.184610213178193 ], [ 74.4797713485614, 17.184584199794568 ] ] ], [ [ [ 74.477328679496907, 17.182152559892092 ], [ 74.477328590063806, 17.18215001074924 ], [ 74.477327874599084, 17.182146798914562 ], [ 74.477327874599084, 17.182143467844725 ], [ 74.477325102173197, 17.182134396885587 ], [ 74.477323134645133, 17.182125213702246 ], [ 74.477321435416343, 17.182122275391116 ], [ 74.477320541085376, 17.182119049535896 ], [ 74.47728485727653, 17.182043231807675 ], [ 74.477283694646033, 17.182040949178969 ], [ 74.477279222990262, 17.182034550135437 ], [ 74.477275466799313, 17.18202768121828 ], [ 74.477271800041407, 17.182024062719641 ], [ 74.477268848748395, 17.18201988668757 ], [ 74.477262677862868, 17.182014932318978 ], [ 74.477257133009005, 17.182009413406526 ], [ 74.477203651990294, 17.181969280658844 ], [ 74.477201505594564, 17.181967709852056 ], [ 74.477191310214437, 17.181962440010381 ], [ 74.477181204266898, 17.181956738881066 ], [ 74.477056355521881, 17.181907768300906 ], [ 74.477053940824646, 17.18190687773863 ], [ 74.477050542361823, 17.181906173038517 ], [ 74.477047322765401, 17.18190478108313 ], [ 74.47703757454255, 17.181903403311722 ], [ 74.47702800518563, 17.1819013382847 ], [ 74.477024517289067, 17.181901503169023 ], [ 74.477021029392418, 17.181901054436484 ], [ 74.477003142741879, 17.181900967208172 ], [ 74.47700054917739, 17.181901026879025 ], [ 74.476999118245246, 17.181901177687816 ], [ 74.476997687313101, 17.181901065517994 ], [ 74.476986060988921, 17.18190330988083 ], [ 74.476974345230687, 17.181905108934419 ], [ 74.476973093164872, 17.181905712061841 ], [ 74.476971662232501, 17.18190603818941 ], [ 74.476923547124912, 17.181922077514514 ], [ 74.476907717430507, 17.181916453651478 ], [ 74.476863805671897, 17.181881892290701 ], [ 74.476713110449467, 17.181713957848093 ], [ 74.476711321781366, 17.181712064446831 ], [ 74.476705866343536, 17.181707692122945 ], [ 74.476701036939431, 17.181702667599119 ], [ 74.476625286824103, 17.181643870951067 ], [ 74.476580391226761, 17.181598888722487 ], [ 74.476578602557311, 17.181597170640977 ], [ 74.476577082188257, 17.181596087206618 ], [ 74.476575830119629, 17.181594674167307 ], [ 74.47654014615965, 17.181563475284928 ], [ 74.476538178622803, 17.181561830841538 ], [ 74.476530845076169, 17.181557311295244 ], [ 74.476523958696731, 17.181552125528643 ], [ 74.475661191597069, 17.181071705365156 ], [ 74.474354646320577, 17.18024513265312 ], [ 74.474059690749669, 17.180035648163035 ], [ 74.474041982667515, 17.180013484979508 ], [ 74.474035901103534, 17.179995388971228 ], [ 74.474024274583584, 17.179917426246124 ], [ 74.474006566497863, 17.179635708469426 ], [ 74.474006387628307, 17.179633152373317 ], [ 74.474005403845723, 17.179629218309646 ], [ 74.474005314410931, 17.179625179044049 ], [ 74.473978573409227, 17.17948247975869 ], [ 74.473978036800474, 17.179480070934698 ], [ 74.473977947365682, 17.179479800950485 ], [ 74.473977947365682, 17.179479625635214 ], [ 74.47397347562584, 17.179467879577956 ], [ 74.473969003885912, 17.179456133521569 ], [ 74.473968914451106, 17.179455951195028 ], [ 74.4739688250163, 17.179455768868479 ], [ 74.473961044188528, 17.179445691862615 ], [ 74.47395335279522, 17.179435621868702 ], [ 74.473953173925608, 17.179435520188491 ], [ 74.473953084490788, 17.179435337861982 ], [ 74.473942710052768, 17.179427774915496 ], [ 74.473932335614109, 17.179420124311591 ], [ 74.473932156744482, 17.17942002263139 ], [ 74.473931977874841, 17.179419920951183 ], [ 74.473919814739062, 17.179415373452247 ], [ 74.47390765160246, 17.179410825952914 ], [ 74.473907383297956, 17.179410804918977 ], [ 74.473907204428301, 17.179410703238762 ], [ 74.473867048184431, 17.179401769755355 ], [ 74.473864454573715, 17.179401215796489 ], [ 74.473859088482456, 17.179400970431683 ], [ 74.473853722391013, 17.179399760833491 ], [ 74.47384585212329, 17.179400195726505 ], [ 74.473837981855226, 17.179399754043509 ], [ 74.473832615763143, 17.179400911198833 ], [ 74.473827249670904, 17.179401191778368 ], [ 74.4736399729493, 17.179436912978932 ], [ 74.47363737933523, 17.179437410906672 ], [ 74.473636663855473, 17.179437705445032 ], [ 74.47363594837573, 17.179437737010847 ], [ 74.473624321829334, 17.179442260285892 ], [ 74.473612605847208, 17.179446513575833 ], [ 74.473611979802342, 17.179446990440525 ], [ 74.473611264322486, 17.179447197321224 ], [ 74.473601426474218, 17.179454665863766 ], [ 74.473591409755414, 17.179461857409926 ], [ 74.47359096258046, 17.179462435954999 ], [ 74.473590336535509, 17.179462912819563 ], [ 74.473585328175872, 17.179469620433704 ], [ 74.473527105984502, 17.179374944061173 ], [ 74.473486144738501, 17.179297136325435 ], [ 74.473405384873999, 17.179093049970749 ], [ 74.473339828943452, 17.17882669201374 ], [ 74.473339202897606, 17.178824276190113 ], [ 74.473335178317157, 17.178815107302501 ], [ 74.473331690347365, 17.178805717512272 ], [ 74.473329991079993, 17.178803480523765 ], [ 74.473328828423362, 17.178800934974966 ], [ 74.473322299659088, 17.178793235255853 ], [ 74.473316218070252, 17.178785132308292 ], [ 74.47329842047813, 17.178767345153705 ], [ 74.473296631775312, 17.178765539440064 ], [ 74.473292786064164, 17.178762871207198 ], [ 74.473289566398961, 17.178759550797015 ], [ 74.473282232716898, 17.178755294262629 ], [ 74.473275256775139, 17.17875036451678 ], [ 74.473270874452609, 17.17874879375827 ], [ 74.47326676043545, 17.178746542776903 ], [ 74.473244222774468, 17.178737500360974 ], [ 74.473244222774468, 17.178735484247316 ], [ 74.473254328948201, 17.178685347756421 ], [ 74.473412629115842, 17.178304615846614 ], [ 74.473666177392715, 17.177928457940272 ], [ 74.473667608351974, 17.177926378691236 ], [ 74.473671275185026, 17.177918163415107 ], [ 74.473675568062632, 17.177910347842978 ], [ 74.473875097320914, 17.17738277921578 ], [ 74.474003078541386, 17.177109329289362 ], [ 74.474004062323985, 17.177107039672368 ], [ 74.474005135541375, 17.177103179244618 ], [ 74.474006924236988, 17.177099550213828 ], [ 74.474113977636861, 17.176774057281406 ], [ 74.474114693114672, 17.176771658977557 ], [ 74.474114961418863, 17.176769926875536 ], [ 74.474115676896659, 17.176768229824813 ], [ 74.474222640795688, 17.176344642367699 ], [ 74.474223177403729, 17.176342230045705 ], [ 74.474223266838393, 17.176341272834144 ], [ 74.4742235351424, 17.176340417299194 ], [ 74.474253495754496, 17.176190593994924 ], [ 74.474270398903528, 17.176143883141282 ], [ 74.479826617435435, 17.182445482131374 ], [ 74.479824113344435, 17.182445285869449 ], [ 74.479814812434682, 17.182445784145305 ], [ 74.479805511524432, 17.182445581135468 ], [ 74.479653298480969, 17.182462491469021 ], [ 74.479525321372407, 17.182455003058774 ], [ 74.479365506361773, 17.182393562436989 ], [ 74.479363091696243, 17.182392671894668 ], [ 74.479352449281166, 17.1823904351875 ], [ 74.479341896297498, 17.182387767187056 ], [ 74.479266147319947, 17.182378849599846 ], [ 74.479263553788854, 17.182378558660449 ], [ 74.479255057738428, 17.182378944671665 ], [ 74.479246561687603, 17.182378454078048 ], [ 74.479192991841913, 17.18238284602403 ], [ 74.47919039830974, 17.182383168706469 ], [ 74.47918610556674, 17.182384234809504 ], [ 74.479181633959342, 17.182384497949315 ], [ 74.479092470084069, 17.182402404844165 ], [ 74.47908996598261, 17.18240290985527 ], [ 74.479085583804945, 17.18240458256814 ], [ 74.479080933330607, 17.182405445308138 ], [ 74.478973882954207, 17.182441060141716 ], [ 74.478971378851043, 17.18244191579203 ], [ 74.478967354399472, 17.182444054841742 ], [ 74.478962972218767, 17.182445464569145 ], [ 74.478796717568144, 17.182524213645987 ], [ 74.478724187921429, 17.182552365480479 ], [ 74.478603364732066, 17.182585760873589 ], [ 74.478468947718397, 17.182611866737282 ], [ 74.478466354175538, 17.182612364726236 ], [ 74.478458394681709, 17.182615334897228 ], [ 74.478450166889942, 17.182617407434602 ], [ 74.478325408478554, 17.182669078099263 ], [ 74.478201186574523, 17.182706326758144 ], [ 74.478121591499885, 17.182721476678431 ], [ 74.478073118976113, 17.182721446461549 ], [ 74.478022768351465, 17.182711977034018 ], [ 74.477860895020015, 17.182636961846114 ], [ 74.477331541355824, 17.182223525647544 ], [ 74.477328679496907, 17.182152559892092 ] ] ] ] } },
{ "type": "Feature", "properties": { "polygon_id": "gt_binary_0", "source": "gt_binary", "raw_class": "1", "core_class": "non_water", "lon": 77.146123382371158, "lat": 14.714711923555823, "block": "77_14" }, "geometry": { "type": "Polygon", "coordinates": [ [ [ 77.146091342925473, 14.714761431086069 ], [ 77.146109160802098, 14.714672296244993 ], [ 77.146153749368352, 14.714663365520359 ], [ 77.146140320136567, 14.71474812191663 ], [ 77.146091342925473, 14.714761431086069 ] ] ] } },
{ "type": "Feature", "properties": { "polygon_id": "gt_binary_1", "source": "gt_binary", "raw_class": "1", "core_class": "non_water", "lon": 77.023354099411705, "lat": 20.533270094792787, "block": "77_20" }, "geometry": { "type": "Polygon", "coordinates": [ [ [ 77.023323352840677, 20.533290825890543 ], [ 77.023327833828588, 20.533259582537347 ], [ 77.02338134208324, 20.53325069631849 ], [ 77.023385735206546, 20.533277436833945 ], [ 77.023323352840677, 20.533290825890543 ] ] ] } },
{ "type": "Feature", "properties": { "polygon_id": "gt_binary_2", "source": "gt_binary", "raw_class": "1", "core_class": "non_water", "lon": 78.572848625969939, "lat": 19.434200750816519, "block": "78_19" }, "geometry": { "type": "Polygon", "coordinates": [ [ [ 78.572798557877334, 19.434238330366544 ], [ 78.572807481335715, 19.434158132020222 ], [ 78.572905552690244, 19.434171507011374 ], [ 78.572887705790066, 19.43423834953186 ], [ 78.572798557877334, 19.434238330366544 ] ] ] } },
{ "type": "Feature", "properties": { "polygon_id": "gt_binary_3", "source": "gt_binary", "raw_class": "1", "core_class": "non_water", "lon": 96.471743302899966, "lat": 28.078813884664356, "block": "96_28" }, "geometry": { "type": "Polygon", "coordinates": [ [ [ 96.471656939343234, 28.078803263544618 ], [ 96.471683694437871, 28.078763145403904 ], [ 96.4718397524952, 28.078838933323148 ], [ 96.47181747008095, 28.078861234744949 ], [ 96.471656939343234, 28.078803263544618 ] ] ] } },
{ "type": "Feature", "properties": { "polygon_id": "gt_binary_7", "source": "gt_binary", "raw_class": "1", "core_class": "non_water", "lon": 83.398412112066993, "lat": 23.341965325447699, "block": "83_23" }, "geometry": { "type": "Polygon", "coordinates": [ [ [ 83.398393107912796, 23.341944843212588 ], [ 83.398428800065162, 23.341940378046328 ], [ 83.398433200466144, 23.341984960743073 ], [ 83.398393107912796, 23.341989421485604 ], [ 83.398393107912796, 23.341944843212588 ] ] ] } },
{ "type": "Feature", "properties": { "polygon_id": "gt_binary_8", "source": "gt_binary", "raw_class": "1", "core_class": "non_water", "lon": 91.662702382436493, "lat": 26.490387949574, "block": "91_26" }, "geometry": { "type": "Polygon", "coordinates": [ [ [ 91.662654637254093, 26.490351065273266 ], [ 91.662690362388389, 26.490319871893412 ], [ 91.662752770266309, 26.490422376621201 ], [ 91.66270815084799, 26.490453673074612 ], [ 91.662654637254093, 26.490351065273266 ] ] ] } },
{ "type": "Feature", "properties": { "polygon_id": "gt_binary_9", "source": "gt_binary", "raw_class": "1", "core_class": "non_water", "lon": 81.542815483131605, "lat": 21.543873547204033, "block": "81_21" }, "geometry": { "type": "Polygon", "coordinates": [ [ [ 81.542760523375009, 21.543839024504965 ], [ 81.542858627163582, 21.543839042824686 ], [ 81.542858627163582, 21.543923790437717 ], [ 81.542769396248531, 21.543892543903297 ], [ 81.542760523375009, 21.543839024504965 ] ] ] } },
{ "type": "Feature", "properties": { "polygon_id": "gt_binary_11", "source": "gt_binary", "raw_class": "1", "core_class": "non_water", "lon": 87.182329663971984, "lat": 21.600830743100587, "block": "87_21" }, "geometry": { "type": "Polygon", "coordinates": [ [ [ 87.182292587395992, 21.600786243681082 ], [ 87.182341630244281, 21.600777344150622 ], [ 87.182372880776882, 21.600866492848699 ], [ 87.182310455726466, 21.600884347299438 ], [ 87.182292587395992, 21.600786243681082 ] ] ] } },
{ "type": "Feature", "properties": { "polygon_id": "gt_binary_12", "source": "gt_binary", "raw_class": "1", "core_class": "non_water", "lon": 75.936511453539339, "lat": 19.094863205452551, "block": "75_19" }, "geometry": { "type": "Polygon", "coordinates": [ [ [ 75.936479898295815, 19.094896314794326 ], [ 75.936484328322422, 19.094816045008134 ], [ 75.936546791682716, 19.094838352690484 ], [ 75.936537843032824, 19.094905236172995 ], [ 75.936479898295815, 19.094896314794326 ] ] ] } },
{ "type": "Feature", "properties": { "polygon_id": "gt_binary_13", "source": "gt_binary", "raw_class": "1", "core_class": "non_water", "lon": 82.7491157989366, "lat": 21.06946626681459, "block": "82_21" }, "geometry": { "type": "Polygon", "coordinates": [ [ [ 82.749058803547868, 21.069493287697636 ], [ 82.749067691827264, 21.069426387484079 ], [ 82.74917476258247, 21.069435298069852 ], [ 82.749156903751924, 21.069511129668438 ], [ 82.749058803547868, 21.069493287697636 ] ] ] } },
{ "type": "Feature", "properties": { "polygon_id": "gt_binary_14", "source": "gt_binary", "raw_class": "1", "core_class": "non_water", "lon": 87.078203789039847, "lat": 24.927296977818528, "block": "87_24" }, "geometry": { "type": "Polygon", "coordinates": [ [ [ 87.07815478939655, 24.927280054472607 ], [ 87.078248442105348, 24.927266685604476 ], [ 87.078257357772671, 24.927297884271326 ], [ 87.078172620764562, 24.927338019703289 ], [ 87.07815478939655, 24.927280054472607 ] ] ] } },
{ "type": "Feature", "properties": { "polygon_id": "gt_binary_15", "source": "gt_binary", "raw_class": "1", "core_class": "non_water", "lon": 82.747324110199969, "lat": 21.069097938696498, "block": "82_21" }, "geometry": { "type": "Polygon", "coordinates": [ [ [ 82.747279642728373, 21.069127604447218 ], [ 82.747284086985331, 21.069051833596117 ], [ 82.747386634018412, 21.069074116506847 ], [ 82.747337582648029, 21.069149882032594 ], [ 82.747279642728373, 21.069127604447218 ] ] ] } },
{ "type": "Feature", "properties": { "polygon_id": "gt_binary_16", "source": "gt_binary", "raw_class": "1", "core_class": "non_water", "lon": 86.827879852268296, "lat": 21.040751939315015, "block": "86_21" }, "geometry": { "type": "Polygon", "coordinates": [ [ [ 86.827820822720795, 21.040794525978843 ], [ 86.827825265514505, 21.040723193461016 ], [ 86.827941237606439, 21.040709810325083 ], [ 86.827932275440119, 21.040781149781889 ], [ 86.827820822720795, 21.040794525978843 ] ] ] } },
{ "type": "Feature", "properties": { "polygon_id": "gt_binary_17", "source": "gt_binary", "raw_class": "1", "core_class": "non_water", "lon": 77.251962776075914, "lat": 13.282029220608537, "block": "77_13" }, "geometry": { "type": "Polygon", "coordinates": [ [ [ 77.251914666177626, 13.282034469072581 ], [ 77.252008323794584, 13.28199430091866 ], [ 77.252003851381986, 13.282029999501455 ], [ 77.251919138593621, 13.282061207154065 ], [ 77.251914666177626, 13.282034469072581 ] ] ] } },
{ "type": "Feature", "properties": { "polygon_id": "gt_binary_18", "source": "gt_binary", "raw_class": "1", "core_class": "non_water", "lon": 75.746253877170858, "lat": 18.740266918732747, "block": "75_18" }, "geometry": { "type": "Polygon", "coordinates": [ [ [ 75.746205542048244, 18.740313043226756 ], [ 75.746254603852037, 18.740206067116247 ], [ 75.746299229673511, 18.740223860292943 ], [ 75.746259128538355, 18.740321966289137 ], [ 75.746205542048244, 18.740313043226756 ] ] ] } },
{ "type": "Feature", "properties": { "polygon_id": "gt_binary_19", "source": "gt_binary", "raw_class": "1", "core_class": "non_water", "lon": 81.543091445508935, "lat": 21.543625246341445, "block": "81_21" }, "geometry": { "type": "Polygon", "coordinates": [ [ [ 81.543050314230527, 21.543651755081648 ], [ 81.543077100157248, 21.543593819088318 ], [ 81.543126151860804, 21.543593783000592 ], [ 81.54311275890737, 21.543656280028376 ], [ 81.543050314230527, 21.543651755081648 ] ] ] } },
{ "type": "Feature", "properties": { "polygon_id": "gt_binary_21", "source": "gt_binary", "raw_class": "1", "core_class": "non_water", "lon": 75.746704234120102, "lat": 18.739555866579618, "block": "75_18" }, "geometry": { "type": "Polygon", "coordinates": [ [ [ 75.746664841498927, 18.739581753648583 ], [ 75.746691634660976, 18.739501478816262 ], [ 75.746749568202873, 18.739546066433032 ], [ 75.746709467193199, 18.739604062332099 ], [ 75.746664841498927, 18.739581753648583 ] ] ] } },
{ "type": "Feature", "properties": { "polygon_id": "gt_binary_22", "source": "gt_binary", "raw_class": "1", "core_class": "non_water", "lon": 77.884476780109324, "lat": 22.065486222847309, "block": "77_22" }, "geometry": { "type": "Polygon", "coordinates": [ [ [ 77.884451555670239, 22.065464673274274 ], [ 77.884500565442593, 22.065464666758849 ], [ 77.884505100153518, 22.065504830888425 ], [ 77.884451555670239, 22.065509331217822 ], [ 77.884451555670239, 22.065464673274274 ] ] ] } },
{ "type": "Feature", "properties": { "polygon_id": "gt_binary_23", "source": "gt_binary", "raw_class": "1", "core_class": "non_water", "lon": 86.829646100883636, "lat": 21.038230502787318, "block": "86_21" }, "geometry": { "type": "Polygon", "coordinates": [ [ [ 86.829564358243843, 21.038230514148786 ], [ 86.829608937762345, 21.038185912109711 ], [ 86.829729348216091, 21.038230486981998 ], [ 86.829680249587469, 21.038275096045989 ], [ 86.829564358243843, 21.038230514148786 ] ] ] } },
{ "type": "Feature", "properties": { "polygon_id": "gt_binary_24", "source": "gt_binary", "raw_class": "1", "core_class": "non_water", "lon": 76.338589921815071, "lat": 19.920563993591131, "block": "76_19" }, "geometry": { "type": "Polygon", "coordinates": [ [ [ 76.338552556221387, 19.920552339224123 ], [ 76.338619429025115, 19.920534507262825 ], [ 76.338632856585335, 19.920574691749387 ], [ 76.338552556221387, 19.920592545669084 ], [ 76.338552556221387, 19.920552339224123 ] ] ] } },
{ "type": "Feature", "properties": { "polygon_id": "gt_binary_25", "source": "gt_binary", "raw_class": "1", "core_class": "non_water", "lon": 74.1571071995903, "lat": 25.704039182616519, "block": "74_25" }, "geometry": { "type": "Polygon", "coordinates": [ [ [ 74.157071176183535, 25.704033190114849 ], [ 74.157089004916926, 25.704001947870189 ], [ 74.157142491106882, 25.704042153705497 ], [ 74.157124662378592, 25.704077790070485 ], [ 74.157071176183535, 25.704033190114849 ] ] ] } },
{ "type": "Feature", "properties": { "polygon_id": "gt_binary_26", "source": "gt_binary", "raw_class": "1", "core_class": "non_water", "lon": 83.415260491851086, "lat": 20.925053549757344, "block": "83_20" }, "geometry": { "type": "Polygon", "coordinates": [ [ [ 83.415221781895283, 20.925098658028347 ], [ 83.415226181138863, 20.925013924438314 ], [ 83.415288666658469, 20.925000581023539 ], [ 83.415302027309224, 20.925094235374729 ], [ 83.415221781895283, 20.925098658028347 ] ] ] } },
{ "type": "Feature", "properties": { "polygon_id": "gt_binary_27", "source": "gt_binary", "raw_class": "1", "core_class": "non_water", "lon": 77.188275894865171, "lat": 18.08406360461683, "block": "77_18" }, "geometry": { "type": "Polygon", "coordinates": [ [ [ 77.188243173160316, 18.084080564755155 ], [ 77.188247647986827, 18.084035951361741 ], [ 77.188301170408565, 18.084035903657384 ], [ 77.188305645232887, 18.08409833748378 ], [ 77.188243173160316, 18.084080564755155 ] ] ] } },
{ "type": "Feature", "properties": { "polygon_id": "gt_binary_28", "source": "gt_binary", "raw_class": "1", "core_class": "non_water", "lon": 85.640161855673782, "lat": 23.829539760357157, "block": "85_23" }, "geometry": { "type": "Polygon", "coordinates": [ [ [ 85.640099152175395, 23.829529691360992 ], [ 85.640206181796202, 23.829480617875042 ], [ 85.640228450203097, 23.829551996079779 ], [ 85.640108090921188, 23.829596526840483 ], [ 85.640099152175395, 23.829529691360992 ] ] ] } },
{ "type": "Feature", "properties": { "polygon_id": "gt_binary_29", "source": "gt_binary", "raw_class": "1", "core_class": "non_water", "lon": 79.654691686543799, "lat": 19.905351967306725, "block": "79_19" }, "geometry": { "type": "Polygon", "coordinates": [ [ [ 79.654638871622069, 19.905337932605853 ], [ 79.654710223539226, 19.905288874380009 ], [ 79.654754850579906, 19.905369125061515 ], [ 79.654652234050232, 19.905409265168174 ], [ 79.654638871622069, 19.905337932605853 ] ] ] } },
{ "type": "Feature", "properties": { "polygon_id": "gt_binary_30", "source": "gt_binary", "raw_class": "1", "core_class": "non_water", "lon": 77.2849183482179, "lat": 23.666376741009994, "block": "77_23" }, "geometry": { "type": "Polygon", "coordinates": [ [ [ 77.284880869532273, 23.66636666899208 ], [ 77.284925405794709, 23.666331022296845 ], [ 77.284961087394336, 23.666393484760782 ], [ 77.284898666505313, 23.666415783016891 ], [ 77.284880869532273, 23.66636666899208 ] ] ] } },
{ "type": "Feature", "properties": { "polygon_id": "gt_binary_31", "source": "gt_binary", "raw_class": "1", "core_class": "non_water", "lon": 93.899115345538775, "lat": 24.232003344168458, "block": "93_24" }, "geometry": { "type": "Polygon", "coordinates": [ [ [ 93.899058785773661, 24.231963566295249 ], [ 93.899103398503513, 24.231954640956612 ], [ 93.899165809756809, 24.232043780070683 ], [ 93.899143581082583, 24.232061642181137 ], [ 93.899058785773661, 24.231963566295249 ] ] ] } },
{ "type": "Feature", "properties": { "polygon_id": "gt_binary_32", "source": "gt_binary", "raw_class": "1", "core_class": "non_water", "lon": 92.607962234152112, "lat": 24.884049747086184, "block": "92_24" }, "geometry": { "type": "Polygon", "coordinates": [ [ [ 92.607894866200994, 24.884026779999182 ], [ 92.607948383382194, 24.883986671902797 ], [ 92.608037553588858, 24.884084739389415 ], [ 92.607961781611166, 24.884102614588553 ], [ 92.607894866200994, 24.884026779999182 ] ] ] } },
{ "type": "Feature", "properties": { "polygon_id": "gt_binary_33", "source": "gt_binary", "raw_class": "1", "core_class": "non_water", "lon": 85.15554901891683, "lat": 24.311927511938244, "block": "85_24" }, "geometry": { "type": "Polygon", "coordinates": [ [ [ 85.155519711475918, 24.311955316278997 ], [ 85.155524141797372, 24.311897387032996 ], [ 85.155577701191262, 24.311897371579615 ], [ 85.155573191761292, 24.311959820910335 ], [ 85.155519711475918, 24.311955316278997 ] ] ] } },
{ "type": "Feature", "properties": { "polygon_id": "gt_binary_34", "source": "gt_binary", "raw_class": "1", "core_class": "non_water", "lon": 92.170322829799858, "lat": 26.509201683585559, "block": "92_26" }, "geometry": { "type": "Polygon", "coordinates": [ [ [ 92.170274293534092, 26.509248782220933 ], [ 92.170300984879049, 26.509150668359116 ], [ 92.170367938238172, 26.509155143204772 ], [ 92.170350093996106, 26.509248714517611 ], [ 92.170274293534092, 26.509248782220933 ] ] ] } },
{ "type": "Feature", "properties": { "polygon_id": "gt_binary_38", "source": "gt_binary", "raw_class": "1", "core_class": "non_water", "lon": 76.795262584208018, "lat": 14.883875105573024, "block": "76_14" }, "geometry": { "type": "Polygon", "coordinates": [ [ [ 76.795222444466248, 14.883904092558728 ], [ 76.795235824382573, 14.883837161054391 ], [ 76.795302723942655, 14.883846118568322 ], [ 76.795289344033506, 14.883913050095083 ], [ 76.795222444466248, 14.883904092558728 ] ] ] } },
{ "type": "Feature", "properties": { "polygon_id": "gt_binary_40", "source": "gt_binary", "raw_class": "1", "core_class": "non_water", "lon": 75.657342027772501, "lat": 13.053198457844111, "block": "75_13" }, "geometry": { "type": "Polygon", "coordinates": [ [ [ 75.657313431470598, 13.053175594427149 ], [ 75.65736687330768, 13.05314876416826 ], [ 75.65735799592747, 13.053242490519596 ], [ 75.657326747544786, 13.053242447335002 ], [ 75.657313431470598, 13.053175594427149 ] ] ] } },
{ "type": "Feature", "properties": { "polygon_id": "gt_binary_41", "source": "gt_binary", "raw_class": "1", "core_class": "non_water", "lon": 78.94768255084017, "lat": 11.507378028784377, "block": "78_11" }, "geometry": { "type": "Polygon", "coordinates": [ [ [ 78.947617169653412, 11.507410356103181 ], [ 78.947621657656768, 11.507347929088484 ], [ 78.947746458590188, 11.507343471190289 ], [ 78.947742056900253, 11.507410342337314 ], [ 78.947617169653412, 11.507410356103181 ] ] ] } },
{ "type": "Feature", "properties": { "polygon_id": "gt_binary_42", "source": "gt_binary", "raw_class": "1", "core_class": "non_water", "lon": 75.820438119632854, "lat": 14.320809230665125, "block": "75_14" }, "geometry": { "type": "Polygon", "coordinates": [ [ [ 75.820396108902941, 14.320875688434629 ], [ 75.820436277948232, 14.320737503059082 ], [ 75.820471924641183, 14.32076418087639 ], [ 75.820458534964033, 14.320848971051499 ], [ 75.820396108902941, 14.320875688434629 ] ] ] } },
{ "type": "Feature", "properties": { "polygon_id": "gt_binary_43", "source": "gt_binary", "raw_class": "1", "core_class": "non_water", "lon": 75.375889853799578, "lat": 15.183112479354257, "block": "75_15" }, "geometry": { "type": "Polygon", "coordinates": [ [ [ 75.375823775586284, 15.183109795401172 ], [ 75.375895106934721, 15.183047328003385 ], [ 75.375948560953191, 15.183118721496248 ], [ 75.375899554025153, 15.183176657596627 ], [ 75.375823775586284, 15.183109795401172 ] ] ] } },
{ "type": "Feature", "properties": { "polygon_id": "gt_binary_44", "source": "gt_binary", "raw_class": "1", "core_class": "non_water", "lon": 75.376393202356226, "lat": 15.1805116459498, "block": "75_15" }, "geometry": { "type": "Polygon", "coordinates": [ [ [ 75.376345418652491, 15.180501191121007 ], [ 75.37641230268089, 15.180465490342739 ], [ 75.37643462699765, 15.180523518294098 ], [ 75.376385620226273, 15.180559179799285 ], [ 75.376345418652491, 15.180501191121007 ] ] ] } },
{ "type": "Feature", "properties": { "polygon_id": "gt_binary_45", "source": "gt_binary", "raw_class": "1", "core_class": "non_water", "lon": 90.4437229005364, "lat": 26.323360956099869, "block": "90_26" }, "geometry": { "type": "Polygon", "coordinates": [ [ [ 90.443665729673896, 26.32332648953415 ], [ 90.443772742000434, 26.323313187696225 ], [ 90.443777203852221, 26.323402359499418 ], [ 90.44367019151359, 26.323402328551737 ], [ 90.443665729673896, 26.32332648953415 ] ] ] } },
{ "type": "Feature", "properties": { "polygon_id": "gt_binary_46", "source": "gt_binary", "raw_class": "1", "core_class": "non_water", "lon": 90.441621164879322, "lat": 26.324516285751226, "block": "90_26" }, "geometry": { "type": "Polygon", "coordinates": [ [ [ 90.441574405747986, 26.324468087318362 ], [ 90.441623483413679, 26.324445775811576 ], [ 90.441668099526311, 26.324552751363562 ], [ 90.441619021805181, 26.324592899896817 ], [ 90.441574405747986, 26.324468087318362 ] ] ] } },
{ "type": "Feature", "properties": { "polygon_id": "gt_binary_47", "source": "gt_binary", "raw_class": "1", "core_class": "non_water", "lon": 77.832564327364295, "lat": 10.464375938635362, "block": "77_10" }, "geometry": { "type": "Polygon", "coordinates": [ [ [ 77.832534207309308, 10.464417685956777 ], [ 77.832543193791139, 10.464337466728324 ], [ 77.832592226814981, 10.464332956864952 ], [ 77.832587777199834, 10.464413266629052 ], [ 77.832534207309308, 10.464417685956777 ] ] ] } },
{ "type": "Feature", "properties": { "polygon_id": "gt_binary_48", "source": "gt_binary", "raw_class": "1", "core_class": "non_water", "lon": 81.604222805997793, "lat": 19.021147120949447, "block": "81_19" }, "geometry": { "type": "Polygon", "coordinates": [ [ [ 81.604131081182217, 19.021111532922106 ], [ 81.604238137487926, 19.021067007263067 ], [ 81.604318345978911, 19.02115612746541 ], [ 81.604206940627179, 19.021240852472097 ], [ 81.604131081182217, 19.021111532922106 ] ] ] } },
{ "type": "Feature", "properties": { "polygon_id": "gt_binary_49", "source": "gt_binary", "raw_class": "1", "core_class": "non_water", "lon": 84.074447900336423, "lat": 24.651478095612145, "block": "84_24" }, "geometry": { "type": "Polygon", "coordinates": [ [ [ 84.074379408149824, 24.651413354885932 ], [ 84.074464125809669, 24.651368759716693 ], [ 84.07451764860869, 24.651547144682013 ], [ 84.074428497655106, 24.651582810131362 ], [ 84.074379408149824, 24.651413354885932 ] ] ] } },
{ "type": "Feature", "properties": { "polygon_id": "gt_binary_50", "source": "gt_binary", "raw_class": "1", "core_class": "non_water", "lon": 86.047588163848133, "lat": 25.622044773265763, "block": "86_25" }, "geometry": { "type": "Polygon", "coordinates": [ [ [ 86.047491535342843, 25.622025840564902 ], [ 86.047660990428454, 25.62196791088353 ], [ 86.047687754633529, 25.622052589506389 ], [ 86.047522734415551, 25.622128404126201 ], [ 86.047491535342843, 25.622025840564902 ] ] ] } },
{ "type": "Feature", "properties": { "polygon_id": "gt_binary_51", "source": "gt_binary", "raw_class": "1", "core_class": "non_water", "lon": 74.451692625369432, "lat": 19.642176074953284, "block": "74_19" }, "geometry": { "type": "Polygon", "coordinates": [ [ [ 74.451518991546493, 19.642197464377475 ], [ 74.451545735955364, 19.642094865932378 ], [ 74.451835541330269, 19.642139475753986 ], [ 74.451857902836352, 19.6422643339106 ], [ 74.451518991546493, 19.642197464377475 ] ] ] } },
{ "type": "Feature", "properties": { "polygon_id": "gt_binary_52", "source": "gt_binary", "raw_class": "1", "core_class": "non_water", "lon": 92.963837122639262, "lat": 23.718146549441421, "block": "92_23" }, "geometry": { "type": "Polygon", "coordinates": [ [ [ 92.963766811037658, 23.718221611846548 ], [ 92.9638471227709, 23.718061065555911 ], [ 92.963900587731715, 23.718123452589573 ], [ 92.963833699337911, 23.718203736546954 ], [ 92.963766811037658, 23.718221611846548 ] ] ] } },
{ "type": "Feature", "properties": { "polygon_id": "gt_binary_53", "source": "gt_binary", "raw_class": "1", "core_class": "non_water", "lon": 92.962462660277581, "lat": 23.716875504344149, "block": "92_23" }, "geometry": { "type": "Polygon", "coordinates": [ [ [ 92.962393447888104, 23.716857109608355 ], [ 92.962442487721248, 23.716794673328668 ], [ 92.962549490828835, 23.716879444101853 ], [ 92.962446911223438, 23.716959682167921 ], [ 92.962393447888104, 23.716857109608355 ] ] ] } },
{ "type": "Feature", "properties": { "polygon_id": "gt_binary_54", "source": "gt_binary", "raw_class": "1", "core_class": "non_water", "lon": 84.699140159864072, "lat": 25.096162941636308, "block": "84_25" }, "geometry": { "type": "Polygon", "coordinates": [ [ [ 84.698974608649905, 25.09612836174826 ], [ 84.699153023002282, 25.096083838998329 ], [ 84.699255589071001, 25.096146223931967 ], [ 84.699206539224292, 25.096271137360755 ], [ 84.698974608649905, 25.09612836174826 ] ] ] } },
{ "type": "Feature", "properties": { "polygon_id": "gt_binary_55", "source": "gt_binary", "raw_class": "1", "core_class": "non_water", "lon": 84.699476072759381, "lat": 25.095838825258223, "block": "84_25" }, "geometry": { "type": "Polygon", "coordinates": [ [ [ 84.699384873100328, 25.09582515585031 ], [ 84.699514156838532, 25.095753802008861 ], [ 84.699558819875989, 25.095838571629645 ], [ 84.699460720658777, 25.095932237227125 ], [ 84.699384873100328, 25.09582515585031 ] ] ] } },
{ "type": "Feature", "properties": { "polygon_id": "gt_binary_56", "source": "gt_binary", "raw_class": "1", "core_class": "non_water", "lon": 85.230366619800748, "lat": 21.131141515461479, "block": "85_21" }, "geometry": { "type": "Polygon", "coordinates": [ [ [ 85.23020075016899, 21.131113623514679 ], [ 85.230503974031606, 21.131046730914861 ], [ 85.230530677876928, 21.131167068031051 ], [ 85.230236381824682, 21.131238475658542 ], [ 85.23020075016899, 21.131113623514679 ] ] ] } },
{ "type": "Feature", "properties": { "polygon_id": "gt_binary_58", "source": "gt_binary", "raw_class": "1", "core_class": "non_water", "lon": 81.09266750309267, "lat": 20.617374785746485, "block": "81_20" }, "geometry": { "type": "Polygon", "coordinates": [ [ [ 81.092596403267592, 20.617358289203924 ], [ 81.092698957942787, 20.617300317364581 ], [ 81.092734658389332, 20.617402833162704 ], [ 81.092636566321417, 20.617443010137155 ], [ 81.092596403267592, 20.617358289203924 ] ] ] } },
{ "type": "Feature", "properties": { "polygon_id": "gt_binary_59", "source": "gt_binary", "raw_class": "1", "core_class": "non_water", "lon": 91.664446511502973, "lat": 26.49267340598027, "block": "91_26" }, "geometry": { "type": "Polygon", "coordinates": [ [ [ 91.66430009932877, 26.492696588084531 ], [ 91.664554262084877, 26.49252264467891 ], [ 91.664598809283234, 26.492634174466712 ], [ 91.664344646265718, 26.492830347188445 ], [ 91.66430009932877, 26.492696588084531 ] ] ] } },
{ "type": "Feature", "properties": { "polygon_id": "gt_binary_61", "source": "gt_binary", "raw_class": "1", "core_class": "non_water", "lon": 76.202628916906903, "lat": 23.06610517403352, "block": "76_23" }, "geometry": { "type": "Polygon", "coordinates": [ [ [ 76.202536643516609, 23.066216290645617 ], [ 76.202541064976018, 23.065984391441312 ], [ 76.202706073738057, 23.065997841373772 ], [ 76.202737289199291, 23.066207352278838 ], [ 76.202536643516609, 23.066216290645617 ] ] ] } },
{ "type": "Feature", "properties": { "polygon_id": "gt_binary_63", "source": "gt_binary", "raw_class": "1", "core_class": "non_water", "lon": 82.020982230361525, "lat": 19.183448325334332, "block": "82_19" }, "geometry": { "type": "Polygon", "coordinates": [ [ [ 82.020923252088934, 19.183396038028455 ], [ 82.021039181981934, 19.183373788062898 ], [ 82.021039181981934, 19.183507550678467 ], [ 82.020923252088934, 19.183516469399279 ], [ 82.020923252088934, 19.183396038028455 ] ] ] } },
{ "type": "Feature", "properties": { "polygon_id": "gt_binary_64", "source": "gt_binary", "raw_class": "1", "core_class": "non_water", "lon": 87.078213811437763, "lat": 24.928022259497791, "block": "87_24" }, "geometry": { "type": "Polygon", "coordinates": [ [ [ 87.078052220799705, 24.928006908138986 ], [ 87.078346514354152, 24.927926630302679 ], [ 87.078368765372417, 24.928038138153941 ], [ 87.078092303353415, 24.928118402055432 ], [ 87.078052220799705, 24.928006908138986 ] ] ] } },
{ "type": "Feature", "properties": { "polygon_id": "gt_binary_67", "source": "gt_binary", "raw_class": "1", "core_class": "non_water", "lon": 84.652155180000833, "lat": 20.591561357544162, "block": "84_20" }, "geometry": { "type": "Polygon", "coordinates": [ [ [ 84.652078297995018, 20.591513280613842 ], [ 84.652176398230438, 20.591464276573038 ], [ 84.652252148420018, 20.59160692207875 ], [ 84.652100568120076, 20.591647117346007 ], [ 84.652078297995018, 20.591513280613842 ] ] ] } },
{ "type": "Feature", "properties": { "polygon_id": "gt_binary_70", "source": "gt_binary", "raw_class": "1", "core_class": "non_water", "lon": 92.607073285937389, "lat": 24.884111508015504, "block": "92_24" }, "geometry": { "type": "Polygon", "coordinates": [ [ [ 92.606958514730096, 24.884115983361937 ], [ 92.607127919525709, 24.884017854534321 ], [ 92.607176969822945, 24.884124944014545 ], [ 92.607025353099019, 24.8841962532208 ], [ 92.606958514730096, 24.884115983361937 ] ] ] } },
{ "type": "Feature", "properties": { "polygon_id": "gt_binary_73", "source": "gt_binary", "raw_class": "1", "core_class": "non_water", "lon": 93.349941830689048, "lat": 26.831931697950999, "block": "93_26" }, "geometry": { "type": "Polygon", "coordinates": [ [ [ 93.349809021223123, 26.831971734967858 ], [ 93.349840233922066, 26.831869187687424 ], [ 93.350058723368448, 26.831887020405485 ], [ 93.350058723368448, 26.831994039091846 ], [ 93.349809021223123, 26.831971734967858 ] ] ] } },
{ "type": "Feature", "properties": { "polygon_id": "gt_binary_76", "source": "gt_binary", "raw_class": "1", "core_class": "non_water", "lon": 96.024366302189151, "lat": 27.443951933894823, "block": "96_27" }, "geometry": { "type": "Polygon", "coordinates": [ [ [ 96.024293167792052, 27.444077022635025 ], [ 96.024297608383748, 27.443858460595024 ], [ 96.024404586372782, 27.443813936288201 ], [ 96.024462556410626, 27.44402792955643 ], [ 96.024293167792052, 27.444077022635025 ] ] ] } },
{ "type": "Feature", "properties": { "polygon_id": "gt_binary_77", "source": "gt_binary", "raw_class": "1", "core_class": "non_water", "lon": 78.557573135755931, "lat": 13.420420498798062, "block": "78_13" }, "geometry": { "type": "Polygon", "coordinates": [ [ [ 78.557508310054601, 13.420462835437107 ], [ 78.557526073023467, 13.420355769297361 ], [ 78.557637589737297, 13.420382562045399 ], [ 78.557624245863479, 13.42048063061257 ], [ 78.557508310054601, 13.420462835437107 ] ] ] } },
{ "type": "Feature", "properties": { "polygon_id": "gt_binary_78", "source": "gt_binary", "raw_class": "1", "core_class": "non_water", "lon": 76.202996558799541, "lat": 23.066513694621566, "block": "76_23" }, "geometry": { "type": "Polygon", "coordinates": [ [ [ 76.202893366397078, 23.066416969152765 ], [ 76.203085080237699, 23.066421390811072 ], [ 76.203094011549283, 23.066604276115239 ], [ 76.202920071939175, 23.066617625825796 ], [ 76.202893366397078, 23.066416969152765 ] ] ] } },
{ "type": "Feature", "properties": { "polygon_id": "gt_binary_79", "source": "gt_binary", "raw_class": "1", "core_class": "non_water", "lon": 75.656874257302803, "lat": 13.053261670631464, "block": "75_13" }, "geometry": { "type": "Polygon", "coordinates": [ [ [ 75.656796145433802, 13.053211224882039 ], [ 75.65692096183102, 13.053171091232356 ], [ 75.656952210300645, 13.053304885179054 ], [ 75.656831832636513, 13.053358386422619 ], [ 75.656796145433802, 13.053211224882039 ] ] ] } },
{ "type": "Feature", "properties": { "polygon_id": "gt_binary_80", "source": "gt_binary", "raw_class": "1", "core_class": "non_water", "lon": 78.966568056504485, "lat": 14.88350018682395, "block": "78_14" }, "geometry": { "type": "Polygon", "coordinates": [ [ [ 78.96648367523845, 14.883614224191819 ], [ 78.966514826263406, 14.883386815533886 ], [ 78.966648663378379, 14.883346667331788 ], [ 78.966612938982834, 14.883649896809812 ], [ 78.96648367523845, 14.883614224191819 ] ] ] } },
{ "type": "Feature", "properties": { "polygon_id": "gt_binary_81", "source": "gt_binary", "raw_class": "1", "core_class": "non_water", "lon": 78.557246150971793, "lat": 13.420922893461098, "block": "78_13" }, "geometry": { "type": "Polygon", "coordinates": [ [ [ 78.557120296716718, 13.420922093712239 ], [ 78.557285276218778, 13.420828437458784 ], [ 78.557365599649899, 13.420917594711007 ], [ 78.557222889043771, 13.421020166472944 ], [ 78.557120296716718, 13.420922093712239 ] ] ] } },
{ "type": "Feature", "properties": { "polygon_id": "gt_binary_82", "source": "gt_binary", "raw_class": "1", "core_class": "non_water", "lon": 78.966796244064881, "lat": 14.88346604170764, "block": "78_14" }, "geometry": { "type": "Polygon", "coordinates": [ [ [ 78.966733314610806, 14.883676709555834 ], [ 78.966755663904465, 14.8832843217223 ], [ 78.966858177200663, 14.883266453301788 ], [ 78.966840401333855, 14.883632105346562 ], [ 78.966733314610806, 14.883676709555834 ] ] ] } },
{ "type": "Feature", "properties": { "polygon_id": "gt_binary_83", "source": "gt_binary", "raw_class": "1", "core_class": "non_water", "lon": 81.295403603237631, "lat": 18.791025150144357, "block": "81_18" }, "geometry": { "type": "Polygon", "coordinates": [ [ [ 81.295267043871505, 18.790999678639221 ], [ 81.29541417588139, 18.790905990154886 ], [ 81.295565758507848, 18.791008592815331 ], [ 81.295356146109768, 18.791164605664747 ], [ 81.295267043871505, 18.790999678639221 ] ] ] } },
{ "type": "Feature", "properties": { "polygon_id": "gt_binary_84", "source": "gt_binary", "raw_class": "1", "core_class": "non_water", "lon": 78.580609647820069, "lat": 25.92437700731746, "block": "78_25" }, "geometry": { "type": "Polygon", "coordinates": [ [ [ 78.580437009362299, 25.924352937420934 ], [ 78.580610873541161, 25.924237022556575 ], [ 78.580762473851095, 25.924410905153419 ], [ 78.580650982673902, 25.924517893931199 ], [ 78.580437009362299, 25.924352937420934 ] ] ] } },
{ "type": "Feature", "properties": { "polygon_id": "gt_binary_85", "source": "gt_binary", "raw_class": "1", "core_class": "non_water", "lon": 78.580447863697245, "lat": 25.924760849814277, "block": "78_25" }, "geometry": { "type": "Polygon", "coordinates": [ [ [ 78.580294244730226, 25.924776500078242 ], [ 78.580378967940391, 25.92464274030964 ], [ 78.580597532702981, 25.924736438059472 ], [ 78.580517227750121, 25.92488353896103 ], [ 78.580294244730226, 25.924776500078242 ] ] ] } },
{ "type": "Feature", "properties": { "polygon_id": "gt_binary_86", "source": "gt_binary", "raw_class": "1", "core_class": "non_water", "lon": 76.202593408654721, "lat": 23.066568442424764, "block": "76_23" }, "geometry": { "type": "Polygon", "coordinates": [ [ [ 76.202500918119156, 23.0664348276037 ], [ 76.202683789608358, 23.066470507122396 ], [ 76.202688211062949, 23.066693399086489 ], [ 76.202505428008962, 23.066675616318953 ], [ 76.202500918119156, 23.0664348276037 ] ] ] } },
{ "type": "Feature", "properties": { "polygon_id": "gt_binary_87", "source": "gt_binary", "raw_class": "1", "core_class": "non_water", "lon": 75.375892317134927, "lat": 15.180701893559036, "block": "75_15" }, "geometry": { "type": "Polygon", "coordinates": [ [ [ 75.375765785487843, 15.180639422814636 ], [ 75.375935219685786, 15.180572548921361 ], [ 75.37602442827162, 15.180759845385126 ], [ 75.375841563955618, 15.180831141250259 ], [ 75.375765785487843, 15.180639422814636 ] ] ] } },
{ "type": "Feature", "properties": { "polygon_id": "gt_binary_88", "source": "gt_binary", "raw_class": "1", "core_class": "non_water", "lon": 95.207863210546151, "lat": 27.192284853361969, "block": "95_27" }, "geometry": { "type": "Polygon", "coordinates": [ [ [ 95.207653354702117, 27.192334002032492 ], [ 95.207689027214784, 27.192231393567102 ], [ 95.208045753569678, 27.192226946198769 ], [ 95.208050212663238, 27.192342920886343 ], [ 95.207653354702117, 27.192334002032492 ] ] ] } },
{ "type": "Feature", "properties": { "polygon_id": "gt_binary_89", "source": "gt_binary", "raw_class": "1", "core_class": "non_water", "lon": 77.833044696874978, "lat": 10.465026140238484, "block": "77_10" }, "geometry": { "type": "Polygon", "coordinates": [ [ [ 77.83293999421673, 10.464957283876609 ], [ 77.833055945521465, 10.464876973934437 ], [ 77.833162997520262, 10.465077670699907 ], [ 77.833011362302912, 10.465175716868357 ], [ 77.83293999421673, 10.464957283876609 ] ] ] } },
{ "type": "Feature", "properties": { "polygon_id": "gt_binary_90", "source": "gt_binary", "raw_class": "1", "core_class": "non_water", "lon": 76.543555818843444, "lat": 9.1640172648763176, "block": "76_9" }, "geometry": { "type": "Polygon", "coordinates": [ [ [ 76.543376907194897, 9.163974342866782 ], [ 76.543671233122993, 9.163858483497357 ], [ 76.543733679172931, 9.164067984791084 ], [ 76.54343485514579, 9.16417055270562 ], [ 76.543376907194897, 9.163974342866782 ] ] ] } },
{ "type": "Feature", "properties": { "polygon_id": "gt_binary_91", "source": "gt_binary", "raw_class": "1", "core_class": "non_water", "lon": 74.452091913283994, "lat": 19.642471873339712, "block": "74_19" }, "geometry": { "type": "Polygon", "coordinates": [ [ [ 74.451951463347086, 19.642549714835503 ], [ 74.45197382483849, 19.642331262495425 ], [ 74.452223468336285, 19.642389208352004 ], [ 74.452219085490384, 19.642612159957825 ], [ 74.451951463347086, 19.642549714835503 ] ] ] } },
{ "type": "Feature", "properties": { "polygon_id": "gt_binary_93", "source": "gt_binary", "raw_class": "1", "core_class": "non_water", "lon": 91.660823000928374, "lat": 26.491796197554624, "block": "91_26" }, "geometry": { "type": "Polygon", "coordinates": [ [ [ 91.660648073446126, 26.491688814395701 ], [ 91.660946832328449, 26.491626407579357 ], [ 91.661000343812049, 26.49190730096425 ], [ 91.660692616626775, 26.491960811886972 ], [ 91.660648073446126, 26.491688814395701 ] ] ] } },
{ "type": "Feature", "properties": { "polygon_id": "gt_binary_95", "source": "gt_binary", "raw_class": "1", "core_class": "non_water", "lon": 75.346695270633447, "lat": 16.67149846353885, "block": "75_16" }, "geometry": { "type": "Polygon", "coordinates": [ [ [ 75.346612203084916, 16.671731617382665 ], [ 75.34662109897485, 16.671325826269083 ], [ 75.346803909398091, 16.671321330087824 ], [ 75.346754893096829, 16.671646864771034 ], [ 75.346612203084916, 16.671731617382665 ] ] ] } },
{ "type": "Feature", "properties": { "polygon_id": "gt_binary_96", "source": "gt_binary", "raw_class": "1", "core_class": "non_water", "lon": 79.831342558985696, "lat": 21.640725256147324, "block": "79_21" }, "geometry": { "type": "Polygon", "coordinates": [ [ [ 79.831170265937047, 21.640672888590874 ], [ 79.831326280115931, 21.640579237784085 ], [ 79.83150913693197, 21.640757666349273 ], [ 79.831366459065379, 21.640882444780061 ], [ 79.831170265937047, 21.640672888590874 ] ] ] } },
{ "type": "Feature", "properties": { "polygon_id": "gt_binary_97", "source": "gt_binary", "raw_class": "1", "core_class": "non_water", "lon": 79.831004268640996, "lat": 21.640225083634498, "block": "79_21" }, "geometry": { "type": "Polygon", "coordinates": [ [ [ 79.830849175067698, 21.640133332626458 ], [ 79.830978517722642, 21.640053060951445 ], [ 79.831170265937047, 21.640298316970895 ], [ 79.831005275300484, 21.640396452020195 ], [ 79.830849175067698, 21.640133332626458 ] ] ] } },
{ "type": "Feature", "properties": { "polygon_id": "gt_binary_98", "source": "gt_binary", "raw_class": "1", "core_class": "non_water", "lon": 76.319380351775706, "lat": 28.799687568683055, "block": "76_28" }, "geometry": { "type": "Polygon", "coordinates": [ [ [ 76.31924018708726, 28.799875615064039 ], [ 76.319284804903333, 28.799505472381149 ], [ 76.319512223004168, 28.79950547582818 ], [ 76.319489869960222, 28.799853320180983 ], [ 76.31924018708726, 28.799875615064039 ] ] ] } },
{ "type": "Feature", "properties": { "polygon_id": "gt_binary_99", "source": "gt_binary", "raw_class": "1", "core_class": "non_water", "lon": 74.56031125697578, "lat": 34.240348125217302, "block": "74_34" }, "geometry": { "type": "Polygon", "coordinates": [ [ [ 74.560102501691134, 34.240384611781501 ], [ 74.560142638111799, 34.240224075351172 ], [ 74.560512804529068, 34.240313260513403 ], [ 74.56049492643001, 34.240469373392628 ], [ 74.560102501691134, 34.240384611781501 ] ] ] } },
{ "type": "Feature", "properties": { "polygon_id": "gt_binary_100", "source": "gt_binary", "raw_class": "1", "core_class": "non_water", "lon": 83.787682089190696, "lat": 21.407836839712239, "block": "83_21" }, "geometry": { "type": "Polygon", "coordinates": [ [ [ 83.787489808774154, 21.407742798174123 ], [ 83.787864368069833, 21.407733916888532 ], [ 83.78788218488792, 21.407921176717306 ], [ 83.787503171469126, 21.407947919172962 ], [ 83.787489808774154, 21.407742798174123 ] ] ] } },
{ "type": "Feature", "properties": { "polygon_id": "gt_binary_101", "source": "gt_binary", "raw_class": "1", "core_class": "non_water", "lon": 76.200764934551685, "lat": 23.06963149118592, "block": "76_23" }, "geometry": { "type": "Polygon", "coordinates": [ [ [ 76.200636994288487, 23.069484833147488 ], [ 76.200891231548766, 23.06945358891927 ], [ 76.200882300091394, 23.069796958890027 ], [ 76.200641504240593, 23.069796908254879 ], [ 76.200636994288487, 23.069484833147488 ] ] ] } },
{ "type": "Feature", "properties": { "polygon_id": "gt_binary_104", "source": "gt_binary", "raw_class": "1", "core_class": "non_water", "lon": 86.828338987560088, "lat": 21.039951751897352, "block": "86_21" }, "geometry": { "type": "Polygon", "coordinates": [ [ [ 86.828181989883049, 21.040094442230149 ], [ 86.828244418293252, 21.039768873197897 ], [ 86.828471840866229, 21.039782272621199 ], [ 86.828453993326576, 21.040139016387617 ], [ 86.828181989883049, 21.040094442230149 ] ] ] } },
{ "type": "Feature", "properties": { "polygon_id": "gt_binary_105", "source": "gt_binary", "raw_class": "1", "core_class": "non_water", "lon": 78.537862231616899, "lat": 26.661581236027882, "block": "78_26" }, "geometry": { "type": "Polygon", "coordinates": [ [ [ 78.537749971943654, 26.661473497770285 ], [ 78.537950689165882, 26.661455668275863 ], [ 78.537977382099839, 26.661692008800816 ], [ 78.537767825046018, 26.661700958958704 ], [ 78.537749971943654, 26.661473497770285 ] ] ] } },
{ "type": "Feature", "properties": { "polygon_id": "gt_binary_106", "source": "gt_binary", "raw_class": "1", "core_class": "non_water", "lon": 93.897663635880605, "lat": 24.232664876316345, "block": "93_24" }, "geometry": { "type": "Polygon", "coordinates": [ [ [ 93.897480266200077, 24.232520956484873 ], [ 93.89758728689597, 24.232413913794808 ], [ 93.897845940594678, 24.232775132372634 ], [ 93.897725551436537, 24.232922267528721 ], [ 93.897480266200077, 24.232520956484873 ] ] ] } },
{ "type": "Feature", "properties": { "polygon_id": "gt_binary_107", "source": "gt_binary", "raw_class": "1", "core_class": "non_water", "lon": 94.820718283426203, "lat": 26.933826446708139, "block": "94_26" }, "geometry": { "type": "Polygon", "coordinates": [ [ [ 94.82052756097562, 26.933857697859644 ], [ 94.820795163707743, 26.933639223102361 ], [ 94.82092888648063, 26.933764085369077 ], [ 94.820621269231708, 26.934031602798587 ], [ 94.82052756097562, 26.933857697859644 ] ] ] } },
{ "type": "Feature", "properties": { "polygon_id": "gt_binary_108", "source": "gt_binary", "raw_class": "1", "core_class": "non_water", "lon": 85.157408288621795, "lat": 24.310920908150681, "block": "85_24" }, "geometry": { "type": "Polygon", "coordinates": [ [ [ 85.157240943784544, 24.310987750029387 ], [ 85.157258743627622, 24.310791491630845 ], [ 85.157575342546863, 24.310849494651393 ], [ 85.1575530335369, 24.311054655030382 ], [ 85.157240943784544, 24.310987750029387 ] ] ] } },
{ "type": "Feature", "properties": { "polygon_id": "gt_binary_109", "source": "gt_binary", "raw_class": "1", "core_class": "non_water", "lon": 80.11073248938709, "lat": 12.499509810538338, "block": "80_12" }, "geometry": { "type": "Polygon", "coordinates": [ [ [ 80.110581969152719, 12.499386417689324 ], [ 80.110822783124959, 12.499328450682132 ], [ 80.110880728353806, 12.499627248821778 ], [ 80.110648861990413, 12.499698601814083 ], [ 80.110581969152719, 12.499386417689324 ] ] ] } },
{ "type": "Feature", "properties": { "polygon_id": "gt_binary_110", "source": "gt_binary", "raw_class": "1", "core_class": "non_water", "lon": 85.730840711309341, "lat": 26.30617930661478, "block": "85_26" }, "geometry": { "type": "Polygon", "coordinates": [ [ [ 85.730636739748206, 26.306265993861899 ], [ 85.730832900177958, 26.305971660494695 ], [ 85.730997906073569, 26.306051996204665 ], [ 85.73092213492923, 26.306377505222461 ], [ 85.730636739748206, 26.306265993861899 ] ] ] } },
{ "type": "Feature", "properties": { "polygon_id": "gt_binary_111", "source": "gt_binary", "raw_class": "1", "core_class": "non_water", "lon": 92.173830515554457, "lat": 26.50821398295443, "block": "92_26" }, "geometry": { "type": "Polygon", "coordinates": [ [ [ 92.1737211318394, 26.508472831244752 ], [ 92.173779092504475, 26.507991319628321 ], [ 92.173948551021823, 26.507991269698088 ], [ 92.173877243399858, 26.508419360165885 ], [ 92.1737211318394, 26.508472831244752 ] ] ] } },
{ "type": "Feature", "properties": { "polygon_id": "gt_binary_112", "source": "gt_binary", "raw_class": "1", "core_class": "non_water", "lon": 85.65761661398183, "lat": 20.87643277080171, "block": "85_20" }, "geometry": { "type": "Polygon", "coordinates": [ [ [ 85.657404889735531, 20.876369618698007 ], [ 85.657587760636119, 20.876226938142825 ], [ 85.657828556679803, 20.876498954214 ], [ 85.657645686606855, 20.87663718779719 ], [ 85.657404889735531, 20.876369618698007 ] ] ] } },
{ "type": "Feature", "properties": { "polygon_id": "gt_binary_113", "source": "gt_binary", "raw_class": "1", "core_class": "non_water", "lon": 93.146607052215643, "lat": 25.291132990573299, "block": "93_25" }, "geometry": { "type": "Polygon", "coordinates": [ [ [ 93.146416047095016, 25.291231900145071 ], [ 93.146527517487925, 25.290951025471216 ], [ 93.146817372332706, 25.291053545331838 ], [ 93.146661343545389, 25.291312149810874 ], [ 93.146416047095016, 25.291231900145071 ] ] ] } },
{ "type": "Feature", "properties": { "polygon_id": "gt_binary_115", "source": "gt_binary", "raw_class": "1", "core_class": "non_water", "lon": 81.9589346605012, "lat": 22.208911171203297, "block": "81_22" }, "geometry": { "type": "Polygon", "coordinates": [ [ [ 81.958406642623956, 22.208695517555824 ], [ 81.959111228910317, 22.208249617746112 ], [ 81.959432264946102, 22.209221625771722 ], [ 81.958781202047547, 22.209529375109984 ], [ 81.958406642623956, 22.208695517555824 ] ] ] } },
{ "type": "Feature", "properties": { "polygon_id": "gt_binary_116", "source": "gt_binary", "raw_class": "1", "core_class": "non_water", "lon": 72.411260453493441, "lat": 22.622909409812063, "block": "72_22" }, "geometry": { "type": "Polygon", "coordinates": [ [ [ 72.411003132674097, 22.622705210970313 ], [ 72.411498086226771, 22.622682904914061 ], [ 72.41150251109481, 22.623097556908313 ], [ 72.411056592397259, 22.623164477417227 ], [ 72.411003132674097, 22.622705210970313 ] ] ] } },
{ "type": "Feature", "properties": { "polygon_id": "gt_binary_117", "source": "gt_binary", "raw_class": "1", "core_class": "non_water", "lon": 71.343130284806179, "lat": 21.319548883241509, "block": "71_21" }, "geometry": { "type": "Polygon", "coordinates": [ [ [ 71.342544516380698, 21.320393475929865 ], [ 71.342691671726783, 21.318703501747525 ], [ 71.343681616114651, 21.31885064241877 ], [ 71.343690496153002, 21.320179458986761 ], [ 71.342544516380698, 21.320393475929865 ] ] ] } },
{ "type": "Feature", "properties": { "polygon_id": "gt_binary_118", "source": "gt_binary", "raw_class": "1", "core_class": "non_water", "lon": 76.956812873719343, "lat": 30.201154045726422, "block": "76_30" }, "geometry": { "type": "Polygon", "coordinates": [ [ [ 76.956249572996825, 30.201549408135744 ], [ 76.956334231240106, 30.200920669840272 ], [ 76.957854816921099, 30.20099205799939 ], [ 76.956249572996825, 30.201549408135744 ] ] ] } },
{ "type": "Feature", "properties": { "polygon_id": "gt_binary_119", "source": "gt_binary", "raw_class": "1", "core_class": "non_water", "lon": 73.275602900005481, "lat": 23.638154541738068, "block": "73_23" }, "geometry": { "type": "Polygon", "coordinates": [ [ [ 73.275399845226062, 23.63831004797548 ], [ 73.275475701104128, 23.637792746046845 ], [ 73.275783353562147, 23.637926553343984 ], [ 73.275738721936406, 23.638555254734282 ], [ 73.275399845226062, 23.63831004797548 ] ] ] } },
{ "type": "Feature", "properties": { "polygon_id": "gt_binary_121", "source": "gt_binary", "raw_class": "1", "core_class": "non_water", "lon": 73.279600743196795, "lat": 23.692940716042571, "block": "73_23" }, "geometry": { "type": "Polygon", "coordinates": [ [ [ 73.279395245979117, 23.693246160809494 ], [ 73.279439786884822, 23.692644180582874 ], [ 73.279778657400499, 23.692626344948174 ], [ 73.279792064640688, 23.693214921056867 ], [ 73.279395245979117, 23.693246160809494 ] ] ] } },
{ "type": "Feature", "properties": { "polygon_id": "gt_binary_122", "source": "gt_binary", "raw_class": "1", "core_class": "non_water", "lon": 79.269624388311911, "lat": 11.22775853962886, "block": "79_11" }, "geometry": { "type": "Polygon", "coordinates": [ [ [ 79.269203064919793, 11.228261743456782 ], [ 79.269292264418809, 11.22730747134004 ], [ 79.269996825653863, 11.227267340736713 ], [ 79.270023576684125, 11.228150209357478 ], [ 79.269203064919793, 11.228261743456782 ] ] ] } },
{ "type": "Feature", "properties": { "polygon_id": "gt_binary_123", "source": "gt_binary", "raw_class": "1", "core_class": "non_water", "lon": 77.750044716791834, "lat": 24.74243535307615, "block": "77_24" }, "geometry": { "type": "Polygon", "coordinates": [ [ [ 77.749746582948063, 24.742236309283264 ], [ 77.75029062833157, 24.74215609062183 ], [ 77.750352969423076, 24.742642106843782 ], [ 77.749777753651216, 24.742700057698279 ], [ 77.749746582948063, 24.742236309283264 ] ] ] } },
{ "type": "Feature", "properties": { "polygon_id": "gt_binary_125", "source": "gt_binary", "raw_class": "1", "core_class": "non_water", "lon": 86.047731842827062, "lat": 25.624038548861794, "block": "86_25" }, "geometry": { "type": "Polygon", "coordinates": [ [ [ 86.047331027097101, 25.623898697227858 ], [ 86.04750491749104, 25.623689115839003 ], [ 86.048138075862838, 25.624175196133436 ], [ 86.047941858284346, 25.624384717562819 ], [ 86.047331027097101, 25.623898697227858 ] ] ] } },
{ "type": "Feature", "properties": { "polygon_id": "gt_binary_126", "source": "gt_binary", "raw_class": "1", "core_class": "non_water", "lon": 77.030965453644484, "lat": 15.774776335995753, "block": "77_15" }, "geometry": { "type": "Polygon", "coordinates": [ [ [ 77.030738809427135, 15.774707635951598 ], [ 77.031189164224884, 15.774605094414561 ], [ 77.03123827616642, 15.774774515617894 ], [ 77.030761125135456, 15.774988524585678 ], [ 77.030738809427135, 15.774707635951598 ] ] ] } },
{ "type": "Feature", "properties": { "polygon_id": "gt_binary_128", "source": "gt_binary", "raw_class": "1", "core_class": "non_water", "lon": 86.830342591358118, "lat": 21.040745038587705, "block": "86_21" }, "geometry": { "type": "Polygon", "coordinates": [ [ [ 86.830005785590515, 21.0408168272936 ], [ 86.830050364703936, 21.040625033633301 ], [ 86.83066573612038, 21.04067406836527 ], [ 86.830656851052083, 21.040861345612853 ], [ 86.830005785590515, 21.0408168272936 ] ] ] } },
{ "type": "Feature", "properties": { "polygon_id": "gt_binary_130", "source": "gt_binary", "raw_class": "1", "core_class": "non_water", "lon": 72.550498287872941, "lat": 21.994694589561721, "block": "72_21" }, "geometry": { "type": "Polygon", "coordinates": [ [ [ 72.550180591785036, 21.994993065420932 ], [ 72.550185014341849, 21.994431198432665 ], [ 72.550791445451026, 21.99439109487874 ], [ 72.550836031936228, 21.994948465467303 ], [ 72.550180591785036, 21.994993065420932 ] ] ] } },
{ "type": "Feature", "properties": { "polygon_id": "gt_binary_132", "source": "gt_binary", "raw_class": "1", "core_class": "non_water", "lon": 75.829342248626531, "lat": 28.78710620114509, "block": "75_28" }, "geometry": { "type": "Polygon", "coordinates": [ [ [ 75.829051256464567, 28.787019970990428 ], [ 75.829274167662675, 28.786850524284315 ], [ 75.829626444671021, 28.787184961477585 ], [ 75.829421356249526, 28.787367800476765 ], [ 75.829051256464567, 28.787019970990428 ] ] ] } },
{ "type": "Feature", "properties": { "polygon_id": "gt_binary_133", "source": "gt_binary", "raw_class": "1", "core_class": "non_water", "lon": 80.949065152536193, "lat": 18.770797038540252, "block": "80_18" }, "geometry": { "type": "Polygon", "coordinates": [ [ [ 80.948785956337034, 18.770625996393466 ], [ 80.949062380887455, 18.77047436714906 ], [ 80.949361157881214, 18.770955985995364 ], [ 80.949035641050827, 18.77111205760956 ], [ 80.948785956337034, 18.770625996393466 ] ] ] } },
{ "type": "Feature", "properties": { "polygon_id": "gt_binary_134", "source": "gt_binary", "raw_class": "1", "core_class": "non_water", "lon": 79.653480725423023, "lat": 19.907360117031079, "block": "79_19" }, "geometry": { "type": "Polygon", "coordinates": [ [ [ 79.653238717997795, 19.907469412366439 ], [ 79.653327887857969, 19.907170605959916 ], [ 79.653729193964637, 19.907264254847497 ], [ 79.653635570309319, 19.907540720362935 ], [ 79.653238717997795, 19.907469412366439 ] ] ] } },
{ "type": "Feature", "properties": { "polygon_id": "gt_binary_135", "source": "gt_binary", "raw_class": "1", "core_class": "non_water", "lon": 79.441578545684266, "lat": 23.56164991696194, "block": "79_23" }, "geometry": { "type": "Polygon", "coordinates": [ [ [ 79.440838375497563, 23.561765144600905 ], [ 79.441279770648961, 23.560949056967761 ], [ 79.442300955672749, 23.56149314607735 ], [ 79.441886266971778, 23.562371532353257 ], [ 79.440838375497563, 23.561765144600905 ] ] ] } },
{ "type": "Feature", "properties": { "polygon_id": "gt_binary_136", "source": "gt_binary", "raw_class": "1", "core_class": "non_water", "lon": 79.445759731362003, "lat": 23.562129890168979, "block": "79_23" }, "geometry": { "type": "Polygon", "coordinates": [ [ [ 79.445096835986661, 23.56188996360353 ], [ 79.445636341387441, 23.561863184983451 ], [ 79.446282902332115, 23.562063886792814 ], [ 79.446175929476738, 23.562478539467339 ], [ 79.445462401895114, 23.562273444244163 ], [ 79.445096835986661, 23.56188996360353 ] ] ] } },
{ "type": "Feature", "properties": { "polygon_id": "gt_binary_137", "source": "gt_binary", "raw_class": "1", "core_class": "non_water", "lon": 75.82078708284584, "lat": 14.321091156898255, "block": "75_14" }, "geometry": { "type": "Polygon", "coordinates": [ [ [ 75.820538784334744, 14.321285908290044 ], [ 75.820699282940453, 14.320768677489484 ], [ 75.821015934631404, 14.320875705047861 ], [ 75.820899950279724, 14.321410794696611 ], [ 75.820538784334744, 14.321285908290044 ] ] ] } },
{ "type": "Feature", "properties": { "polygon_id": "gt_binary_139", "source": "gt_binary", "raw_class": "2", "core_class": "water", "lon": 77.0233664640364, "lat": 20.53334286696937, "block": "77_20" }, "geometry": { "type": "Polygon", "coordinates": [ [ [ 77.023345669916097, 20.533344349718007 ], [ 77.02336350600099, 20.533322057473672 ], [ 77.023390216192155, 20.533344331292014 ], [ 77.02336350600099, 20.53336220476212 ], [ 77.023345669916097, 20.533344349718007 ] ] ] } },
{ "type": "Feature", "properties": { "polygon_id": "gt_binary_140", "source": "gt_binary", "raw_class": "2", "core_class": "water", "lon": 77.14628919713266, "lat": 14.714623986257802, "block": "77_14" }, "geometry": { "type": "Polygon", "coordinates": [ [ [ 77.146238450043768, 14.714614277821042 ], [ 77.146323150659029, 14.714583077202994 ], [ 77.146345444904242, 14.714627692357734 ], [ 77.146251879264497, 14.714667819492039 ], [ 77.146238450043768, 14.714614277821042 ] ] ] } },
{ "type": "Feature", "properties": { "polygon_id": "gt_binary_142", "source": "gt_binary", "raw_class": "2", "core_class": "water", "lon": 96.471696704070652, "lat": 28.078940815788069, "block": "96_28" }, "geometry": { "type": "Polygon", "coordinates": [ [ [ 96.471598956456674, 28.078919189297608 ], [ 96.471616766061331, 28.078883493957836 ], [ 96.471790714929682, 28.078959328260336 ], [ 96.471777296696985, 28.078999440529397 ], [ 96.471598956456674, 28.078919189297608 ] ] ] } },
{ "type": "Feature", "properties": { "polygon_id": "gt_binary_145", "source": "gt_binary", "raw_class": "2", "core_class": "water", "lon": 91.662960096829579, "lat": 26.490391192733849, "block": "91_26" }, "geometry": { "type": "Polygon", "coordinates": [ [ [ 91.662904343218344, 26.490413510145455 ], [ 91.662980166952821, 26.490328753023984 ], [ 91.663015818236516, 26.49036892900104 ], [ 91.662940068558626, 26.490453595270271 ], [ 91.662904343218344, 26.490413510145455 ] ] ] } },
{ "type": "Feature", "properties": { "polygon_id": "gt_binary_146", "source": "gt_binary", "raw_class": "2", "core_class": "water", "lon": 87.182042489403997, "lat": 21.600944988060579, "block": "87_21" }, "geometry": { "type": "Polygon", "coordinates": [ [ [ 87.182007225441765, 21.600888782602613 ], [ 87.182065164778848, 21.600888758929621 ], [ 87.182083033195241, 21.600991316396566 ], [ 87.182016121643812, 21.601004732200384 ], [ 87.182007225441765, 21.600888782602613 ] ] ] } },
{ "type": "Feature", "properties": { "polygon_id": "gt_binary_147", "source": "gt_binary", "raw_class": "2", "core_class": "water", "lon": 83.398425372020498, "lat": 23.342133810393822, "block": "83_23" }, "geometry": { "type": "Polygon", "coordinates": [ [ [ 83.398406472100049, 23.342118745718 ], [ 83.398433200466144, 23.342114264853187 ], [ 83.398446646133891, 23.342145484154493 ], [ 83.398415354393677, 23.342154384435677 ], [ 83.398406472100049, 23.342118745718 ] ] ] } },
{ "type": "Feature", "properties": { "polygon_id": "gt_binary_148", "source": "gt_binary", "raw_class": "2", "core_class": "water", "lon": 87.078255109795123, "lat": 24.927476300504789, "block": "87_24" }, "geometry": { "type": "Polygon", "coordinates": [ [ [ 87.078217199155404, 24.927440646838789 ], [ 87.078266273438317, 24.92741835820679 ], [ 87.078293020425278, 24.927511954156941 ], [ 87.078243946169906, 24.927534242789651 ], [ 87.078217199155404, 24.927440646838789 ] ] ] } },
{ "type": "Feature", "properties": { "polygon_id": "gt_binary_149", "source": "gt_binary", "raw_class": "2", "core_class": "water", "lon": 82.747400453453878, "lat": 21.0688704771507, "block": "82_21" }, "geometry": { "type": "Polygon", "coordinates": [ [ [ 82.747355441959826, 21.068904676847112 ], [ 82.747391078268336, 21.068824359714093 ], [ 82.747440129599852, 21.068833326384791 ], [ 82.747417826062588, 21.068913579719947 ], [ 82.747355441959826, 21.068904676847112 ] ] ] } },
{ "type": "Feature", "properties": { "polygon_id": "gt_binary_150", "source": "gt_binary", "raw_class": "2", "core_class": "water", "lon": 82.749110876701025, "lat": 21.069258535002131, "block": "82_21" }, "geometry": { "type": "Polygon", "coordinates": [ [ [ 82.749063247687715, 21.06930149545769 ], [ 82.749076662404363, 21.069207930870689 ], [ 82.74916134788532, 21.069212359231376 ], [ 82.749139044916674, 21.069314949148534 ], [ 82.749063247687715, 21.06930149545769 ] ] ] } },
{ "type": "Feature", "properties": { "polygon_id": "gt_binary_151", "source": "gt_binary", "raw_class": "2", "core_class": "water", "lon": 75.746561816543078, "lat": 18.739797619906209, "block": "75_18" }, "geometry": { "type": "Polygon", "coordinates": [ [ [ 75.746504348579535, 18.739800271515634 ], [ 75.746531141771456, 18.739755679791831 ], [ 75.74659794729115, 18.739751191685503 ], [ 75.746615779834997, 18.739813664997168 ], [ 75.746580114745115, 18.739844820787283 ], [ 75.746531141771456, 18.739840416027302 ], [ 75.746504348579535, 18.739800271515634 ] ] ] } },
{ "type": "Feature", "properties": { "polygon_id": "gt_binary_152", "source": "gt_binary", "raw_class": "2", "core_class": "water", "lon": 75.746478371770863, "lat": 18.740306216828763, "block": "75_18" }, "geometry": { "type": "Polygon", "coordinates": [ [ [ 75.746441890258481, 18.740304127563977 ], [ 75.746477555382626, 18.740277399018868 ], [ 75.746508784538804, 18.740290792095237 ], [ 75.746504348579535, 18.740326398001866 ], [ 75.746459722821669, 18.740330917869663 ], [ 75.746441890258481, 18.740304127563977 ] ] ] } },
{ "type": "Feature", "properties": { "polygon_id": "gt_binary_153", "source": "gt_binary", "raw_class": "2", "core_class": "water", "lon": 75.936413049750769, "lat": 19.095036311096013, "block": "75_19" }, "geometry": { "type": "Polygon", "coordinates": [ [ [ 75.936381817470775, 19.095052339523235 ], [ 75.936386247500494, 19.095003286152608 ], [ 75.936439762248355, 19.095012219254841 ], [ 75.936448710904514, 19.095043419205261 ], [ 75.936417434905707, 19.095074696719717 ], [ 75.936381817470775, 19.095052339523235 ] ] ] } },
{ "type": "Feature", "properties": { "polygon_id": "gt_binary_155", "source": "gt_binary", "raw_class": "2", "core_class": "water", "lon": 81.543050800104652, "lat": 21.543437031789558, "block": "81_21" }, "geometry": { "type": "Polygon", "coordinates": [ [ [ 81.543019091872623, 21.543419933910176 ], [ 81.543050314230527, 21.543397602416455 ], [ 81.543090493117035, 21.543451087075713 ], [ 81.543036921263578, 21.54347345688652 ], [ 81.543019091872623, 21.543419933910176 ] ] ] } },
{ "type": "Feature", "properties": { "polygon_id": "gt_binary_156", "source": "gt_binary", "raw_class": "2", "core_class": "water", "lon": 81.542735180526122, "lat": 21.543645454038629, "block": "81_21" }, "geometry": { "type": "Polygon", "coordinates": [ [ [ 81.542671292343385, 21.543669600564492 ], [ 81.542706951286192, 21.543593793934583 ], [ 81.542796182275438, 21.543638397901137 ], [ 81.54278722569876, 21.543682979304517 ], [ 81.542671292343385, 21.543669600564492 ] ] ] } },
{ "type": "Feature", "properties": { "polygon_id": "gt_binary_157", "source": "gt_binary", "raw_class": "2", "core_class": "water", "lon": 77.252148780724227, "lat": 13.281949749787676, "block": "77_13" }, "geometry": { "type": "Polygon", "coordinates": [ [ [ 77.252110926154586, 13.281936363715705 ], [ 77.252177749181982, 13.281922990633808 ], [ 77.252186693993778, 13.281963081328321 ], [ 77.252119783277195, 13.281976536331053 ], [ 77.252110926154586, 13.281936363715705 ] ] ] } },
{ "type": "Feature", "properties": { "polygon_id": "gt_binary_158", "source": "gt_binary", "raw_class": "2", "core_class": "water", "lon": 77.884285875652608, "lat": 22.065515811294631, "block": "77_22" }, "geometry": { "type": "Polygon", "coordinates": [ [ [ 77.884264236977941, 22.06551376761832 ], [ 77.88429545678234, 22.065495875058801 ], [ 77.884304439014883, 22.065518204113626 ], [ 77.88428211424133, 22.065536045503162 ], [ 77.884264236977941, 22.06551376761832 ] ] ] } },
{ "type": "Feature", "properties": { "polygon_id": "gt_binary_159", "source": "gt_binary", "raw_class": "2", "core_class": "water", "lon": 86.827525820811729, "lat": 21.040738429456191, "block": "86_21" }, "geometry": { "type": "Polygon", "coordinates": [ [ [ 86.827473057953199, 21.040772166839176 ], [ 86.827495348677047, 21.040696350328808 ], [ 86.827566663604628, 21.040696402843828 ], [ 86.827566663604628, 21.040781083240994 ], [ 86.827473057953199, 21.040772166839176 ] ] ] } },
{ "type": "Feature", "properties": { "polygon_id": "gt_binary_160", "source": "gt_binary", "raw_class": "2", "core_class": "water", "lon": 86.829437052500666, "lat": 21.03809590629978, "block": "86_21" }, "geometry": { "type": "Polygon", "coordinates": [ [ [ 86.829381520512314, 21.038118998738383 ], [ 86.829421657551293, 21.038038788514744 ], [ 86.829479641726522, 21.03806548687421 ], [ 86.829470679843979, 21.038150273511878 ], [ 86.829381520512314, 21.038118998738383 ] ] ] } },
{ "type": "Feature", "properties": { "polygon_id": "gt_binary_161", "source": "gt_binary", "raw_class": "2", "core_class": "water", "lon": 74.156967742889179, "lat": 25.704187027874518, "block": "74_25" }, "geometry": { "type": "Polygon", "coordinates": [ [ [ 74.156866011239075, 25.704095594456859 ], [ 74.156928456663152, 25.704140221379753 ], [ 74.157071176183535, 25.704278469408532 ], [ 74.157048867866479, 25.704269492054493 ], [ 74.156866011239075, 25.704100076448107 ], [ 74.156866011239075, 25.704095594456859 ] ] ] } },
{ "type": "Feature", "properties": { "polygon_id": "gt_binary_162", "source": "gt_binary", "raw_class": "2", "core_class": "water", "lon": 77.284755189291829, "lat": 23.666422669915786, "block": "77_23" }, "geometry": { "type": "Polygon", "coordinates": [ [ [ 77.284720345973497, 23.666411338463718 ], [ 77.284760411131373, 23.666393430378548 ], [ 77.284791621616847, 23.666433576513271 ], [ 77.284747085303579, 23.666451470526614 ], [ 77.284720345973497, 23.666411338463718 ] ] ] } },
{ "type": "Feature", "properties": { "polygon_id": "gt_binary_163", "source": "gt_binary", "raw_class": "2", "core_class": "water", "lon": 77.18800127595982, "lat": 18.084016877321037, "block": "77_18" }, "geometry": { "type": "Polygon", "coordinates": [ [ [ 77.187975648421258, 18.083995774746235 ], [ 77.188020221296, 18.083986871682946 ], [ 77.188029170965692, 18.084022533287023 ], [ 77.188011359367522, 18.084049298111584 ], [ 77.187975648421258, 18.084035895220911 ], [ 77.187975648421258, 18.083995774746235 ] ] ] } },
{ "type": "Feature", "properties": { "polygon_id": "gt_binary_164", "source": "gt_binary", "raw_class": "2", "core_class": "water", "lon": 85.640101836340904, "lat": 23.829771220476673, "block": "85_23" }, "geometry": { "type": "Polygon", "coordinates": [ [ [ 85.640045598079311, 23.829752664198708 ], [ 85.640121420627025, 23.829699087878254 ], [ 85.64015262780768, 23.829797260776036 ], [ 85.64009021342811, 23.829841793555143 ], [ 85.640045598079311, 23.829752664198708 ] ] ] } },
{ "type": "Feature", "properties": { "polygon_id": "gt_binary_165", "source": "gt_binary", "raw_class": "2", "core_class": "water", "lon": 83.415568978256715, "lat": 20.925033395061892, "block": "83_20" }, "geometry": { "type": "Polygon", "coordinates": [ [ [ 83.415520522432303, 20.924996112870758 ], [ 83.415605248154876, 20.924978285333047 ], [ 83.415614128055822, 20.925076383429744 ], [ 83.415533883034499, 20.925085241485025 ], [ 83.415520522432303, 20.924996112870758 ] ] ] } },
{ "type": "Feature", "properties": { "polygon_id": "gt_binary_167", "source": "gt_binary", "raw_class": "2", "core_class": "water", "lon": 76.338685273690686, "lat": 19.920679799740228, "block": "76_19" }, "geometry": { "type": "Polygon", "coordinates": [ [ [ 76.338668545620337, 19.920695065484846 ], [ 76.338672962579452, 19.920668278916949 ], [ 76.338699729348505, 19.92066386943873 ], [ 76.338699729348505, 19.920690644101768 ], [ 76.338668545620337, 19.920695065484846 ] ] ] } },
{ "type": "Feature", "properties": { "polygon_id": "gt_binary_168", "source": "gt_binary", "raw_class": "2", "core_class": "water", "lon": 76.191434811765518, "lat": 21.186873210233763, "block": "76_21" }, "geometry": { "type": "Polygon", "coordinates": [ [ [ 76.191384377755881, 21.186879117757965 ], [ 76.19145132416476, 21.186821175716751 ], [ 76.191504828206121, 21.186852319674102 ], [ 76.191388888016974, 21.186937101375506 ], [ 76.191384377755881, 21.186879117757965 ] ] ] } },
{ "type": "Feature", "properties": { "polygon_id": "gt_binary_169", "source": "gt_binary", "raw_class": "2", "core_class": "water", "lon": 92.608109186735604, "lat": 24.88391634255791, "block": "92_24" }, "geometry": { "type": "Polygon", "coordinates": [ [ [ 92.608001900624942, 24.883924215348628 ], [ 92.608153520530905, 24.883861862574975 ], [ 92.608193639709995, 24.883955444606169 ], [ 92.60816245272251, 24.883973268474641 ], [ 92.608131265755915, 24.883910837033024 ], [ 92.608010832787443, 24.883955456428456 ], [ 92.608001900624942, 24.883924215348628 ] ] ] } },
{ "type": "Feature", "properties": { "polygon_id": "gt_binary_170", "source": "gt_binary", "raw_class": "2", "core_class": "water", "lon": 93.899289137260666, "lat": 24.231920451036054, "block": "93_24" }, "geometry": { "type": "Polygon", "coordinates": [ [ [ 93.899246097321139, 24.231883269279241 ], [ 93.89928620228892, 24.231865403872408 ], [ 93.899330815216203, 24.231959071723484 ], [ 93.899295140415845, 24.231976914675123 ], [ 93.899246097321139, 24.231883269279241 ] ] ] } },
{ "type": "Feature", "properties": { "polygon_id": "gt_binary_171", "source": "gt_binary", "raw_class": "2", "core_class": "water", "lon": 85.155310789409413, "lat": 24.311915885750278, "block": "85_24" }, "geometry": { "type": "Polygon", "coordinates": [ [ [ 85.155283400779922, 24.311888465159406 ], [ 85.155332450957133, 24.311879532561747 ], [ 85.15534131162967, 24.311937522644683 ], [ 85.15528783112029, 24.311955359541596 ], [ 85.155283400779922, 24.311888465159406 ] ] ] } },
{ "type": "Feature", "properties": { "polygon_id": "gt_binary_172", "source": "gt_binary", "raw_class": "2", "core_class": "water", "lon": 79.626612671214531, "lat": 25.04838926042849, "block": "79_25" }, "geometry": { "type": "Polygon", "coordinates": [ [ [ 79.626600047963407, 25.048389280516787 ], [ 79.626617870075634, 25.048380334182422 ], [ 79.626622325603137, 25.048389234539574 ], [ 79.626613414547904, 25.048398180374186 ], [ 79.626600047963407, 25.048389280516787 ] ] ] } },
{ "type": "Feature", "properties": { "polygon_id": "gt_binary_174", "source": "gt_binary", "raw_class": "2", "core_class": "water", "lon": 75.65733823297596, "lat": 13.053370802029781, "block": "75_13" }, "geometry": { "type": "Polygon", "coordinates": [ [ [ 75.657308904005092, 13.053331639652383 ], [ 75.657353557237158, 13.053318290229871 ], [ 75.657371400771382, 13.053407432570296 ], [ 75.657317870162132, 13.053420796998862 ], [ 75.657308904005092, 13.053331639652383 ] ] ] } },
{ "type": "Feature", "properties": { "polygon_id": "gt_binary_175", "source": "gt_binary", "raw_class": "2", "core_class": "water", "lon": 76.795275593318237, "lat": 14.883693677811145, "block": "76_14" }, "geometry": { "type": "Polygon", "coordinates": [ [ [ 76.795235824382573, 14.883649909324395 ], [ 76.795325082471834, 14.883654410165123 ], [ 76.795302723942655, 14.883743592518265 ], [ 76.795235824382573, 14.883734635032114 ], [ 76.795235824382573, 14.883649909324395 ] ] ] } },
{ "type": "Feature", "properties": { "polygon_id": "gt_binary_177", "source": "gt_binary", "raw_class": "2", "core_class": "water", "lon": 76.968896365938818, "lat": 10.624760530736946, "block": "76_10" }, "geometry": { "type": "Polygon", "coordinates": [ [ [ 76.968864322480741, 10.624771428575396 ], [ 76.968886649559408, 10.624731322282187 ], [ 76.968926732808455, 10.624749151334591 ], [ 76.968908888732102, 10.624789277454356 ], [ 76.968864322480741, 10.624771428575396 ] ] ] } },
{ "type": "Feature", "properties": { "polygon_id": "gt_binary_178", "source": "gt_binary", "raw_class": "2", "core_class": "water", "lon": 78.948161818937436, "lat": 11.507234027445278, "block": "78_11" }, "geometry": { "type": "Polygon", "coordinates": [ [ [ 78.948125521020827, 11.507205249049417 ], [ 78.948187921183191, 11.507191832527086 ], [ 78.948196897136853, 11.507267669067895 ], [ 78.948134410672964, 11.507272115264824 ], [ 78.948125521020827, 11.507205249049417 ] ] ] } },
{ "type": "Feature", "properties": { "polygon_id": "gt_binary_179", "source": "gt_binary", "raw_class": "2", "core_class": "water", "lon": 92.170603504814622, "lat": 26.509378078941502, "block": "92_26" }, "geometry": { "type": "Polygon", "coordinates": [ [ [ 92.170510617453331, 26.509378093835011 ], [ 92.170604262649121, 26.509324582306579 ], [ 92.170675565086583, 26.509378025986095 ], [ 92.170644374942313, 26.509431581742845 ], [ 92.170510617453331, 26.509378093835011 ] ] ] } },
{ "type": "Feature", "properties": { "polygon_id": "gt_binary_180", "source": "gt_binary", "raw_class": "2", "core_class": "water", "lon": 75.821042107992113, "lat": 14.320629207266455, "block": "75_14" }, "geometry": { "type": "Polygon", "coordinates": [ [ [ 75.820998111354157, 14.320648320097163 ], [ 75.821006978656541, 14.32059479321895 ], [ 75.821087227718138, 14.320612648408005 ], [ 75.821078360420742, 14.320661669992008 ], [ 75.820998111354157, 14.320648320097163 ] ] ] } },
{ "type": "Feature", "properties": { "polygon_id": "gt_binary_181", "source": "gt_binary", "raw_class": "2", "core_class": "water", "lon": 75.820804219871974, "lat": 14.320509685636639, "block": "75_14" }, "geometry": { "type": "Polygon", "coordinates": [ [ [ 75.820761797541792, 14.320523457669939 ], [ 75.820784054506703, 14.320469961877905 ], [ 75.820846480397705, 14.320501120220518 ], [ 75.820828657099227, 14.320545700598341 ], [ 75.820761797541792, 14.320523457669939 ] ] ] } },
{ "type": "Feature", "properties": { "polygon_id": "gt_binary_182", "source": "gt_binary", "raw_class": "2", "core_class": "water", "lon": 75.374865183335544, "lat": 15.180561754281603, "block": "75_15" }, "geometry": { "type": "Polygon", "coordinates": [ [ [ 75.374833849553326, 15.180545771943853 ], [ 75.374882856824797, 15.180532385239424 ], [ 75.374891751064752, 15.180576998148677 ], [ 75.374856085159394, 15.180594832045479 ], [ 75.374833849553326, 15.180545771943853 ] ] ] } },
{ "type": "Feature", "properties": { "polygon_id": "gt_binary_183", "source": "gt_binary", "raw_class": "2", "core_class": "water", "lon": 85.656433755800279, "lat": 20.87794711605445, "block": "85_20" }, "geometry": { "type": "Polygon", "coordinates": [ [ [ 85.656370360049792, 20.877930313018993 ], [ 85.656464031356393, 20.877899100744607 ], [ 85.656499696956971, 20.877965985619035 ], [ 85.656397168089114, 20.877992708145502 ], [ 85.656370360049792, 20.877930313018993 ] ] ] } },
{ "type": "Feature", "properties": { "polygon_id": "gt_binary_184", "source": "gt_binary", "raw_class": "2", "core_class": "water", "lon": 85.656915840701387, "lat": 20.875164158468127, "block": "85_20" }, "geometry": { "type": "Polygon", "coordinates": [ [ [ 85.656834168579834, 20.87517902414713 ], [ 85.656972361889416, 20.875103193980355 ], [ 85.656994701670371, 20.87515222486385 ], [ 85.65686089800009, 20.875223628028245 ], [ 85.656834168579834, 20.87517902414713 ] ] ] } },
{ "type": "Feature", "properties": { "polygon_id": "gt_binary_185", "source": "gt_binary", "raw_class": "2", "core_class": "water", "lon": 90.443799582081056, "lat": 26.323773460550601, "block": "90_26" }, "geometry": { "type": "Polygon", "coordinates": [ [ [ 90.443759356448098, 26.323736724789452 ], [ 90.44383074611298, 26.323732270951204 ], [ 90.443839669830155, 26.323803681871144 ], [ 90.443772742000434, 26.323821454739608 ], [ 90.443759356448098, 26.323736724789452 ] ] ] } },
{ "type": "Feature", "properties": { "polygon_id": "gt_binary_186", "source": "gt_binary", "raw_class": "2", "core_class": "water", "lon": 74.677851583863372, "lat": 20.70039030732519, "block": "74_20" }, "geometry": { "type": "Polygon", "coordinates": [ [ [ 74.677822797561277, 20.70039119095804 ], [ 74.677840663443433, 20.700368897800249 ], [ 74.677876305872729, 20.700377794826881 ], [ 74.6778629064641, 20.70041793935037 ], [ 74.677822797561277, 20.70039119095804 ] ] ] } },
{ "type": "Feature", "properties": { "polygon_id": "gt_binary_187", "source": "gt_binary", "raw_class": "2", "core_class": "water", "lon": 74.678020483437848, "lat": 20.700325763548896, "block": "74_20" }, "geometry": { "type": "Polygon", "coordinates": [ [ [ 74.677965456577965, 20.700293058480824 ], [ 74.678063629494829, 20.700310897192626 ], [ 74.678032364240835, 20.700373334961515 ], [ 74.677965456577965, 20.700293058480824 ] ] ] } },
{ "type": "Feature", "properties": { "polygon_id": "gt_binary_188", "source": "gt_binary", "raw_class": "2", "core_class": "water", "lon": 74.131989446649669, "lat": 23.050306215317541, "block": "74_23" }, "geometry": { "type": "Polygon", "coordinates": [ [ [ 74.131966448329806, 23.050306187347125 ], [ 74.131988670043569, 23.050283889447407 ], [ 74.132010981358363, 23.050306239896063 ], [ 74.131993150227487, 23.050328545470219 ], [ 74.131966448329806, 23.050306187347125 ] ] ] } },
{ "type": "Feature", "properties": { "polygon_id": "gt_binary_189", "source": "gt_binary", "raw_class": "2", "core_class": "water", "lon": 78.572496407759175, "lat": 19.434149894395922, "block": "78_19" }, "geometry": { "type": "Polygon", "coordinates": [ [ [ 78.572437373740044, 19.434189306672483 ], [ 78.572455220719846, 19.434095632328422 ], [ 78.572539863877239, 19.434117994226618 ], [ 78.572566634318591, 19.434180421770812 ], [ 78.572513180064547, 19.434189284809509 ], [ 78.572437373740044, 19.434189306672483 ] ] ] } },
{ "type": "Feature", "properties": { "polygon_id": "gt_binary_190", "source": "gt_binary", "raw_class": "2", "core_class": "water", "lon": 74.451761766691206, "lat": 19.641863774716548, "block": "74_19" }, "geometry": { "type": "Polygon", "coordinates": [ [ [ 74.451581424976283, 19.641880856848612 ], [ 74.451625969157689, 19.641760478652827 ], [ 74.451933663597913, 19.641840676629993 ], [ 74.45190244694804, 19.641970003364563 ], [ 74.451581424976283, 19.641880856848612 ] ] ] } },
{ "type": "Feature", "properties": { "polygon_id": "gt_binary_191", "source": "gt_binary", "raw_class": "2", "core_class": "water", "lon": 74.451927166240779, "lat": 19.641401178043392, "block": "74_19" }, "geometry": { "type": "Polygon", "coordinates": [ [ [ 74.451715146932884, 19.641403732768349 ], [ 74.451733036150173, 19.641332423654191 ], [ 74.452143235405387, 19.641390375175668 ], [ 74.452085274469425, 19.641475117274211 ], [ 74.451715146932884, 19.641403732768349 ] ] ] } },
{ "type": "Feature", "properties": { "polygon_id": "gt_binary_192", "source": "gt_binary", "raw_class": "2", "core_class": "water", "lon": 92.963374460522317, "lat": 23.717894321308158, "block": "92_23" }, "geometry": { "type": "Polygon", "coordinates": [ [ [ 92.963307518987776, 23.717887120551691 ], [ 92.963338789146803, 23.717820305921023 ], [ 92.963450217855339, 23.717909436227448 ], [ 92.963396753398087, 23.717962976724866 ], [ 92.963307518987776, 23.717887120551691 ] ] ] } },
{ "type": "Feature", "properties": { "polygon_id": "gt_binary_193", "source": "gt_binary", "raw_class": "2", "core_class": "water", "lon": 92.962611237907964, "lat": 23.71669871359515, "block": "92_23" }, "geometry": { "type": "Polygon", "coordinates": [ [ [ 92.962509374168846, 23.716696610522309 ], [ 92.962549490828835, 23.716656477624962 ], [ 92.962692187434016, 23.716683239033785 ], [ 92.962678840592929, 23.716750074932015 ], [ 92.962509374168846, 23.716696610522309 ] ] ] } },
{ "type": "Feature", "properties": { "polygon_id": "gt_binary_194", "source": "gt_binary", "raw_class": "2", "core_class": "water", "lon": 85.229810073571798, "lat": 21.130972110401121, "block": "85_21" }, "geometry": { "type": "Polygon", "coordinates": [ [ [ 85.229678992639393, 21.130988740947913 ], [ 85.229893021273483, 21.130881691770014 ], [ 85.22993315648759, 21.130970920965868 ], [ 85.229719128009592, 21.131055649551591 ], [ 85.229678992639393, 21.130988740947913 ] ] ] } },
{ "type": "Feature", "properties": { "polygon_id": "gt_binary_195", "source": "gt_binary", "raw_class": "2", "core_class": "water", "lon": 85.23036982045295, "lat": 21.130735304653623, "block": "85_21" }, "geometry": { "type": "Polygon", "coordinates": [ [ [ 85.230281020119094, 21.130654310140873 ], [ 85.230437056350468, 21.130605245493225 ], [ 85.230441480662478, 21.130832659166941 ], [ 85.230321155050234, 21.130868298972754 ], [ 85.230281020119094, 21.130654310140873 ] ] ] } },
{ "type": "Feature", "properties": { "polygon_id": "gt_binary_197", "source": "gt_binary", "raw_class": "2", "core_class": "water", "lon": 84.699023691850968, "lat": 25.09570323839225, "block": "84_25" }, "geometry": { "type": "Polygon", "coordinates": [ [ [ 84.698894373852056, 25.095678037175109 ], [ 84.699063855773431, 25.095620114893464 ], [ 84.699121758658734, 25.095722587496205 ], [ 84.699045990408607, 25.095798464386935 ], [ 84.698894373852056, 25.095678037175109 ] ] ] } },
{ "type": "Feature", "properties": { "polygon_id": "gt_binary_198", "source": "gt_binary", "raw_class": "2", "core_class": "water", "lon": 84.699271806261905, "lat": 25.095627449908537, "block": "84_25" }, "geometry": { "type": "Polygon", "coordinates": [ [ [ 84.699175274909905, 25.095602253563747 ], [ 84.699340289683249, 25.095571055755336 ], [ 84.699371474152144, 25.095615650597352 ], [ 84.699237723765833, 25.095704797927617 ], [ 84.699175274909905, 25.095602253563747 ] ] ] } },
{ "type": "Feature", "properties": { "polygon_id": "gt_binary_200", "source": "gt_binary", "raw_class": "2", "core_class": "water", "lon": 84.074710801353987, "lat": 24.651349161831039, "block": "84_24" }, "geometry": { "type": "Polygon", "coordinates": [ [ [ 84.074638074733073, 24.651292924838579 ], [ 84.07472722537733, 24.651248323366065 ], [ 84.074785181286146, 24.651404407837685 ], [ 84.074691597377964, 24.651449015412314 ], [ 84.074638074733073, 24.651292924838579 ] ] ] } },
{ "type": "Feature", "properties": { "polygon_id": "gt_binary_201", "source": "gt_binary", "raw_class": "2", "core_class": "water", "lon": 91.664252514341527, "lat": 26.49237184405818, "block": "91_26" }, "geometry": { "type": "Polygon", "coordinates": [ [ [ 91.664081590224995, 26.49238890190388 ], [ 91.664340198982103, 26.492232816584998 ], [ 91.664424919813541, 26.492335330791146 ], [ 91.664179652349262, 26.492518170652406 ], [ 91.664081590224995, 26.49238890190388 ] ] ] } },
{ "type": "Feature", "properties": { "polygon_id": "gt_binary_203", "source": "gt_binary", "raw_class": "2", "core_class": "water", "lon": 81.09242744470447, "lat": 20.617479397862539, "block": "81_20" }, "geometry": { "type": "Polygon", "coordinates": [ [ [ 81.092368980639122, 20.617442977667306 ], [ 81.092449222760067, 20.617407286459503 ], [ 81.092489385889408, 20.617514358886091 ], [ 81.092400218662419, 20.617550039712039 ], [ 81.092368980639122, 20.617442977667306 ] ] ] } },
{ "type": "Feature", "properties": { "polygon_id": "gt_binary_205", "source": "gt_binary", "raw_class": "2", "core_class": "water", "lon": 87.078109168901904, "lat": 24.927736213839108, "block": "87_24" }, "geometry": { "type": "Polygon", "coordinates": [ [ [ 87.0779362402928, 24.927721533850526 ], [ 87.078270693169401, 24.927645748024332 ], [ 87.078293020425278, 24.927739348150528 ], [ 87.077954071742582, 24.92783304602575 ], [ 87.0779362402928, 24.927721533850526 ] ] ] } },
{ "type": "Feature", "properties": { "polygon_id": "gt_binary_206", "source": "gt_binary", "raw_class": "2", "core_class": "water", "lon": 81.604019110769855, "lat": 19.020854913789993, "block": "81_19" }, "geometry": { "type": "Polygon", "coordinates": [ [ [ 81.603943815916026, 19.020812769787824 ], [ 81.604041923235528, 19.020772695699296 ], [ 81.604095451471451, 19.020888583549883 ], [ 81.603997344222265, 19.020942153333646 ], [ 81.603943815916026, 19.020812769787824 ] ] ] } },
{ "type": "Feature", "properties": { "polygon_id": "gt_binary_207", "source": "gt_binary", "raw_class": "2", "core_class": "water", "lon": 82.020686472833745, "lat": 19.183487767852498, "block": "82_19" }, "geometry": { "type": "Polygon", "coordinates": [ [ [ 82.020620037152682, 19.183422841315988 ], [ 82.020740458377432, 19.183409434219964 ], [ 82.020744949220315, 19.183547715773688 ], [ 82.020646815923129, 19.183578936606672 ], [ 82.020620037152682, 19.183422841315988 ] ] ] } },
{ "type": "Feature", "properties": { "polygon_id": "gt_binary_208", "source": "gt_binary", "raw_class": "2", "core_class": "water", "lon": 86.047091528199019, "lat": 25.622191147717682, "block": "86_25" }, "geometry": { "type": "Polygon", "coordinates": [ [ [ 86.046987679377253, 25.622173056494177 ], [ 86.047148188690826, 25.622101629995107 ], [ 86.04719277020024, 25.622217630223826 ], [ 86.047032261025322, 25.622275619927475 ], [ 86.046987679377253, 25.622173056494177 ] ] ] } },
{ "type": "Feature", "properties": { "polygon_id": "gt_binary_216", "source": "gt_binary", "raw_class": "2", "core_class": "water", "lon": 93.350022508951938, "lat": 26.8307873644221, "block": "93_26" }, "geometry": { "type": "Polygon", "coordinates": [ [ [ 93.349933872137541, 26.830834677827568 ], [ 93.349982920797657, 26.830723180300946 ], [ 93.35012122598161, 26.830741018174201 ], [ 93.350045346435707, 26.830856919117348 ], [ 93.349933872137541, 26.830834677827568 ] ] ] } },
{ "type": "Feature", "properties": { "polygon_id": "gt_binary_217", "source": "gt_binary", "raw_class": "2", "core_class": "water", "lon": 84.652506896777851, "lat": 20.591365395841922, "block": "84_20" }, "geometry": { "type": "Polygon", "coordinates": [ [ [ 84.652408278106776, 20.591339360047694 ], [ 84.652591067437754, 20.591290337068816 ], [ 84.652608947236374, 20.591343821925246 ], [ 84.65255985759741, 20.591410742479997 ], [ 84.65243054810432, 20.591441925900444 ], [ 84.652408278106776, 20.591339360047694 ] ] ] } },
{ "type": "Feature", "properties": { "polygon_id": "gt_binary_219", "source": "gt_binary", "raw_class": "2", "core_class": "water", "lon": 92.60716184127682, "lat": 24.884296752226174, "block": "92_24" }, "geometry": { "type": "Polygon", "coordinates": [ [ [ 92.607047683039809, 24.884289873271964 ], [ 92.607221554165776, 24.884209672160885 ], [ 92.60727060456172, 24.884325538043406 ], [ 92.607087801265465, 24.884370155073761 ], [ 92.607047683039809, 24.884289873271964 ] ] ] } },
{ "type": "Feature", "properties": { "polygon_id": "gt_binary_220", "source": "gt_binary", "raw_class": "2", "core_class": "water", "lon": 79.654369987482724, "lat": 19.905396313421306, "block": "79_19" }, "geometry": { "type": "Polygon", "coordinates": [ [ [ 79.654308921805224, 19.905355721482628 ], [ 79.654406998914979, 19.905337935931584 ], [ 79.654438177991238, 19.905422606849982 ], [ 79.654331192599329, 19.905462760686831 ], [ 79.654308921805224, 19.905355721482628 ] ] ] } },
{ "type": "Feature", "properties": { "polygon_id": "gt_binary_221", "source": "gt_binary", "raw_class": "2", "core_class": "water", "lon": 96.024295901636705, "lat": 27.443524575331889, "block": "96_27" }, "geometry": { "type": "Polygon", "coordinates": [ [ [ 96.024141541964013, 27.443528534737695 ], [ 96.024435832054849, 27.443448249527417 ], [ 96.024471518357345, 27.443501792863259 ], [ 96.024163825608383, 27.443608814719894 ], [ 96.024141541964013, 27.443528534737695 ] ] ] } },
{ "type": "Feature", "properties": { "polygon_id": "gt_binary_223", "source": "gt_binary", "raw_class": "2", "core_class": "water", "lon": 75.656939004795348, "lat": 13.053540588002717, "block": "75_13" }, "geometry": { "type": "Polygon", "coordinates": [ [ [ 75.656858553645762, 13.053505558167295 ], [ 75.656974492586002, 13.053447606029073 ], [ 75.657019145920458, 13.053585841221755 ], [ 75.656898679537505, 13.053625962415946 ], [ 75.656858553645762, 13.053505558167295 ] ] ] } },
{ "type": "Feature", "properties": { "polygon_id": "gt_binary_224", "source": "gt_binary", "raw_class": "2", "core_class": "water", "lon": 78.557533929627951, "lat": 13.420603531246707, "block": "78_13" }, "geometry": { "type": "Polygon", "coordinates": [ [ [ 78.557468105079352, 13.420658962514395 ], [ 78.557485954703964, 13.4205252561687 ], [ 78.557592965736816, 13.420543077508706 ], [ 78.557588546659971, 13.420681303114954 ], [ 78.557468105079352, 13.420658962514395 ] ] ] } },
{ "type": "Feature", "properties": { "polygon_id": "gt_binary_226", "source": "gt_binary", "raw_class": "2", "core_class": "water", "lon": 78.946869243790516, "lat": 11.507421881008762, "block": "78_11" }, "geometry": { "type": "Polygon", "coordinates": [ [ [ 78.946810102438249, 11.507388078047549 ], [ 78.946921526618979, 11.507374655124565 ], [ 78.946930502689938, 11.507459373206032 ], [ 78.946810102438249, 11.507463827936258 ], [ 78.946810102438249, 11.507388078047549 ] ] ] } },
{ "type": "Feature", "properties": { "polygon_id": "gt_binary_227", "source": "gt_binary", "raw_class": "2", "core_class": "water", "lon": 78.96737632679735, "lat": 14.883085770090974, "block": "78_14" }, "geometry": { "type": "Polygon", "coordinates": [ [ [ 78.967264001076913, 14.883088087208554 ], [ 78.967357625948011, 14.882998926997637 ], [ 78.967486974814349, 14.883065774910229 ], [ 78.967393263778362, 14.883181712622788 ], [ 78.967264001076913, 14.883088087208554 ] ] ] } },
{ "type": "Feature", "properties": { "polygon_id": "gt_binary_229", "source": "gt_binary", "raw_class": "2", "core_class": "water", "lon": 73.791189136783089, "lat": 20.780862582604655, "block": "73_20" }, "geometry": { "type": "Polygon", "coordinates": [ [ [ 73.791121681258403, 20.780886859430783 ], [ 73.791126079604027, 20.780828925402229 ], [ 73.791170691389866, 20.780761979028959 ], [ 73.791184065947462, 20.780686193550657 ], [ 73.791264313274127, 20.780967093665943 ], [ 73.791192952397978, 20.780967098986814 ], [ 73.791121681258403, 20.780886859430783 ] ] ] } },
{ "type": "Feature", "properties": { "polygon_id": "gt_binary_230", "source": "gt_binary", "raw_class": "2", "core_class": "water", "lon": 81.295039176745092, "lat": 18.790581046813841, "block": "81_18" }, "geometry": { "type": "Polygon", "coordinates": [ [ [ 81.294977145959024, 18.790544821252844 ], [ 81.295075234367047, 18.790504648734263 ], [ 81.295110925751558, 18.790611725557941 ], [ 81.294990498754814, 18.790656336799437 ], [ 81.294977145959024, 18.790544821252844 ] ] ] } },
{ "type": "Feature", "properties": { "polygon_id": "gt_binary_231", "source": "gt_binary", "raw_class": "2", "core_class": "water", "lon": 69.055230284318341, "lat": 22.364633179466836, "block": "69_22" }, "geometry": { "type": "Polygon", "coordinates": [ [ [ 69.05516393693587, 22.364688231508829 ], [ 69.055199591650563, 22.36453215523424 ], [ 69.055302189906897, 22.364630222662427 ], [ 69.055284362550751, 22.364697177724704 ], [ 69.05516393693587, 22.364688231508829 ] ] ] } },
{ "type": "Feature", "properties": { "polygon_id": "gt_binary_232", "source": "gt_binary", "raw_class": "2", "core_class": "water", "lon": 76.201762835736233, "lat": 23.066430093275017, "block": "76_23" }, "geometry": { "type": "Polygon", "coordinates": [ [ [ 76.201698332192422, 23.066323282176583 ], [ 76.201800822221301, 23.06631882751654 ], [ 76.201836547804092, 23.06652393126868 ], [ 76.201716106568838, 23.066541837666897 ], [ 76.201698332192422, 23.066323282176583 ] ] ] } },
{ "type": "Feature", "properties": { "polygon_id": "gt_binary_233", "source": "gt_binary", "raw_class": "2", "core_class": "water", "lon": 77.88220717603248, "lat": 12.014486563808919, "block": "77_12" }, "geometry": { "type": "Polygon", "coordinates": [ [ [ 77.882155135374958, 12.014432448712611 ], [ 77.882230918975026, 12.01440119492611 ], [ 77.88225324416824, 12.014534961355274 ], [ 77.882195250981084, 12.014584019489792 ], [ 77.882155135374958, 12.014432448712611 ] ] ] } },
{ "type": "Feature", "properties": { "polygon_id": "gt_binary_234", "source": "gt_binary", "raw_class": "2", "core_class": "water", "lon": 75.375738270526668, "lat": 15.182853124622936, "block": "75_15" }, "geometry": { "type": "Polygon", "coordinates": [ [ [ 75.375685470943793, 15.182842253460251 ], [ 75.375761338393488, 15.182775299792889 ], [ 75.375797004086536, 15.182873450182385 ], [ 75.375698901175042, 15.182922492461692 ], [ 75.375685470943793, 15.182842253460251 ] ] ] } },
{ "type": "Feature", "properties": { "polygon_id": "gt_binary_235", "source": "gt_binary", "raw_class": "2", "core_class": "water", "lon": 75.37571112886809, "lat": 15.180305816333147, "block": "75_15" }, "geometry": { "type": "Polygon", "coordinates": [ [ [ 75.375632016832824, 15.180251504315596 ], [ 75.375743461072886, 15.180220308438894 ], [ 75.375805898273015, 15.180349631273748 ], [ 75.375658788361648, 15.180389699371974 ], [ 75.375632016832824, 15.180251504315596 ] ] ] } },
{ "type": "Feature", "properties": { "polygon_id": "gt_binary_236", "source": "gt_binary", "raw_class": "2", "core_class": "water", "lon": 95.207801924464036, "lat": 27.192597239831475, "block": "95_27" }, "geometry": { "type": "Polygon", "coordinates": [ [ [ 95.207639977515612, 27.192623773491135 ], [ 95.207644436577425, 27.192565806839699 ], [ 95.207952112685376, 27.192565861009008 ], [ 95.207956571771604, 27.192632713258813 ], [ 95.207639977515612, 27.192623773491135 ] ] ] } },
{ "type": "Feature", "properties": { "polygon_id": "gt_binary_237", "source": "gt_binary", "raw_class": "2", "core_class": "water", "lon": 77.833444225028529, "lat": 10.464613295353651, "block": "77_10" }, "geometry": { "type": "Polygon", "coordinates": [ [ [ 77.833354678792688, 10.464529172895215 ], [ 77.833452831340168, 10.464489007559568 ], [ 77.833537547823894, 10.464680761512019 ], [ 77.833430496190402, 10.464743230219339 ], [ 77.833354678792688, 10.464529172895215 ] ] ] } },
{ "type": "Feature", "properties": { "polygon_id": "gt_binary_238", "source": "gt_binary", "raw_class": "2", "core_class": "water", "lon": 76.543035632619194, "lat": 9.1641464728934405, "block": "76_9" }, "geometry": { "type": "Polygon", "coordinates": [ [ [ 76.542886421288301, 9.164085875459961 ], [ 76.543158433483626, 9.163987746569376 ], [ 76.543202974984908, 9.164188403797279 ], [ 76.542899827869107, 9.164313256808798 ], [ 76.542886421288301, 9.164085875459961 ] ] ] } },
{ "type": "Feature", "properties": { "polygon_id": "gt_binary_240", "source": "gt_binary", "raw_class": "2", "core_class": "water", "lon": 75.346233146079243, "lat": 16.671493148695692, "block": "75_16" }, "geometry": { "type": "Polygon", "coordinates": [ [ [ 75.346099354154831, 16.671303509761064 ], [ 75.346233148733816, 16.671263384449933 ], [ 75.346335718567758, 16.671428396914806 ], [ 75.346308941887486, 16.671718246131007 ], [ 75.346237596689889, 16.671789615344355 ], [ 75.346099354154831, 16.671303509761064 ] ] ] } },
{ "type": "Feature", "properties": { "polygon_id": "gt_binary_241", "source": "gt_binary", "raw_class": "2", "core_class": "water", "lon": 91.660716613112413, "lat": 26.491337853582539, "block": "91_26" }, "geometry": { "type": "Polygon", "coordinates": [ [ [ 91.660536604522619, 26.491260724809141 ], [ 91.660857671374529, 26.491198329917122 ], [ 91.660888873981747, 26.491416843617692 ], [ 91.660585668601186, 26.491479211814262 ], [ 91.660536604522619, 26.491260724809141 ] ] ] } },
{ "type": "Feature", "properties": { "polygon_id": "gt_binary_242", "source": "gt_binary", "raw_class": "2", "core_class": "water", "lon": 79.830610915220376, "lat": 21.640442581109646, "block": "79_21" }, "geometry": { "type": "Polygon", "coordinates": [ [ [ 79.830430028336906, 21.640365218498999 ], [ 79.830626223107373, 21.640253714221412 ], [ 79.830782323733686, 21.640548040551014 ], [ 79.830612801518214, 21.640623862780256 ], [ 79.830430028336906, 21.640365218498999 ] ] ] } },
{ "type": "Feature", "properties": { "polygon_id": "gt_binary_243", "source": "gt_binary", "raw_class": "2", "core_class": "water", "lon": 79.830887119858744, "lat": 21.640921018230042, "block": "79_21" }, "geometry": { "type": "Polygon", "coordinates": [ [ [ 79.830733253796495, 21.640811135328068 ], [ 79.8308402843561, 21.640739744424437 ], [ 79.831067681121482, 21.640976130984043 ], [ 79.830871487330327, 21.64110544242024 ], [ 79.830733253796495, 21.640811135328068 ] ] ] } },
{ "type": "Feature", "properties": { "polygon_id": "gt_binary_245", "source": "gt_binary", "raw_class": "2", "core_class": "water", "lon": 74.560406022311, "lat": 34.239984773267317, "block": "74_34" }, "geometry": { "type": "Polygon", "coordinates": [ [ [ 74.560227380457235, 34.240005623658433 ], [ 74.560240789052415, 34.239858453807365 ], [ 74.560593077171148, 34.239969922765439 ], [ 74.560566260034278, 34.240108169624236 ], [ 74.560227380457235, 34.240005623658433 ] ] ] } },
{ "type": "Feature", "properties": { "polygon_id": "gt_binary_246", "source": "gt_binary", "raw_class": "2", "core_class": "water", "lon": 83.787765177772499, "lat": 21.407307821650335, "block": "83_21" }, "geometry": { "type": "Polygon", "coordinates": [ [ [ 83.787565611660114, 21.407395046503996 ], [ 83.787601245463293, 21.407185487693123 ], [ 83.78797134988676, 21.407243381862379 ], [ 83.787953533094381, 21.407408399005064 ], [ 83.787565611660114, 21.407395046503996 ] ] ] } },
{ "type": "Feature", "properties": { "polygon_id": "gt_binary_247", "source": "gt_binary", "raw_class": "2", "core_class": "water", "lon": 86.828297409908757, "lat": 21.039431349375615, "block": "86_21" }, "geometry": { "type": "Polygon", "coordinates": [ [ [ 86.82811511862586, 21.03953705386904 ], [ 86.828244418293252, 21.039265061265869 ], [ 86.828471840866229, 21.039327433488843 ], [ 86.828364832129026, 21.039590572601558 ], [ 86.82811511862586, 21.03953705386904 ] ] ] } },
{ "type": "Feature", "properties": { "polygon_id": "gt_binary_250", "source": "gt_binary", "raw_class": "2", "core_class": "water", "lon": 78.537362541192749, "lat": 26.661623623733529, "block": "78_26" }, "geometry": { "type": "Polygon", "coordinates": [ [ [ 78.537250603796011, 26.661500305396213 ], [ 78.537464581875298, 26.661482490559898 ], [ 78.537478015072978, 26.661709858322993 ], [ 78.537379909356034, 26.661785703075164 ], [ 78.537250603796011, 26.66172321010194 ], [ 78.537250603796011, 26.661500305396213 ] ] ] } },
{ "type": "Feature", "properties": { "polygon_id": "gt_binary_251", "source": "gt_binary", "raw_class": "2", "core_class": "water", "lon": 93.898036708219408, "lat": 24.23232077277035, "block": "93_24" }, "geometry": { "type": "Polygon", "coordinates": [ [ [ 93.897837002719783, 24.232177548598486 ], [ 93.897975267932239, 24.232066086837584 ], [ 93.898242783806396, 24.23247190126391 ], [ 93.898086719757075, 24.232565526001604 ], [ 93.897837002719783, 24.232177548598486 ] ] ] } },
{ "type": "Feature", "properties": { "polygon_id": "gt_binary_252", "source": "gt_binary", "raw_class": "2", "core_class": "water", "lon": 94.821060678267202, "lat": 26.933445032170404, "block": "94_26" }, "geometry": { "type": "Polygon", "coordinates": [ [ [ 94.820875428964285, 26.933518813405538 ], [ 94.821138525849264, 26.933264641731416 ], [ 94.821245520522382, 26.933367201711626 ], [ 94.820986851567881, 26.933625883087387 ], [ 94.820875428964285, 26.933518813405538 ] ] ] } },
{ "type": "Feature", "properties": { "polygon_id": "gt_binary_253", "source": "gt_binary", "raw_class": "2", "core_class": "water", "lon": 76.319398625742537, "lat": 28.799116789079726, "block": "76_28" }, "geometry": { "type": "Polygon", "coordinates": [ [ [ 76.319266957778694, 28.799264659680972 ], [ 76.319275881341312, 28.798965915515815 ], [ 76.319530070095837, 28.798974859790775 ], [ 76.31952556414717, 28.79926019542183 ], [ 76.319266957778694, 28.799264659680972 ] ] ] } },
{ "type": "Feature", "properties": { "polygon_id": "gt_binary_254", "source": "gt_binary", "raw_class": "2", "core_class": "water", "lon": 85.156762942950564, "lat": 24.310800886801527, "block": "85_24" }, "geometry": { "type": "Polygon", "coordinates": [ [ [ 85.156643419508654, 24.310974363435459 ], [ 85.156656789313445, 24.310648798537827 ], [ 85.156866354647931, 24.310599832394768 ], [ 85.156875294185909, 24.310969885509095 ], [ 85.156643419508654, 24.310974363435459 ] ] ] } },
{ "type": "Feature", "properties": { "polygon_id": "gt_binary_255", "source": "gt_binary", "raw_class": "2", "core_class": "water", "lon": 80.110601805580714, "lat": 12.498953791831488, "block": "80_12" }, "geometry": { "type": "Polygon", "coordinates": [ [ [ 80.110434804726651, 12.498882524082259 ], [ 80.110733564438917, 12.498802308494083 ], [ 80.110760321533078, 12.499034156170282 ], [ 80.11047494050419, 12.499101030179254 ], [ 80.110434804726651, 12.498882524082259 ] ] ] } },
{ "type": "Feature", "properties": { "polygon_id": "gt_binary_257", "source": "gt_binary", "raw_class": "2", "core_class": "water", "lon": 92.173679037996081, "lat": 26.508947041016686, "block": "92_26" }, "geometry": { "type": "Polygon", "coordinates": [ [ [ 92.173507135411882, 26.508896515873488 ], [ 92.173814783714391, 26.508807278049716 ], [ 92.173837053244156, 26.509021344168051 ], [ 92.173538327539802, 26.509070409124678 ], [ 92.173507135411882, 26.508896515873488 ] ] ] } },
{ "type": "Feature", "properties": { "polygon_id": "gt_binary_258", "source": "gt_binary", "raw_class": "2", "core_class": "water", "lon": 78.580974569438055, "lat": 25.924571920493726, "block": "78_25" }, "geometry": { "type": "Polygon", "coordinates": [ [ [ 78.580753551096294, 25.924602645908728 ], [ 78.581074596514412, 25.924437650625954 ], [ 78.581137055582488, 25.92458034179656 ], [ 78.58096761036478, 25.924682906236967 ], [ 78.580753551096294, 25.924602645908728 ] ] ] } },
{ "type": "Feature", "properties": { "polygon_id": "gt_binary_259", "source": "gt_binary", "raw_class": "2", "core_class": "water", "lon": 76.2012487754739, "lat": 23.06965935751975, "block": "76_23" }, "geometry": { "type": "Polygon", "coordinates": [ [ [ 76.20111416407056, 23.069498158965423 ], [ 76.201346027651354, 23.069502668691303 ], [ 76.201377243427203, 23.069841583910247 ], [ 76.201234517412985, 23.069837045562601 ], [ 76.201118585576594, 23.069694349352844 ], [ 76.20111416407056, 23.069498158965423 ] ] ] } },
{ "type": "Feature", "properties": { "polygon_id": "gt_binary_260", "source": "gt_binary", "raw_class": "2", "core_class": "water", "lon": 86.471346812383601, "lat": 23.7526641770013, "block": "86_23" }, "geometry": { "type": "Polygon", "coordinates": [ [ [ 86.471204217709044, 23.752583431794442 ], [ 86.471462845613019, 23.752521038323668 ], [ 86.471409376409767, 23.752797448526991 ], [ 86.471333531828449, 23.752846498408136 ], [ 86.471204217709044, 23.752583431794442 ] ] ] } },
{ "type": "Feature", "properties": { "polygon_id": "gt_binary_261", "source": "gt_binary", "raw_class": "2", "core_class": "water", "lon": 85.656921697589652, "lat": 20.875892529938458, "block": "85_20" }, "geometry": { "type": "Polygon", "coordinates": [ [ [ 85.656740497924815, 20.875928151035293 ], [ 85.656963425974411, 20.875727489916006 ], [ 85.657088293492819, 20.875856804210748 ], [ 85.65690996722347, 20.876052966207364 ], [ 85.656740497924815, 20.875928151035293 ] ] ] } },
{ "type": "Feature", "properties": { "polygon_id": "gt_binary_262", "source": "gt_binary", "raw_class": "2", "core_class": "water", "lon": 90.440757114009017, "lat": 26.324889299756073, "block": "90_26" }, "geometry": { "type": "Polygon", "coordinates": [ [ [ 90.440682598906804, 26.325177089743114 ], [ 90.440687060409516, 26.324624129143057 ], [ 90.440838679841235, 26.324592946225554 ], [ 90.440816372247127, 26.325185959544072 ], [ 90.440682598906804, 26.325177089743114 ] ] ] } },
{ "type": "Feature", "properties": { "polygon_id": "gt_binary_263", "source": "gt_binary", "raw_class": "2", "core_class": "water", "lon": 93.145650132357488, "lat": 25.290686814990572, "block": "93_25" }, "geometry": { "type": "Polygon", "coordinates": [ [ [ 93.145417265434915, 25.290652274951444 ], [ 93.14553317388706, 25.290540778070376 ], [ 93.145863139359761, 25.290714627721769 ], [ 93.145800744324433, 25.290839532969503 ], [ 93.145417265434915, 25.290652274951444 ] ] ] } },
{ "type": "Feature", "properties": { "polygon_id": "gt_binary_264", "source": "gt_binary", "raw_class": "2", "core_class": "water", "lon": 72.410594353433552, "lat": 22.622216843929863, "block": "72_22" }, "geometry": { "type": "Polygon", "coordinates": [ [ [ 72.410343193193356, 22.622063116119715 ], [ 72.410789113068347, 22.62194717262544 ], [ 72.410860452955774, 22.622330610981585 ], [ 72.410405593122945, 22.622513460280075 ], [ 72.410343193193356, 22.622063116119715 ] ] ] } },
{ "type": "Feature", "properties": { "polygon_id": "gt_binary_265", "source": "gt_binary", "raw_class": "2", "core_class": "water", "lon": 76.957376201748176, "lat": 30.201932886728809, "block": "76_30" }, "geometry": { "type": "Polygon", "coordinates": [ [ [ 76.956004301119592, 30.202129090146041 ], [ 76.958046548095297, 30.201500348513839 ], [ 76.95807775602961, 30.202169220097037 ], [ 76.956004301119592, 30.202129090146041 ] ] ] } },
{ "type": "Feature", "properties": { "polygon_id": "gt_binary_266", "source": "gt_binary", "raw_class": "2", "core_class": "water", "lon": 71.343320644943446, "lat": 21.317642568277115, "block": "71_21" }, "geometry": { "type": "Polygon", "coordinates": [ [ [ 71.342691671726783, 21.318244196766532 ], [ 71.343039534408931, 21.317111613947603 ], [ 71.343467589003225, 21.316621130902664 ], [ 71.343859941742039, 21.317517341448021 ], [ 71.343605773329372, 21.318391410064553 ], [ 71.342691671726783, 21.318244196766532 ] ] ] } },
{ "type": "Feature", "properties": { "polygon_id": "gt_binary_268", "source": "gt_binary", "raw_class": "2", "core_class": "water", "lon": 79.269594557848933, "lat": 11.229177166393898, "block": "79_11" }, "geometry": { "type": "Polygon", "coordinates": [ [ [ 79.268998000368569, 11.229492419736273 ], [ 79.269131756869626, 11.228729904198795 ], [ 79.270045854867476, 11.228605052247449 ], [ 79.2700636602071, 11.229809027634085 ], [ 79.268998000368569, 11.229492419736273 ] ] ] } },
{ "type": "Feature", "properties": { "polygon_id": "gt_binary_269", "source": "gt_binary", "raw_class": "2", "core_class": "water", "lon": 73.278767837065672, "lat": 23.693019420041949, "block": "73_23" }, "geometry": { "type": "Polygon", "coordinates": [ [ [ 73.278565793694725, 23.693393339699085 ], [ 73.27859701743769, 23.692684322310413 ], [ 73.279002835712845, 23.692693259563029 ], [ 73.278913663734457, 23.693344277233766 ], [ 73.278565793694725, 23.693393339699085 ] ] ] } },
{ "type": "Feature", "properties": { "polygon_id": "gt_binary_270", "source": "gt_binary", "raw_class": "2", "core_class": "water", "lon": 73.275025617230114, "lat": 23.638832928933827, "block": "73_23" }, "geometry": { "type": "Polygon", "coordinates": [ [ [ 73.274677458407311, 23.638920908693894 ], [ 73.274690865956956, 23.638586469091464 ], [ 73.27533298765124, 23.638680149968966 ], [ 73.275341895996831, 23.639126062479253 ], [ 73.274677458407311, 23.638920908693894 ] ] ] } },
{ "type": "Feature", "properties": { "polygon_id": "gt_binary_271", "source": "gt_binary", "raw_class": "2", "core_class": "water", "lon": 77.748893755694098, "lat": 24.742362197823965, "block": "77_24" }, "geometry": { "type": "Polygon", "coordinates": [ [ [ 77.748654118482122, 24.742133753985421 ], [ 77.749144558824852, 24.742115952312624 ], [ 77.749149011807162, 24.742530620052936 ], [ 77.748667477487615, 24.742664383021754 ], [ 77.748654118482122, 24.742133753985421 ] ] ] } },
{ "type": "Feature", "properties": { "polygon_id": "gt_binary_272", "source": "gt_binary", "raw_class": "2", "core_class": "water", "lon": 77.031114273105231, "lat": 15.775332928522815, "block": "77_15" }, "geometry": { "type": "Polygon", "coordinates": [ [ [ 77.030823591525532, 15.775269462381683 ], [ 77.031327450749913, 15.775166896245002 ], [ 77.031394309680238, 15.77543001314924 ], [ 77.03086365434099, 15.775470121438447 ], [ 77.030823591525532, 15.775269462381683 ] ] ] } },
{ "type": "Feature", "properties": { "polygon_id": "gt_binary_275", "source": "gt_binary", "raw_class": "2", "core_class": "water", "lon": 86.047475618550408, "lat": 25.622884269602668, "block": "86_25" }, "geometry": { "type": "Polygon", "coordinates": [ [ [ 86.047157058313559, 25.622837466049297 ], [ 86.047745717762623, 25.622708135811788 ], [ 86.047799168268256, 25.622935566274698 ], [ 86.047188335392136, 25.623055912384615 ], [ 86.047157058313559, 25.622837466049297 ] ] ] } },
{ "type": "Feature", "properties": { "polygon_id": "gt_binary_276", "source": "gt_binary", "raw_class": "2", "core_class": "water", "lon": 86.830326902731244, "lat": 21.039790384960991, "block": "86_21" }, "geometry": { "type": "Polygon", "coordinates": [ [ [ 86.830188620972493, 21.040063183607398 ], [ 86.83030458742283, 21.039496922128606 ], [ 86.830465055733384, 21.039514709699745 ], [ 86.830349166262039, 21.040085515731711 ], [ 86.830188620972493, 21.040063183607398 ] ] ] } },
{ "type": "Feature", "properties": { "polygon_id": "gt_binary_277", "source": "gt_binary", "raw_class": "2", "core_class": "water", "lon": 72.549319788731637, "lat": 21.994721755533064, "block": "72_21" }, "geometry": { "type": "Polygon", "coordinates": [ [ [ 72.549016734691108, 21.994395547482142 ], [ 72.54961874594926, 21.994426798777976 ], [ 72.549627681338293, 21.994961899741092 ], [ 72.549413592943381, 21.995073313463141 ], [ 72.549030092677114, 21.995006478900812 ], [ 72.549016734691108, 21.994395547482142 ] ] ] } },
{ "type": "Feature", "properties": { "polygon_id": "gt_binary_278", "source": "gt_binary", "raw_class": "2", "core_class": "water", "lon": 75.830032633204539, "lat": 28.787669555072881, "block": "75_28" }, "geometry": { "type": "Polygon", "coordinates": [ [ [ 75.829702255491256, 28.787514925422759 ], [ 75.830322040680983, 28.787528293890606 ], [ 75.830344384817622, 28.787782471621096 ], [ 75.829827099420569, 28.787862738479063 ], [ 75.829702255491256, 28.787514925422759 ] ] ] } },
{ "type": "Feature", "properties": { "polygon_id": "gt_binary_279", "source": "gt_binary", "raw_class": "2", "core_class": "water", "lon": 80.948626866084481, "lat": 18.770189786612317, "block": "80_18" }, "geometry": { "type": "Polygon", "coordinates": [ [ [ 80.948362334055659, 18.770117665486886 ], [ 80.948661113685489, 18.769975023920619 ], [ 80.948875117488882, 18.77028712386964 ], [ 80.948620961547718, 18.770398617308523 ], [ 80.948362334055659, 18.770117665486886 ] ] ] } },
{ "type": "Feature", "properties": { "polygon_id": "gt_binary_280", "source": "gt_binary", "raw_class": "2", "core_class": "water", "lon": 81.957701336329706, "lat": 22.209512509427739, "block": "81_22" }, "geometry": { "type": "Polygon", "coordinates": [ [ [ 81.957064455432203, 22.209288522760897 ], [ 81.957876013454367, 22.208833740940062 ], [ 81.958313002465061, 22.209850407019911 ], [ 81.957532663094383, 22.210131347379985 ], [ 81.957064455432203, 22.209288522760897 ] ] ] } },
{ "type": "Feature", "properties": { "polygon_id": "gt_binary_281", "source": "gt_binary", "raw_class": "2", "core_class": "water", "lon": 79.652779464377502, "lat": 19.907169777630799, "block": "79_19" }, "geometry": { "type": "Polygon", "coordinates": [ [ [ 79.652574266989276, 19.907277621152542 ], [ 79.65266797740658, 19.906978901511756 ], [ 79.65298457056312, 19.907054674463787 ], [ 79.652886406245671, 19.90736677774656 ], [ 79.652574266989276, 19.907277621152542 ] ] ] } },
{ "type": "Feature", "properties": { "polygon_id": "gt_binary_283", "source": "gt_binary", "raw_class": "2", "core_class": "water", "lon": 79.444143392014624, "lat": 23.559136747392373, "block": "79_23" }, "geometry": { "type": "Polygon", "coordinates": [ [ [ 79.443906204022596, 23.559103065933524 ], [ 79.443955227318682, 23.558906784950619 ], [ 79.444155956409134, 23.558884511616874 ], [ 79.444383300033962, 23.559290317386317 ], [ 79.444289718322906, 23.559446412094037 ], [ 79.443968620719019, 23.55916098029077 ], [ 79.443906204022596, 23.559103065933524 ] ] ] } },
{ "type": "Feature", "properties": { "polygon_id": "gt_binary_284", "source": "gt_binary", "raw_class": "2", "core_class": "water", "lon": 85.731543702932512, "lat": 26.306409155828408, "block": "85_26" }, "geometry": { "type": "Polygon", "coordinates": [ [ [ 85.731332378020099, 26.306292737617802 ], [ 85.731639999544171, 26.306216975198492 ], [ 85.731729232933986, 26.306555829431343 ], [ 85.731474995651396, 26.306595948239771 ], [ 85.731332378020099, 26.306292737617802 ] ] ] } }
]
}
